seed,generation,evaluation_count,best_fitness,mean_fitness,worst_fitness,global_best_fitness,population_size
0,0,100,105.18287338498219,556.5971848381811,1330.7672885852494,105.18287338498219,100
0,1,199,90.52730713501273,280.61634626634986,657.3012473902,90.52730713501273,100
0,2,298,19.428908575980877,122.57652794640825,334.7539604131492,19.428908575980877,100
0,3,397,10.441560808971687,52.90774496692416,168.59888645761296,10.441560808971687,100
0,4,496,6.824004430881224,27.678642764378086,74.40375527756208,6.824004430881224,100
0,5,595,3.1152796950808868,16.811643234401753,66.19107284738823,3.1152796950808868,100
0,6,694,2.5468461737005805,10.123071751329025,37.67219968716748,2.5468461737005805,100
0,7,793,1.702380653248272,6.588917239447389,23.514572657115448,1.702380653248272,100
0,8,892,1.2278096072616689,4.998862760512386,29.81928406354539,1.2278096072616689,100
0,9,991,1.052265209932139,4.064477145424018,20.35699411017797,1.052265209932139,100
0,10,1090,0.8688428961899289,4.584558278982385,27.465053303546167,0.8688428961899289,100
0,11,1189,0.8688428961899289,4.167972255823461,26.707762230159016,0.8688428961899289,100
0,12,1288,0.6969536447436744,4.172670976184808,32.534786836304505,0.6969536447436744,100
0,13,1387,0.6765212240445401,2.884801622373833,16.22959201936655,0.6765212240445401,100
0,14,1486,0.5094597274142962,2.9511540924993818,25.166189923786824,0.5094597274142962,100
0,15,1585,0.5094597274142962,3.8251759170761157,23.832128977897955,0.5094597274142962,100
0,16,1684,0.5094597274142962,3.4392799996149765,21.37859653442022,0.5094597274142962,100
0,17,1783,0.5094597274142962,2.511309958374926,17.672535413538895,0.5094597274142962,100
0,18,1882,0.49350679734510905,2.8615270605567673,24.239168864336595,0.49350679734510905,100
0,19,1981,0.49350679734510905,3.179598732273076,26.921025220955176,0.49350679734510905,100
0,20,2080,0.49350679734510905,3.515281044349885,25.053118928558973,0.49350679734510905,100
0,21,2179,0.49350679734510905,2.888871795599852,16.685889042756322,0.49350679734510905,100
0,22,2278,0.49350679734510905,3.62226834767617,25.681419226140257,0.49350679734510905,100
0,23,2377,0.49350679734510905,3.1044562780048697,28.07597917683839,0.49350679734510905,100
0,24,2476,0.49350679734510905,2.9198459038876052,24.029739754364677,0.49350679734510905,100
0,25,2575,0.49350679734510905,2.5412815098600237,30.349300309217924,0.49350679734510905,100
0,26,2674,0.49350679734510905,3.3213789667906837,19.686212439311824,0.49350679734510905,100
0,27,2773,0.49350679734510905,3.145087826299902,25.07418038844889,0.49350679734510905,100
0,28,2872,0.49350679734510905,3.6363564133856014,22.56731151204249,0.49350679734510905,100
0,29,2971,0.49350679734510905,3.7879639633857978,28.064643463894694,0.49350679734510905,100
0,30,3070,0.49350679734510905,4.186686896210036,24.413345458490998,0.49350679734510905,100
0,31,3169,0.49350679734510905,3.251644004297723,28.00394303877706,0.49350679734510905,100
0,32,3268,0.48132940936713453,3.6368909372617764,18.167533934852152,0.48132940936713453,100
0,33,3367,0.48132940936713453,2.9939738069031265,23.621968568616392,0.48132940936713453,100
0,34,3466,0.48132940936713453,3.2063431549382524,16.372368935918995,0.48132940936713453,100
0,35,3565,0.48132940936713453,2.548209325473024,14.508854909529903,0.48132940936713453,100
0,36,3664,0.48132940936713453,3.1421846952660943,27.172392982602283,0.48132940936713453,100
0,37,3763,0.48132940936713453,2.795888837948927,16.925548467624495,0.48132940936713453,100
0,38,3862,0.48132940936713453,3.107252540695816,18.267210031633997,0.48132940936713453,100
0,39,3961,0.48132940936713453,2.939533452537064,29.158115131537965,0.48132940936713453,100
0,40,4060,0.48132940936713453,2.8870099155511246,20.064161421650685,0.48132940936713453,100
0,41,4159,0.48132940936713453,3.116167076759041,22.43688490779671,0.48132940936713453,100
0,42,4258,0.48132940936713453,2.4720675713584335,18.950047885813504,0.48132940936713453,100
0,43,4357,0.48132940936713453,2.6176506246479674,24.789489432825253,0.48132940936713453,100
0,44,4456,0.4247996150699751,3.1638457867415712,14.816869835736352,0.4247996150699751,100
0,45,4555,0.4247996150699751,3.3587953993887187,22.62660276834698,0.4247996150699751,100
0,46,4654,0.4247996150699751,3.0991625324966092,16.84394103830924,0.4247996150699751,100
0,47,4753,0.4247996150699751,3.2155090319270663,41.719991360843274,0.4247996150699751,100
0,48,4852,0.4247996150699751,2.3456986605734182,14.044446791789026,0.4247996150699751,100
0,49,4951,0.4247996150699751,2.803981679430976,22.759258411118143,0.4247996150699751,100
0,50,5050,0.4247996150699751,3.1943322517756703,19.92510651970866,0.4247996150699751,100
0,51,5149,0.4247996150699751,2.962884170017551,20.649931267313693,0.4247996150699751,100
0,52,5248,0.4247996150699751,3.184776932702886,40.473812799287074,0.4247996150699751,100
0,53,5347,0.4247996150699751,3.2181731908948645,37.566714132823684,0.4247996150699751,100
0,54,5446,0.4247996150699751,3.3051003404868458,30.053688067634972,0.4247996150699751,100
0,55,5545,0.4247996150699751,2.8894664837047928,20.551068539286913,0.4247996150699751,100
0,56,5644,0.4247996150699751,2.667351065875408,25.957354645253044,0.4247996150699751,100
0,57,5743,0.4247996150699751,2.8283128036735126,19.854714659230254,0.4247996150699751,100
0,58,5842,0.4247996150699751,2.838020434924946,16.30706789377811,0.4247996150699751,100
0,59,5941,0.4247996150699751,2.8441510038793636,21.239310957697146,0.4247996150699751,100
0,60,6040,0.4247996150699751,2.8531260787079513,21.513517550563275,0.4247996150699751,100
0,61,6139,0.4247996150699751,2.6229987863070976,22.46173488011126,0.4247996150699751,100
0,62,6238,0.4247996150699751,2.5844889614995834,15.47606110248351,0.4247996150699751,100
0,63,6337,0.4247996150699751,3.448759459882286,15.651199475757787,0.4247996150699751,100
0,64,6436,0.4247996150699751,3.083759645419539,28.068825032053525,0.4247996150699751,100
0,65,6535,0.4247996150699751,3.532563882511281,42.267391363117504,0.4247996150699751,100
0,66,6634,0.4247996150699751,3.303049967729749,23.563503414506872,0.4247996150699751,100
0,67,6733,0.4247996150699751,2.8521592379567617,26.261279914175862,0.4247996150699751,100
0,68,6832,0.4247996150699751,2.6732298930716785,17.02484130611453,0.4247996150699751,100
0,69,6931,0.4247996150699751,3.407397372293182,33.323301226247175,0.4247996150699751,100
0,70,7030,0.4247996150699751,3.2797466554633505,23.823145798810867,0.4247996150699751,100
0,71,7129,0.4247996150699751,2.605387307371174,23.229612728975262,0.4247996150699751,100
0,72,7228,0.4247996150699751,2.5873395935903325,15.327533440852378,0.4247996150699751,100
0,73,7327,0.4247996150699751,2.36731751642936,20.45571004347516,0.4247996150699751,100
0,74,7426,0.4247996150699751,3.0129523358413506,24.931484883077474,0.4247996150699751,100
0,75,7525,0.4247996150699751,3.7975051370758552,32.678067637229724,0.4247996150699751,100
0,76,7624,0.4247996150699751,3.8798611964373944,19.926301132480575,0.4247996150699751,100
0,77,7723,0.4247996150699751,3.168137591696422,24.43107713505535,0.4247996150699751,100
0,78,7822,0.4247996150699751,3.1910935202697193,25.12778676050364,0.4247996150699751,100
0,79,7921,0.4247996150699751,2.7753237946484153,22.9847196572696,0.4247996150699751,100
0,80,8020,0.4247996150699751,3.0859007606473727,23.882365362434527,0.4247996150699751,100
0,81,8119,0.4247996150699751,3.1132219820467846,32.700706553547164,0.4247996150699751,100
0,82,8218,0.4247996150699751,2.836789700556023,26.964254472926452,0.4247996150699751,100
0,83,8317,0.4247996150699751,2.9892182242195826,15.47855225635962,0.4247996150699751,100
0,84,8416,0.4247996150699751,2.606860631878567,14.268177778938814,0.4247996150699751,100
0,85,8515,0.4247996150699751,2.8098777849299053,23.732152085602795,0.4247996150699751,100
0,86,8614,0.4247996150699751,3.4452917003256043,34.79998152723774,0.4247996150699751,100
0,87,8713,0.4247996150699751,3.2717696406771806,35.050000309362765,0.4247996150699751,100
0,88,8812,0.4247996150699751,3.447825530677751,36.236579658430735,0.4247996150699751,100
0,89,8911,0.4247996150699751,3.8161185889420195,37.46833878776148,0.4247996150699751,100
0,90,9010,0.4247996150699751,3.4062041596037163,22.973237282046963,0.4247996150699751,100
0,91,9109,0.4247996150699751,3.096812043460062,19.708119109054152,0.4247996150699751,100
0,92,9208,0.4247996150699751,2.9012566442319043,18.80791745607014,0.4247996150699751,100
0,93,9307,0.4247996150699751,3.0191040295797795,15.111207498233513,0.4247996150699751,100
0,94,9406,0.4247996150699751,2.6499140343586847,18.882482299467508,0.4247996150699751,100
0,95,9505,0.4247996150699751,2.563772535097966,22.685454376478088,0.4247996150699751,100
0,96,9604,0.4247996150699751,3.252133027809624,15.842418457120313,0.4247996150699751,100
0,97,9703,0.4247996150699751,2.9323993219915523,14.915051998002973,0.4247996150699751,100
0,98,9802,0.4247996150699751,3.0215511573166136,18.650400311016185,0.4247996150699751,100
0,99,9901,0.4247996150699751,2.6914278753984844,26.803977522619544,0.4247996150699751,100
0,100,10000,0.4247996150699751,3.159350279448523,28.013917992908357,0.4247996150699751,100
0,101,10099,0.4247996150699751,2.456803678450056,21.455127950644474,0.4247996150699751,100
0,102,10198,0.4247996150699751,3.1474949143085227,40.580592997696805,0.4247996150699751,100
0,103,10297,0.4247996150699751,3.257296903259254,24.81389546693599,0.4247996150699751,100
0,104,10396,0.4247996150699751,3.7104275017980046,23.002430378112205,0.4247996150699751,100
0,105,10495,0.4247996150699751,3.3503732334570606,23.05894549046126,0.4247996150699751,100
0,106,10594,0.4247996150699751,3.682192730458287,28.476937588931484,0.4247996150699751,100
0,107,10693,0.4247996150699751,3.0578524383433408,19.083131942411647,0.4247996150699751,100
0,108,10792,0.4247996150699751,3.9534505082759623,32.84139823931539,0.4247996150699751,100
0,109,10891,0.4247996150699751,2.745601801726502,15.363111172122238,0.4247996150699751,100
0,110,10990,0.4247996150699751,2.8931747135388433,24.392044839579846,0.4247996150699751,100
0,111,11089,0.4247996150699751,3.0949965771719015,25.325280968538397,0.4247996150699751,100
0,112,11188,0.4247996150699751,2.87977732041351,21.99586429185291,0.4247996150699751,100
0,113,11287,0.4247996150699751,3.2407471627038262,15.709666212109019,0.4247996150699751,100
0,114,11386,0.4247996150699751,3.0163840535414472,44.0368574110624,0.4247996150699751,100
0,115,11485,0.4247996150699751,3.1919662649397997,21.091766650807525,0.4247996150699751,100
0,116,11584,0.4247996150699751,3.3198522017904004,28.58381206868174,0.4247996150699751,100
0,117,11683,0.4247996150699751,3.004109832734232,21.374234243672984,0.4247996150699751,100
0,118,11782,0.4247996150699751,2.863279286571221,18.91799117308435,0.4247996150699751,100
0,119,11881,0.4247996150699751,2.273547136466628,16.708232476284532,0.4247996150699751,100
0,120,11980,0.4247996150699751,2.9365611857032503,18.042523659918018,0.4247996150699751,100
0,121,12079,0.4247996150699751,2.742722734441249,14.537244114801982,0.4247996150699751,100
0,122,12178,0.4247996150699751,3.013707535217257,18.91837948358753,0.4247996150699751,100
0,123,12277,0.4247996150699751,3.237918589523902,20.54652007631445,0.4247996150699751,100
0,124,12376,0.4247996150699751,3.3501313593241764,42.345390477028026,0.4247996150699751,100
0,125,12475,0.4247996150699751,2.970990700561421,16.458331387683536,0.4247996150699751,100
0,126,12574,0.4247996150699751,2.7966787633847034,15.680720949405236,0.4247996150699751,100
0,127,12673,0.4247996150699751,3.053523890799684,36.50697445279349,0.4247996150699751,100
0,128,12772,0.4247996150699751,2.955283281582469,19.194875961912093,0.4247996150699751,100
0,129,12871,0.4247996150699751,3.1224952091980147,25.463566580029642,0.4247996150699751,100
0,130,12970,0.3309538102812711,2.233674178747856,17.208958536301694,0.3309538102812711,100
0,131,13069,0.3309538102812711,2.82562672618896,20.076215311200794,0.3309538102812711,100
0,132,13168,0.3309538102812711,3.8207232783505534,25.18251016127624,0.3309538102812711,100
0,133,13267,0.3309538102812711,3.100253035239872,20.883860119209388,0.3309538102812711,100
0,134,13366,0.3309538102812711,3.3324116760104556,23.833770301315553,0.3309538102812711,100
0,135,13465,0.3309538102812711,3.4641719809022815,23.402554741244188,0.3309538102812711,100
0,136,13564,0.3309538102812711,2.568048534646021,17.783044512336993,0.3309538102812711,100
0,137,13663,0.3309538102812711,3.093764107706444,22.242493606786,0.3309538102812711,100
0,138,13762,0.3309538102812711,2.281957705864612,12.115784126896164,0.3309538102812711,100
0,139,13861,0.3309538102812711,2.7647978783453446,28.01195531946387,0.3309538102812711,100
0,140,13960,0.3309538102812711,3.1187395774511217,23.769660496402015,0.3309538102812711,100
0,141,14059,0.3309538102812711,3.670253095399113,35.81422338387735,0.3309538102812711,100
0,142,14158,0.3309538102812711,3.076322070264418,32.95157297395336,0.3309538102812711,100
0,143,14257,0.3309538102812711,3.0348331476216273,22.175859948084184,0.3309538102812711,100
0,144,14356,0.3309538102812711,3.7384543683638607,23.779761625259514,0.3309538102812711,100
0,145,14455,0.3309538102812711,3.4668150788865173,16.89884047144428,0.3309538102812711,100
0,146,14554,0.3309538102812711,2.5431159439226843,15.75409539972341,0.3309538102812711,100
0,147,14653,0.3309538102812711,3.167247320269325,28.574662524975786,0.3309538102812711,100
0,148,14752,0.3309538102812711,3.5414901290235923,26.007718691992917,0.3309538102812711,100
0,149,14851,0.3309538102812711,3.7164792699148617,22.117079570554257,0.3309538102812711,100
0,150,14950,0.3309538102812711,3.9219229374897684,23.733035478970013,0.3309538102812711,100
0,151,15049,0.3309538102812711,3.0016461703957544,22.194082257752267,0.3309538102812711,100
0,152,15148,0.3309538102812711,3.0716826882512884,25.7775758685623,0.3309538102812711,100
0,153,15247,0.3309538102812711,2.945765046424163,14.456556332848617,0.3309538102812711,100
0,154,15346,0.3309538102812711,3.3749281399222792,20.63065593597147,0.3309538102812711,100
0,155,15445,0.3309538102812711,3.540000955144844,24.610515285593095,0.3309538102812711,100
0,156,15544,0.3309538102812711,2.8701354386440743,14.346014783025721,0.3309538102812711,100
0,157,15643,0.3309538102812711,3.309786028862838,25.94634203138049,0.3309538102812711,100
0,158,15742,0.3309538102812711,3.6701971371999287,41.01141717287349,0.3309538102812711,100
0,159,15841,0.3309538102812711,2.8097463862088263,23.346782930793157,0.3309538102812711,100
0,160,15940,0.3309538102812711,3.307529425710744,32.34800094032852,0.3309538102812711,100
0,161,16039,0.3309538102812711,3.1205717890128937,20.574733058885716,0.3309538102812711,100
0,162,16138,0.3309538102812711,3.1012134583860926,18.93942741387052,0.3309538102812711,100
0,163,16237,0.3309538102812711,3.441790045161082,24.328795138570538,0.3309538102812711,100
0,164,16336,0.3309538102812711,3.4635102730744296,16.557628828472673,0.3309538102812711,100
0,165,16435,0.3309538102812711,3.4531148172392045,19.098989867379604,0.3309538102812711,100
0,166,16534,0.3309538102812711,3.517751964905666,20.525432603805335,0.3309538102812711,100
0,167,16633,0.3309538102812711,2.72623619024485,17.178343973209742,0.3309538102812711,100
0,168,16732,0.3309538102812711,3.4869156427200494,23.268139245428294,0.3309538102812711,100
0,169,16831,0.3309538102812711,3.171600448792448,21.1150168714111,0.3309538102812711,100
0,170,16930,0.3309538102812711,3.13102473934476,30.641399970226196,0.3309538102812711,100
0,171,17029,0.3309538102812711,2.4664987702797223,17.137564603055417,0.3309538102812711,100
0,172,17128,0.3309538102812711,3.336653312847696,16.879469782606932,0.3309538102812711,100
0,173,17227,0.3309538102812711,2.34857690611202,15.671250039350936,0.3309538102812711,100
0,174,17326,0.3309538102812711,2.9721032537637813,25.082026803468857,0.3309538102812711,100
0,175,17425,0.3309538102812711,2.4458537686332993,18.94195542998872,0.3309538102812711,100
0,176,17524,0.3309538102812711,3.4555908178996515,31.231823644202866,0.3309538102812711,100
0,177,17623,0.3309538102812711,2.6443296416298563,22.269268099122456,0.3309538102812711,100
0,178,17722,0.3309538102812711,2.7225741402133448,24.3857079177331,0.3309538102812711,100
0,179,17821,0.3309538102812711,3.552547147861859,22.11720806673873,0.3309538102812711,100
0,180,17920,0.3309538102812711,3.807596638605068,35.223888195928055,0.3309538102812711,100
0,181,18019,0.3309538102812711,4.127694536979047,26.3538046040874,0.3309538102812711,100
0,182,18118,0.3309538102812711,2.953765969822892,22.52860643217431,0.3309538102812711,100
0,183,18217,0.3309538102812711,3.586743414266678,37.34471838745381,0.3309538102812711,100
0,184,18316,0.3309538102812711,2.313660460126412,9.903808440674368,0.3309538102812711,100
0,185,18415,0.3309538102812711,3.391937509329574,21.467056327054706,0.3309538102812711,100
0,186,18514,0.3309538102812711,2.783295693269976,25.242028322675246,0.3309538102812711,100
0,187,18613,0.3309538102812711,2.6211049302310028,12.823745548932456,0.3309538102812711,100
0,188,18712,0.3309538102812711,3.2156641994102273,20.005734580963225,0.3309538102812711,100
0,189,18811,0.3309538102812711,3.4948976829914127,27.874624739243835,0.3309538102812711,100
0,190,18910,0.3309538102812711,3.925806758643477,21.28710594975759,0.3309538102812711,100
0,191,19009,0.3309538102812711,3.834332283992385,24.849392497959656,0.3309538102812711,100
0,192,19108,0.3309538102812711,2.8694775373346397,16.430189529732907,0.3309538102812711,100
0,193,19207,0.3309538102812711,3.856277883255517,19.925733515409078,0.3309538102812711,100
0,194,19306,0.3309538102812711,2.9628158618087013,17.66291762032729,0.3309538102812711,100
0,195,19405,0.3309538102812711,3.2864795829332074,19.40889737901826,0.3309538102812711,100
0,196,19504,0.3309538102812711,3.28956887195106,19.926691893640623,0.3309538102812711,100
0,197,19603,0.3309538102812711,3.4697463430835036,41.968544213621556,0.3309538102812711,100
0,198,19702,0.3309538102812711,3.7280194533552344,31.6602847127021,0.3309538102812711,100
0,199,19801,0.3309538102812711,3.0705887623893267,16.10312417826772,0.3309538102812711,100
0,200,19900,0.3309538102812711,2.915807009138171,17.952785268273143,0.3309538102812711,100
0,201,19999,0.3309538102812711,2.6974060639591766,18.478093057949927,0.3309538102812711,100
0,202,20098,0.3309538102812711,3.5740415920084545,20.514112336226553,0.3309538102812711,100
0,203,20197,0.3309538102812711,4.2403365669187805,23.767050908752935,0.3309538102812711,100
0,204,20296,0.3309538102812711,2.9171882391865056,28.87621432020731,0.3309538102812711,100
0,205,20395,0.3309538102812711,3.166795169298078,19.233847553851998,0.3309538102812711,100
0,206,20494,0.3309538102812711,3.3587036726859463,17.833679119389462,0.3309538102812711,100
0,207,20593,0.3309538102812711,3.5593080914108435,26.62666612526408,0.3309538102812711,100
0,208,20692,0.3309538102812711,2.932341566001114,14.07808734342968,0.3309538102812711,100
0,209,20791,0.3309538102812711,3.134616553005263,28.372572642648514,0.3309538102812711,100
0,210,20890,0.3309538102812711,3.8702452695633527,18.203480752900923,0.3309538102812711,100
0,211,20989,0.3309538102812711,3.255795683391662,25.383503406184932,0.3309538102812711,100
0,212,21088,0.3309538102812711,3.1409330841107703,17.18894755117883,0.3309538102812711,100
0,213,21187,0.3309538102812711,2.9860517688665853,21.674224326561596,0.3309538102812711,100
0,214,21286,0.3309538102812711,2.3214552404781434,13.677747240043843,0.3309538102812711,100
0,215,21385,0.3309538102812711,2.638659797242114,28.764045693677947,0.3309538102812711,100
0,216,21484,0.3309538102812711,3.0350489024195504,24.38484241443595,0.3309538102812711,100
0,217,21583,0.3309538102812711,2.8959389250606153,40.70273225246704,0.3309538102812711,100
0,218,21682,0.3309538102812711,3.5179220522573145,18.198749207990065,0.3309538102812711,100
0,219,21781,0.3309538102812711,3.5693571729250886,30.68184403327053,0.3309538102812711,100
0,220,21880,0.3309538102812711,3.0346915562157246,26.066620954953038,0.3309538102812711,100
0,221,21979,0.3309538102812711,3.3864433431134877,26.044582990423482,0.3309538102812711,100
0,222,22078,0.3309538102812711,3.225881126684966,26.303734921208335,0.3309538102812711,100
0,223,22177,0.3309538102812711,2.5271534083053027,20.38857660449855,0.3309538102812711,100
0,224,22276,0.3309538102812711,2.957414989132979,23.731664402577973,0.3309538102812711,100
0,225,22375,0.3309538102812711,2.799440148512161,24.365709244128645,0.3309538102812711,100
0,226,22474,0.3309538102812711,3.4925769452386453,21.86076042838905,0.3309538102812711,100
0,227,22573,0.3309538102812711,3.403167307952474,30.969229452339714,0.3309538102812711,100
0,228,22672,0.3309538102812711,2.8330833109587212,25.861668083198595,0.3309538102812711,100
0,229,22771,0.3309538102812711,3.6059886490442623,23.409284232698067,0.3309538102812711,100
0,230,22870,0.3309538102812711,4.058388968791955,34.91005057595563,0.3309538102812711,100
0,231,22969,0.3309538102812711,4.252412784756309,28.676444237525867,0.3309538102812711,100
0,232,23068,0.3309538102812711,3.026708813394462,18.17058008061176,0.3309538102812711,100
0,233,23167,0.3309538102812711,2.803255353549434,18.78624579629296,0.3309538102812711,100
0,234,23266,0.3309538102812711,3.9916361519056824,33.20569399005653,0.3309538102812711,100
0,235,23365,0.3309538102812711,2.88678522905481,21.892047372200704,0.3309538102812711,100
0,236,23464,0.3309538102812711,3.5066128128776812,24.230217900299056,0.3309538102812711,100
0,237,23563,0.3309538102812711,2.6226474953549546,15.759619669198596,0.3309538102812711,100
0,238,23662,0.3309538102812711,3.4886014215313654,21.9618770152086,0.3309538102812711,100
0,239,23761,0.3309538102812711,3.4491132220589082,17.483061346297106,0.3309538102812711,100
0,240,23860,0.3309538102812711,3.1433033118930176,18.951118959389838,0.3309538102812711,100
0,241,23959,0.3309538102812711,3.125090450088261,21.139927902168843,0.3309538102812711,100
0,242,24058,0.3309538102812711,3.584591283164142,29.998599207025467,0.3309538102812711,100
0,243,24157,0.3309538102812711,3.5145774638372513,22.794456997179267,0.3309538102812711,100
0,244,24256,0.3309538102812711,2.868214834435745,16.61212902302609,0.3309538102812711,100
0,245,24355,0.3309538102812711,3.1224188661962593,15.921763242001385,0.3309538102812711,100
0,246,24454,0.3309538102812711,3.6540754949647765,29.00680316546065,0.3309538102812711,100
0,247,24553,0.3309538102812711,3.687435367730941,15.192180474306758,0.3309538102812711,100
0,248,24652,0.3309538102812711,3.356683997852106,26.58333002698238,0.3309538102812711,100
0,249,24751,0.3309538102812711,3.0507660723241825,25.36612282101813,0.3309538102812711,100
0,250,24850,0.3309538102812711,3.1160212353512,24.265743329133375,0.3309538102812711,100
0,251,24949,0.3309538102812711,2.968233150941557,20.446137543669277,0.3309538102812711,100
0,252,25048,0.3309538102812711,2.3026086360037374,23.82319460130372,0.3309538102812711,100
0,253,25147,0.3309538102812711,2.8881064677192554,28.105010096102987,0.3309538102812711,100
0,254,25246,0.3309538102812711,2.4395312753837612,25.113144575218517,0.3309538102812711,100
0,255,25345,0.3309538102812711,2.9533226830404145,23.852657627519967,0.3309538102812711,100
0,256,25444,0.3309538102812711,2.6912300159761826,25.621073221875587,0.3309538102812711,100
0,257,25543,0.3309538102812711,3.216754898604691,17.721282586288968,0.3309538102812711,100
0,258,25642,0.3309538102812711,3.3703043067859757,25.94665351494377,0.3309538102812711,100
0,259,25741,0.3309538102812711,3.2745707891284,17.254079413735333,0.3309538102812711,100
0,260,25840,0.3309538102812711,3.634209204899169,23.458413079043353,0.3309538102812711,100
0,261,25939,0.3309538102812711,3.797866467123882,29.88282103422199,0.3309538102812711,100
0,262,26038,0.3309538102812711,2.3678280139766508,14.137213665543406,0.3309538102812711,100
0,263,26137,0.3309538102812711,2.6033473009918113,14.971902338514905,0.3309538102812711,100
0,264,26236,0.3309538102812711,3.467190020194218,21.869757634960255,0.3309538102812711,100
0,265,26335,0.3309538102812711,3.4861619233852656,24.38604283892338,0.3309538102812711,100
0,266,26434,0.3309538102812711,3.8242857153828296,25.431463270821542,0.3309538102812711,100
0,267,26533,0.3309538102812711,3.335464032909237,17.355755424933115,0.3309538102812711,100
0,268,26632,0.3309538102812711,2.395062200294772,14.960760977487526,0.3309538102812711,100
0,269,26731,0.3309538102812711,3.2151664225785903,28.393144639344335,0.3309538102812711,100
0,270,26830,0.3309538102812711,3.488066510397962,36.322224600607186,0.3309538102812711,100
0,271,26929,0.3309538102812711,4.4639254813239315,30.626874026364142,0.3309538102812711,100
0,272,27028,0.3309538102812711,2.8559732622221334,25.63833841266772,0.3309538102812711,100
0,273,27127,0.3309538102812711,3.451646895966567,23.583812343776017,0.3309538102812711,100
0,274,27226,0.3309538102812711,2.7126739077224973,19.589105492129033,0.3309538102812711,100
0,275,27325,0.3309538102812711,3.1083813987426665,28.965128224294514,0.3309538102812711,100
0,276,27424,0.3309538102812711,2.8651385128140805,21.152275830754117,0.3309538102812711,100
0,277,27523,0.3309538102812711,2.908932420241624,23.964923889529395,0.3309538102812711,100
0,278,27622,0.3309538102812711,3.719575798941581,25.186671570915955,0.3309538102812711,100
0,279,27721,0.3309538102812711,3.644796852419755,23.474076524100088,0.3309538102812711,100
0,280,27820,0.3309538102812711,2.8405052719790236,19.10119857858635,0.3309538102812711,100
0,281,27919,0.3309538102812711,2.4992356820811814,18.09700447078752,0.3309538102812711,100
0,282,28018,0.3309538102812711,3.0263160007410113,37.4540870213243,0.3309538102812711,100
0,283,28117,0.3309538102812711,3.3319673533060366,29.91245222212723,0.3309538102812711,100
0,284,28216,0.3309538102812711,3.4137920548231078,25.988022720705306,0.3309538102812711,100
0,285,28315,0.3309538102812711,4.239826305394643,18.291696765108533,0.3309538102812711,100
0,286,28414,0.3309538102812711,3.56013573895161,28.167762098807827,0.3309538102812711,100
0,287,28513,0.3309538102812711,2.634906236553992,17.278628341902543,0.3309538102812711,100
0,288,28612,0.3309538102812711,3.5541715759517576,34.69313549310266,0.3309538102812711,100
0,289,28711,0.3309538102812711,2.9615476746485685,16.370637925523425,0.3309538102812711,100
0,290,28810,0.3309538102812711,3.96132958563009,23.36743256526602,0.3309538102812711,100
0,291,28909,0.3309538102812711,2.684137139098243,16.7792794611568,0.3309538102812711,100
0,292,29008,0.3309538102812711,3.2505891295481733,36.20041340912334,0.3309538102812711,100
0,293,29107,0.3309538102812711,3.399922597397063,22.167345734684847,0.3309538102812711,100
0,294,29206,0.3309538102812711,3.3135191273766655,26.919630687887114,0.3309538102812711,100
0,295,29305,0.3309538102812711,2.66266404888659,28.092665512729123,0.3309538102812711,100
0,296,29404,0.3309538102812711,2.615245796056739,19.61859877751888,0.3309538102812711,100
0,297,29503,0.3309538102812711,2.925166008350716,27.262474412554123,0.3309538102812711,100
0,298,29602,0.3309538102812711,3.180061839506079,15.926914326747818,0.3309538102812711,100
0,299,29701,0.3309538102812711,2.7959447206416588,29.922189278722314,0.3309538102812711,100
0,300,29800,0.3309538102812711,3.417840708534505,22.067871228921195,0.3309538102812711,100
0,301,29899,0.3309538102812711,3.1612666048185862,19.4546501401236,0.3309538102812711,100
0,302,29998,0.3309538102812711,2.2737548422507037,16.807119154806138,0.3309538102812711,100
0,303,30097,0.3309538102812711,2.877834546199673,15.784458295384946,0.3309538102812711,100
0,304,30196,0.3309538102812711,2.806447744937314,24.655086958793028,0.3309538102812711,100
0,305,30295,0.3309538102812711,2.684017220548414,13.985845985342825,0.3309538102812711,100
0,306,30394,0.3309538102812711,3.878489951487379,32.779017262374296,0.3309538102812711,100
0,307,30493,0.3309538102812711,3.0946822980476383,22.878241826435037,0.3309538102812711,100
0,308,30592,0.3309538102812711,2.546948488155148,11.907419053653571,0.3309538102812711,100
0,309,30691,0.3309538102812711,2.620812953657798,17.557957248221772,0.3309538102812711,100
0,310,30790,0.3309538102812711,3.5548578548530254,30.202371189171014,0.3309538102812711,100
0,311,30889,0.3309538102812711,2.377920097738396,16.27966084933645,0.3309538102812711,100
0,312,30988,0.3309538102812711,2.8359900857255615,19.911721017689864,0.3309538102812711,100
0,313,31087,0.3309538102812711,3.556030625768002,19.069861539932084,0.3309538102812711,100
0,314,31186,0.3309538102812711,3.8760795435996647,25.688285061197945,0.3309538102812711,100
0,315,31285,0.3309538102812711,2.4655451077687873,16.091910247525085,0.3309538102812711,100
0,316,31384,0.3309538102812711,3.3315603003146435,16.754315163586515,0.3309538102812711,100
0,317,31483,0.3309538102812711,3.3663087564322676,21.967544665658156,0.3309538102812711,100
0,318,31582,0.3309538102812711,3.2643126516221974,20.272247116973414,0.3309538102812711,100
0,319,31681,0.3309538102812711,2.5939811656157925,11.828929499369098,0.3309538102812711,100
0,320,31780,0.3309538102812711,2.5337366104829697,18.97822880263538,0.3309538102812711,100
0,321,31879,0.3309538102812711,2.523409269905139,21.65911331987249,0.3309538102812711,100
0,322,31978,0.3309538102812711,3.1186419515187676,22.997537563123707,0.3309538102812711,100
0,323,32077,0.3309538102812711,2.9140538234292284,15.349724690161755,0.3309538102812711,100
0,324,32176,0.3309538102812711,2.9361212229255482,23.36145599391857,0.3309538102812711,100
0,325,32275,0.3309538102812711,3.003141354721181,31.86968300480585,0.3309538102812711,100
0,326,32374,0.3309538102812711,3.0430335115415756,19.00002360690365,0.3309538102812711,100
0,327,32473,0.3309538102812711,2.981684705223073,21.597336352826026,0.3309538102812711,100
0,328,32572,0.3309538102812711,3.108598841073834,14.431607524328074,0.3309538102812711,100
0,329,32671,0.3309538102812711,3.711148054653509,22.923848457368784,0.3309538102812711,100
0,330,32770,0.3309538102812711,4.116044309939505,37.769132005039424,0.3309538102812711,100
0,331,32869,0.3309538102812711,3.187575592670455,15.604059345863527,0.3309538102812711,100
0,332,32968,0.3309538102812711,2.5304383367902776,18.42444413992178,0.3309538102812711,100
0,333,33067,0.3309538102812711,2.857070776613835,17.950151519678567,0.3309538102812711,100
0,334,33166,0.3309538102812711,3.231971402819769,32.30138077951899,0.3309538102812711,100
0,335,33265,0.3309538102812711,2.8370393381824073,18.366844361879085,0.3309538102812711,100
0,336,33364,0.3309538102812711,3.40142105516912,19.705737791570876,0.3309538102812711,100
0,337,33463,0.3309538102812711,3.731309756797328,26.41608085847019,0.3309538102812711,100
0,338,33562,0.3309538102812711,3.752710919721477,34.2315031784964,0.3309538102812711,100
0,339,33661,0.3309538102812711,3.7305950921261677,22.01264723084021,0.3309538102812711,100
0,340,33760,0.3309538102812711,4.234589774721233,22.288238337601417,0.3309538102812711,100
0,341,33859,0.3309538102812711,3.312831508068096,14.901973174953927,0.3309538102812711,100
0,342,33958,0.3309538102812711,2.570704254152907,11.94678342705242,0.3309538102812711,100
0,343,34057,0.3309538102812711,3.446748651299435,41.211096883377955,0.3309538102812711,100
0,344,34156,0.3309538102812711,3.137110924940738,15.136648415956236,0.3309538102812711,100
0,345,34255,0.3309538102812711,3.0938095794919986,21.56340539557262,0.3309538102812711,100
0,346,34354,0.3309538102812711,3.254743165420822,16.75319808105391,0.3309538102812711,100
0,347,34453,0.3309538102812711,2.8440613884254784,18.38961242582101,0.3309538102812711,100
0,348,34552,0.3309538102812711,2.79224044202428,17.383705217835004,0.3309538102812711,100
0,349,34651,0.3309538102812711,3.4988862364435733,28.839847280118956,0.3309538102812711,100
0,350,34750,0.3309538102812711,3.109475442259334,20.635676633809574,0.3309538102812711,100
0,351,34849,0.3309538102812711,3.3636390450747506,26.416528642631317,0.3309538102812711,100
0,352,34948,0.3309538102812711,2.940371581849651,18.140217829286133,0.3309538102812711,100
0,353,35047,0.3309538102812711,3.294027240635801,21.82245092387009,0.3309538102812711,100
0,354,35146,0.3309538102812711,3.7054507142240913,48.25006106009863,0.3309538102812711,100
0,355,35245,0.3309538102812711,2.8428528891686526,14.663312584105485,0.3309538102812711,100
0,356,35344,0.3309538102812711,2.6220050729057234,29.320060815771125,0.3309538102812711,100
0,357,35443,0.3309538102812711,3.2211967770783705,34.34662611547329,0.3309538102812711,100
0,358,35542,0.3309538102812711,3.1318105920255124,26.199720936568358,0.3309538102812711,100
0,359,35641,0.3309538102812711,2.445104839247314,14.353613960167799,0.3309538102812711,100
0,360,35740,0.3309538102812711,2.590504803730853,14.732371763303314,0.3309538102812711,100
0,361,35839,0.3309538102812711,2.473461114484602,16.009223286102902,0.3309538102812711,100
0,362,35938,0.3309538102812711,2.381301959858921,16.29420764256119,0.3309538102812711,100
0,363,36037,0.3309538102812711,3.1821314108995153,22.238736567343075,0.3309538102812711,100
0,364,36136,0.3309538102812711,3.2791140931462666,26.52762182803207,0.3309538102812711,100
0,365,36235,0.3309538102812711,3.630389127410956,35.28168334512698,0.3309538102812711,100
0,366,36334,0.3309538102812711,3.173260206059622,21.613939105534193,0.3309538102812711,100
0,367,36433,0.3309538102812711,3.2555016848262763,24.653553236576712,0.3309538102812711,100
0,368,36532,0.3309538102812711,2.808546638983575,21.421833362056056,0.3309538102812711,100
0,369,36631,0.3309538102812711,2.9687655065007488,22.85902543157316,0.3309538102812711,100
0,370,36730,0.3309538102812711,2.615848527040354,15.616352779622687,0.3309538102812711,100
0,371,36829,0.3309538102812711,3.167295300837217,29.663585050888752,0.3309538102812711,100
0,372,36928,0.3309538102812711,3.37598028634773,27.828468639198388,0.3309538102812711,100
0,373,37027,0.3309538102812711,2.4918725428362056,19.675406185058893,0.3309538102812711,100
0,374,37126,0.3309538102812711,2.590822581148393,18.822984310307994,0.3309538102812711,100
0,375,37225,0.3309538102812711,2.7428831230413366,17.3035596256704,0.3309538102812711,100
0,376,37324,0.3309538102812711,2.5435501405357503,17.156394204009533,0.3309538102812711,100
0,377,37423,0.3309538102812711,3.818615831085741,32.55234804715955,0.3309538102812711,100
0,378,37522,0.3309538102812711,2.6798375087977444,18.801915714965965,0.3309538102812711,100
0,379,37621,0.3309538102812711,2.99252166284518,39.10896616643542,0.3309538102812711,100
0,380,37720,0.3309538102812711,3.50316333381391,35.85131176076925,0.3309538102812711,100
0,381,37819,0.3309538102812711,2.973326201554355,17.926371439689127,0.3309538102812711,100
0,382,37918,0.3309538102812711,2.9027244227411075,18.176179637984095,0.3309538102812711,100
0,383,38017,0.3309538102812711,2.365162344662904,13.054923576548628,0.3309538102812711,100
0,384,38116,0.3309538102812711,3.047515501960366,35.475182126324164,0.3309538102812711,100
0,385,38215,0.3309538102812711,2.9868338166989754,29.358458362362224,0.3309538102812711,100
0,386,38314,0.3309538102812711,3.673207807933658,19.2432032600116,0.3309538102812711,100
0,387,38413,0.3309538102812711,2.916513750907522,20.629207577766742,0.3309538102812711,100
0,388,38512,0.3309538102812711,3.1186399138642016,20.030070307352155,0.3309538102812711,100
0,389,38611,0.3309538102812711,3.5207774906696976,18.769368135748845,0.3309538102812711,100
0,390,38710,0.3309538102812711,3.1697281392798287,24.550723292628284,0.3309538102812711,100
0,391,38809,0.3309538102812711,3.2145547505673897,30.89089379148147,0.3309538102812711,100
0,392,38908,0.3309538102812711,2.815958051855278,22.65922601421568,0.3309538102812711,100
0,393,39007,0.3309538102812711,2.8344935716296935,17.19617397252995,0.3309538102812711,100
0,394,39106,0.3309538102812711,2.565221168863397,20.364467049979645,0.3309538102812711,100
0,395,39205,0.3309538102812711,3.1381163440395903,22.04496600759086,0.3309538102812711,100
0,396,39304,0.3309538102812711,3.2883975362089224,33.41068966274234,0.3309538102812711,100
0,397,39403,0.3309538102812711,2.78247840229554,17.84686321034467,0.3309538102812711,100
0,398,39502,0.3309538102812711,2.721978645626578,13.896718019967,0.3309538102812711,100
0,399,39601,0.3309538102812711,3.3699551055226102,19.155838034676776,0.3309538102812711,100
0,400,39700,0.3309538102812711,2.9923911599186597,27.131213126684283,0.3309538102812711,100
0,401,39799,0.3309538102812711,3.094978980744469,33.8418869570433,0.3309538102812711,100
0,402,39898,0.3309538102812711,2.3060146783537827,11.345129688941196,0.3309538102812711,100
0,403,39997,0.3309538102812711,2.883244993511438,20.045481075487046,0.3309538102812711,100
0,404,40096,0.3309538102812711,2.9350072289498526,15.216649036101595,0.3309538102812711,100
0,405,40195,0.3309538102812711,2.991710939541956,27.576490526660514,0.3309538102812711,100
0,406,40294,0.3309538102812711,3.1733244524368884,27.35215881043712,0.3309538102812711,100
0,407,40393,0.3309538102812711,3.5076291596606155,20.764052360006914,0.3309538102812711,100
0,408,40492,0.3309538102812711,2.9106630216615974,27.674112626612427,0.3309538102812711,100
0,409,40591,0.3309538102812711,3.1482362264313606,21.713640899624817,0.3309538102812711,100
0,410,40690,0.3309538102812711,2.8407116298161714,16.836693567153823,0.3309538102812711,100
0,411,40789,0.3309538102812711,2.6477460023849555,20.874006615375393,0.3309538102812711,100
0,412,40888,0.3309538102812711,2.9075033478233197,24.448428992293593,0.3309538102812711,100
0,413,40987,0.3309538102812711,3.1947731819171397,24.351846362888487,0.3309538102812711,100
0,414,41086,0.3309538102812711,3.549951001060645,21.32974450418617,0.3309538102812711,100
0,415,41185,0.3309538102812711,3.4997439083863418,33.992548277933395,0.3309538102812711,100
0,416,41284,0.3309538102812711,2.932865067731575,21.97789981484118,0.3309538102812711,100
0,417,41383,0.3309538102812711,3.2773080127861793,31.213090165940756,0.3309538102812711,100
0,418,41482,0.3309538102812711,3.1523903765553767,25.4368693632017,0.3309538102812711,100
0,419,41581,0.3309538102812711,3.658269538506758,25.89294517967368,0.3309538102812711,100
0,420,41680,0.3309538102812711,2.7677607700314555,16.223892384334007,0.3309538102812711,100
0,421,41779,0.3309538102812711,2.9599027637443647,23.711656906758513,0.3309538102812711,100
0,422,41878,0.3309538102812711,2.8947563754554735,20.245629289906915,0.3309538102812711,100
0,423,41977,0.3309538102812711,2.7873804387477725,20.296529175844842,0.3309538102812711,100
0,424,42076,0.3309538102812711,2.5743007366150095,17.029534877017912,0.3309538102812711,100
0,425,42175,0.3309538102812711,2.691397825636943,14.867970777194119,0.3309538102812711,100
0,426,42274,0.3309538102812711,2.766421171007544,20.102634805670018,0.3309538102812711,100
0,427,42373,0.3309538102812711,2.718779684968962,16.40291492633301,0.3309538102812711,100
0,428,42472,0.3309538102812711,3.099108759054533,17.079692073291426,0.3309538102812711,100
0,429,42571,0.3309538102812711,3.1942563510390833,21.86037307611514,0.3309538102812711,100
0,430,42670,0.3309538102812711,3.325948819614288,16.94210201709984,0.3309538102812711,100
0,431,42769,0.3309538102812711,3.125518053995642,15.894766487742142,0.3309538102812711,100
0,432,42868,0.3309538102812711,3.550945563462347,19.25106516686505,0.3309538102812711,100
0,433,42967,0.3309538102812711,2.942959981047523,26.593426046107307,0.3309538102812711,100
0,434,43066,0.3309538102812711,3.2805430804417415,32.59279075892995,0.3309538102812711,100
0,435,43165,0.3309538102812711,3.2819560838778905,21.344893328066963,0.3309538102812711,100
0,436,43264,0.3309538102812711,3.1330894813878096,20.246406816841397,0.3309538102812711,100
0,437,43363,0.3309538102812711,3.5006292326160864,24.36456885872642,0.3309538102812711,100
0,438,43462,0.3309538102812711,3.403931773372427,29.305885259106738,0.3309538102812711,100
0,439,43561,0.3309538102812711,2.7117256715254694,16.095233880800997,0.3309538102812711,100
0,440,43660,0.3309538102812711,2.6979075495322995,18.287748822743414,0.3309538102812711,100
0,441,43759,0.3309538102812711,2.7234747561080273,17.306453040765113,0.3309538102812711,100
0,442,43858,0.3309538102812711,2.8694542755504067,18.363734536112865,0.3309538102812711,100
0,443,43957,0.3309538102812711,2.6976867529899384,13.413228458403797,0.3309538102812711,100
0,444,44056,0.3309538102812711,2.460382741279702,21.450261119702223,0.3309538102812711,100
0,445,44155,0.3309538102812711,2.164802650276604,19.89222484819187,0.3309538102812711,100
0,446,44254,0.3309538102812711,2.821752945333996,17.163539013986046,0.3309538102812711,100
0,447,44353,0.3309538102812711,2.5951061255174164,16.82900396102429,0.3309538102812711,100
0,448,44452,0.3309538102812711,3.0841965189412006,17.945014708988722,0.3309538102812711,100
0,449,44551,0.3309538102812711,3.7987996590144957,25.161994548297162,0.3309538102812711,100
0,450,44650,0.3309538102812711,3.224972151580675,21.38846726867851,0.3309538102812711,100
0,451,44749,0.3309538102812711,3.843284914495795,23.36347044970564,0.3309538102812711,100
0,452,44848,0.3309538102812711,2.95938029241953,14.292046130174947,0.3309538102812711,100
0,453,44947,0.3309538102812711,3.445663536865843,21.165172371236924,0.3309538102812711,100
0,454,45046,0.3309538102812711,3.9748905700323354,41.166940794980476,0.3309538102812711,100
0,455,45145,0.3309538102812711,3.736645693007605,29.60703268006595,0.3309538102812711,100
0,456,45244,0.3309538102812711,2.6632859167599707,22.139918344766603,0.3309538102812711,100
0,457,45343,0.3309538102812711,3.0578853066481093,33.8642583392661,0.3309538102812711,100
0,458,45442,0.3309538102812711,2.7946094992816364,25.332615291436227,0.3309538102812711,100
0,459,45541,0.3309538102812711,3.5679430563372194,23.492898164554838,0.3309538102812711,100
0,460,45640,0.3309538102812711,3.180743553994784,26.75077947690379,0.3309538102812711,100
0,461,45739,0.3309538102812711,2.964545755104756,21.29311159697014,0.3309538102812711,100
0,462,45838,0.3309538102812711,2.971898858737676,15.016779795563066,0.3309538102812711,100
0,463,45937,0.3309538102812711,3.3264488706508435,19.911708738044965,0.3309538102812711,100
0,464,46036,0.3309538102812711,3.4162206772848425,24.42270978627525,0.3309538102812711,100
0,465,46135,0.3309538102812711,3.9424698401562104,37.96136618180627,0.3309538102812711,100
0,466,46234,0.3309538102812711,3.5164308598439384,27.954367856471272,0.3309538102812711,100
0,467,46333,0.3309538102812711,2.808853406905803,16.270070769365837,0.3309538102812711,100
0,468,46432,0.3309538102812711,2.7385072429962243,20.902990632587503,0.3309538102812711,100
0,469,46531,0.3309538102812711,3.289974444971222,18.2428013416747,0.3309538102812711,100
0,470,46630,0.3309538102812711,3.14905984346131,18.68793633594471,0.3309538102812711,100
0,471,46729,0.3309538102812711,3.007787382002036,29.94538672813464,0.3309538102812711,100
0,472,46828,0.3309538102812711,3.4561551116291804,23.22195211284351,0.3309538102812711,100
0,473,46927,0.3309538102812711,3.7977874027133254,22.46478431013088,0.3309538102812711,100
0,474,47026,0.3309538102812711,2.9534725139483,13.766569441616179,0.3309538102812711,100
0,475,47125,0.3309538102812711,3.2714194995146952,24.848855723153243,0.3309538102812711,100
0,476,47224,0.3309538102812711,2.994803360653752,17.269417049135516,0.3309538102812711,100
0,477,47323,0.3309538102812711,2.932917108364551,14.807564427609364,0.3309538102812711,100
0,478,47422,0.3309538102812711,3.9718483482339604,62.99406938765535,0.3309538102812711,100
0,479,47521,0.3309538102812711,3.7025383102882046,21.460939290521708,0.3309538102812711,100
0,480,47620,0.3309538102812711,3.3104292320900583,19.97825473302432,0.3309538102812711,100
0,481,47719,0.3309538102812711,2.888370643714108,30.499841892529286,0.3309538102812711,100
0,482,47818,0.3309538102812711,3.293311843595346,15.278275081961445,0.3309538102812711,100
0,483,47917,0.3309538102812711,2.9473471230822668,25.927022334720547,0.3309538102812711,100
0,484,48016,0.3309538102812711,3.4091211782753925,20.151607278623455,0.3309538102812711,100
0,485,48115,0.3309538102812711,2.8570883702787726,14.835022994998907,0.3309538102812711,100
0,486,48214,0.3309538102812711,3.7173625186536965,26.209415050339913,0.3309538102812711,100
0,487,48313,0.3309538102812711,3.425158238482958,32.14504119087128,0.3309538102812711,100
0,488,48412,0.3309538102812711,3.125751713259973,21.665517268895382,0.3309538102812711,100
0,489,48511,0.3309538102812711,3.001537665396973,15.047818877329439,0.3309538102812711,100
0,490,48610,0.3309538102812711,3.020874700630445,27.272730920858127,0.3309538102812711,100
0,491,48709,0.3309538102812711,3.251042107839305,24.517046270438684,0.3309538102812711,100
0,492,48808,0.3309538102812711,3.3448574088941365,16.12510166827837,0.3309538102812711,100
0,493,48907,0.3309538102812711,3.2974194132615455,19.29942567616505,0.3309538102812711,100
0,494,49006,0.3309538102812711,3.243459317321666,25.5362772535346,0.3309538102812711,100
0,495,49105,0.3309538102812711,2.895406598435971,13.301202189916621,0.3309538102812711,100
0,496,49204,0.3309538102812711,2.821294616927676,24.638346915878863,0.3309538102812711,100
0,497,49303,0.3309538102812711,3.1613528325825744,29.585560504559734,0.3309538102812711,100
0,498,49402,0.3309538102812711,2.8763404355549325,18.82120832370065,0.3309538102812711,100
0,499,49501,0.3309538102812711,3.4137413113314183,21.726571214584535,0.3309538102812711,100
0,500,49600,0.3309538102812711,3.3018446606578267,18.002464905062123,0.3309538102812711,100
0,501,49699,0.3309538102812711,3.1210582508733813,17.023901897536476,0.3309538102812711,100
0,502,49798,0.3309538102812711,3.2784292025733395,32.51870462071726,0.3309538102812711,100
0,503,49897,0.3309538102812711,3.0327511783338292,21.633692523615192,0.3309538102812711,100
0,504,49996,0.3309538102812711,2.8075959773645054,15.365397843684516,0.3309538102812711,100
0,505,50000,0.3309538102812711,2.4167998782846167,9.86830810035502,0.3309538102812711,100
1,0,100,93.90916723153865,547.2167634643768,1060.252996170198,93.90916723153865,100
1,1,199,44.399080917681054,248.81672696288325,639.0938135112862,44.399080917681054,100
1,2,298,17.748087030008417,96.66981297168546,440.6123678840733,17.748087030008417,100
1,3,397,5.059158945285054,40.119746062221765,107.28147163920478,5.059158945285054,100
1,4,496,5.059158945285054,20.05935372041147,75.68020796105223,5.059158945285054,100
1,5,595,1.903711817980108,12.712221307288257,48.084179890619914,1.903711817980108,100
1,6,694,1.7922445061234005,8.02984771675557,50.10101273547495,1.7922445061234005,100
1,7,793,0.5821376606167781,5.821785036351502,27.43189526713647,0.5821376606167781,100
1,8,892,0.5821376606167781,5.304625059960427,59.09825501357353,0.5821376606167781,100
1,9,991,0.5821376606167781,4.896884558747575,34.80430315648304,0.5821376606167781,100
1,10,1090,0.5821376606167781,4.93278918341085,36.1682405197214,0.5821376606167781,100
1,11,1189,0.5821376606167781,4.417262266448468,21.66480713727846,0.5821376606167781,100
1,12,1288,0.43464220026504813,4.0698514459987285,22.487066929381516,0.43464220026504813,100
1,13,1387,0.4137414133931169,3.613645631398881,21.8402788303135,0.4137414133931169,100
1,14,1486,0.4137414133931169,4.254279137972253,24.241046044048,0.4137414133931169,100
1,15,1585,0.4137414133931169,4.372080116636372,32.73734422163161,0.4137414133931169,100
1,16,1684,0.4137414133931169,4.1311056207245285,38.748912924323946,0.4137414133931169,100
1,17,1783,0.4137414133931169,3.845498719185973,23.194772094048897,0.4137414133931169,100
1,18,1882,0.4137414133931169,4.102757827487716,25.899300249483836,0.4137414133931169,100
1,19,1981,0.35179864062764704,3.514255569144788,19.626046311083492,0.35179864062764704,100
1,20,2080,0.35179864062764704,3.6440333797762055,30.624690061814412,0.35179864062764704,100
1,21,2179,0.35179864062764704,2.838356530520434,18.377346581125842,0.35179864062764704,100
1,22,2278,0.35179864062764704,2.9792642511067076,21.527905551106297,0.35179864062764704,100
1,23,2377,0.35179864062764704,2.983537136292685,20.858193900649137,0.35179864062764704,100
1,24,2476,0.35179864062764704,2.9319515146763035,18.643349728619857,0.35179864062764704,100
1,25,2575,0.35179864062764704,3.3507631178342376,26.912134225820225,0.35179864062764704,100
1,26,2674,0.35179864062764704,3.409906056674739,30.995895167985577,0.35179864062764704,100
1,27,2773,0.35179864062764704,2.921233426314211,30.499659596572403,0.35179864062764704,100
1,28,2872,0.35179864062764704,3.27665147299874,21.130686564734603,0.35179864062764704,100
1,29,2971,0.35179864062764704,3.191441481342874,21.117192937823145,0.35179864062764704,100
1,30,3070,0.2569560467095181,3.2471929876192305,22.463819691820806,0.2569560467095181,100
1,31,3169,0.2569560467095181,3.8864976553068313,25.69935579205492,0.2569560467095181,100
1,32,3268,0.2528089442288855,3.207380665331959,19.655877213206487,0.2528089442288855,100
1,33,3367,0.2528089442288855,3.6240642525736497,21.381634433966028,0.2528089442288855,100
1,34,3466,0.2528089442288855,3.3901729990066327,22.471936705159912,0.2528089442288855,100
1,35,3565,0.2528089442288855,3.3472251153660215,20.14206674558834,0.2528089442288855,100
1,36,3664,0.2528089442288855,3.517643950742861,24.98007144484692,0.2528089442288855,100
1,37,3763,0.2528089442288855,3.6726486397274805,32.841465341234205,0.2528089442288855,100
1,38,3862,0.2528089442288855,3.5557570758995554,19.364710409484182,0.2528089442288855,100
1,39,3961,0.2528089442288855,3.272234220316226,25.733641608391757,0.2528089442288855,100
1,40,4060,0.2528089442288855,3.330311497422399,30.798143731207432,0.2528089442288855,100
1,41,4159,0.2528089442288855,2.991727557114662,14.596148670952337,0.2528089442288855,100
1,42,4258,0.2528089442288855,3.061106685847356,21.222279218993723,0.2528089442288855,100
1,43,4357,0.2528089442288855,3.028237534535868,40.20019715320548,0.2528089442288855,100
1,44,4456,0.2528089442288855,3.3639814104487824,19.23626847026457,0.2528089442288855,100
1,45,4555,0.2528089442288855,3.1028156332580896,18.50662691207392,0.2528089442288855,100
1,46,4654,0.2528089442288855,3.143183216966909,23.436164548489995,0.2528089442288855,100
1,47,4753,0.2528089442288855,3.2189082158647238,19.5662018806356,0.2528089442288855,100
1,48,4852,0.2528089442288855,2.346232421398128,14.388393820922456,0.2528089442288855,100
1,49,4951,0.2528089442288855,2.255056951476846,15.500708040554953,0.2528089442288855,100
1,50,5050,0.2528089442288855,3.0435670388375557,33.798174897021696,0.2528089442288855,100
1,51,5149,0.2528089442288855,3.116724410084751,17.433723246855312,0.2528089442288855,100
1,52,5248,0.2528089442288855,2.9700779589521806,16.67151488086065,0.2528089442288855,100
1,53,5347,0.2528089442288855,3.54507708158354,23.994016905972078,0.2528089442288855,100
1,54,5446,0.2528089442288855,3.138280723001282,19.772779880903347,0.2528089442288855,100
1,55,5545,0.2528089442288855,3.5464639663018835,24.107912241893022,0.2528089442288855,100
1,56,5644,0.2528089442288855,3.1583513918853474,22.420319514778868,0.2528089442288855,100
1,57,5743,0.2528089442288855,3.516370924549861,22.165461171480278,0.2528089442288855,100
1,58,5842,0.2528089442288855,2.768775978081406,13.356649033244373,0.2528089442288855,100
1,59,5941,0.2528089442288855,2.784250031087915,27.366586981813192,0.2528089442288855,100
1,60,6040,0.2528089442288855,3.6404354626758844,27.043758088405934,0.2528089442288855,100
1,61,6139,0.2528089442288855,3.9750329523825783,33.08895693895833,0.2528089442288855,100
1,62,6238,0.2528089442288855,3.2529208451636267,18.98185009523408,0.2528089442288855,100
1,63,6337,0.2528089442288855,2.5971692656078518,12.351634465507912,0.2528089442288855,100
1,64,6436,0.2528089442288855,3.142066846829069,31.698590512883523,0.2528089442288855,100
1,65,6535,0.2528089442288855,2.895540561422468,15.403397506990641,0.2528089442288855,100
1,66,6634,0.2528089442288855,3.9374338595623777,30.90513834834836,0.2528089442288855,100
1,67,6733,0.2528089442288855,3.2110057159563086,22.203026201117975,0.2528089442288855,100
1,68,6832,0.2528089442288855,3.5071942605075974,21.79058611922856,0.2528089442288855,100
1,69,6931,0.2528089442288855,2.922414841877624,24.480348870774094,0.2528089442288855,100
1,70,7030,0.2528089442288855,3.284154812559148,23.87498791055413,0.2528089442288855,100
1,71,7129,0.2528089442288855,3.9579304307321546,25.007294637121845,0.2528089442288855,100
1,72,7228,0.2528089442288855,3.4744551228892804,26.916140359240675,0.2528089442288855,100
1,73,7327,0.2528089442288855,2.7865894351834943,14.622765407090995,0.2528089442288855,100
1,74,7426,0.2528089442288855,2.7824076075589614,18.714734790542785,0.2528089442288855,100
1,75,7525,0.2528089442288855,3.473378919637629,29.41556585844393,0.2528089442288855,100
1,76,7624,0.2528089442288855,2.6335368677532074,19.07005472032226,0.2528089442288855,100
1,77,7723,0.2528089442288855,3.230628090327469,30.49646423348388,0.2528089442288855,100
1,78,7822,0.2528089442288855,2.5317217092208004,15.280315428730843,0.2528089442288855,100
1,79,7921,0.2528089442288855,3.0170139928605,26.922979651667873,0.2528089442288855,100
1,80,8020,0.2528089442288855,3.27456900754489,21.94618502418311,0.2528089442288855,100
1,81,8119,0.2528089442288855,3.342336866793723,26.006266261782503,0.2528089442288855,100
1,82,8218,0.2528089442288855,3.4673058575432054,23.676293214272363,0.2528089442288855,100
1,83,8317,0.2528089442288855,3.371148968996153,18.83092925715559,0.2528089442288855,100
1,84,8416,0.2528089442288855,3.2252580154615,21.99412144758763,0.2528089442288855,100
1,85,8515,0.2528089442288855,4.582927217913248,28.320939923116548,0.2528089442288855,100
1,86,8614,0.2528089442288855,4.40182922891954,22.779549593862573,0.2528089442288855,100
1,87,8713,0.2528089442288855,3.607933847760455,27.23924506566459,0.2528089442288855,100
1,88,8812,0.2528089442288855,3.108960564363486,20.059426057486178,0.2528089442288855,100
1,89,8911,0.2528089442288855,3.154760586337303,26.249045978883004,0.2528089442288855,100
1,90,9010,0.2528089442288855,3.682587191182311,23.202799074851402,0.2528089442288855,100
1,91,9109,0.2528089442288855,3.3289640495592225,23.79698655349423,0.2528089442288855,100
1,92,9208,0.2528089442288855,3.4702806565841215,28.64546980589987,0.2528089442288855,100
1,93,9307,0.2528089442288855,3.3539590530592864,21.500755348532607,0.2528089442288855,100
1,94,9406,0.2528089442288855,3.039761240155359,20.366602821919738,0.2528089442288855,100
1,95,9505,0.2528089442288855,3.804008020577102,27.857275022085645,0.2528089442288855,100
1,96,9604,0.2528089442288855,4.154632201238335,33.82450846004738,0.2528089442288855,100
1,97,9703,0.2528089442288855,3.3248576931316554,23.03772582363696,0.2528089442288855,100
1,98,9802,0.2528089442288855,2.80239748907424,21.38586356503317,0.2528089442288855,100
1,99,9901,0.2528089442288855,2.8891847140251996,26.250742084455613,0.2528089442288855,100
1,100,10000,0.2528089442288855,3.1263309106052675,27.57535679154932,0.2528089442288855,100
1,101,10099,0.2528089442288855,2.9571724485023685,15.604740827152519,0.2528089442288855,100
1,102,10198,0.2528089442288855,2.5128966645478656,30.395677791215967,0.2528089442288855,100
1,103,10297,0.2528089442288855,2.9040263405799953,19.146048013401654,0.2528089442288855,100
1,104,10396,0.2528089442288855,3.1050251077245226,23.073656714677224,0.2528089442288855,100
1,105,10495,0.2528089442288855,2.5633319094222378,13.382140816004377,0.2528089442288855,100
1,106,10594,0.2528089442288855,2.6871910159417274,24.696035273723037,0.2528089442288855,100
1,107,10693,0.2528089442288855,3.448320572933199,19.627363007315097,0.2528089442288855,100
1,108,10792,0.2528089442288855,3.4937670476371845,25.883617064273665,0.2528089442288855,100
1,109,10891,0.2528089442288855,3.7867766719747835,19.686388680678725,0.2528089442288855,100
1,110,10990,0.2528089442288855,3.397447047196102,25.99653011448542,0.2528089442288855,100
1,111,11089,0.2528089442288855,3.7874347560519666,26.746262745879456,0.2528089442288855,100
1,112,11188,0.2528089442288855,3.5712738689669656,29.68439969490179,0.2528089442288855,100
1,113,11287,0.2528089442288855,2.8388142128320375,15.576972030774483,0.2528089442288855,100
1,114,11386,0.2528089442288855,2.5122635803589928,20.381226774882833,0.2528089442288855,100
1,115,11485,0.2528089442288855,3.3756829916589925,25.0023317117461,0.2528089442288855,100
1,116,11584,0.2528089442288855,2.38542347304181,15.681901547232592,0.2528089442288855,100
1,117,11683,0.2528089442288855,3.2225700599197906,24.85244811404263,0.2528089442288855,100
1,118,11782,0.2528089442288855,2.72949876257146,25.125202161934382,0.2528089442288855,100
1,119,11881,0.2528089442288855,3.581114875497326,34.93730983132059,0.2528089442288855,100
1,120,11980,0.2528089442288855,3.6132189583465184,20.425317723964596,0.2528089442288855,100
1,121,12079,0.2528089442288855,3.4343193942923467,25.65150432328897,0.2528089442288855,100
1,122,12178,0.2528089442288855,2.642861216007116,21.68953991037761,0.2528089442288855,100
1,123,12277,0.2528089442288855,2.2689700363351197,14.129000700759164,0.2528089442288855,100
1,124,12376,0.2528089442288855,3.183923834446773,18.2293592987869,0.2528089442288855,100
1,125,12475,0.2528089442288855,3.5128996570319937,35.85896697767369,0.2528089442288855,100
1,126,12574,0.2528089442288855,3.1487344205160634,36.48106934195536,0.2528089442288855,100
1,127,12673,0.2528089442288855,3.6926007297120362,17.782504368725398,0.2528089442288855,100
1,128,12772,0.2528089442288855,3.436533899455783,16.96549223275243,0.2528089442288855,100
1,129,12871,0.2528089442288855,3.5758505781503818,28.22103233568605,0.2528089442288855,100
1,130,12970,0.2528089442288855,3.4752214536624955,18.57179516305886,0.2528089442288855,100
1,131,13069,0.2528089442288855,3.4798245404554775,37.127503179880975,0.2528089442288855,100
1,132,13168,0.2528089442288855,3.018017035691321,24.990188638166728,0.2528089442288855,100
1,133,13267,0.2528089442288855,4.173625869553895,24.38376082413928,0.2528089442288855,100
1,134,13366,0.2528089442288855,2.9308804874095484,20.80713591271298,0.2528089442288855,100
1,135,13465,0.2528089442288855,2.8337909946006663,18.607430339410982,0.2528089442288855,100
1,136,13564,0.2528089442288855,3.5685274044850157,26.714458004747918,0.2528089442288855,100
1,137,13663,0.2528089442288855,3.317268232883555,35.27908405123568,0.2528089442288855,100
1,138,13762,0.2528089442288855,2.6674188559201326,32.42716561591655,0.2528089442288855,100
1,139,13861,0.2528089442288855,2.6305894783908665,23.46056910189224,0.2528089442288855,100
1,140,13960,0.2528089442288855,2.9704537668602082,25.614233422713916,0.2528089442288855,100
1,141,14059,0.2528089442288855,2.7313485792933307,16.750250579764362,0.2528089442288855,100
1,142,14158,0.2528089442288855,3.1143497247123033,21.17018477129582,0.2528089442288855,100
1,143,14257,0.2528089442288855,2.8425817316404034,30.850829825506146,0.2528089442288855,100
1,144,14356,0.2528089442288855,3.0388091330858717,32.94671070101294,0.2528089442288855,100
1,145,14455,0.2528089442288855,2.695982296369827,13.70469145068449,0.2528089442288855,100
1,146,14554,0.2528089442288855,2.3782964040680112,14.801506366319895,0.2528089442288855,100
1,147,14653,0.2528089442288855,2.94253630295084,25.40442197734414,0.2528089442288855,100
1,148,14752,0.2528089442288855,2.9558977188461184,38.72717586987927,0.2528089442288855,100
1,149,14851,0.2528089442288855,3.5663306462896402,26.286791971563414,0.2528089442288855,100
1,150,14950,0.2528089442288855,3.0323134968193237,23.796557360775516,0.2528089442288855,100
1,151,15049,0.2528089442288855,2.549313351523306,16.347484628756092,0.2528089442288855,100
1,152,15148,0.2528089442288855,3.343687380961286,24.65495530291863,0.2528089442288855,100
1,153,15247,0.2528089442288855,2.028829468994042,10.157336858369574,0.2528089442288855,100
1,154,15346,0.2528089442288855,3.6212506507693187,53.177714124015026,0.2528089442288855,100
1,155,15445,0.2528089442288855,3.1752652155464642,30.11557774486666,0.2528089442288855,100
1,156,15544,0.2528089442288855,2.5782181841750913,20.74909799672808,0.2528089442288855,100
1,157,15643,0.2528089442288855,3.6572353720716473,33.628426497020406,0.2528089442288855,100
1,158,15742,0.2528089442288855,3.202482235166343,19.171780064170548,0.2528089442288855,100
1,159,15841,0.2528089442288855,3.248115869253788,28.834000300547945,0.2528089442288855,100
1,160,15940,0.2528089442288855,3.4172409567684645,34.540136787637636,0.2528089442288855,100
1,161,16039,0.2528089442288855,2.870419665208768,19.2175808574936,0.2528089442288855,100
1,162,16138,0.2528089442288855,3.0616407631220244,24.6555359349329,0.2528089442288855,100
1,163,16237,0.2528089442288855,3.6335694505667377,21.48906124791814,0.2528089442288855,100
1,164,16336,0.2528089442288855,2.802046709855129,19.27788828063903,0.2528089442288855,100
1,165,16435,0.2528089442288855,3.1075596957058558,17.30444481768618,0.2528089442288855,100
1,166,16534,0.2528089442288855,3.0497750223547913,24.991816633932576,0.2528089442288855,100
1,167,16633,0.2528089442288855,2.7894828334780835,18.403811513406584,0.2528089442288855,100
1,168,16732,0.2528089442288855,3.4928671400558344,39.13398030586911,0.2528089442288855,100
1,169,16831,0.2528089442288855,2.4227238829411246,15.778555543709565,0.2528089442288855,100
1,170,16930,0.2528089442288855,2.952465359819937,16.72385601990713,0.2528089442288855,100
1,171,17029,0.2528089442288855,3.0862499987808913,19.74529385426754,0.2528089442288855,100
1,172,17128,0.2528089442288855,2.6808107640312926,25.389773779253684,0.2528089442288855,100
1,173,17227,0.2528089442288855,2.232607789584493,14.074985016225009,0.2528089442288855,100
1,174,17326,0.2528089442288855,2.992704121868728,28.407989681732957,0.2528089442288855,100
1,175,17425,0.2528089442288855,2.7099039027080476,16.778430426308283,0.2528089442288855,100
1,176,17524,0.2528089442288855,3.7706831093494624,20.090220373072917,0.2528089442288855,100
1,177,17623,0.2528089442288855,3.115133794049763,17.82911753585438,0.2528089442288855,100
1,178,17722,0.2528089442288855,2.877221900585649,14.843681372516244,0.2528089442288855,100
1,179,17821,0.2528089442288855,2.858487274029938,28.646440875780602,0.2528089442288855,100
1,180,17920,0.2528089442288855,3.158072784063319,21.574892869151448,0.2528089442288855,100
1,181,18019,0.2528089442288855,3.0878261586635487,26.612127791786193,0.2528089442288855,100
1,182,18118,0.2528089442288855,2.690627022302406,23.252096174569882,0.2528089442288855,100
1,183,18217,0.2528089442288855,2.6997521581655843,20.58759367042342,0.2528089442288855,100
1,184,18316,0.2528089442288855,2.5476207814246763,13.405575548297643,0.2528089442288855,100
1,185,18415,0.2528089442288855,2.92465716774839,24.215396752870245,0.2528089442288855,100
1,186,18514,0.2528089442288855,2.891318132567676,18.943796301325534,0.2528089442288855,100
1,187,18613,0.2528089442288855,3.664344048127904,22.02313382508116,0.2528089442288855,100
1,188,18712,0.2528089442288855,3.4062506042309515,19.151527808135814,0.2528089442288855,100
1,189,18811,0.2528089442288855,2.992269381690093,19.874644359676797,0.2528089442288855,100
1,190,18910,0.2528089442288855,3.340051115703113,29.47176737467164,0.2528089442288855,100
1,191,19009,0.2528089442288855,2.8994330977201432,17.01707617279512,0.2528089442288855,100
1,192,19108,0.2528089442288855,3.491108093934207,18.143114934390184,0.2528089442288855,100
1,193,19207,0.2528089442288855,4.124681215117005,26.79621611865808,0.2528089442288855,100
1,194,19306,0.2528089442288855,3.128354286170408,16.802391212966487,0.2528089442288855,100
1,195,19405,0.2528089442288855,3.1679004254036847,17.705412646933006,0.2528089442288855,100
1,196,19504,0.2528089442288855,2.946573417097758,12.07935669623686,0.2528089442288855,100
1,197,19603,0.2528089442288855,2.885398512475785,18.496724919168447,0.2528089442288855,100
1,198,19702,0.2528089442288855,2.588304890652185,10.974156384403582,0.2528089442288855,100
1,199,19801,0.2528089442288855,2.700136903709639,13.007685330861841,0.2528089442288855,100
1,200,19900,0.2528089442288855,2.9778137694642415,18.293557956218486,0.2528089442288855,100
1,201,19999,0.2528089442288855,3.010471847262443,36.60128557057628,0.2528089442288855,100
1,202,20098,0.2528089442288855,2.941428458358532,14.743065134453166,0.2528089442288855,100
1,203,20197,0.2528089442288855,2.7160231806489903,19.00917507424863,0.2528089442288855,100
1,204,20296,0.2528089442288855,2.4850484285856593,16.074241749138316,0.2528089442288855,100
1,205,20395,0.2528089442288855,3.276977533392647,29.234373849597006,0.2528089442288855,100
1,206,20494,0.2528089442288855,2.854279877268923,18.31771789967706,0.2528089442288855,100
1,207,20593,0.2528089442288855,3.1427098479883218,21.398724760102983,0.2528089442288855,100
1,208,20692,0.2528089442288855,3.7555029611944546,27.145018270898962,0.2528089442288855,100
1,209,20791,0.2528089442288855,3.4794867046589792,17.848473685266978,0.2528089442288855,100
1,210,20890,0.2528089442288855,2.4496506239487186,15.4762538112978,0.2528089442288855,100
1,211,20989,0.2528089442288855,2.528546950752647,15.02238147432181,0.2528089442288855,100
1,212,21088,0.2528089442288855,3.589072845878832,24.24543968654726,0.2528089442288855,100
1,213,21187,0.2528089442288855,3.062135442097114,19.20033174006268,0.2528089442288855,100
1,214,21286,0.2528089442288855,3.4472112877142824,20.834183091071864,0.2528089442288855,100
1,215,21385,0.2528089442288855,3.3539640985187784,20.2523589061767,0.2528089442288855,100
1,216,21484,0.2528089442288855,3.558778492621575,17.915090726884042,0.2528089442288855,100
1,217,21583,0.2528089442288855,2.715562225780175,21.05038524346443,0.2528089442288855,100
1,218,21682,0.2528089442288855,2.632324613930145,21.755918456736833,0.2528089442288855,100
1,219,21781,0.2528089442288855,3.483213681827812,40.99168233295875,0.2528089442288855,100
1,220,21880,0.2528089442288855,2.8056541808905355,13.693270819583809,0.2528089442288855,100
1,221,21979,0.2528089442288855,2.501354002056215,23.560598355194166,0.2528089442288855,100
1,222,22078,0.2528089442288855,3.235898819759923,18.815324405060554,0.2528089442288855,100
1,223,22177,0.2528089442288855,3.081923071162604,19.252443644653876,0.2528089442288855,100
1,224,22276,0.2528089442288855,2.9050486702384224,17.16050336810357,0.2528089442288855,100
1,225,22375,0.2528089442288855,3.547287673074168,26.967561818493174,0.2528089442288855,100
1,226,22474,0.2528089442288855,3.645502304394552,22.580418152296794,0.2528089442288855,100
1,227,22573,0.2528089442288855,3.3317514410983247,30.892260408350158,0.2528089442288855,100
1,228,22672,0.2528089442288855,3.884676607682863,23.768344213923225,0.2528089442288855,100
1,229,22771,0.2528089442288855,2.896488580961265,21.192933747279668,0.2528089442288855,100
1,230,22870,0.2528089442288855,2.9051574920836964,20.747078805632935,0.2528089442288855,100
1,231,22969,0.2528089442288855,3.517707889101885,38.090748255472334,0.2528089442288855,100
1,232,23068,0.2528089442288855,3.357479851173182,17.978543173016273,0.2528089442288855,100
1,233,23167,0.2528089442288855,2.9939808265815815,28.706965514705285,0.2528089442288855,100
1,234,23266,0.2528089442288855,2.426413756156566,22.405095889254984,0.2528089442288855,100
1,235,23365,0.2528089442288855,3.059187246826758,23.630594301453396,0.2528089442288855,100
1,236,23464,0.2528089442288855,3.384312450337211,18.876051490024565,0.2528089442288855,100
1,237,23563,0.2528089442288855,3.5280068006424754,21.62557869751613,0.2528089442288855,100
1,238,23662,0.2528089442288855,3.231047220616387,31.825572079729138,0.2528089442288855,100
1,239,23761,0.2528089442288855,3.3447853900039606,14.863506515711135,0.2528089442288855,100
1,240,23860,0.2528089442288855,3.0669965973665,17.21624193517926,0.2528089442288855,100
1,241,23959,0.2528089442288855,3.1406465909832293,18.920046688172867,0.2528089442288855,100
1,242,24058,0.2528089442288855,3.6433388713383232,34.28833418798531,0.2528089442288855,100
1,243,24157,0.2528089442288855,3.0555486000193013,16.956417563328113,0.2528089442288855,100
1,244,24256,0.2528089442288855,3.065555832926983,35.40095001067625,0.2528089442288855,100
1,245,24355,0.2528089442288855,2.5397872931470875,23.358036323938563,0.2528089442288855,100
1,246,24454,0.2528089442288855,2.1474658538930185,24.745942834703072,0.2528089442288855,100
1,247,24553,0.2528089442288855,2.584011098400295,24.604666793882807,0.2528089442288855,100
1,248,24652,0.2528089442288855,2.914802531206951,30.751270144174843,0.2528089442288855,100
1,249,24751,0.2528089442288855,3.0663855314729966,14.185637352595528,0.2528089442288855,100
1,250,24850,0.2528089442288855,3.1421643294982955,28.245279002947882,0.2528089442288855,100
1,251,24949,0.2528089442288855,2.985123743062273,18.486892846232866,0.2528089442288855,100
1,252,25048,0.2528089442288855,3.303441282292774,27.442511293538196,0.2528089442288855,100
1,253,25147,0.2528089442288855,4.126349275546216,40.84325397852758,0.2528089442288855,100
1,254,25246,0.2528089442288855,3.1576378527288647,18.387414738312618,0.2528089442288855,100
1,255,25345,0.2528089442288855,3.2842226935509347,28.409291239906022,0.2528089442288855,100
1,256,25444,0.2528089442288855,2.5472846064973336,17.40341670788053,0.2528089442288855,100
1,257,25543,0.2528089442288855,3.557326192058665,24.914345386231943,0.2528089442288855,100
1,258,25642,0.2528089442288855,2.6163540135068475,15.752322308305025,0.2528089442288855,100
1,259,25741,0.2528089442288855,3.0098975383091577,14.544904669749112,0.2528089442288855,100
1,260,25840,0.2528089442288855,3.569825907090937,25.582436674159663,0.2528089442288855,100
1,261,25939,0.2528089442288855,3.710716569848292,28.108470040630372,0.2528089442288855,100
1,262,26038,0.2528089442288855,3.222997645811967,12.952666600646564,0.2528089442288855,100
1,263,26137,0.2528089442288855,4.649948290343301,38.69979805046942,0.2528089442288855,100
1,264,26236,0.2528089442288855,3.691670546285435,23.1465143696596,0.2528089442288855,100
1,265,26335,0.2528089442288855,3.1618248733019523,30.281788522387192,0.2528089442288855,100
1,266,26434,0.2528089442288855,2.291558264153712,19.2537631336797,0.2528089442288855,100
1,267,26533,0.2528089442288855,2.7039995083768,20.00002156914196,0.2528089442288855,100
1,268,26632,0.2528089442288855,2.6208000290450855,24.93300210389943,0.2528089442288855,100
1,269,26731,0.2528089442288855,3.12777592830707,22.53578951283918,0.2528089442288855,100
1,270,26830,0.2528089442288855,2.334480964264152,20.98724567647251,0.2528089442288855,100
1,271,26929,0.2528089442288855,2.5740358499028972,14.284974009877436,0.2528089442288855,100
1,272,27028,0.2528089442288855,2.661265706718228,18.24618950455622,0.2528089442288855,100
1,273,27127,0.2528089442288855,3.7091391220313907,17.154960761185624,0.2528089442288855,100
1,274,27226,0.2528089442288855,3.22302295127357,18.394479071045616,0.2528089442288855,100
1,275,27325,0.2528089442288855,3.230348980789006,21.02051136483821,0.2528089442288855,100
1,276,27424,0.2528089442288855,2.3799644709461734,14.744854393546287,0.2528089442288855,100
1,277,27523,0.2528089442288855,3.7108534001379576,30.56302697799055,0.2528089442288855,100
1,278,27622,0.2528089442288855,2.9547637109367217,19.57222143026901,0.2528089442288855,100
1,279,27721,0.2528089442288855,3.253834565622457,26.648139981959638,0.2528089442288855,100
1,280,27820,0.2528089442288855,3.156986011829435,31.617669376282805,0.2528089442288855,100
1,281,27919,0.2528089442288855,3.9799392097713513,41.61736373834806,0.2528089442288855,100
1,282,28018,0.2528089442288855,3.050355797001785,22.70317060077935,0.2528089442288855,100
1,283,28117,0.2528089442288855,3.483161630269594,19.64960787275071,0.2528089442288855,100
1,284,28216,0.2528089442288855,3.224021128599175,27.532604440831665,0.2528089442288855,100
1,285,28315,0.2528089442288855,3.6260472286492327,27.725980042561456,0.2528089442288855,100
1,286,28414,0.2528089442288855,3.6386722807913094,35.39175074660962,0.2528089442288855,100
1,287,28513,0.2528089442288855,3.02368824415239,18.795435005145027,0.2528089442288855,100
1,288,28612,0.2528089442288855,3.4025780231722003,42.4946222571447,0.2528089442288855,100
1,289,28711,0.2528089442288855,3.234079430571815,26.019334334175813,0.2528089442288855,100
1,290,28810,0.2528089442288855,3.7072064339943442,21.292154121318383,0.2528089442288855,100
1,291,28909,0.2528089442288855,4.1179293688082,31.090861743146586,0.2528089442288855,100
1,292,29008,0.2528089442288855,3.369687768611381,21.097831269899114,0.2528089442288855,100
1,293,29107,0.2528089442288855,3.003103995402829,20.750211261584727,0.2528089442288855,100
1,294,29206,0.2528089442288855,2.9353276534824415,21.79826984705622,0.2528089442288855,100
1,295,29305,0.2528089442288855,3.0058000504789026,26.227422246329724,0.2528089442288855,100
1,296,29404,0.2528089442288855,3.2619829346796987,21.773240383080104,0.2528089442288855,100
1,297,29503,0.2528089442288855,3.314606561896606,17.336382052257505,0.2528089442288855,100
1,298,29602,0.2528089442288855,3.1578562072451097,25.521850541293386,0.2528089442288855,100
1,299,29701,0.2528089442288855,3.890740576453187,29.03796637860287,0.2528089442288855,100
1,300,29800,0.2528089442288855,3.5047917355554885,20.43681305754775,0.2528089442288855,100
1,301,29899,0.2528089442288855,3.3610038242484075,21.51540300354302,0.2528089442288855,100
1,302,29998,0.2528089442288855,2.933083091676311,17.029321564082622,0.2528089442288855,100
1,303,30097,0.2528089442288855,2.620016355245393,14.629189957308085,0.2528089442288855,100
1,304,30196,0.2528089442288855,3.4004392562949706,24.712750150219055,0.2528089442288855,100
1,305,30295,0.2528089442288855,3.4195899968468844,21.74787169890089,0.2528089442288855,100
1,306,30394,0.2528089442288855,2.598674019061593,21.00444815004444,0.2528089442288855,100
1,307,30493,0.2528089442288855,3.613588111152036,24.324036248951167,0.2528089442288855,100
1,308,30592,0.2528089442288855,3.569871667061246,25.645677437789193,0.2528089442288855,100
1,309,30691,0.2528089442288855,2.892921292101656,17.179022583569107,0.2528089442288855,100
1,310,30790,0.2528089442288855,2.8846004898541446,12.459035177055679,0.2528089442288855,100
1,311,30889,0.2528089442288855,2.7852149931974957,17.99914900985886,0.2528089442288855,100
1,312,30988,0.2528089442288855,2.624946748582639,14.570249129307456,0.2528089442288855,100
1,313,31087,0.2528089442288855,2.5441477826940875,16.928852274454385,0.2528089442288855,100
1,314,31186,0.2528089442288855,3.4553498737389288,20.465086342478667,0.2528089442288855,100
1,315,31285,0.2528089442288855,3.3505294712179774,21.791288432151433,0.2528089442288855,100
1,316,31384,0.2528089442288855,3.5618262925881368,30.17315832127797,0.2528089442288855,100
1,317,31483,0.2528089442288855,2.6898624214805125,20.54144595229734,0.2528089442288855,100
1,318,31582,0.2528089442288855,3.245457197511935,28.853660430337015,0.2528089442288855,100
1,319,31681,0.2528089442288855,2.9946334946975566,20.293862225932212,0.2528089442288855,100
1,320,31780,0.2528089442288855,3.9396432918371325,36.51849256288157,0.2528089442288855,100
1,321,31879,0.2528089442288855,2.653042999225132,18.70552335090564,0.2528089442288855,100
1,322,31978,0.2528089442288855,3.6665888464867025,26.30078116654739,0.2528089442288855,100
1,323,32077,0.2528089442288855,3.340738311697067,36.6065133771366,0.2528089442288855,100
1,324,32176,0.2528089442288855,2.8154821078551606,33.852764689999255,0.2528089442288855,100
1,325,32275,0.2528089442288855,2.36673173628998,13.504023344044061,0.2528089442288855,100
1,326,32374,0.2528089442288855,3.1393926092215168,36.2694129754345,0.2528089442288855,100
1,327,32473,0.2528089442288855,2.586286781913162,17.179984500400316,0.2528089442288855,100
1,328,32572,0.2528089442288855,2.576093290226934,19.769816020141626,0.2528089442288855,100
1,329,32671,0.2528089442288855,3.397811478523167,19.551627518808424,0.2528089442288855,100
1,330,32770,0.2528089442288855,3.513485801078644,41.295501133995366,0.2528089442288855,100
1,331,32869,0.2528089442288855,2.804410300113395,21.814673119342235,0.2528089442288855,100
1,332,32968,0.2528089442288855,3.173851328878481,16.92047807316774,0.2528089442288855,100
1,333,33067,0.2528089442288855,3.2906230665727505,25.60557670458193,0.2528089442288855,100
1,334,33166,0.2528089442288855,3.7984415772929476,25.035348566985817,0.2528089442288855,100
1,335,33265,0.2528089442288855,4.27530985012121,27.35119934985229,0.2528089442288855,100
1,336,33364,0.2528089442288855,4.011830543814145,29.954613879105267,0.2528089442288855,100
1,337,33463,0.2528089442288855,2.773167840359085,24.66342208810313,0.2528089442288855,100
1,338,33562,0.2528089442288855,2.7387597000223205,22.71325367640419,0.2528089442288855,100
1,339,33661,0.2528089442288855,3.238257893385576,24.88723264733745,0.2528089442288855,100
1,340,33760,0.2528089442288855,2.5902395583847557,18.73810403580291,0.2528089442288855,100
1,341,33859,0.2528089442288855,2.7801041435869642,20.726617716570168,0.2528089442288855,100
1,342,33958,0.2528089442288855,3.147507629919595,20.655105520957214,0.2528089442288855,100
1,343,34057,0.2528089442288855,3.6014231245382367,24.877605284435596,0.2528089442288855,100
1,344,34156,0.2528089442288855,3.5659570605332083,21.792861523358688,0.2528089442288855,100
1,345,34255,0.2528089442288855,3.424755887431074,43.07526514790929,0.2528089442288855,100
1,346,34354,0.2528089442288855,3.1980137763271164,16.002327243407116,0.2528089442288855,100
1,347,34453,0.2528089442288855,3.1765025037175376,24.6102474815161,0.2528089442288855,100
1,348,34552,0.2528089442288855,3.1485170309436343,19.34403503877702,0.2528089442288855,100
1,349,34651,0.2528089442288855,3.974980064111436,28.625007338729397,0.2528089442288855,100
1,350,34750,0.2528089442288855,3.9571683218364733,33.91866118333381,0.2528089442288855,100
1,351,34849,0.2528089442288855,3.7417022207319683,19.401338957668546,0.2528089442288855,100
1,352,34948,0.2528089442288855,3.198486445276962,28.777766792995305,0.2528089442288855,100
1,353,35047,0.2528089442288855,3.2928295002208756,27.16915315460753,0.2528089442288855,100
1,354,35146,0.2528089442288855,2.97571128749009,20.502750169883694,0.2528089442288855,100
1,355,35245,0.2528089442288855,2.869796329132036,17.351240527979385,0.2528089442288855,100
1,356,35344,0.2528089442288855,3.364606426584934,19.00643931268511,0.2528089442288855,100
1,357,35443,0.2528089442288855,2.4334964156027596,21.206818392448536,0.2528089442288855,100
1,358,35542,0.2528089442288855,2.8310308044139094,14.435547357364642,0.2528089442288855,100
1,359,35641,0.2528089442288855,2.5220919250085645,16.28395668155887,0.2528089442288855,100
1,360,35740,0.2528089442288855,2.9861072217537417,25.097753577973364,0.2528089442288855,100
1,361,35839,0.2528089442288855,2.9119656329207477,24.887075548548196,0.2528089442288855,100
1,362,35938,0.2528089442288855,3.9388901576328537,30.73552212770108,0.2528089442288855,100
1,363,36037,0.2528089442288855,3.2161491783024827,23.6062220852561,0.2528089442288855,100
1,364,36136,0.2528089442288855,4.0049757520894005,21.965145824382905,0.2528089442288855,100
1,365,36235,0.2528089442288855,3.475714689550275,16.52240872631818,0.2528089442288855,100
1,366,36334,0.2528089442288855,3.5195565754933242,20.967155149747,0.2528089442288855,100
1,367,36433,0.2528089442288855,3.164267919280346,40.73631894369967,0.2528089442288855,100
1,368,36532,0.2528089442288855,3.400088361649139,14.975267526170963,0.2528089442288855,100
1,369,36631,0.2528089442288855,3.2745949848645695,23.373172925357554,0.2528089442288855,100
1,370,36730,0.2528089442288855,3.6241236806144377,33.620989451043236,0.2528089442288855,100
1,371,36829,0.2528089442288855,3.2578328948070907,16.270701328625304,0.2528089442288855,100
1,372,36928,0.2528089442288855,2.943022526163517,14.253916124975847,0.2528089442288855,100
1,373,37027,0.2528089442288855,3.2973782824620006,21.527394667002167,0.2528089442288855,100
1,374,37126,0.2528089442288855,3.4395140935281376,24.735015183365633,0.2528089442288855,100
1,375,37225,0.2528089442288855,3.025409833368808,24.58212029316465,0.2528089442288855,100
1,376,37324,0.2528089442288855,3.525767435023953,27.41830837302853,0.2528089442288855,100
1,377,37423,0.2528089442288855,2.923936327221782,22.373821846225773,0.2528089442288855,100
1,378,37522,0.2528089442288855,2.7942875603845176,16.69831819604418,0.2528089442288855,100
1,379,37621,0.2528089442288855,2.7676267337968152,23.790923705740575,0.2528089442288855,100
1,380,37720,0.2528089442288855,2.965365590453972,21.50897307428119,0.2528089442288855,100
1,381,37819,0.2528089442288855,3.6131444906697756,49.45049110689435,0.2528089442288855,100
1,382,37918,0.2528089442288855,2.888081315366823,21.88984152464996,0.2528089442288855,100
1,383,38017,0.2528089442288855,3.5563980974184655,28.71716746070365,0.2528089442288855,100
1,384,38116,0.2528089442288855,2.659498870527159,17.752982558778996,0.2528089442288855,100
1,385,38215,0.2528089442288855,3.085046595992091,16.412669396987113,0.2528089442288855,100
1,386,38314,0.2528089442288855,3.4365754793767875,20.665294427251993,0.2528089442288855,100
1,387,38413,0.2528089442288855,3.530761368411209,20.676862314375978,0.2528089442288855,100
1,388,38512,0.2528089442288855,2.9262705655852854,19.280660280036017,0.2528089442288855,100
1,389,38611,0.2528089442288855,3.679308666290916,40.929204493063104,0.2528089442288855,100
1,390,38710,0.2528089442288855,3.9225919445152253,18.763674763558548,0.2528089442288855,100
1,391,38809,0.2528089442288855,3.33230507262696,22.169354773497304,0.2528089442288855,100
1,392,38908,0.2528089442288855,2.7267732179668456,22.359198856891254,0.2528089442288855,100
1,393,39007,0.2528089442288855,3.4559748654562568,18.645727981812826,0.2528089442288855,100
1,394,39106,0.2528089442288855,3.1783837738926963,26.693927605126554,0.2528089442288855,100
1,395,39205,0.2528089442288855,2.639127597356902,19.355816333398423,0.2528089442288855,100
1,396,39304,0.2528089442288855,3.7403351558089666,34.3208397257656,0.2528089442288855,100
1,397,39403,0.2528089442288855,3.9176186122425714,36.536353279554056,0.2528089442288855,100
1,398,39502,0.2528089442288855,2.8597747907173705,15.826299579192792,0.2528089442288855,100
1,399,39601,0.2528089442288855,3.854104802550344,21.384234987451585,0.2528089442288855,100
1,400,39700,0.2528089442288855,4.031484854386081,30.41587043745615,0.2528089442288855,100
1,401,39799,0.2528089442288855,3.6487124703503464,30.981519222928775,0.2528089442288855,100
1,402,39898,0.2528089442288855,3.2937584344991957,36.834940240692205,0.2528089442288855,100
1,403,39997,0.2528089442288855,3.1168130782240153,26.984482152999448,0.2528089442288855,100
1,404,40096,0.2528089442288855,2.8342603002720055,26.772330874870317,0.2528089442288855,100
1,405,40195,0.2528089442288855,3.2858926362790233,27.87708439886057,0.2528089442288855,100
1,406,40294,0.2528089442288855,2.860524983975872,20.475758235091686,0.2528089442288855,100
1,407,40393,0.2528089442288855,2.9693105918552978,23.94457951416809,0.2528089442288855,100
1,408,40492,0.2528089442288855,3.0235805671537253,25.70075208089029,0.2528089442288855,100
1,409,40591,0.2528089442288855,3.902866852408111,32.22956035694696,0.2528089442288855,100
1,410,40690,0.2528089442288855,3.4463016095665995,41.02202263668833,0.2528089442288855,100
1,411,40789,0.2528089442288855,3.298525093725479,21.137918818752695,0.2528089442288855,100
1,412,40888,0.2528089442288855,3.8436176980443104,33.66400911451281,0.2528089442288855,100
1,413,40987,0.2528089442288855,3.8686553211342876,27.260405623606555,0.2528089442288855,100
1,414,41086,0.2528089442288855,4.386570268018833,34.24166972748007,0.2528089442288855,100
1,415,41185,0.2528089442288855,3.528086651839674,25.983638956117257,0.2528089442288855,100
1,416,41284,0.2528089442288855,3.5385422420591572,26.318982226861312,0.2528089442288855,100
1,417,41383,0.2528089442288855,3.0540655879455803,19.337977599999533,0.2528089442288855,100
1,418,41482,0.2528089442288855,2.9449745317184277,18.60989333913634,0.2528089442288855,100
1,419,41581,0.2528089442288855,3.4103946565784726,23.389208688425317,0.2528089442288855,100
1,420,41680,0.2528089442288855,2.471192951773019,17.579543839717267,0.2528089442288855,100
1,421,41779,0.2528089442288855,2.93569041223566,16.92044191544749,0.2528089442288855,100
1,422,41878,0.2528089442288855,3.347894952567089,22.286097531121378,0.2528089442288855,100
1,423,41977,0.2528089442288855,2.7075757820457653,13.399209205773332,0.2528089442288855,100
1,424,42076,0.2528089442288855,3.6657763959421237,33.28181415942259,0.2528089442288855,100
1,425,42175,0.2528089442288855,2.9136316227098864,20.403776165671427,0.2528089442288855,100
1,426,42274,0.2528089442288855,2.7677401427235226,20.14443795282491,0.2528089442288855,100
1,427,42373,0.2528089442288855,2.637508828213039,22.049264974754117,0.2528089442288855,100
1,428,42472,0.2528089442288855,2.810377032087982,15.652576411989742,0.2528089442288855,100
1,429,42571,0.2528089442288855,3.5784218464674287,19.911528382444295,0.2528089442288855,100
1,430,42670,0.2528089442288855,2.733968004270463,19.2775649261757,0.2528089442288855,100
1,431,42769,0.2528089442288855,3.1897641836529997,21.7307750569638,0.2528089442288855,100
1,432,42868,0.2528089442288855,3.3863519964093474,21.81597748275603,0.2528089442288855,100
1,433,42967,0.2528089442288855,3.4926630675335675,17.949331537484003,0.2528089442288855,100
1,434,43066,0.2528089442288855,2.9624008826857686,32.43490690131675,0.2528089442288855,100
1,435,43165,0.2528089442288855,3.2023484646602056,25.385511585055294,0.2528089442288855,100
1,436,43264,0.2528089442288855,2.87504662938467,35.07296596578904,0.2528089442288855,100
1,437,43363,0.2528089442288855,3.2491159438906347,29.524714000069228,0.2528089442288855,100
1,438,43462,0.2528089442288855,3.139824240794387,18.958653188659262,0.2528089442288855,100
1,439,43561,0.2528089442288855,3.204720388837078,21.87962619191618,0.2528089442288855,100
1,440,43660,0.2528089442288855,3.424141140641713,20.109101519607123,0.2528089442288855,100
1,441,43759,0.2528089442288855,2.5402265191861533,19.707833657811356,0.2528089442288855,100
1,442,43858,0.2528089442288855,3.3326755919329316,32.67781817553279,0.2528089442288855,100
1,443,43957,0.2528089442288855,2.73018863865874,23.69101918644505,0.2528089442288855,100
1,444,44056,0.2528089442288855,3.1532789562138435,17.39490795134781,0.2528089442288855,100
1,445,44155,0.2528089442288855,2.8835050955009986,19.799830246808188,0.2528089442288855,100
1,446,44254,0.2528089442288855,2.9139684808277817,18.301245830616654,0.2528089442288855,100
1,447,44353,0.2528089442288855,2.8448126971646133,14.190870884159336,0.2528089442288855,100
1,448,44452,0.2528089442288855,2.6877157278944974,13.009595325368522,0.2528089442288855,100
1,449,44551,0.2528089442288855,3.350122902011201,25.255251695990534,0.2528089442288855,100
1,450,44650,0.2528089442288855,2.8752873420925953,22.13556241251722,0.2528089442288855,100
1,451,44749,0.2528089442288855,2.9163631300635258,15.203736606214456,0.2528089442288855,100
1,452,44848,0.2528089442288855,2.965036443162413,27.749187169842745,0.2528089442288855,100
1,453,44947,0.2528089442288855,3.4671794270680594,36.76041016050366,0.2528089442288855,100
1,454,45046,0.2528089442288855,2.7496398138545795,16.656263702972208,0.2528089442288855,100
1,455,45145,0.2528089442288855,2.9492215214362245,24.484748121190883,0.2528089442288855,100
1,456,45244,0.2528089442288855,3.206668198867863,21.26507665420698,0.2528089442288855,100
1,457,45343,0.2528089442288855,3.097897495739572,26.88498472935967,0.2528089442288855,100
1,458,45442,0.2528089442288855,3.2704226194535395,20.072931758104332,0.2528089442288855,100
1,459,45541,0.2528089442288855,3.359210870090253,26.23876902932192,0.2528089442288855,100
1,460,45640,0.2528089442288855,2.907582753226811,21.22619313239971,0.2528089442288855,100
1,461,45739,0.2528089442288855,3.28236010605032,31.260580119983643,0.2528089442288855,100
1,462,45838,0.2528089442288855,2.5017599740149152,24.4201975529796,0.2528089442288855,100
1,463,45937,0.2528089442288855,3.396357756345156,26.706961265380645,0.2528089442288855,100
1,464,46036,0.2528089442288855,3.0891850681154165,26.53333535885923,0.2528089442288855,100
1,465,46135,0.2528089442288855,2.8678110138746824,23.501992934629506,0.2528089442288855,100
1,466,46234,0.2528089442288855,3.1605155502499787,18.979393677790114,0.2528089442288855,100
1,467,46333,0.2528089442288855,3.319198777256903,21.609234473619406,0.2528089442288855,100
1,468,46432,0.2528089442288855,2.9306978908503876,21.859736914974434,0.2528089442288855,100
1,469,46531,0.2528089442288855,2.864921929812945,25.749661066934266,0.2528089442288855,100
1,470,46630,0.2528089442288855,2.6313742787625487,14.125710521128537,0.2528089442288855,100
1,471,46729,0.2528089442288855,2.647847548875784,27.196439252227314,0.2528089442288855,100
1,472,46828,0.2528089442288855,3.177252884488701,18.673640599366145,0.2528089442288855,100
1,473,46927,0.2528089442288855,2.7044944812701788,16.61375822348448,0.2528089442288855,100
1,474,47026,0.2528089442288855,3.314931704833209,32.06216000035877,0.2528089442288855,100
1,475,47125,0.2528089442288855,3.0186542090369954,15.934306330048521,0.2528089442288855,100
1,476,47224,0.2528089442288855,2.8925889897209847,19.19383815102106,0.2528089442288855,100
1,477,47323,0.2528089442288855,2.9279344821611653,15.732065789494335,0.2528089442288855,100
1,478,47422,0.2528089442288855,3.4126452093339044,24.49036720134181,0.2528089442288855,100
1,479,47521,0.2528089442288855,2.577474357603856,16.342277630173683,0.2528089442288855,100
1,480,47620,0.2528089442288855,3.3688354381293237,16.879583785519365,0.2528089442288855,100
1,481,47719,0.2528089442288855,2.7281877339734835,18.266538255923965,0.2528089442288855,100
1,482,47818,0.2528089442288855,2.951635986306789,21.813492482458024,0.2528089442288855,100
1,483,47917,0.2528089442288855,2.9104452288547575,21.3337133880047,0.2528089442288855,100
1,484,48016,0.2528089442288855,2.977989958472076,21.671791716242392,0.2528089442288855,100
1,485,48115,0.2528089442288855,3.7330098761517627,24.76561853401553,0.2528089442288855,100
1,486,48214,0.2528089442288855,3.6229213730303735,21.451573472286867,0.2528089442288855,100
1,487,48313,0.2528089442288855,2.8194252357202756,22.294650144079586,0.2528089442288855,100
1,488,48412,0.2528089442288855,3.3044767467960074,27.331660724989813,0.2528089442288855,100
1,489,48511,0.2528089442288855,2.5861123355093287,14.940255493882352,0.2528089442288855,100
1,490,48610,0.2528089442288855,2.776027176627793,21.496780881966806,0.2528089442288855,100
1,491,48709,0.2528089442288855,3.060449407753647,18.495888689546614,0.2528089442288855,100
1,492,48808,0.2528089442288855,2.524268279079752,14.177124476055685,0.2528089442288855,100
1,493,48907,0.2528089442288855,2.685847536998023,13.62815845008767,0.2528089442288855,100
1,494,49006,0.2528089442288855,3.2523552516486736,30.953956736852575,0.2528089442288855,100
1,495,49105,0.2528089442288855,3.2927413529588465,23.614741436377003,0.2528089442288855,100
1,496,49204,0.2528089442288855,3.2546466498102418,24.86694098006246,0.2528089442288855,100
1,497,49303,0.2528089442288855,2.8682381721109897,14.835614042252148,0.2528089442288855,100
1,498,49402,0.2528089442288855,3.00145071737595,18.866241899916474,0.2528089442288855,100
1,499,49501,0.2528089442288855,3.169206650992486,19.133272230943824,0.2528089442288855,100
1,500,49600,0.2528089442288855,2.861824847814167,20.524030937195207,0.2528089442288855,100
1,501,49699,0.2528089442288855,3.0724228367541286,25.053115367187598,0.2528089442288855,100
1,502,49798,0.2528089442288855,3.1835227822701335,21.98764604191196,0.2528089442288855,100
1,503,49897,0.2528089442288855,3.8921151053305105,31.45686029699216,0.2528089442288855,100
1,504,49996,0.2528089442288855,2.534622064702874,16.876481515783574,0.2528089442288855,100
1,505,50000,0.2528089442288855,2.2421298332806874,8.14365665971808,0.2528089442288855,100
2,0,100,106.80714904912905,570.3510177915127,1157.7571893005113,106.80714904912905,100
2,1,199,75.14461905889881,290.48688381398466,606.4073679361685,75.14461905889881,100
2,2,298,21.479603374020336,129.1596776898453,303.27568028286123,21.479603374020336,100
2,3,397,14.096382273601023,53.80209894493517,137.35345052019872,14.096382273601023,100
2,4,496,2.3111228028590953,25.02338604190279,60.200617168889714,2.3111228028590953,100
2,5,595,1.1722956657303019,13.031019059064898,41.20156450126882,1.1722956657303019,100
2,6,694,0.4227447699271844,7.815602704387889,22.796515704199038,0.4227447699271844,100
2,7,793,0.4227447699271844,5.306684858595357,23.909797336451213,0.4227447699271844,100
2,8,892,0.4227447699271844,4.737099028069322,23.476614282621775,0.4227447699271844,100
2,9,991,0.4227447699271844,4.463706641255282,25.607186206205252,0.4227447699271844,100
2,10,1090,0.4227447699271844,3.670952203563184,14.74166635095362,0.4227447699271844,100
2,11,1189,0.4227447699271844,3.294044790437036,21.322301549631355,0.4227447699271844,100
2,12,1288,0.4227447699271844,3.321798149624137,18.17375398596184,0.4227447699271844,100
2,13,1387,0.41955293936738186,3.3148066186955263,18.23977430984361,0.41955293936738186,100
2,14,1486,0.41955293936738186,2.652463402686593,12.020347284324247,0.41955293936738186,100
2,15,1585,0.41955293936738186,3.3808271204742977,32.69307153695512,0.41955293936738186,100
2,16,1684,0.41955293936738186,3.0640002363630146,24.787018342671672,0.41955293936738186,100
2,17,1783,0.41955293936738186,3.6332953348138073,22.97880230114043,0.41955293936738186,100
2,18,1882,0.41955293936738186,3.4893163106625464,22.230906149661664,0.41955293936738186,100
2,19,1981,0.41955293936738186,3.0684591405133714,18.4803726914608,0.41955293936738186,100
2,20,2080,0.41955293936738186,3.7829066620552743,29.51898935250732,0.41955293936738186,100
2,21,2179,0.41955293936738186,3.575942097560674,20.04134236016664,0.41955293936738186,100
2,22,2278,0.41955293936738186,3.957949261263072,37.521365145819075,0.41955293936738186,100
2,23,2377,0.41955293936738186,2.588379604059477,22.192790658093582,0.41955293936738186,100
2,24,2476,0.41955293936738186,2.5737540425950147,36.12659718646333,0.41955293936738186,100
2,25,2575,0.41955293936738186,2.547305077824907,20.671921447794873,0.41955293936738186,100
2,26,2674,0.41955293936738186,2.811048699889613,17.24159286394274,0.41955293936738186,100
2,27,2773,0.41955293936738186,3.120392608386599,25.33739789734526,0.41955293936738186,100
2,28,2872,0.41955293936738186,2.8569559515363023,21.362342146975696,0.41955293936738186,100
2,29,2971,0.41955293936738186,2.722669722674356,23.793443304781395,0.41955293936738186,100
2,30,3070,0.41955293936738186,2.3408667533780325,21.105287553337728,0.41955293936738186,100
2,31,3169,0.41955293936738186,2.318856459778775,12.899000650620064,0.41955293936738186,100
2,32,3268,0.41955293936738186,3.113831277732811,18.337183775908596,0.41955293936738186,100
2,33,3367,0.41955293936738186,3.6744333291068405,24.30720632743047,0.41955293936738186,100
2,34,3466,0.41955293936738186,3.2030946163867946,29.720344648278164,0.41955293936738186,100
2,35,3565,0.41955293936738186,3.1776145959019253,33.11085768932835,0.41955293936738186,100
2,36,3664,0.41955293936738186,3.6018952434112634,41.454690104835144,0.41955293936738186,100
2,37,3763,0.41955293936738186,2.7377157636316407,22.241576134447232,0.41955293936738186,100
2,38,3862,0.41955293936738186,2.3414614093874486,25.291041647610047,0.41955293936738186,100
2,39,3961,0.41955293936738186,2.8818266994179935,20.633865378683765,0.41955293936738186,100
2,40,4060,0.41955293936738186,3.524708923579934,16.71085516916823,0.41955293936738186,100
2,41,4159,0.41955293936738186,2.285500897651927,11.410133890774308,0.41955293936738186,100
2,42,4258,0.41955293936738186,4.204008169506708,43.96664778476153,0.41955293936738186,100
2,43,4357,0.41955293936738186,2.521567679975906,13.781468901901391,0.41955293936738186,100
2,44,4456,0.41955293936738186,2.9681875314617217,19.763391279014595,0.41955293936738186,100
2,45,4555,0.41955293936738186,3.826246263125124,26.461718779893868,0.41955293936738186,100
2,46,4654,0.41955293936738186,3.0747459019798034,17.58997187467188,0.41955293936738186,100
2,47,4753,0.41955293936738186,3.2596417876424693,20.231280755256623,0.41955293936738186,100
2,48,4852,0.41955293936738186,2.5022071669221773,13.67156794253489,0.41955293936738186,100
2,49,4951,0.41955293936738186,2.9016861984415834,22.58730882061436,0.41955293936738186,100
2,50,5050,0.41955293936738186,3.3694232191559608,31.393797580546405,0.41955293936738186,100
2,51,5149,0.41955293936738186,2.509391415222239,18.937732160988023,0.41955293936738186,100
2,52,5248,0.41955293936738186,4.141759678781575,26.124402031783223,0.41955293936738186,100
2,53,5347,0.41955293936738186,3.4907283452280216,23.32963382670453,0.41955293936738186,100
2,54,5446,0.41955293936738186,2.4223627925887197,14.365020644334889,0.41955293936738186,100
2,55,5545,0.41955293936738186,2.9303028498459014,18.501266837231757,0.41955293936738186,100
2,56,5644,0.41955293936738186,2.811133932242285,31.80397986318233,0.41955293936738186,100
2,57,5743,0.41955293936738186,3.4685206045818364,20.886658670857923,0.41955293936738186,100
2,58,5842,0.41955293936738186,3.11051710268309,21.26182800143495,0.41955293936738186,100
2,59,5941,0.41955293936738186,2.846227828797483,13.83175267941045,0.41955293936738186,100
2,60,6040,0.41955293936738186,2.6791303744267765,15.254087525851947,0.41955293936738186,100
2,61,6139,0.41955293936738186,2.69122167813158,16.860712856961168,0.41955293936738186,100
2,62,6238,0.41955293936738186,2.8696913418399372,17.346499001294678,0.41955293936738186,100
2,63,6337,0.41955293936738186,3.739620319863806,27.386884345562176,0.41955293936738186,100
2,64,6436,0.41955293936738186,3.307604889275993,20.18083812419619,0.41955293936738186,100
2,65,6535,0.41955293936738186,3.5918130269180626,28.83916604492665,0.41955293936738186,100
2,66,6634,0.41955293936738186,2.7598285712515964,19.227230514548275,0.41955293936738186,100
2,67,6733,0.41955293936738186,3.62845476961391,27.773111705977637,0.41955293936738186,100
2,68,6832,0.41955293936738186,3.1622518393522707,35.688400883454335,0.41955293936738186,100
2,69,6931,0.41955293936738186,2.3643657985438753,17.732046384585935,0.41955293936738186,100
2,70,7030,0.41955293936738186,2.7356127161933004,27.754269131623,0.41955293936738186,100
2,71,7129,0.41955293936738186,3.318267962823563,17.20612962675045,0.41955293936738186,100
2,72,7228,0.41955293936738186,3.6979084806105256,23.740215693724334,0.41955293936738186,100
2,73,7327,0.41955293936738186,2.814963702215252,15.87945654982112,0.41955293936738186,100
2,74,7426,0.41955293936738186,3.428314369887815,32.14123229686329,0.41955293936738186,100
2,75,7525,0.41955293936738186,2.9073693319123133,19.445176700407526,0.41955293936738186,100
2,76,7624,0.41955293936738186,3.2666349795529714,33.20945661411069,0.41955293936738186,100
2,77,7723,0.41955293936738186,3.210443281815376,39.604207465126734,0.41955293936738186,100
2,78,7822,0.41955293936738186,2.7575011404804104,19.75595705139586,0.41955293936738186,100
2,79,7921,0.41955293936738186,2.613856170145669,16.08365085246921,0.41955293936738186,100
2,80,8020,0.41955293936738186,2.938762669539939,14.416820760167187,0.41955293936738186,100
2,81,8119,0.41955293936738186,2.4724082407338908,15.708860051347786,0.41955293936738186,100
2,82,8218,0.41955293936738186,2.8262506437886517,15.518578307829609,0.41955293936738186,100
2,83,8317,0.41955293936738186,2.6814074467426905,15.506895131461562,0.41955293936738186,100
2,84,8416,0.41955293936738186,2.4860702911133536,21.011278930977472,0.41955293936738186,100
2,85,8515,0.41955293936738186,2.7463340371207705,16.138534673775354,0.41955293936738186,100
2,86,8614,0.41955293936738186,3.5594910423571027,25.48704660544983,0.41955293936738186,100
2,87,8713,0.41955293936738186,3.2853644669683386,22.992248635190855,0.41955293936738186,100
2,88,8812,0.41955293936738186,2.7434161093167586,20.40753661962263,0.41955293936738186,100
2,89,8911,0.41955293936738186,2.4830637008513823,20.8446636469387,0.41955293936738186,100
2,90,9010,0.41955293936738186,2.7764486744363643,28.68332682494718,0.41955293936738186,100
2,91,9109,0.41955293936738186,2.6153284361086766,26.6627218257358,0.41955293936738186,100
2,92,9208,0.41955293936738186,3.374107951268008,47.46336137620549,0.41955293936738186,100
2,93,9307,0.41955293936738186,2.7544918667308504,23.900008767487165,0.41955293936738186,100
2,94,9406,0.41955293936738186,3.3260435749156545,22.260490553668284,0.41955293936738186,100
2,95,9505,0.41955293936738186,2.8688825997577077,21.579930489843672,0.41955293936738186,100
2,96,9604,0.41955293936738186,2.910695134192183,15.595499267849194,0.41955293936738186,100
2,97,9703,0.41955293936738186,3.2148051867017955,20.04608401378054,0.41955293936738186,100
2,98,9802,0.41955293936738186,2.6807925235310135,20.12049223215512,0.41955293936738186,100
2,99,9901,0.41955293936738186,2.69690180754134,23.26108703977164,0.41955293936738186,100
2,100,10000,0.41955293936738186,3.1123209349312826,36.56125347525968,0.41955293936738186,100
2,101,10099,0.41955293936738186,2.9982007203027035,17.33548539252038,0.41955293936738186,100
2,102,10198,0.41955293936738186,3.1131101223936795,21.962908873915758,0.41955293936738186,100
2,103,10297,0.41955293936738186,2.885748131862972,29.71713930134238,0.41955293936738186,100
2,104,10396,0.41955293936738186,3.511481212269159,24.525714106957526,0.41955293936738186,100
2,105,10495,0.41955293936738186,3.2208390094346937,17.81371058491032,0.41955293936738186,100
2,106,10594,0.41955293936738186,3.742032739034176,48.99668882075705,0.41955293936738186,100
2,107,10693,0.41955293936738186,4.005863553500844,22.516922119347782,0.41955293936738186,100
2,108,10792,0.41955293936738186,3.1693401936815615,23.223587346712545,0.41955293936738186,100
2,109,10891,0.41955293936738186,3.217864584071678,23.33516550703301,0.41955293936738186,100
2,110,10990,0.41955293936738186,2.784402634796164,15.594070663712817,0.41955293936738186,100
2,111,11089,0.41955293936738186,3.073191741876881,41.02679928361253,0.41955293936738186,100
2,112,11188,0.41955293936738186,3.150159248735153,20.46203411608767,0.41955293936738186,100
2,113,11287,0.41955293936738186,2.588464832456061,16.225427399262507,0.41955293936738186,100
2,114,11386,0.41955293936738186,3.029119001199413,22.279270047012297,0.41955293936738186,100
2,115,11485,0.41955293936738186,3.0122801444599103,19.163027323223833,0.41955293936738186,100
2,116,11584,0.41955293936738186,3.1727716042265985,16.274342528327978,0.41955293936738186,100
2,117,11683,0.41955293936738186,3.586693259277238,33.63026677078585,0.41955293936738186,100
2,118,11782,0.41955293936738186,3.411263169947175,31.05407681989906,0.41955293936738186,100
2,119,11881,0.41955293936738186,2.850257422023461,14.640264144142195,0.41955293936738186,100
2,120,11980,0.41955293936738186,2.8672214351163445,42.559664781087385,0.41955293936738186,100
2,121,12079,0.41955293936738186,2.9903603814357678,19.211269579384506,0.41955293936738186,100
2,122,12178,0.41955293936738186,2.8398172943701576,35.38540365253465,0.41955293936738186,100
2,123,12277,0.41955293936738186,2.3320211442784125,13.071107157259226,0.41955293936738186,100
2,124,12376,0.41955293936738186,2.758370604851034,12.525596032897834,0.41955293936738186,100
2,125,12475,0.41955293936738186,2.6238855125940206,20.33491527411648,0.41955293936738186,100
2,126,12574,0.41955293936738186,3.3273692226970244,19.44248402714111,0.41955293936738186,100
2,127,12673,0.41955293936738186,3.2962311021356574,19.62461547909068,0.41955293936738186,100
2,128,12772,0.41955293936738186,3.4089694678435483,17.028524370927816,0.41955293936738186,100
2,129,12871,0.41955293936738186,2.8818246516690618,28.053280451714876,0.41955293936738186,100
2,130,12970,0.41955293936738186,3.3607384395978217,26.170563019155733,0.41955293936738186,100
2,131,13069,0.41955293936738186,3.010851394690834,26.95423104854757,0.41955293936738186,100
2,132,13168,0.41955293936738186,2.8619474714800397,26.478822537477615,0.41955293936738186,100
2,133,13267,0.41955293936738186,3.022982474598454,16.803199443903498,0.41955293936738186,100
2,134,13366,0.41955293936738186,2.9533744515432865,16.665391086822368,0.41955293936738186,100
2,135,13465,0.41955293936738186,3.1607220416641866,22.052134946819294,0.41955293936738186,100
2,136,13564,0.41955293936738186,2.7771800399503235,19.268207435162036,0.41955293936738186,100
2,137,13663,0.41955293936738186,3.1502327718334744,36.526922146712785,0.41955293936738186,100
2,138,13762,0.41955293936738186,2.844106740345311,23.019081091878146,0.41955293936738186,100
2,139,13861,0.41955293936738186,3.41567804216975,25.906272913494888,0.41955293936738186,100
2,140,13960,0.41955293936738186,3.8971275221048014,19.204526537487748,0.41955293936738186,100
2,141,14059,0.41955293936738186,3.2605139288874114,26.445674424028557,0.41955293936738186,100
2,142,14158,0.41955293936738186,3.181703130490287,22.57200203267088,0.41955293936738186,100
2,143,14257,0.41955293936738186,2.9001739567378335,31.896408386874885,0.41955293936738186,100
2,144,14356,0.41955293936738186,2.8193249174460964,24.859166681978685,0.41955293936738186,100
2,145,14455,0.41955293936738186,3.3193715075477606,24.217566477211154,0.41955293936738186,100
2,146,14554,0.41955293936738186,2.3931872839200015,15.580651190353858,0.41955293936738186,100
2,147,14653,0.41955293936738186,2.9519682117182136,19.19238995735734,0.41955293936738186,100
2,148,14752,0.41955293936738186,2.7375700636809404,15.826447004577936,0.41955293936738186,100
2,149,14851,0.41955293936738186,3.0985538860892308,24.926002430872003,0.41955293936738186,100
2,150,14950,0.41955293936738186,2.764894308347924,31.026187639758938,0.41955293936738186,100
2,151,15049,0.41955293936738186,3.2980307568012655,29.43013496181336,0.41955293936738186,100
2,152,15148,0.41955293936738186,2.777805018468346,24.1580997146076,0.41955293936738186,100
2,153,15247,0.41955293936738186,2.9384489160295058,16.465591361777072,0.41955293936738186,100
2,154,15346,0.41955293936738186,3.013999238676456,32.62116411192083,0.41955293936738186,100
2,155,15445,0.41955293936738186,3.340724355813226,28.859828707247466,0.41955293936738186,100
2,156,15544,0.41955293936738186,3.9491789841739915,31.266570594290478,0.41955293936738186,100
2,157,15643,0.41955293936738186,3.1735418377080435,19.70223550852121,0.41955293936738186,100
2,158,15742,0.41955293936738186,2.953295628546105,16.36580965850375,0.41955293936738186,100
2,159,15841,0.41955293936738186,2.340634953991227,13.081194668949175,0.41955293936738186,100
2,160,15940,0.41955293936738186,2.6380168848295664,19.321947283832266,0.41955293936738186,100
2,161,16039,0.41955293936738186,3.850568342273146,30.042657314751704,0.41955293936738186,100
2,162,16138,0.41955293936738186,3.0943900443983297,16.34056489124284,0.41955293936738186,100
2,163,16237,0.41955293936738186,3.4019183317312263,28.804728031146368,0.41955293936738186,100
2,164,16336,0.41955293936738186,3.7853102621478696,31.04735759053958,0.41955293936738186,100
2,165,16435,0.41955293936738186,2.575589370260255,19.003076169672564,0.41955293936738186,100
2,166,16534,0.41955293936738186,3.6529039241408077,23.55842014833317,0.41955293936738186,100
2,167,16633,0.41955293936738186,3.870855103228776,36.65674106223075,0.41955293936738186,100
2,168,16732,0.41955293936738186,3.200150630272909,23.73569683240516,0.41955293936738186,100
2,169,16831,0.41955293936738186,3.7431861161038698,24.282493939825855,0.41955293936738186,100
2,170,16930,0.41955293936738186,2.205505734974976,13.457547610590723,0.41955293936738186,100
2,171,17029,0.41955293936738186,3.6016168631401815,24.460195274216932,0.41955293936738186,100
2,172,17128,0.41955293936738186,2.7851648850940034,22.1904263208791,0.41955293936738186,100
2,173,17227,0.41955293936738186,3.443695198594089,28.597977322567463,0.41955293936738186,100
2,174,17326,0.41955293936738186,3.1376404025391076,26.297082718460484,0.41955293936738186,100
2,175,17425,0.41955293936738186,4.025624055258432,32.78832380613182,0.41955293936738186,100
2,176,17524,0.41955293936738186,3.525557368895601,22.15692688502424,0.41955293936738186,100
2,177,17623,0.41955293936738186,2.529726240245002,20.07358344357129,0.41955293936738186,100
2,178,17722,0.41955293936738186,3.1798243845457477,20.083838147246208,0.41955293936738186,100
2,179,17821,0.41955293936738186,3.704651913231261,23.420147993524157,0.41955293936738186,100
2,180,17920,0.41955293936738186,2.6683272999491345,19.11904753189964,0.41955293936738186,100
2,181,18019,0.41955293936738186,2.7810819404281073,28.637891087124352,0.41955293936738186,100
2,182,18118,0.41955293936738186,3.41256996202125,25.92138455832938,0.41955293936738186,100
2,183,18217,0.41955293936738186,3.5853153579063086,22.72797686191707,0.41955293936738186,100
2,184,18316,0.41955293936738186,3.1719699943016497,30.76105857516537,0.41955293936738186,100
2,185,18415,0.41955293936738186,3.290729884142846,26.111713471955003,0.41955293936738186,100
2,186,18514,0.41955293936738186,3.5907621638537366,33.26157494783783,0.41955293936738186,100
2,187,18613,0.41955293936738186,2.970398479101409,20.72115055726954,0.41955293936738186,100
2,188,18712,0.41955293936738186,3.432462130072176,27.89848791248656,0.41955293936738186,100
2,189,18811,0.41955293936738186,3.582205925711626,29.978002486187613,0.41955293936738186,100
2,190,18910,0.41955293936738186,2.718284680075588,21.923040352194214,0.41955293936738186,100
2,191,19009,0.41955293936738186,3.199048622018387,27.50248210222784,0.41955293936738186,100
2,192,19108,0.41955293936738186,2.6145333425685506,14.801080947270155,0.41955293936738186,100
2,193,19207,0.41955293936738186,3.8677384883430634,41.04812181885539,0.41955293936738186,100
2,194,19306,0.41955293936738186,2.5716625787231853,16.780899143933024,0.41955293936738186,100
2,195,19405,0.41955293936738186,2.7318822352927934,31.070359663092397,0.41955293936738186,100
2,196,19504,0.41955293936738186,3.3927567430893686,21.09259564364881,0.41955293936738186,100
2,197,19603,0.41955293936738186,3.4122958379047748,20.514194457108204,0.41955293936738186,100
2,198,19702,0.41955293936738186,3.11249979317145,20.83253110527975,0.41955293936738186,100
2,199,19801,0.41955293936738186,2.9725283045282653,13.489084516947589,0.41955293936738186,100
2,200,19900,0.41955293936738186,3.8933977382610125,23.425216798559042,0.41955293936738186,100
2,201,19999,0.41955293936738186,3.165182354488955,20.856908482878865,0.41955293936738186,100
2,202,20098,0.41955293936738186,3.174949804638848,23.595890516240214,0.41955293936738186,100
2,203,20197,0.41955293936738186,3.7978152681479127,19.655091560015258,0.41955293936738186,100
2,204,20296,0.41955293936738186,3.0938642270644614,22.08667626125344,0.41955293936738186,100
2,205,20395,0.41955293936738186,3.0991489303247435,28.445352230911407,0.41955293936738186,100
2,206,20494,0.41955293936738186,3.7184195455803057,24.899954216300902,0.41955293936738186,100
2,207,20593,0.41955293936738186,3.0517944955075262,25.13755135583523,0.41955293936738186,100
2,208,20692,0.41955293936738186,2.5298955910762135,16.90477273894156,0.41955293936738186,100
2,209,20791,0.41955293936738186,2.411853285943823,12.165982552967671,0.41955293936738186,100
2,210,20890,0.41955293936738186,3.7159568296272534,20.153527501162486,0.41955293936738186,100
2,211,20989,0.41955293936738186,2.9096221807002975,18.882215364387257,0.41955293936738186,100
2,212,21088,0.41955293936738186,3.4086180219854145,27.876785997075764,0.41955293936738186,100
2,213,21187,0.41955293936738186,2.704004255557909,20.637172313426625,0.41955293936738186,100
2,214,21286,0.41955293936738186,2.9792064306299357,32.41524095884951,0.41955293936738186,100
2,215,21385,0.41955293936738186,3.0935828407999337,16.692827354608003,0.41955293936738186,100
2,216,21484,0.4061380560346095,2.710225014978511,16.944543632438787,0.4061380560346095,100
2,217,21583,0.4061380560346095,3.0932550784096806,22.560960515987666,0.4061380560346095,100
2,218,21682,0.4061380560346095,3.030662605541782,23.184319774103603,0.4061380560346095,100
2,219,21781,0.4061380560346095,2.555945844231674,23.002294278215924,0.4061380560346095,100
2,220,21880,0.4061380560346095,2.831045716113303,16.056618101461556,0.4061380560346095,100
2,221,21979,0.4061380560346095,3.3171331038680028,19.506704481960234,0.4061380560346095,100
2,222,22078,0.4061380560346095,2.4621126114092915,22.098528493548574,0.4061380560346095,100
2,223,22177,0.4061380560346095,3.4299039929162016,21.78103975591423,0.4061380560346095,100
2,224,22276,0.4061380560346095,3.3363087395928273,31.832597780813387,0.4061380560346095,100
2,225,22375,0.4061380560346095,3.2846489372980465,28.176940013163545,0.4061380560346095,100
2,226,22474,0.4061380560346095,2.757053147772284,25.665687509107784,0.4061380560346095,100
2,227,22573,0.4061380560346095,3.0869984675138364,21.803368975688052,0.4061380560346095,100
2,228,22672,0.4061380560346095,4.412231511642025,39.68647286835512,0.4061380560346095,100
2,229,22771,0.4061380560346095,2.659215260167124,20.305943514089762,0.4061380560346095,100
2,230,22870,0.4061380560346095,3.189495757714984,24.69561423503282,0.4061380560346095,100
2,231,22969,0.4061380560346095,3.40617896194564,33.14312974772328,0.4061380560346095,100
2,232,23068,0.4061380560346095,2.8167975051694465,34.2684149902672,0.4061380560346095,100
2,233,23167,0.4061380560346095,2.274540799692542,22.745786459324787,0.4061380560346095,100
2,234,23266,0.4061380560346095,3.7526112739227697,40.94155638393888,0.4061380560346095,100
2,235,23365,0.4061380560346095,2.6795910204640974,15.12179004255833,0.4061380560346095,100
2,236,23464,0.4061380560346095,3.0289863157209442,25.7961333098668,0.4061380560346095,100
2,237,23563,0.4061380560346095,2.9549481515478995,17.510302484969145,0.4061380560346095,100
2,238,23662,0.4061380560346095,3.216185792628061,26.19945331760372,0.4061380560346095,100
2,239,23761,0.4061380560346095,2.6336786686444342,16.801464371246436,0.4061380560346095,100
2,240,23860,0.4061380560346095,2.39812515901433,14.586650589332233,0.4061380560346095,100
2,241,23959,0.4061380560346095,3.2797098625508188,23.45310321393695,0.4061380560346095,100
2,242,24058,0.4061380560346095,2.3123403389179016,19.602020241834996,0.4061380560346095,100
2,243,24157,0.4061380560346095,2.251708969306013,13.6011478040316,0.4061380560346095,100
2,244,24256,0.4061380560346095,2.4592234592282907,11.110263657693608,0.4061380560346095,100
2,245,24355,0.4061380560346095,3.1908492958334254,26.15980251688576,0.4061380560346095,100
2,246,24454,0.4061380560346095,3.006811886506,30.275010058379358,0.4061380560346095,100
2,247,24553,0.4061380560346095,2.6092788695402866,26.945196237968823,0.4061380560346095,100
2,248,24652,0.4061380560346095,3.620360612569685,18.33855480522255,0.4061380560346095,100
2,249,24751,0.4061380560346095,3.337384303562721,24.45740377028119,0.4061380560346095,100
2,250,24850,0.4061380560346095,2.670124723532405,20.46273567928989,0.4061380560346095,100
2,251,24949,0.4061380560346095,3.316023116126154,24.67445185771505,0.4061380560346095,100
2,252,25048,0.4061380560346095,3.294846703053397,17.588533732537904,0.4061380560346095,100
2,253,25147,0.4061380560346095,3.113050383383999,33.555808026865094,0.4061380560346095,100
2,254,25246,0.4061380560346095,3.059630135303039,16.979030895486304,0.4061380560346095,100
2,255,25345,0.4061380560346095,2.8733531580011693,28.920400853041937,0.4061380560346095,100
2,256,25444,0.4061380560346095,2.2672628359322284,15.418477629170035,0.4061380560346095,100
2,257,25543,0.4061380560346095,2.405418951928232,14.111990802883135,0.4061380560346095,100
2,258,25642,0.4061380560346095,2.4413012859154968,13.019533171420209,0.4061380560346095,100
2,259,25741,0.4061380560346095,3.3596938192304204,20.09533788906046,0.4061380560346095,100
2,260,25840,0.4061380560346095,2.7552881125993003,17.435377625258187,0.4061380560346095,100
2,261,25939,0.4061380560346095,2.624532211480227,20.668730632808703,0.4061380560346095,100
2,262,26038,0.4061380560346095,3.383646519893585,20.949506211175947,0.4061380560346095,100
2,263,26137,0.4061380560346095,3.0370857308638666,14.21803650560313,0.4061380560346095,100
2,264,26236,0.4061380560346095,3.041334680305445,17.81261735394657,0.4061380560346095,100
2,265,26335,0.4061380560346095,3.099037487260753,17.298951997329915,0.4061380560346095,100
2,266,26434,0.4061380560346095,2.6772195262737712,16.889381908266536,0.4061380560346095,100
2,267,26533,0.4061380560346095,3.4099138775432967,19.850365841292028,0.4061380560346095,100
2,268,26632,0.4061380560346095,3.043833865275779,17.518992964948083,0.4061380560346095,100
2,269,26731,0.4061380560346095,3.370980208691579,21.119917886661035,0.4061380560346095,100
2,270,26830,0.4061380560346095,2.873331864154463,27.225646202703057,0.4061380560346095,100
2,271,26929,0.4061380560346095,3.2863854072296252,28.56677851265408,0.4061380560346095,100
2,272,27028,0.4061380560346095,3.895722920414686,28.457349076636866,0.4061380560346095,100
2,273,27127,0.4061380560346095,3.3296335323929576,29.475245353503205,0.4061380560346095,100
2,274,27226,0.4061380560346095,3.218726797383754,34.55326853336823,0.4061380560346095,100
2,275,27325,0.4061380560346095,3.165696604077699,18.48130936543805,0.4061380560346095,100
2,276,27424,0.4061380560346095,2.9768613889355375,15.798105075412135,0.4061380560346095,100
2,277,27523,0.4061380560346095,2.6948225755072435,15.118743669601988,0.4061380560346095,100
2,278,27622,0.4061380560346095,3.424739842028127,23.95842927016944,0.4061380560346095,100
2,279,27721,0.4061380560346095,2.840028200162081,31.11206856769556,0.4061380560346095,100
2,280,27820,0.4061380560346095,4.051039293025742,28.95289177630928,0.4061380560346095,100
2,281,27919,0.4061380560346095,4.478495606758801,25.09689394406712,0.4061380560346095,100
2,282,28018,0.4061380560346095,3.764635800045105,28.951502134772547,0.4061380560346095,100
2,283,28117,0.4061380560346095,3.206338162640963,17.524452853224908,0.4061380560346095,100
2,284,28216,0.4061380560346095,3.9776756442551875,30.578409206246228,0.4061380560346095,100
2,285,28315,0.4061380560346095,2.7545696113347793,45.31349053548345,0.4061380560346095,100
2,286,28414,0.4061380560346095,2.3962404404773663,26.99133699266664,0.4061380560346095,100
2,287,28513,0.4061380560346095,3.047900973958126,28.578232073394254,0.4061380560346095,100
2,288,28612,0.4061380560346095,4.191113193280529,23.41200052420592,0.4061380560346095,100
2,289,28711,0.4061380560346095,3.7818207087307876,27.76498069614832,0.4061380560346095,100
2,290,28810,0.4061380560346095,3.3324836118340357,26.041569987052934,0.4061380560346095,100
2,291,28909,0.4061380560346095,3.060300914517267,38.147497957819304,0.4061380560346095,100
2,292,29008,0.4061380560346095,2.3369702117729414,16.262701900296122,0.4061380560346095,100
2,293,29107,0.4061380560346095,3.5982982348898904,24.19429173031939,0.4061380560346095,100
2,294,29206,0.4061380560346095,3.127963906583087,19.899015089076112,0.4061380560346095,100
2,295,29305,0.4061380560346095,2.5715844915467483,17.085662202988026,0.4061380560346095,100
2,296,29404,0.4061380560346095,2.534608303799302,13.605075399198494,0.4061380560346095,100
2,297,29503,0.4061380560346095,3.871596868822908,18.367302419069148,0.4061380560346095,100
2,298,29602,0.4061380560346095,3.4124553042279473,24.50458196002185,0.4061380560346095,100
2,299,29701,0.4061380560346095,3.9342746758622984,29.549674922657466,0.4061380560346095,100
2,300,29800,0.4061380560346095,3.853470689498892,22.85331397132553,0.4061380560346095,100
2,301,29899,0.4061380560346095,3.344489413934168,35.72074333112931,0.4061380560346095,100
2,302,29998,0.4061380560346095,4.354436738680729,33.410646132265114,0.4061380560346095,100
2,303,30097,0.4061380560346095,2.837724806446961,23.83267828086067,0.4061380560346095,100
2,304,30196,0.4061380560346095,3.5188312893298797,20.74508514420321,0.4061380560346095,100
2,305,30295,0.4061380560346095,2.9877643707994457,23.182786768128597,0.4061380560346095,100
2,306,30394,0.4061380560346095,3.4747680011157,21.459831900719585,0.4061380560346095,100
2,307,30493,0.4061380560346095,2.919565218840381,13.829543741595444,0.4061380560346095,100
2,308,30592,0.4061380560346095,3.8626585162001534,38.84636327234849,0.4061380560346095,100
2,309,30691,0.4061380560346095,3.3143795871433097,33.080563025223675,0.4061380560346095,100
2,310,30790,0.4061380560346095,3.153675857395905,24.702924071070118,0.4061380560346095,100
2,311,30889,0.4061380560346095,3.1252516172369167,28.106454387902524,0.4061380560346095,100
2,312,30988,0.4061380560346095,3.367131824173526,29.66496638883269,0.4061380560346095,100
2,313,31087,0.4061380560346095,3.074491920560279,14.287657851051554,0.4061380560346095,100
2,314,31186,0.4061380560346095,2.9636000016042425,21.92762948258463,0.4061380560346095,100
2,315,31285,0.4061380560346095,3.174465288056374,18.576080192476333,0.4061380560346095,100
2,316,31384,0.4061380560346095,3.5971170198635276,30.679255886275328,0.4061380560346095,100
2,317,31483,0.4061380560346095,3.469641527362324,24.46701616917078,0.4061380560346095,100
2,318,31582,0.4061380560346095,3.153819743681116,15.59954090774737,0.4061380560346095,100
2,319,31681,0.4061380560346095,3.6435571588265425,18.802088061188737,0.4061380560346095,100
2,320,31780,0.4061380560346095,2.7964658219926872,49.627852854379505,0.4061380560346095,100
2,321,31879,0.4061380560346095,2.7615098346913296,19.49186618052357,0.4061380560346095,100
2,322,31978,0.4061380560346095,2.9735017487428426,18.94794333970589,0.4061380560346095,100
2,323,32077,0.4061380560346095,2.5051145093321567,13.91113937491075,0.4061380560346095,100
2,324,32176,0.4061380560346095,3.151823967239234,26.463443000594843,0.4061380560346095,100
2,325,32275,0.4061380560346095,2.6585374928543213,18.23981428949462,0.4061380560346095,100
2,326,32374,0.4061380560346095,3.316767099791851,29.3680369119034,0.4061380560346095,100
2,327,32473,0.4061380560346095,2.4561100077012514,19.96041832992335,0.4061380560346095,100
2,328,32572,0.4061380560346095,3.0032228560307974,16.851994068130058,0.4061380560346095,100
2,329,32671,0.4061380560346095,3.0182237986470515,20.30926043338574,0.4061380560346095,100
2,330,32770,0.4061380560346095,3.152301802856456,24.17286514153517,0.4061380560346095,100
2,331,32869,0.4061380560346095,2.7838436806421867,20.33622851394887,0.4061380560346095,100
2,332,32968,0.4061380560346095,2.5223375504477827,18.505813685225018,0.4061380560346095,100
2,333,33067,0.4061380560346095,3.330470790207599,23.071192332590833,0.4061380560346095,100
2,334,33166,0.4061380560346095,2.8449836699240194,13.91607183392479,0.4061380560346095,100
2,335,33265,0.4061380560346095,3.1208796589412358,28.339853559560773,0.4061380560346095,100
2,336,33364,0.4061380560346095,3.33144413626431,29.8210174546653,0.4061380560346095,100
2,337,33463,0.4061380560346095,3.212191574633148,34.29541663811057,0.4061380560346095,100
2,338,33562,0.4061380560346095,3.2068840724279704,30.30154999553535,0.4061380560346095,100
2,339,33661,0.4061380560346095,2.143685863856049,11.098938400625334,0.4061380560346095,100
2,340,33760,0.4061380560346095,2.8686369297150702,22.60423103236217,0.4061380560346095,100
2,341,33859,0.4061380560346095,2.912362363895794,15.416183022547928,0.4061380560346095,100
2,342,33958,0.4061380560346095,2.681501303336834,13.55721363614751,0.4061380560346095,100
2,343,34057,0.4061380560346095,2.562870353646908,17.153840587990587,0.4061380560346095,100
2,344,34156,0.4061380560346095,2.2727494685092435,17.185169063907303,0.4061380560346095,100
2,345,34255,0.4061380560346095,2.631472812569695,23.684611828852447,0.4061380560346095,100
2,346,34354,0.4061380560346095,3.14291289081043,19.011850766755096,0.4061380560346095,100
2,347,34453,0.4061380560346095,2.351933869575791,14.002210851789021,0.4061380560346095,100
2,348,34552,0.4061380560346095,2.3061350468494966,20.241630397006094,0.4061380560346095,100
2,349,34651,0.4061380560346095,3.354559635593952,23.500289500101463,0.4061380560346095,100
2,350,34750,0.4061380560346095,2.799800318348847,16.0854023591449,0.4061380560346095,100
2,351,34849,0.4061380560346095,2.6719061983456105,12.49118902743596,0.4061380560346095,100
2,352,34948,0.4061380560346095,3.126806073571321,27.460976925051032,0.4061380560346095,100
2,353,35047,0.4061380560346095,2.652977611143338,20.073884601757257,0.4061380560346095,100
2,354,35146,0.4061380560346095,3.5536802715582336,27.90078926353879,0.4061380560346095,100
2,355,35245,0.4061380560346095,3.7926794086280653,24.699762292692004,0.4061380560346095,100
2,356,35344,0.4061380560346095,3.389556846868765,27.98317250759234,0.4061380560346095,100
2,357,35443,0.4061380560346095,4.506400638111818,35.39222287429037,0.4061380560346095,100
2,358,35542,0.4061380560346095,3.3757487722974586,15.465763008642652,0.4061380560346095,100
2,359,35641,0.4061380560346095,2.6059598469567296,19.66322903239998,0.4061380560346095,100
2,360,35740,0.4061380560346095,2.9209538591867177,31.608727272913168,0.4061380560346095,100
2,361,35839,0.4061380560346095,2.845322020319074,29.50827334503682,0.4061380560346095,100
2,362,35938,0.4061380560346095,3.4816875346705705,25.077867960567556,0.4061380560346095,100
2,363,36037,0.4061380560346095,2.5914187847073307,20.080921101595106,0.4061380560346095,100
2,364,36136,0.4061380560346095,2.6356135548792947,11.927176042386328,0.4061380560346095,100
2,365,36235,0.4061380560346095,2.846589424461137,22.45786460292988,0.4061380560346095,100
2,366,36334,0.4061380560346095,2.6821275261577675,15.793463329306421,0.4061380560346095,100
2,367,36433,0.4061380560346095,3.558183080945727,20.15858278105792,0.4061380560346095,100
2,368,36532,0.4061380560346095,3.678894802281682,21.26230341355676,0.4061380560346095,100
2,369,36631,0.4061380560346095,3.3019592698613893,22.230635681620583,0.4061380560346095,100
2,370,36730,0.4061380560346095,2.4042808185762627,14.59881064248903,0.4061380560346095,100
2,371,36829,0.4061380560346095,3.3971442988310674,18.834298625419738,0.4061380560346095,100
2,372,36928,0.4061380560346095,3.305085392223164,28.87469549793444,0.4061380560346095,100
2,373,37027,0.4061380560346095,3.806330450336918,21.63450560695831,0.4061380560346095,100
2,374,37126,0.4061380560346095,2.7780326172835506,22.74735342992974,0.4061380560346095,100
2,375,37225,0.4061380560346095,3.3958580883513934,21.513406717804347,0.4061380560346095,100
2,376,37324,0.4061380560346095,3.4733514075141114,21.137733919568674,0.4061380560346095,100
2,377,37423,0.4061380560346095,3.1055777099265836,19.428634163139513,0.4061380560346095,100
2,378,37522,0.4061380560346095,2.607598241503806,15.914498190038769,0.4061380560346095,100
2,379,37621,0.4061380560346095,2.8727528427935867,19.65551115729256,0.4061380560346095,100
2,380,37720,0.4061380560346095,2.89533380325124,23.183284892570487,0.4061380560346095,100
2,381,37819,0.4061380560346095,3.363776174640847,32.450234932962346,0.4061380560346095,100
2,382,37918,0.4061380560346095,3.1792200019063,23.80346935424425,0.4061380560346095,100
2,383,38017,0.4061380560346095,3.340077215202036,24.45304778032125,0.4061380560346095,100
2,384,38116,0.4061380560346095,2.8044704053149534,18.45638943514606,0.4061380560346095,100
2,385,38215,0.4061380560346095,2.9059562481240406,19.00569747278301,0.4061380560346095,100
2,386,38314,0.4061380560346095,2.484460002033172,20.236165769411855,0.4061380560346095,100
2,387,38413,0.4061380560346095,2.6612770886295194,18.033917958600707,0.4061380560346095,100
2,388,38512,0.4061380560346095,3.288295162373469,21.38619695742492,0.4061380560346095,100
2,389,38611,0.4061380560346095,2.9194010497730813,21.816978946276286,0.4061380560346095,100
2,390,38710,0.4061380560346095,3.0464931228825463,18.674817538156915,0.4061380560346095,100
2,391,38809,0.4061380560346095,3.1876386903888156,18.539959158015996,0.4061380560346095,100
2,392,38908,0.4061380560346095,2.3572819522896693,13.769317201413076,0.4061380560346095,100
2,393,39007,0.4061380560346095,3.232060238241362,39.620369705185794,0.4061380560346095,100
2,394,39106,0.4061380560346095,3.333859644488243,20.70521867801945,0.4061380560346095,100
2,395,39205,0.4061380560346095,3.2346292320729297,27.991042138383968,0.4061380560346095,100
2,396,39304,0.4061380560346095,2.7350872813221985,16.82798871680773,0.4061380560346095,100
2,397,39403,0.4061380560346095,3.5796085013015575,34.64794964106127,0.4061380560346095,100
2,398,39502,0.4061380560346095,3.0872573449570404,30.946621867224717,0.4061380560346095,100
2,399,39601,0.4061380560346095,2.7320876897434716,14.17782976956202,0.4061380560346095,100
2,400,39700,0.4061380560346095,2.823792017859671,15.333511611013972,0.4061380560346095,100
2,401,39799,0.4061380560346095,2.8895329397856684,19.820334555795597,0.4061380560346095,100
2,402,39898,0.4061380560346095,2.624758858836083,11.882953683258254,0.4061380560346095,100
2,403,39997,0.4061380560346095,3.2748955852578687,22.595147163389974,0.4061380560346095,100
2,404,40096,0.4061380560346095,2.32852523706677,12.837396874563554,0.4061380560346095,100
2,405,40195,0.4061380560346095,3.2932780634231147,44.35236720943006,0.4061380560346095,100
2,406,40294,0.4061380560346095,3.504476688561673,24.683944539638976,0.4061380560346095,100
2,407,40393,0.4061380560346095,3.5494168816662266,24.222625901892858,0.4061380560346095,100
2,408,40492,0.4061380560346095,3.2291298948089504,16.529499838996635,0.4061380560346095,100
2,409,40591,0.4061380560346095,3.149247790167897,16.660136372951648,0.4061380560346095,100
2,410,40690,0.4061380560346095,3.1581162859917304,18.96950288225825,0.4061380560346095,100
2,411,40789,0.4061380560346095,3.2769733324771306,16.24178925935935,0.4061380560346095,100
2,412,40888,0.4061380560346095,3.3551762692168414,23.072248494966754,0.4061380560346095,100
2,413,40987,0.4061380560346095,3.0553557700356344,22.561300515580715,0.4061380560346095,100
2,414,41086,0.4061380560346095,3.2577157824280203,28.225702723766446,0.4061380560346095,100
2,415,41185,0.4061380560346095,2.680033325672761,17.327677423510647,0.4061380560346095,100
2,416,41284,0.4061380560346095,2.487042570719705,18.513874794250373,0.4061380560346095,100
2,417,41383,0.4061380560346095,3.5114132456199165,24.499709843082936,0.4061380560346095,100
2,418,41482,0.4061380560346095,2.900983032127221,14.171805794779422,0.4061380560346095,100
2,419,41581,0.4061380560346095,3.5580596982565087,28.930706167889817,0.4061380560346095,100
2,420,41680,0.4061380560346095,2.4167794238210734,20.019363616735617,0.4061380560346095,100
2,421,41779,0.4061380560346095,3.3156995880436977,25.918934470408313,0.4061380560346095,100
2,422,41878,0.4061380560346095,2.7233571897972415,22.852999410772753,0.4061380560346095,100
2,423,41977,0.4061380560346095,2.6741794149970293,17.908764998125342,0.4061380560346095,100
2,424,42076,0.4061380560346095,2.8599278050659183,20.453967557930742,0.4061380560346095,100
2,425,42175,0.4061380560346095,3.543671635675677,26.687678348520738,0.4061380560346095,100
2,426,42274,0.4061380560346095,3.0804078865736666,25.4171382022775,0.4061380560346095,100
2,427,42373,0.4061380560346095,3.6074376121820095,32.6117762043284,0.4061380560346095,100
2,428,42472,0.4061380560346095,3.3677604481843155,19.85988365061318,0.4061380560346095,100
2,429,42571,0.4061380560346095,2.7310919048876467,24.698727184565012,0.4061380560346095,100
2,430,42670,0.4061380560346095,3.0369554516528336,15.807942864183897,0.4061380560346095,100
2,431,42769,0.4061380560346095,2.7103207456595713,25.259298572051826,0.4061380560346095,100
2,432,42868,0.4061380560346095,3.4390059121869467,35.387816166246346,0.4061380560346095,100
2,433,42967,0.4061380560346095,2.4128224895718215,19.113602329960212,0.4061380560346095,100
2,434,43066,0.4061380560346095,2.7962118414656016,23.112169057941728,0.4061380560346095,100
2,435,43165,0.4061380560346095,2.9836885798338546,23.236940472622607,0.4061380560346095,100
2,436,43264,0.4061380560346095,2.4965188333341812,16.81260065483439,0.4061380560346095,100
2,437,43363,0.4061380560346095,2.9442821360668923,15.177658747374926,0.4061380560346095,100
2,438,43462,0.4061380560346095,3.8188873214203483,27.296165164532344,0.4061380560346095,100
2,439,43561,0.4061380560346095,2.9276240754840206,19.993645607027005,0.4061380560346095,100
2,440,43660,0.4061380560346095,3.7403124754186075,28.002965405626576,0.4061380560346095,100
2,441,43759,0.4061380560346095,2.795266581100407,31.159841702208873,0.4061380560346095,100
2,442,43858,0.4061380560346095,3.478900820184522,18.24200831306015,0.4061380560346095,100
2,443,43957,0.4061380560346095,3.1310086902746748,18.577842091666643,0.4061380560346095,100
2,444,44056,0.4061380560346095,2.953160445111986,25.27197574656737,0.4061380560346095,100
2,445,44155,0.4061380560346095,3.527379707437664,20.3876376996214,0.4061380560346095,100
2,446,44254,0.4061380560346095,3.276342089658468,22.077191907996497,0.4061380560346095,100
2,447,44353,0.4061380560346095,3.541960229137621,20.958326503843164,0.4061380560346095,100
2,448,44452,0.4061380560346095,4.357675013286969,28.12548858852699,0.4061380560346095,100
2,449,44551,0.38879821398302405,3.6455150571969277,21.502269634865037,0.38879821398302405,100
2,450,44650,0.38879821398302405,3.939177011045895,22.23165978318475,0.38879821398302405,100
2,451,44749,0.38879821398302405,4.289697652603945,25.499311291923217,0.38879821398302405,100
2,452,44848,0.382777336289919,3.6234092258657022,28.771263085037035,0.382777336289919,100
2,453,44947,0.382777336289919,2.9647225722533244,31.162082938706508,0.382777336289919,100
2,454,45046,0.382777336289919,3.4761190705407756,25.952500639896122,0.382777336289919,100
2,455,45145,0.382777336289919,3.5016545904409195,27.336586987140212,0.382777336289919,100
2,456,45244,0.382777336289919,3.3495698571501764,29.099476629806016,0.382777336289919,100
2,457,45343,0.382777336289919,3.3814630881229197,20.36046844597516,0.382777336289919,100
2,458,45442,0.382777336289919,3.590647152317999,25.6037338325445,0.382777336289919,100
2,459,45541,0.382777336289919,3.19773550177382,19.862431326297195,0.382777336289919,100
2,460,45640,0.382777336289919,3.3613514666142827,29.191542476789714,0.382777336289919,100
2,461,45739,0.382777336289919,3.1245792388294564,15.312967767300748,0.382777336289919,100
2,462,45838,0.382777336289919,3.2340102484588744,22.570643150204358,0.382777336289919,100
2,463,45937,0.382777336289919,2.982325588830251,25.421023446825668,0.382777336289919,100
2,464,46036,0.382777336289919,3.51433880939857,23.40017488135728,0.382777336289919,100
2,465,46135,0.382777336289919,3.285901854799616,26.73937847982914,0.382777336289919,100
2,466,46234,0.382777336289919,3.4601190397091455,20.17242962892389,0.382777336289919,100
2,467,46333,0.382777336289919,3.089097520903236,16.397445495652452,0.382777336289919,100
2,468,46432,0.382777336289919,2.6998536053798663,18.100125388642155,0.382777336289919,100
2,469,46531,0.382777336289919,2.892039833300704,22.20775014631426,0.382777336289919,100
2,470,46630,0.382777336289919,3.16913690819726,26.232281957505485,0.382777336289919,100
2,471,46729,0.382777336289919,3.498168656402957,22.483894967763664,0.382777336289919,100
2,472,46828,0.382777336289919,2.286338051189131,13.47200251110441,0.382777336289919,100
2,473,46927,0.382777336289919,2.801206603910689,21.441382323260456,0.382777336289919,100
2,474,47026,0.382777336289919,3.1917262046171686,36.36975882666421,0.382777336289919,100
2,475,47125,0.382777336289919,3.784515580648736,27.909177027617446,0.382777336289919,100
2,476,47224,0.382777336289919,3.2023370196796783,23.790422075696174,0.382777336289919,100
2,477,47323,0.382777336289919,3.255037443339983,21.767994356284515,0.382777336289919,100
2,478,47422,0.382777336289919,2.9780326514491935,20.601091263834334,0.382777336289919,100
2,479,47521,0.382777336289919,2.498767023734514,18.182135590698476,0.382777336289919,100
2,480,47620,0.382777336289919,3.311937330008577,25.968292242435492,0.382777336289919,100
2,481,47719,0.382777336289919,1.985681660115901,18.586136869901857,0.382777336289919,100
2,482,47818,0.382777336289919,2.8693348132869207,17.13692213281807,0.382777336289919,100
2,483,47917,0.382777336289919,3.095239223281526,27.08998925913583,0.382777336289919,100
2,484,48016,0.382777336289919,2.9506599772139683,21.144034158430664,0.382777336289919,100
2,485,48115,0.382777336289919,3.7288946908594935,21.3987918145416,0.382777336289919,100
2,486,48214,0.382777336289919,2.8375615749920797,19.187397614582466,0.382777336289919,100
2,487,48313,0.382777336289919,3.9319244190770504,23.201761724952835,0.382777336289919,100
2,488,48412,0.382777336289919,3.941165699423713,28.81633246124988,0.382777336289919,100
2,489,48511,0.382777336289919,3.012884740944892,19.382731120752574,0.382777336289919,100
2,490,48610,0.382777336289919,3.2004274277645006,17.92045512143336,0.382777336289919,100
2,491,48709,0.382777336289919,3.825055344585936,22.505936222159413,0.382777336289919,100
2,492,48808,0.382777336289919,3.589923189488191,27.332433981586327,0.382777336289919,100
2,493,48907,0.382777336289919,3.3099493592783555,16.449266778298743,0.382777336289919,100
2,494,49006,0.382777336289919,2.8782889823727436,23.845051579134374,0.382777336289919,100
2,495,49105,0.382777336289919,2.4139719559438366,12.04096387522987,0.382777336289919,100
2,496,49204,0.382777336289919,2.5347756013532496,16.184882804798065,0.382777336289919,100
2,497,49303,0.382777336289919,3.8771076808860854,23.460492469287157,0.382777336289919,100
2,498,49402,0.382777336289919,3.356737502182106,16.132189804260083,0.382777336289919,100
2,499,49501,0.382777336289919,3.456195941139556,26.30830288199268,0.382777336289919,100
2,500,49600,0.382777336289919,2.6888951142130533,17.016752171634245,0.382777336289919,100
2,501,49699,0.382777336289919,3.6253312092950782,43.97227292529466,0.382777336289919,100
2,502,49798,0.382777336289919,3.1799816865858936,28.278686693504806,0.382777336289919,100
2,503,49897,0.382777336289919,4.057536503155695,18.995290351255015,0.382777336289919,100
2,504,49996,0.382777336289919,2.365655820655415,19.92287399763752,0.382777336289919,100
2,505,50000,0.382777336289919,1.9456303553400989,9.10514158537264,0.382777336289919,100
3,0,100,134.7006820665601,552.3144454855606,1066.7424392643525,134.7006820665601,100
3,1,199,59.940375232432885,277.9671374353146,684.2282770373686,59.940375232432885,100
3,2,298,14.937502598632642,127.71312309293877,372.79540670850173,14.937502598632642,100
3,3,397,10.561996903043664,52.9825432877163,151.84041810631308,10.561996903043664,100
3,4,496,3.3724109716748454,25.69018637641899,59.80511745258115,3.3724109716748454,100
3,5,595,2.797965730786571,16.054397047069223,84.80569162285438,2.797965730786571,100
3,6,694,0.6881802493644007,8.593525406515926,27.92229787203641,0.6881802493644007,100
3,7,793,0.6881802493644007,5.573375483565551,21.93107190143281,0.6881802493644007,100
3,8,892,0.5424293343327727,5.481444079941209,24.357957155563344,0.5424293343327727,100
3,9,991,0.46411146692651095,4.0042043606850495,20.79102105119846,0.46411146692651095,100
3,10,1090,0.46411146692651095,3.9958456883658435,21.311325992927944,0.46411146692651095,100
3,11,1189,0.46107769337968374,3.691411039946784,22.932892513299446,0.46107769337968374,100
3,12,1288,0.46107769337968374,4.003696136366782,20.22957543995643,0.46107769337968374,100
3,13,1387,0.46107769337968374,3.9079482689970915,18.943838790062536,0.46107769337968374,100
3,14,1486,0.46036008005135554,3.4943590048356117,34.700171591924885,0.46036008005135554,100
3,15,1585,0.46036008005135554,2.3918356502108447,17.87748286847874,0.46036008005135554,100
3,16,1684,0.46036008005135554,3.64126589265142,19.264418893076083,0.46036008005135554,100
3,17,1783,0.46036008005135554,2.5483272768420813,25.734691809202097,0.46036008005135554,100
3,18,1882,0.46036008005135554,3.170535978873358,19.62689696748715,0.46036008005135554,100
3,19,1981,0.46036008005135554,3.3372040289385643,13.914367793356606,0.46036008005135554,100
3,20,2080,0.46036008005135554,2.7744999380303033,13.412830201645235,0.46036008005135554,100
3,21,2179,0.46036008005135554,3.6225857686899827,27.32217038366046,0.46036008005135554,100
3,22,2278,0.46036008005135554,4.14743650864138,28.520459817885957,0.46036008005135554,100
3,23,2377,0.46036008005135554,3.5173096896557023,21.558025867674626,0.46036008005135554,100
3,24,2476,0.46036008005135554,3.3694901500274717,17.610228873599723,0.46036008005135554,100
3,25,2575,0.46036008005135554,4.124052393160493,24.598880863641906,0.46036008005135554,100
3,26,2674,0.46036008005135554,3.5176041900234996,25.637016663048776,0.46036008005135554,100
3,27,2773,0.46036008005135554,3.4532998705689586,27.698353199807126,0.46036008005135554,100
3,28,2872,0.46036008005135554,3.2194319927304313,23.6678286285387,0.46036008005135554,100
3,29,2971,0.46036008005135554,3.170183353448093,17.437001850736472,0.46036008005135554,100
3,30,3070,0.46036008005135554,3.8189542594364507,20.80762539862271,0.46036008005135554,100
3,31,3169,0.46036008005135554,3.8147879694959426,22.737423606299526,0.46036008005135554,100
3,32,3268,0.46036008005135554,3.123216152332871,19.200323458680295,0.46036008005135554,100
3,33,3367,0.46036008005135554,3.1011455592715165,18.456577366172034,0.46036008005135554,100
3,34,3466,0.46036008005135554,3.283949834675135,33.20920577822993,0.46036008005135554,100
3,35,3565,0.46036008005135554,3.426976642292128,22.292270812446493,0.46036008005135554,100
3,36,3664,0.46036008005135554,4.199998507562243,22.689489655935006,0.46036008005135554,100
3,37,3763,0.46036008005135554,3.5657000141430375,23.293170944187096,0.46036008005135554,100
3,38,3862,0.3727431531008739,3.3978129521771523,17.855509252388728,0.3727431531008739,100
3,39,3961,0.3727431531008739,3.0132409359906336,16.66111437198424,0.3727431531008739,100
3,40,4060,0.3727431531008739,3.3329533268834823,17.06760686511414,0.3727431531008739,100
3,41,4159,0.3727431531008739,3.453580271513612,18.112851984337073,0.3727431531008739,100
3,42,4258,0.3727431531008739,3.7871986550703713,34.67106270712403,0.3727431531008739,100
3,43,4357,0.3727431531008739,2.7810066805172973,15.568000222001553,0.3727431531008739,100
3,44,4456,0.3727431531008739,3.6012175184154267,31.75456364717413,0.3727431531008739,100
3,45,4555,0.3727431531008739,3.4252056614185493,26.469795074338776,0.3727431531008739,100
3,46,4654,0.3727431531008739,3.430013028129021,18.428750297956565,0.3727431531008739,100
3,47,4753,0.3727431531008739,2.6257158253941295,17.13406131721153,0.3727431531008739,100
3,48,4852,0.3727431531008739,3.7237506076769087,26.28166788211479,0.3727431531008739,100
3,49,4951,0.3727431531008739,3.7421442629632327,27.019199537622885,0.3727431531008739,100
3,50,5050,0.3727431531008739,3.2301647248741854,35.789867253954064,0.3727431531008739,100
3,51,5149,0.3727431531008739,3.4830469399491153,25.355219836064766,0.3727431531008739,100
3,52,5248,0.3727431531008739,3.7944638613631576,31.404740858624297,0.3727431531008739,100
3,53,5347,0.3727431531008739,3.572190358514986,19.43071733492084,0.3727431531008739,100
3,54,5446,0.3727431531008739,3.2242007304645997,16.344619609689786,0.3727431531008739,100
3,55,5545,0.3727431531008739,2.7689061038577143,25.735615104120882,0.3727431531008739,100
3,56,5644,0.3727431531008739,3.0386066649338783,15.804274591677878,0.3727431531008739,100
3,57,5743,0.3727431531008739,3.5690710269914168,25.122425079557896,0.3727431531008739,100
3,58,5842,0.3727431531008739,2.8786227985587645,14.853040959863758,0.3727431531008739,100
3,59,5941,0.3727431531008739,3.1496206368267146,20.669502443049673,0.3727431531008739,100
3,60,6040,0.3727431531008739,3.649013607407,17.45074620156705,0.3727431531008739,100
3,61,6139,0.3727431531008739,3.4328743124315686,18.041425980005585,0.3727431531008739,100
3,62,6238,0.3727431531008739,3.323914352042804,27.273654641378556,0.3727431531008739,100
3,63,6337,0.3727431531008739,3.4025414612602303,22.01253118333672,0.3727431531008739,100
3,64,6436,0.3727431531008739,4.01878862770786,29.49764095017029,0.3727431531008739,100
3,65,6535,0.3727431531008739,3.394557907054653,24.06744432570037,0.3727431531008739,100
3,66,6634,0.3727431531008739,2.816839211232426,14.401398274799176,0.3727431531008739,100
3,67,6733,0.3727431531008739,3.1939148659992633,22.248050352216133,0.3727431531008739,100
3,68,6832,0.3727431531008739,3.8929645361721787,32.19101473195236,0.3727431531008739,100
3,69,6931,0.3727431531008739,3.821062425570056,29.133752379831584,0.3727431531008739,100
3,70,7030,0.3727431531008739,2.892168252394571,21.030277408373045,0.3727431531008739,100
3,71,7129,0.3727431531008739,3.319718599917204,23.606870984394728,0.3727431531008739,100
3,72,7228,0.3727431531008739,3.4019284955390474,20.08604498718068,0.3727431531008739,100
3,73,7327,0.3727431531008739,3.0270886829713732,22.04275163886383,0.3727431531008739,100
3,74,7426,0.3727431531008739,3.387205867741206,20.09175799807693,0.3727431531008739,100
3,75,7525,0.3727431531008739,2.6953083363635084,18.514205204984133,0.3727431531008739,100
3,76,7624,0.3727431531008739,3.48281199514425,29.05281493603354,0.3727431531008739,100
3,77,7723,0.3727431531008739,2.8050124100835707,19.299096016130516,0.3727431531008739,100
3,78,7822,0.3727431531008739,2.913317642210652,19.982381627032318,0.3727431531008739,100
3,79,7921,0.3727431531008739,3.7566524489710442,32.8494803686658,0.3727431531008739,100
3,80,8020,0.3727431531008739,2.889408877506138,15.589764464011125,0.3727431531008739,100
3,81,8119,0.3727431531008739,2.564949122804888,18.663251620163557,0.3727431531008739,100
3,82,8218,0.3727431531008739,2.9715158951819967,18.42278178670304,0.3727431531008739,100
3,83,8317,0.3727431531008739,3.426778447634267,20.124867540297497,0.3727431531008739,100
3,84,8416,0.3727431531008739,4.212227378723571,24.19753736466417,0.3727431531008739,100
3,85,8515,0.3727431531008739,3.981512435876881,22.760562795679274,0.3727431531008739,100
3,86,8614,0.3727431531008739,3.4746183272397415,17.84764500873381,0.3727431531008739,100
3,87,8713,0.3727431531008739,2.9227872468294014,23.189023884557898,0.3727431531008739,100
3,88,8812,0.3727431531008739,2.9668525992263493,19.38273950726735,0.3727431531008739,100
3,89,8911,0.3727431531008739,3.201474353986459,26.901718108729497,0.3727431531008739,100
3,90,9010,0.3727431531008739,2.4233904953167165,12.314047371902944,0.3727431531008739,100
3,91,9109,0.3727431531008739,3.263458197909319,23.98272633845849,0.3727431531008739,100
3,92,9208,0.3727431531008739,2.640204374223982,29.26653966513436,0.3727431531008739,100
3,93,9307,0.3727431531008739,3.496543582588544,21.84089772247801,0.3727431531008739,100
3,94,9406,0.3727431531008739,3.5932887800944315,18.159010954920596,0.3727431531008739,100
3,95,9505,0.3727431531008739,2.790821300161081,14.962166620838547,0.3727431531008739,100
3,96,9604,0.3727431531008739,3.180144567634707,24.493114971791535,0.3727431531008739,100
3,97,9703,0.3727431531008739,2.4885752065053754,12.32370243377413,0.3727431531008739,100
3,98,9802,0.3727431531008739,3.5952821471697343,34.00271302298883,0.3727431531008739,100
3,99,9901,0.3727431531008739,2.9197201630676624,21.3263969971718,0.3727431531008739,100
3,100,10000,0.3727431531008739,3.2501214601116946,21.691386172634207,0.3727431531008739,100
3,101,10099,0.3727431531008739,2.545404656206436,18.179380167016458,0.3727431531008739,100
3,102,10198,0.3727431531008739,3.4846246255568296,32.07826143765132,0.3727431531008739,100
3,103,10297,0.3727431531008739,2.5891392171925305,19.381460389022678,0.3727431531008739,100
3,104,10396,0.3727431531008739,2.3757081456375992,15.589967863288349,0.3727431531008739,100
3,105,10495,0.3727431531008739,2.7604778626651427,16.364283258956892,0.3727431531008739,100
3,106,10594,0.3727431531008739,2.501992677883818,17.33432329838964,0.3727431531008739,100
3,107,10693,0.3727431531008739,2.9313918743964655,22.97303711023168,0.3727431531008739,100
3,108,10792,0.3727431531008739,2.7951757124937204,21.935457040537212,0.3727431531008739,100
3,109,10891,0.3727431531008739,2.84578181256068,21.165299135228043,0.3727431531008739,100
3,110,10990,0.3727431531008739,2.5602242512611553,27.712810945839134,0.3727431531008739,100
3,111,11089,0.3727431531008739,2.8647420275564826,21.19421677710942,0.3727431531008739,100
3,112,11188,0.3727431531008739,2.7090623154962588,31.335256781237504,0.3727431531008739,100
3,113,11287,0.3727431531008739,3.1024728091322245,24.222942556725325,0.3727431531008739,100
3,114,11386,0.3727431531008739,2.998762442840438,26.495092766300868,0.3727431531008739,100
3,115,11485,0.3727431531008739,3.553007625390124,20.721470497139265,0.3727431531008739,100
3,116,11584,0.3727431531008739,2.9433767503273196,23.8206719696281,0.3727431531008739,100
3,117,11683,0.3727431531008739,2.8252881082701453,15.345717304541576,0.3727431531008739,100
3,118,11782,0.3727431531008739,3.632335401927497,20.42739508660596,0.3727431531008739,100
3,119,11881,0.3727431531008739,2.9684227099880776,22.498943679782034,0.3727431531008739,100
3,120,11980,0.3727431531008739,2.7921379996871134,19.335202135395402,0.3727431531008739,100
3,121,12079,0.3727431531008739,3.229751615003902,23.907838958851382,0.3727431531008739,100
3,122,12178,0.3727431531008739,3.50056290190408,42.876787591716635,0.3727431531008739,100
3,123,12277,0.3727431531008739,2.7540585756048337,15.065124820522865,0.3727431531008739,100
3,124,12376,0.3727431531008739,3.352936585257449,36.70547669851934,0.3727431531008739,100
3,125,12475,0.3727431531008739,2.546392111016355,17.707186170109928,0.3727431531008739,100
3,126,12574,0.3727431531008739,2.888708692729624,24.006431083033192,0.3727431531008739,100
3,127,12673,0.3727431531008739,3.106328863461049,17.28478274812445,0.3727431531008739,100
3,128,12772,0.3727431531008739,2.80919983370851,14.622072072316104,0.3727431531008739,100
3,129,12871,0.3727431531008739,3.295935428944809,27.61420361700953,0.3727431531008739,100
3,130,12970,0.3727431531008739,2.9680893369392733,17.082416389978626,0.3727431531008739,100
3,131,13069,0.3727431531008739,3.92960825789935,18.91983424294986,0.3727431531008739,100
3,132,13168,0.3727431531008739,3.370572344327723,21.03736390277677,0.3727431531008739,100
3,133,13267,0.3727431531008739,3.0943085441266236,20.690317561671687,0.3727431531008739,100
3,134,13366,0.3727431531008739,3.461668330967995,21.548211287585076,0.3727431531008739,100
3,135,13465,0.3727431531008739,3.3136461698583615,24.775417601434974,0.3727431531008739,100
3,136,13564,0.3727431531008739,2.8127275236959757,15.506523053515524,0.3727431531008739,100
3,137,13663,0.3727431531008739,3.0895312427780026,21.321307992033635,0.3727431531008739,100
3,138,13762,0.3727431531008739,3.368653767743187,25.908230003229523,0.3727431531008739,100
3,139,13861,0.3727431531008739,2.8941901649525796,24.186218135251217,0.3727431531008739,100
3,140,13960,0.3727431531008739,3.0644206140403067,13.111203795658703,0.3727431531008739,100
3,141,14059,0.3727431531008739,3.056221349131896,18.67083732028428,0.3727431531008739,100
3,142,14158,0.3727431531008739,2.359304343297645,10.673787792671122,0.3727431531008739,100
3,143,14257,0.3727431531008739,2.9858671529375203,26.338485415229723,0.3727431531008739,100
3,144,14356,0.3727431531008739,2.6780024895912775,32.41743544106898,0.3727431531008739,100
3,145,14455,0.3727431531008739,2.5347503303935257,40.50752542535291,0.3727431531008739,100
3,146,14554,0.3727431531008739,2.74352489707291,21.756577653000665,0.3727431531008739,100
3,147,14653,0.3727431531008739,1.8716848914370359,12.19603749180397,0.3727431531008739,100
3,148,14752,0.3727431531008739,3.16425257248319,32.52864855768724,0.3727431531008739,100
3,149,14851,0.3727431531008739,2.7544648985791893,22.40058181946001,0.3727431531008739,100
3,150,14950,0.3727431531008739,3.196112742077192,15.877014961690444,0.3727431531008739,100
3,151,15049,0.3727431531008739,3.9109962464653822,26.138186478745883,0.3727431531008739,100
3,152,15148,0.3727431531008739,3.1803857458381937,22.065774405487943,0.3727431531008739,100
3,153,15247,0.3727431531008739,3.6642686579653247,24.20836582438846,0.3727431531008739,100
3,154,15346,0.3727431531008739,3.4164210038325957,20.113741084724538,0.3727431531008739,100
3,155,15445,0.3727431531008739,3.8968348485084685,25.056907453011167,0.3727431531008739,100
3,156,15544,0.3727431531008739,3.203096620327867,20.869365295350317,0.3727431531008739,100
3,157,15643,0.3727431531008739,3.4644833521724907,33.52877119289135,0.3727431531008739,100
3,158,15742,0.3727431531008739,3.1397538434526853,22.408172324031153,0.3727431531008739,100
3,159,15841,0.3727431531008739,3.174982854235326,34.13270108228729,0.3727431531008739,100
3,160,15940,0.3727431531008739,3.5766024597946444,34.38628484695164,0.3727431531008739,100
3,161,16039,0.3727431531008739,3.575690150094353,30.34806561099071,0.3727431531008739,100
3,162,16138,0.3727431531008739,2.672718128799329,16.280775772435092,0.3727431531008739,100
3,163,16237,0.3727431531008739,2.6638741062386497,20.32398791945973,0.3727431531008739,100
3,164,16336,0.3727431531008739,2.9178084269146303,26.386098928083896,0.3727431531008739,100
3,165,16435,0.3727431531008739,2.8540253454231905,20.688151114498332,0.3727431531008739,100
3,166,16534,0.3727431531008739,2.951257773162286,19.147599025472648,0.3727431531008739,100
3,167,16633,0.3727431531008739,3.6475207171142734,34.64861692551346,0.3727431531008739,100
3,168,16732,0.3727431531008739,3.1396621348960445,18.283464926922466,0.3727431531008739,100
3,169,16831,0.3727431531008739,3.6325828810890766,25.536773883208532,0.3727431531008739,100
3,170,16930,0.3727431531008739,3.019350852538585,17.92450473467561,0.3727431531008739,100
3,171,17029,0.3727431531008739,3.401266100363447,26.972942966569654,0.3727431531008739,100
3,172,17128,0.3727431531008739,3.0663384685341324,31.861573148760886,0.3727431531008739,100
3,173,17227,0.3727431531008739,2.6633011361225725,22.43822336732119,0.3727431531008739,100
3,174,17326,0.3727431531008739,2.6482102335376556,13.07830596971742,0.3727431531008739,100
3,175,17425,0.3727431531008739,3.1106222890410216,17.032147538686047,0.3727431531008739,100
3,176,17524,0.3727431531008739,3.59305350143093,28.532423670964363,0.3727431531008739,100
3,177,17623,0.3727431531008739,2.6502003507725846,19.248808025374164,0.3727431531008739,100
3,178,17722,0.3727431531008739,2.708357639254851,28.598534153578306,0.3727431531008739,100
3,179,17821,0.3727431531008739,2.2997967827056867,13.696558728301373,0.3727431531008739,100
3,180,17920,0.3727431531008739,3.428664927414922,24.591799817416668,0.3727431531008739,100
3,181,18019,0.3727431531008739,2.468697286190323,17.50133386805411,0.3727431531008739,100
3,182,18118,0.3727431531008739,3.8326465011002555,18.65504334855186,0.3727431531008739,100
3,183,18217,0.3727431531008739,2.7330521625903335,15.895420503002255,0.3727431531008739,100
3,184,18316,0.3727431531008739,3.3921331187008277,24.122316199965216,0.3727431531008739,100
3,185,18415,0.3727431531008739,2.2065163306082254,15.39506579311427,0.3727431531008739,100
3,186,18514,0.3727431531008739,3.2698635333442074,29.148514664906266,0.3727431531008739,100
3,187,18613,0.3727431531008739,2.226829489262694,20.959957965949073,0.3727431531008739,100
3,188,18712,0.3727431531008739,2.8492015151349857,24.73223428907819,0.3727431531008739,100
3,189,18811,0.3727431531008739,3.1079982418821737,20.468709825195997,0.3727431531008739,100
3,190,18910,0.3727431531008739,3.5624592827481156,40.41630144319691,0.3727431531008739,100
3,191,19009,0.3727431531008739,2.8889882167728804,21.521908184191997,0.3727431531008739,100
3,192,19108,0.3727431531008739,2.5140886587552855,16.337116442415244,0.3727431531008739,100
3,193,19207,0.3727431531008739,3.2296645724554067,23.01553998515861,0.3727431531008739,100
3,194,19306,0.3727431531008739,3.052178016905758,31.336205623240737,0.3727431531008739,100
3,195,19405,0.3727431531008739,3.051938307118216,28.81735433649516,0.3727431531008739,100
3,196,19504,0.3727431531008739,2.894798316959318,26.483967128991175,0.3727431531008739,100
3,197,19603,0.3727431531008739,3.029827319141242,27.318011898105862,0.3727431531008739,100
3,198,19702,0.3727431531008739,3.2399517422754447,31.92966735841001,0.3727431531008739,100
3,199,19801,0.3727431531008739,2.5741839358931635,14.464643651254528,0.3727431531008739,100
3,200,19900,0.3727431531008739,2.8097113346704186,16.947483535176083,0.3727431531008739,100
3,201,19999,0.3727431531008739,2.9318192352848844,19.189802104777918,0.3727431531008739,100
3,202,20098,0.3727431531008739,3.0644845100306384,16.916128401598783,0.3727431531008739,100
3,203,20197,0.3727431531008739,2.3331972878216765,12.74815276042776,0.3727431531008739,100
3,204,20296,0.3727431531008739,3.38070527755233,28.87760470942827,0.3727431531008739,100
3,205,20395,0.3727431531008739,3.3161120593809876,26.108344725676808,0.3727431531008739,100
3,206,20494,0.3727431531008739,3.0917737097852336,36.25686001044253,0.3727431531008739,100
3,207,20593,0.3727431531008739,2.4968023060160207,16.239508611094724,0.3727431531008739,100
3,208,20692,0.3727431531008739,2.7404328504063615,23.835211063145,0.3727431531008739,100
3,209,20791,0.3727431531008739,2.7763838048509513,16.877500402453972,0.3727431531008739,100
3,210,20890,0.3727431531008739,3.057305921781776,21.5132696743473,0.3727431531008739,100
3,211,20989,0.3727431531008739,3.2364777135166856,29.259348647591747,0.3727431531008739,100
3,212,21088,0.3727431531008739,2.8480460577817404,26.41252220842647,0.3727431531008739,100
3,213,21187,0.3727431531008739,2.6851444627261882,24.99020213262547,0.3727431531008739,100
3,214,21286,0.3727431531008739,3.399883981572242,24.164958777747064,0.3727431531008739,100
3,215,21385,0.3727431531008739,3.620814637994769,26.678263644644716,0.3727431531008739,100
3,216,21484,0.3727431531008739,3.20881090098109,24.217148664902087,0.3727431531008739,100
3,217,21583,0.3727431531008739,3.310783096439305,19.04907218408832,0.3727431531008739,100
3,218,21682,0.3727431531008739,3.6549105031953,30.167910971155916,0.3727431531008739,100
3,219,21781,0.3727431531008739,2.8626922927010243,20.94888201242282,0.3727431531008739,100
3,220,21880,0.3727431531008739,2.882461604332539,29.391100383824945,0.3727431531008739,100
3,221,21979,0.3727431531008739,3.4868879905381425,25.722278631181368,0.3727431531008739,100
3,222,22078,0.3727431531008739,2.4947738718574546,12.126391952180013,0.3727431531008739,100
3,223,22177,0.3727431531008739,2.901792223172111,14.023083881063688,0.3727431531008739,100
3,224,22276,0.3727431531008739,2.9450281324920535,14.906818445226966,0.3727431531008739,100
3,225,22375,0.3727431531008739,2.690019496806989,18.6210650784744,0.3727431531008739,100
3,226,22474,0.3727431531008739,2.390571868871103,21.480301138702796,0.3727431531008739,100
3,227,22573,0.3727431531008739,3.3097356491275773,17.075672425935693,0.3727431531008739,100
3,228,22672,0.3727431531008739,2.825746819856852,18.761814450591405,0.3727431531008739,100
3,229,22771,0.3727431531008739,2.9415665335482486,20.535635972436022,0.3727431531008739,100
3,230,22870,0.3643059025851969,3.517594735009372,18.883425226293095,0.3643059025851969,100
3,231,22969,0.3643059025851969,3.8269554453955563,31.101307456072885,0.3643059025851969,100
3,232,23068,0.3643059025851969,3.1613741912303572,29.84545578352315,0.3643059025851969,100
3,233,23167,0.3643059025851969,2.7293149313539367,18.08202244812752,0.3643059025851969,100
3,234,23266,0.3643059025851969,3.0426545076635363,21.072477457343965,0.3643059025851969,100
3,235,23365,0.3643059025851969,2.715815919697943,14.880263744021185,0.3643059025851969,100
3,236,23464,0.3643059025851969,2.874845003319216,16.236699447134242,0.3643059025851969,100
3,237,23563,0.3643059025851969,2.0504378723578056,10.880401049532246,0.3643059025851969,100
3,238,23662,0.3643059025851969,2.9709894674787733,17.361090081646974,0.3643059025851969,100
3,239,23761,0.3643059025851969,3.3676688587295187,30.378814650992982,0.3643059025851969,100
3,240,23860,0.3643059025851969,3.472220057997726,24.648625158337243,0.3643059025851969,100
3,241,23959,0.3643059025851969,2.9749124680560874,20.486833501740435,0.3643059025851969,100
3,242,24058,0.3643059025851969,2.8321140727715832,29.55740066326235,0.3643059025851969,100
3,243,24157,0.3643059025851969,2.355805666211659,18.85540768200364,0.3643059025851969,100
3,244,24256,0.3643059025851969,3.045349732606082,30.606559046809814,0.3643059025851969,100
3,245,24355,0.3643059025851969,2.6383177132374467,24.20267239790203,0.3643059025851969,100
3,246,24454,0.3643059025851969,2.940080904327096,23.796152691844547,0.3643059025851969,100
3,247,24553,0.3643059025851969,3.07421094073299,24.16282118822382,0.3643059025851969,100
3,248,24652,0.3643059025851969,3.5578161301051496,27.989335556998668,0.3643059025851969,100
3,249,24751,0.3643059025851969,3.041563007446752,22.476734823159283,0.3643059025851969,100
3,250,24850,0.3643059025851969,3.4003400897249834,26.95400351613315,0.3643059025851969,100
3,251,24949,0.3643059025851969,2.727441698400998,23.89344792453029,0.3643059025851969,100
3,252,25048,0.3643059025851969,2.831447206268541,15.75790277965748,0.3643059025851969,100
3,253,25147,0.3643059025851969,2.758355923911543,16.151516188252696,0.3643059025851969,100
3,254,25246,0.3643059025851969,3.119268564926634,24.949451858541963,0.3643059025851969,100
3,255,25345,0.3643059025851969,2.5210145131993986,16.404623691845735,0.3643059025851969,100
3,256,25444,0.3643059025851969,3.8637351589498974,23.633339212819084,0.3643059025851969,100
3,257,25543,0.3643059025851969,3.3440298982298224,23.032104805062144,0.3643059025851969,100
3,258,25642,0.3643059025851969,2.9883194899236,16.39795474500027,0.3643059025851969,100
3,259,25741,0.3643059025851969,3.0659436303028453,23.573897783854445,0.3643059025851969,100
3,260,25840,0.3643059025851969,2.57352687169763,20.894275579630026,0.3643059025851969,100
3,261,25939,0.3643059025851969,3.475805678879871,39.699453377173235,0.3643059025851969,100
3,262,26038,0.3643059025851969,2.8280395409589643,16.920879179491678,0.3643059025851969,100
3,263,26137,0.3643059025851969,2.83929891046815,18.965765614297066,0.3643059025851969,100
3,264,26236,0.3643059025851969,3.472866276055846,25.062996659537923,0.3643059025851969,100
3,265,26335,0.3643059025851969,3.511598403045387,14.712365958060039,0.3643059025851969,100
3,266,26434,0.3643059025851969,3.15041036823005,24.271152462200934,0.3643059025851969,100
3,267,26533,0.3643059025851969,3.2445592883574648,16.964534802510503,0.3643059025851969,100
3,268,26632,0.3643059025851969,3.5120032205373817,17.652713409687692,0.3643059025851969,100
3,269,26731,0.3643059025851969,3.6292690789368076,17.402291002905443,0.3643059025851969,100
3,270,26830,0.3643059025851969,3.136827086242669,26.915512945082305,0.3643059025851969,100
3,271,26929,0.3643059025851969,3.394738080739959,27.60310699704326,0.3643059025851969,100
3,272,27028,0.3643059025851969,3.507554664820282,23.400713476858222,0.3643059025851969,100
3,273,27127,0.3643059025851969,3.2478426178279323,19.327359291494684,0.3643059025851969,100
3,274,27226,0.3643059025851969,3.6228701136100154,26.767230299386032,0.3643059025851969,100
3,275,27325,0.3643059025851969,3.3347639418700714,19.693973326039846,0.3643059025851969,100
3,276,27424,0.3643059025851969,3.2576921006425557,32.43008443781433,0.3643059025851969,100
3,277,27523,0.3643059025851969,3.1240602596568703,19.903971575421128,0.3643059025851969,100
3,278,27622,0.3643059025851969,2.6672980168087674,13.612358942355748,0.3643059025851969,100
3,279,27721,0.3643059025851969,3.734694744121514,17.645982051744635,0.3643059025851969,100
3,280,27820,0.3643059025851969,3.671341736690967,24.93737280764519,0.3643059025851969,100
3,281,27919,0.3643059025851969,4.42528804622063,26.7259131424974,0.3643059025851969,100
3,282,28018,0.3643059025851969,3.3397968944769563,23.69816794022848,0.3643059025851969,100
3,283,28117,0.3643059025851969,3.9552810614147877,43.53450694799435,0.3643059025851969,100
3,284,28216,0.3643059025851969,3.048913789659864,17.286744339078396,0.3643059025851969,100
3,285,28315,0.3643059025851969,2.7566782452664005,13.956158401194495,0.3643059025851969,100
3,286,28414,0.3643059025851969,3.5111922317880424,21.65136091168394,0.3643059025851969,100
3,287,28513,0.3643059025851969,2.83392165289305,12.825959461126994,0.3643059025851969,100
3,288,28612,0.3643059025851969,3.4106764608690248,27.622303004188762,0.3643059025851969,100
3,289,28711,0.3643059025851969,3.5988672632865017,23.57773702337826,0.3643059025851969,100
3,290,28810,0.3643059025851969,3.7252041757305534,17.685577944531335,0.3643059025851969,100
3,291,28909,0.3643059025851969,2.762324333808987,16.609357389061532,0.3643059025851969,100
3,292,29008,0.3643059025851969,4.173711211086417,38.06595920157887,0.3643059025851969,100
3,293,29107,0.3643059025851969,2.8488060757930476,16.73495583413251,0.3643059025851969,100
3,294,29206,0.3643059025851969,3.1187110397257265,21.497714877587597,0.3643059025851969,100
3,295,29305,0.3643059025851969,2.6624547895468997,14.270091718196701,0.3643059025851969,100
3,296,29404,0.3643059025851969,2.4200029073418334,14.155061339023543,0.3643059025851969,100
3,297,29503,0.3643059025851969,3.1076462344745237,22.52904510230674,0.3643059025851969,100
3,298,29602,0.3643059025851969,3.281833824386818,23.44675729672025,0.3643059025851969,100
3,299,29701,0.3643059025851969,2.7110300737976014,19.084702042296225,0.3643059025851969,100
3,300,29800,0.3643059025851969,3.1510186653290835,34.2426290818062,0.3643059025851969,100
3,301,29899,0.3643059025851969,2.908569921358758,18.431368536709595,0.3643059025851969,100
3,302,29998,0.3643059025851969,3.7577515067328306,35.29375411814258,0.3643059025851969,100
3,303,30097,0.3643059025851969,3.221210561903751,28.469264571511488,0.3643059025851969,100
3,304,30196,0.3643059025851969,2.8399885779925795,15.548286653162203,0.3643059025851969,100
3,305,30295,0.3643059025851969,3.302095882088104,22.52237893847218,0.3643059025851969,100
3,306,30394,0.3643059025851969,3.3060563681440582,22.50724286357692,0.3643059025851969,100
3,307,30493,0.3643059025851969,2.935472659566705,19.061905101038036,0.3643059025851969,100
3,308,30592,0.3643059025851969,2.709888417489332,17.988959158545942,0.3643059025851969,100
3,309,30691,0.3643059025851969,3.2005588061220376,24.60921800924511,0.3643059025851969,100
3,310,30790,0.3643059025851969,3.2848827552345043,23.66251026172454,0.3643059025851969,100
3,311,30889,0.3643059025851969,4.125867284642407,39.52625564194112,0.3643059025851969,100
3,312,30988,0.3643059025851969,3.01263166160438,19.35626389181236,0.3643059025851969,100
3,313,31087,0.3643059025851969,3.0597427856613115,16.470624257208655,0.3643059025851969,100
3,314,31186,0.3643059025851969,2.3270806333477725,24.28511605363343,0.3643059025851969,100
3,315,31285,0.3643059025851969,2.6969025765853782,25.956913378086185,0.3643059025851969,100
3,316,31384,0.3643059025851969,3.3731730197053946,20.383245358242398,0.3643059025851969,100
3,317,31483,0.3643059025851969,3.111933719888273,21.744139135416344,0.3643059025851969,100
3,318,31582,0.3643059025851969,2.9867310733537575,18.04843437539796,0.3643059025851969,100
3,319,31681,0.3643059025851969,3.217768744308996,14.553438706830889,0.3643059025851969,100
3,320,31780,0.3643059025851969,3.041640990198928,28.127659737422743,0.3643059025851969,100
3,321,31879,0.3643059025851969,3.3841808679700365,25.914975298235696,0.3643059025851969,100
3,322,31978,0.3643059025851969,3.1856512228995366,17.791492392155586,0.3643059025851969,100
3,323,32077,0.3643059025851969,2.5624789600203774,16.89605779497738,0.3643059025851969,100
3,324,32176,0.3643059025851969,3.28445720022284,30.37527043645875,0.3643059025851969,100
3,325,32275,0.3643059025851969,3.205045956611511,29.220145268824464,0.3643059025851969,100
3,326,32374,0.3643059025851969,2.6602064240803367,20.68638563224777,0.3643059025851969,100
3,327,32473,0.3643059025851969,2.530545103153934,14.344438037400794,0.3643059025851969,100
3,328,32572,0.3643059025851969,4.3264472681579385,39.42117984658406,0.3643059025851969,100
3,329,32671,0.3643059025851969,2.6740968703753167,15.085288610270826,0.3643059025851969,100
3,330,32770,0.3643059025851969,2.435443951807775,14.821445535396201,0.3643059025851969,100
3,331,32869,0.3643059025851969,2.5769616427234645,40.42444534484173,0.3643059025851969,100
3,332,32968,0.3643059025851969,3.073942358626245,17.58542165285039,0.3643059025851969,100
3,333,33067,0.3643059025851969,3.040269325193859,27.819061194396678,0.3643059025851969,100
3,334,33166,0.3643059025851969,3.050608040244758,24.80901347550934,0.3643059025851969,100
3,335,33265,0.3643059025851969,2.9970691241422407,17.87326119770893,0.3643059025851969,100
3,336,33364,0.3643059025851969,2.5791138649088605,29.036548923843146,0.3643059025851969,100
3,337,33463,0.3643059025851969,2.7669838709176027,15.670199309176269,0.3643059025851969,100
3,338,33562,0.3643059025851969,2.990171617109959,19.24943075035091,0.3643059025851969,100
3,339,33661,0.3643059025851969,2.6493382828194347,22.965340854211373,0.3643059025851969,100
3,340,33760,0.3643059025851969,3.670945312864082,31.535552243769494,0.3643059025851969,100
3,341,33859,0.3643059025851969,2.695247329421294,29.69688663159434,0.3643059025851969,100
3,342,33958,0.3643059025851969,2.776862263021493,18.261066914546014,0.3643059025851969,100
3,343,34057,0.3643059025851969,3.1952442696188537,19.85962188239618,0.3643059025851969,100
3,344,34156,0.3643059025851969,3.582667008269149,18.37448791093683,0.3643059025851969,100
3,345,34255,0.3643059025851969,3.060697167658187,21.942554901168563,0.3643059025851969,100
3,346,34354,0.3643059025851969,3.1477484831284874,22.649809189186396,0.3643059025851969,100
3,347,34453,0.3643059025851969,2.99056866344486,24.45982503554131,0.3643059025851969,100
3,348,34552,0.3643059025851969,3.0178053632972497,18.30615912403994,0.3643059025851969,100
3,349,34651,0.3643059025851969,3.666203994310148,32.257355363412955,0.3643059025851969,100
3,350,34750,0.3643059025851969,3.021354588665494,22.115969750211768,0.3643059025851969,100
3,351,34849,0.3643059025851969,3.0305366779662637,17.12942595429907,0.3643059025851969,100
3,352,34948,0.3643059025851969,2.8304874820932584,15.40669746639227,0.3643059025851969,100
3,353,35047,0.3643059025851969,3.5766979792670255,20.62346773347285,0.3643059025851969,100
3,354,35146,0.3643059025851969,2.8388473932647638,16.82498696779848,0.3643059025851969,100
3,355,35245,0.3643059025851969,2.4575296993025875,18.29258293324412,0.3643059025851969,100
3,356,35344,0.3643059025851969,2.9110006207035313,23.552560188102863,0.3643059025851969,100
3,357,35443,0.3643059025851969,3.1201295482745035,19.425564995518638,0.3643059025851969,100
3,358,35542,0.3643059025851969,2.5159696890497436,14.046931359380945,0.3643059025851969,100
3,359,35641,0.3643059025851969,3.894200475233431,28.632407386536716,0.3643059025851969,100
3,360,35740,0.3643059025851969,3.9696281293499918,21.2932723459017,0.3643059025851969,100
3,361,35839,0.3643059025851969,3.650905178029659,25.148665930579476,0.3643059025851969,100
3,362,35938,0.3643059025851969,2.4673661615013613,18.72749444210628,0.3643059025851969,100
3,363,36037,0.3643059025851969,3.1362244952495684,18.459646219757403,0.3643059025851969,100
3,364,36136,0.3643059025851969,3.7526352559204588,22.807285885238,0.3643059025851969,100
3,365,36235,0.3643059025851969,3.9871318610118696,23.529055687704926,0.3643059025851969,100
3,366,36334,0.3643059025851969,3.391672846995486,18.156653750096687,0.3643059025851969,100
3,367,36433,0.3643059025851969,2.6347275025528107,13.896749128919293,0.3643059025851969,100
3,368,36532,0.3643059025851969,2.4008058158788925,14.770982312794391,0.3643059025851969,100
3,369,36631,0.3643059025851969,3.21280205649382,25.204907740146034,0.3643059025851969,100
3,370,36730,0.3643059025851969,2.661772807499732,12.836490627938513,0.3643059025851969,100
3,371,36829,0.3643059025851969,2.319728986448518,14.290081655809253,0.3643059025851969,100
3,372,36928,0.3643059025851969,2.9881209887593765,23.68310666846561,0.3643059025851969,100
3,373,37027,0.3643059025851969,3.866646255350884,21.8933484451524,0.3643059025851969,100
3,374,37126,0.3643059025851969,3.498628406598527,26.860906613622944,0.3643059025851969,100
3,375,37225,0.3643059025851969,3.0838683199855437,20.110129814373735,0.3643059025851969,100
3,376,37324,0.3643059025851969,3.0902137784540047,19.713505325544418,0.3643059025851969,100
3,377,37423,0.3643059025851969,2.681417925514905,23.50250125714454,0.3643059025851969,100
3,378,37522,0.3643059025851969,2.4521691987845227,20.436353422365148,0.3643059025851969,100
3,379,37621,0.3643059025851969,3.5043314854737444,20.95712128471223,0.3643059025851969,100
3,380,37720,0.3643059025851969,3.76598474715786,27.11546903421298,0.3643059025851969,100
3,381,37819,0.3643059025851969,2.8188043799098845,19.567979763551083,0.3643059025851969,100
3,382,37918,0.3643059025851969,2.6878007078363377,14.945535029730117,0.3643059025851969,100
3,383,38017,0.3643059025851969,3.87569810755408,34.29428702318632,0.3643059025851969,100
3,384,38116,0.3643059025851969,3.9645210849359818,20.87285361032396,0.3643059025851969,100
3,385,38215,0.3643059025851969,3.1069743463653747,16.661764773084393,0.3643059025851969,100
3,386,38314,0.3643059025851969,2.9876962204623845,20.227931101032944,0.3643059025851969,100
3,387,38413,0.3643059025851969,2.890683541181084,27.14151566367718,0.3643059025851969,100
3,388,38512,0.3643059025851969,2.9082202119776723,19.009616140602077,0.3643059025851969,100
3,389,38611,0.3643059025851969,3.407180533126827,31.281556588347478,0.3643059025851969,100
3,390,38710,0.3643059025851969,3.4431706676867986,22.65141745208317,0.3643059025851969,100
3,391,38809,0.3643059025851969,3.9907275088346847,34.055596208690915,0.3643059025851969,100
3,392,38908,0.3643059025851969,3.2948346996317572,16.72915196061299,0.3643059025851969,100
3,393,39007,0.3643059025851969,2.807710990818121,21.251152607758723,0.3643059025851969,100
3,394,39106,0.3643059025851969,3.255931432020185,14.175080126452304,0.3643059025851969,100
3,395,39205,0.3643059025851969,3.1911626267232744,19.90803963667008,0.3643059025851969,100
3,396,39304,0.3643059025851969,2.4450012322088943,14.985727076184615,0.3643059025851969,100
3,397,39403,0.3643059025851969,2.7995253983167983,28.153760321284945,0.3643059025851969,100
3,398,39502,0.3643059025851969,3.256884859184575,24.27556294656557,0.3643059025851969,100
3,399,39601,0.3643059025851969,3.707468127881269,24.86382642800448,0.3643059025851969,100
3,400,39700,0.3643059025851969,3.2161607568941615,23.026433376928107,0.3643059025851969,100
3,401,39799,0.3643059025851969,3.2549647211668913,21.435017895463275,0.3643059025851969,100
3,402,39898,0.3643059025851969,2.5336143097358566,14.64588160883543,0.3643059025851969,100
3,403,39997,0.3643059025851969,2.7526963625872587,22.58335313097003,0.3643059025851969,100
3,404,40096,0.3643059025851969,2.987231909013596,23.270876615721363,0.3643059025851969,100
3,405,40195,0.3643059025851969,3.764183870611406,25.310841076594393,0.3643059025851969,100
3,406,40294,0.3643059025851969,2.732442969212416,15.285573301613981,0.3643059025851969,100
3,407,40393,0.3643059025851969,2.9163580990555293,29.274640854561827,0.3643059025851969,100
3,408,40492,0.3643059025851969,3.3126423376652014,22.842940660503857,0.3643059025851969,100
3,409,40591,0.3643059025851969,3.0261133710370722,16.113467757602066,0.3643059025851969,100
3,410,40690,0.3643059025851969,3.060475222336994,23.51542374005115,0.3643059025851969,100
3,411,40789,0.3643059025851969,3.4163488443174628,17.864355739773938,0.3643059025851969,100
3,412,40888,0.3643059025851969,3.0885636199719553,19.18253133530475,0.3643059025851969,100
3,413,40987,0.3643059025851969,3.215280598571395,14.084826124854889,0.3643059025851969,100
3,414,41086,0.3643059025851969,3.6632331625046906,31.889655841101234,0.3643059025851969,100
3,415,41185,0.3643059025851969,3.150709424087526,26.68217922354407,0.3643059025851969,100
3,416,41284,0.3643059025851969,2.3948769167215915,17.052709518339014,0.3643059025851969,100
3,417,41383,0.3643059025851969,3.038003378647897,22.898275809750487,0.3643059025851969,100
3,418,41482,0.3643059025851969,2.9599245548802804,16.927498564510127,0.3643059025851969,100
3,419,41581,0.3643059025851969,3.4616834045285487,27.100760968498456,0.3643059025851969,100
3,420,41680,0.3643059025851969,3.784956929754265,19.18928761862669,0.3643059025851969,100
3,421,41779,0.3643059025851969,2.9795055575870166,20.94561325071018,0.3643059025851969,100
3,422,41878,0.3643059025851969,2.8187903573226585,20.773240365536147,0.3643059025851969,100
3,423,41977,0.3643059025851969,2.697166812953152,14.498746489503203,0.3643059025851969,100
3,424,42076,0.3643059025851969,2.6361569382204597,18.272558622977133,0.3643059025851969,100
3,425,42175,0.3643059025851969,2.843023235708342,15.2695712414632,0.3643059025851969,100
3,426,42274,0.3643059025851969,3.3555852361348553,21.170068082613835,0.3643059025851969,100
3,427,42373,0.3643059025851969,3.0523989466904844,13.797533974824871,0.3643059025851969,100
3,428,42472,0.3643059025851969,3.3289818760719685,19.460293632345824,0.3643059025851969,100
3,429,42571,0.3643059025851969,3.171366281935192,16.669776368727447,0.3643059025851969,100
3,430,42670,0.3643059025851969,3.0294228677905464,17.55368724939773,0.3643059025851969,100
3,431,42769,0.3643059025851969,3.393308422081984,17.811493413074444,0.3643059025851969,100
3,432,42868,0.3643059025851969,3.5596116265360376,17.989505049013616,0.3643059025851969,100
3,433,42967,0.3643059025851969,3.7340184227851303,23.629550718471485,0.3643059025851969,100
3,434,43066,0.3643059025851969,2.5583680758978917,13.836711078745726,0.3643059025851969,100
3,435,43165,0.3643059025851969,2.810294281249978,17.660312168087394,0.3643059025851969,100
3,436,43264,0.3643059025851969,2.939013176873969,21.853963710927566,0.3643059025851969,100
3,437,43363,0.3643059025851969,3.0699868297466777,23.845991001326766,0.3643059025851969,100
3,438,43462,0.3643059025851969,3.38884778871674,25.426548527004233,0.3643059025851969,100
3,439,43561,0.3643059025851969,2.964300697184365,18.6995531117164,0.3643059025851969,100
3,440,43660,0.3643059025851969,3.4545418094982097,31.24429045270621,0.3643059025851969,100
3,441,43759,0.3643059025851969,3.130283897313181,18.911952059214403,0.3643059025851969,100
3,442,43858,0.3643059025851969,3.1959412295800114,18.750639985346275,0.3643059025851969,100
3,443,43957,0.3643059025851969,2.910142011590367,15.813629287484162,0.3643059025851969,100
3,444,44056,0.3643059025851969,4.63417994192146,29.935086126060927,0.3643059025851969,100
3,445,44155,0.3643059025851969,3.0664823413060502,17.685418234921613,0.3643059025851969,100
3,446,44254,0.3643059025851969,4.145857824491016,29.258918339321582,0.3643059025851969,100
3,447,44353,0.3643059025851969,2.9920376588435973,28.356360987016934,0.3643059025851969,100
3,448,44452,0.3643059025851969,3.4375395530054895,23.143032831765684,0.3643059025851969,100
3,449,44551,0.3643059025851969,3.927849792530883,29.24236902613507,0.3643059025851969,100
3,450,44650,0.3643059025851969,3.8740345843601505,20.892138166629895,0.3643059025851969,100
3,451,44749,0.3643059025851969,4.120008178018434,31.638893451684183,0.3643059025851969,100
3,452,44848,0.3643059025851969,3.520529227970414,19.548500473999308,0.3643059025851969,100
3,453,44947,0.3643059025851969,3.0620741116704444,19.77810539947619,0.3643059025851969,100
3,454,45046,0.3643059025851969,3.4121461320270754,24.262824774756446,0.3643059025851969,100
3,455,45145,0.3643059025851969,4.257092688424707,24.049111049060883,0.3643059025851969,100
3,456,45244,0.3643059025851969,3.35789850322965,18.96719206145928,0.3643059025851969,100
3,457,45343,0.3643059025851969,3.146882133800557,27.18664320354646,0.3643059025851969,100
3,458,45442,0.3643059025851969,3.052611713996021,22.935550518979237,0.3643059025851969,100
3,459,45541,0.3643059025851969,2.6708698107877082,15.171421960738769,0.3643059025851969,100
3,460,45640,0.3643059025851969,2.8972727175086423,24.588714503251982,0.3643059025851969,100
3,461,45739,0.3643059025851969,2.984505591160675,16.48630378734865,0.3643059025851969,100
3,462,45838,0.3643059025851969,2.888407629822463,17.028549420935793,0.3643059025851969,100
3,463,45937,0.3643059025851969,2.983328135960595,17.180724085282666,0.3643059025851969,100
3,464,46036,0.3643059025851969,2.893807466786793,19.989296498011797,0.3643059025851969,100
3,465,46135,0.3643059025851969,2.4332681658970916,29.01018201651176,0.3643059025851969,100
3,466,46234,0.3643059025851969,2.773483501320487,20.364434296290423,0.3643059025851969,100
3,467,46333,0.3643059025851969,3.180796973082213,44.414480092405086,0.3643059025851969,100
3,468,46432,0.3643059025851969,2.864190227363874,16.7729717214112,0.3643059025851969,100
3,469,46531,0.3643059025851969,2.7383465656123516,24.56112771519336,0.3643059025851969,100
3,470,46630,0.3643059025851969,2.809143389847252,25.03666141735011,0.3643059025851969,100
3,471,46729,0.3643059025851969,3.6678869034123665,20.82624315368048,0.3643059025851969,100
3,472,46828,0.3643059025851969,3.478524953983238,27.77395141160005,0.3643059025851969,100
3,473,46927,0.3643059025851969,3.250063570939452,15.674945747268302,0.3643059025851969,100
3,474,47026,0.36141101294495576,2.9118868793074073,20.536966605453383,0.36141101294495576,100
3,475,47125,0.36141101294495576,2.963585155035771,37.41365365415358,0.36141101294495576,100
3,476,47224,0.36141101294495576,3.4309942742909887,27.69669576688457,0.36141101294495576,100
3,477,47323,0.36141101294495576,2.6707184889385758,24.979549881777405,0.36141101294495576,100
3,478,47422,0.36141101294495576,3.5165690032369166,22.348162728573918,0.36141101294495576,100
3,479,47521,0.36141101294495576,4.015071972015211,20.881943103192583,0.36141101294495576,100
3,480,47620,0.36141101294495576,2.766392946006493,21.51229329153432,0.36141101294495576,100
3,481,47719,0.36141101294495576,3.334310053412918,22.537585496378316,0.36141101294495576,100
3,482,47818,0.36141101294495576,3.0187426258046215,19.382094789067853,0.36141101294495576,100
3,483,47917,0.36141101294495576,2.9131536087628764,24.41846702876505,0.36141101294495576,100
3,484,48016,0.36141101294495576,3.2215030210141684,17.866088348491164,0.36141101294495576,100
3,485,48115,0.36141101294495576,2.4470082124635484,13.811342041086961,0.36141101294495576,100
3,486,48214,0.36141101294495576,2.5381634291811412,17.62243692278315,0.36141101294495576,100
3,487,48313,0.36141101294495576,3.061726333476072,20.553874615055957,0.36141101294495576,100
3,488,48412,0.36141101294495576,2.894047198602554,17.047232497920515,0.36141101294495576,100
3,489,48511,0.36141101294495576,3.5444474766658427,28.747781827001557,0.36141101294495576,100
3,490,48610,0.36141101294495576,2.9068550596516882,20.17921416308855,0.36141101294495576,100
3,491,48709,0.36141101294495576,3.1367117202000427,21.77273450236802,0.36141101294495576,100
3,492,48808,0.36141101294495576,3.2321074894517574,24.376887023313,0.36141101294495576,100
3,493,48907,0.36141101294495576,2.7847677946676055,17.187490279844102,0.36141101294495576,100
3,494,49006,0.36141101294495576,2.831159216864637,14.482350703220156,0.36141101294495576,100
3,495,49105,0.36141101294495576,3.2573353743210705,30.012731183775532,0.36141101294495576,100
3,496,49204,0.36141101294495576,2.3147084740653034,18.002317482669994,0.36141101294495576,100
3,497,49303,0.36141101294495576,2.385519720537606,12.34674081250071,0.36141101294495576,100
3,498,49402,0.36141101294495576,2.99488640155208,25.379415857189997,0.36141101294495576,100
3,499,49501,0.36141101294495576,2.9141620012837244,19.944094705203796,0.36141101294495576,100
3,500,49600,0.36141101294495576,3.047417644809461,17.825916983579447,0.36141101294495576,100
3,501,49699,0.36141101294495576,2.571098516407956,17.35742179002047,0.36141101294495576,100
3,502,49798,0.36141101294495576,2.964213680650403,22.28164912577843,0.36141101294495576,100
3,503,49897,0.36141101294495576,2.708819131550412,19.394732647296053,0.36141101294495576,100
3,504,49996,0.36141101294495576,2.8780226673504843,34.4737527750829,0.36141101294495576,100
3,505,50000,0.36141101294495576,2.1494669663032284,14.342641033412663,0.36141101294495576,100
4,0,100,189.71997804111624,565.4593646458568,961.8308011707801,189.71997804111624,100
4,1,199,79.056307457992,283.3865098826411,620.8492271984048,79.056307457992,100
4,2,298,30.394141121031026,138.00567464591333,280.9086461641831,30.394141121031026,100
4,3,397,12.241852028751559,67.02815823243098,172.60191771937502,12.241852028751559,100
4,4,496,4.552422998800405,31.449020252787815,94.39347735424516,4.552422998800405,100
4,5,595,3.9383527172568216,16.14781120286478,47.83772685607433,3.9383527172568216,100
4,6,694,2.433688909532189,9.659191673402558,26.486023574697313,2.433688909532189,100
4,7,793,0.9442189191506836,8.134325220022571,33.77636934410192,0.9442189191506836,100
4,8,892,0.9442189191506836,5.945949497435862,44.08467457065423,0.9442189191506836,100
4,9,991,0.8945555817665398,5.111128209600168,48.73549773654834,0.8945555817665398,100
4,10,1090,0.8945555817665398,4.432956752291573,28.060741939916447,0.8945555817665398,100
4,11,1189,0.7191730418516246,4.168375575057136,18.4129114865287,0.7191730418516246,100
4,12,1288,0.6411932156314181,3.206538904010405,21.160842153680914,0.6411932156314181,100
4,13,1387,0.5759381653218794,3.865534011565029,19.136923692033438,0.5759381653218794,100
4,14,1486,0.5280040525830169,2.946485138463887,10.785544764755432,0.5280040525830169,100
4,15,1585,0.5280040525830169,3.7243636704536174,19.218003825491337,0.5280040525830169,100
4,16,1684,0.5280040525830169,2.6776121900558962,18.894032477172665,0.5280040525830169,100
4,17,1783,0.5280040525830169,3.5152086772095634,20.571897897501636,0.5280040525830169,100
4,18,1882,0.5280040525830169,2.778075688622687,17.080161007551162,0.5280040525830169,100
4,19,1981,0.5280040525830169,3.0924228881904554,15.352636620910436,0.5280040525830169,100
4,20,2080,0.5280040525830169,2.559390628147826,23.17358895675645,0.5280040525830169,100
4,21,2179,0.5070200873728737,3.2454839852984145,28.27113853226185,0.5070200873728737,100
4,22,2278,0.5070200873728737,3.5881604734400785,25.096197493570813,0.5070200873728737,100
4,23,2377,0.5070200873728737,2.8226106178999646,14.733993271618349,0.5070200873728737,100
4,24,2476,0.41163471244532374,2.559235859170051,15.821061049919967,0.41163471244532374,100
4,25,2575,0.41163471244532374,3.4003639365779,28.758793562857917,0.41163471244532374,100
4,26,2674,0.41163471244532374,2.8341883827772882,22.22555032991875,0.41163471244532374,100
4,27,2773,0.41163471244532374,2.6878352188201067,18.38719680385832,0.41163471244532374,100
4,28,2872,0.41163471244532374,3.008092060920788,31.16759575443591,0.41163471244532374,100
4,29,2971,0.41163471244532374,3.052590666854353,25.726862370725712,0.41163471244532374,100
4,30,3070,0.41163471244532374,2.5757131541925253,24.75937982809654,0.41163471244532374,100
4,31,3169,0.41163471244532374,2.5457665318276295,11.788798219343272,0.41163471244532374,100
4,32,3268,0.41163471244532374,3.1459438894748253,18.239448121536785,0.41163471244532374,100
4,33,3367,0.41163471244532374,2.3674990357372976,18.15630888525077,0.41163471244532374,100
4,34,3466,0.41163471244532374,3.4114099076860818,26.29915743266917,0.41163471244532374,100
4,35,3565,0.41163471244532374,4.071607236225659,53.137363893216104,0.41163471244532374,100
4,36,3664,0.41163471244532374,3.670084938379316,35.156674759556466,0.41163471244532374,100
4,37,3763,0.41163471244532374,2.7074315518655045,15.975742081302016,0.41163471244532374,100
4,38,3862,0.41163471244532374,3.643599396748371,21.115827338288526,0.41163471244532374,100
4,39,3961,0.41163471244532374,4.317006572824077,19.622043328467768,0.41163471244532374,100
4,40,4060,0.41163471244532374,2.4618160404146674,14.346283015396372,0.41163471244532374,100
4,41,4159,0.41163471244532374,2.902729172880608,12.411197585430251,0.41163471244532374,100
4,42,4258,0.41163471244532374,3.525793791428941,25.969782652413823,0.41163471244532374,100
4,43,4357,0.41163471244532374,2.6812964830489183,16.07433231879888,0.41163471244532374,100
4,44,4456,0.41163471244532374,2.78075101785396,13.282761396277051,0.41163471244532374,100
4,45,4555,0.41163471244532374,2.4575060886485542,17.813476696221308,0.41163471244532374,100
4,46,4654,0.41163471244532374,2.5981536430716825,25.67482914936746,0.41163471244532374,100
4,47,4753,0.41163471244532374,2.829822956771141,16.113057470803525,0.41163471244532374,100
4,48,4852,0.41163471244532374,2.076721544998493,15.836329089461323,0.41163471244532374,100
4,49,4951,0.41163471244532374,3.867462539030514,24.570205650374067,0.41163471244532374,100
4,50,5050,0.41163471244532374,2.067826110799487,13.878970628895443,0.41163471244532374,100
4,51,5149,0.41163471244532374,2.867327198356451,17.745488247873674,0.41163471244532374,100
4,52,5248,0.41163471244532374,2.592880293720681,17.943667766835166,0.41163471244532374,100
4,53,5347,0.41163471244532374,2.7929664295603804,18.440045114200572,0.41163471244532374,100
4,54,5446,0.41163471244532374,2.7537777493114945,20.743120817490706,0.41163471244532374,100
4,55,5545,0.41163471244532374,2.9409208531405158,21.491681098907,0.41163471244532374,100
4,56,5644,0.41163471244532374,3.1608514208915905,20.498753507823853,0.41163471244532374,100
4,57,5743,0.41163471244532374,3.1027878822699186,23.23683874438365,0.41163471244532374,100
4,58,5842,0.41163471244532374,2.8437731325809925,19.146435190479107,0.41163471244532374,100
4,59,5941,0.41163471244532374,2.649166781696708,16.625813221773324,0.41163471244532374,100
4,60,6040,0.41163471244532374,2.348185412336111,15.017930844071381,0.41163471244532374,100
4,61,6139,0.41163471244532374,3.2926979517638557,25.319385333075648,0.41163471244532374,100
4,62,6238,0.41163471244532374,4.0684151826949675,29.68353127988174,0.41163471244532374,100
4,63,6337,0.41163471244532374,2.850502913972599,19.692923189695495,0.41163471244532374,100
4,64,6436,0.41163471244532374,3.254431881725603,26.066334830319963,0.41163471244532374,100
4,65,6535,0.41163471244532374,3.2051160513590857,19.544277477341257,0.41163471244532374,100
4,66,6634,0.41163471244532374,2.5554772363751517,11.747873616865075,0.41163471244532374,100
4,67,6733,0.41163471244532374,2.809855279698122,18.32543471612283,0.41163471244532374,100
4,68,6832,0.41163471244532374,2.8814056509168693,18.992426830032535,0.41163471244532374,100
4,69,6931,0.41163471244532374,3.556762476972951,28.992405756270372,0.41163471244532374,100
4,70,7030,0.41163471244532374,2.881906083290147,22.19654999361609,0.41163471244532374,100
4,71,7129,0.41163471244532374,2.471993299822968,12.950182242422732,0.41163471244532374,100
4,72,7228,0.41163471244532374,3.107884533785574,15.310812158821607,0.41163471244532374,100
4,73,7327,0.41163471244532374,2.7187268664224944,17.650349107179622,0.41163471244532374,100
4,74,7426,0.41163471244532374,3.122654851566307,30.057030402818306,0.41163471244532374,100
4,75,7525,0.41163471244532374,2.760947124064221,22.907956446065473,0.41163471244532374,100
4,76,7624,0.41163471244532374,2.425115886989532,13.885177976955974,0.41163471244532374,100
4,77,7723,0.41163471244532374,2.4274896412463325,15.813177643812425,0.41163471244532374,100
4,78,7822,0.41163471244532374,2.9424196913466836,17.997766045647065,0.41163471244532374,100
4,79,7921,0.41163471244532374,3.075351004389621,15.86927668861502,0.41163471244532374,100
4,80,8020,0.41163471244532374,3.367938629651627,22.722735933095635,0.41163471244532374,100
4,81,8119,0.41163471244532374,3.2284464553253844,19.245331548921875,0.41163471244532374,100
4,82,8218,0.41163471244532374,3.4290497468519963,30.30887244430718,0.41163471244532374,100
4,83,8317,0.41163471244532374,3.3481211485337945,22.796602418346104,0.41163471244532374,100
4,84,8416,0.41163471244532374,2.719395055797358,18.23503989524695,0.41163471244532374,100
4,85,8515,0.41163471244532374,3.251197286485718,20.21333750503906,0.41163471244532374,100
4,86,8614,0.41163471244532374,3.3611217988027504,24.492884546119615,0.41163471244532374,100
4,87,8713,0.41163471244532374,3.642421602019857,28.54292016687671,0.41163471244532374,100
4,88,8812,0.41163471244532374,3.3830422644956024,30.536170837498723,0.41163471244532374,100
4,89,8911,0.41163471244532374,3.30551528432654,24.055095696502114,0.41163471244532374,100
4,90,9010,0.41163471244532374,3.437242763822706,29.223710878158847,0.41163471244532374,100
4,91,9109,0.41163471244532374,2.9532284318216058,27.684136962658787,0.41163471244532374,100
4,92,9208,0.41163471244532374,2.656029780508372,13.914208510390031,0.41163471244532374,100
4,93,9307,0.41163471244532374,3.302637988128648,20.970149049867057,0.41163471244532374,100
4,94,9406,0.41163471244532374,2.822535874594599,22.062019176601833,0.41163471244532374,100
4,95,9505,0.41163471244532374,2.920765557679406,21.878076062814785,0.41163471244532374,100
4,96,9604,0.41163471244532374,3.321154258789091,22.53148002451781,0.41163471244532374,100
4,97,9703,0.41163471244532374,2.9067377719826517,21.055603866662498,0.41163471244532374,100
4,98,9802,0.41163471244532374,3.0205128565201353,24.534822550655772,0.41163471244532374,100
4,99,9901,0.41163471244532374,3.1323306933847612,19.27944621803421,0.41163471244532374,100
4,100,10000,0.41163471244532374,3.28494210868573,20.38026286884544,0.41163471244532374,100
4,101,10099,0.41163471244532374,3.042479692286843,22.187322438579287,0.41163471244532374,100
4,102,10198,0.41163471244532374,3.575375606103741,24.58655963241073,0.41163471244532374,100
4,103,10297,0.41163471244532374,2.9749075710469235,26.317402541973152,0.41163471244532374,100
4,104,10396,0.41163471244532374,3.320770008673998,21.652451684209193,0.41163471244532374,100
4,105,10495,0.41163471244532374,3.4842976291464294,34.27368955398644,0.41163471244532374,100
4,106,10594,0.41163471244532374,3.0055395752210154,23.055991843811224,0.41163471244532374,100
4,107,10693,0.41163471244532374,3.687043057402231,22.63947078002364,0.41163471244532374,100
4,108,10792,0.41163471244532374,3.4772641991831366,24.82632814080677,0.41163471244532374,100
4,109,10891,0.41163471244532374,3.190794066128414,17.96440585527945,0.41163471244532374,100
4,110,10990,0.41163471244532374,3.2477930173638025,25.58935179798818,0.41163471244532374,100
4,111,11089,0.41163471244532374,3.159045885755839,18.364757102704697,0.41163471244532374,100
4,112,11188,0.41163471244532374,3.0127031505854047,14.590102249763328,0.41163471244532374,100
4,113,11287,0.41163471244532374,2.911804282127523,20.651794925621115,0.41163471244532374,100
4,114,11386,0.41163471244532374,2.881476603072286,15.581851987809195,0.41163471244532374,100
4,115,11485,0.41163471244532374,3.1432681894383303,25.844235863243124,0.41163471244532374,100
4,116,11584,0.41163471244532374,3.898377083231098,30.825029765536833,0.41163471244532374,100
4,117,11683,0.41163471244532374,2.885593650047752,24.99463957703073,0.41163471244532374,100
4,118,11782,0.41163471244532374,2.4129775144834777,14.983007598208225,0.41163471244532374,100
4,119,11881,0.41163471244532374,3.1425768501183615,22.058926124094086,0.41163471244532374,100
4,120,11980,0.41163471244532374,3.1037159376547327,26.672869105093675,0.41163471244532374,100
4,121,12079,0.41163471244532374,2.850933493512707,19.69263971761989,0.41163471244532374,100
4,122,12178,0.41163471244532374,3.1585689517538524,21.058943797980067,0.41163471244532374,100
4,123,12277,0.41163471244532374,2.357544293321085,15.835239233084524,0.41163471244532374,100
4,124,12376,0.41163471244532374,2.8581486579132394,18.237316121274077,0.41163471244532374,100
4,125,12475,0.41163471244532374,3.3512132196560986,23.815329478017468,0.41163471244532374,100
4,126,12574,0.41163471244532374,3.07349922416864,33.2175081544947,0.41163471244532374,100
4,127,12673,0.41163471244532374,3.0456574076282807,16.279218697711876,0.41163471244532374,100
4,128,12772,0.41163471244532374,3.345744234832281,18.16747877454752,0.41163471244532374,100
4,129,12871,0.41163471244532374,4.162748755304981,21.116171225234655,0.41163471244532374,100
4,130,12970,0.41163471244532374,3.1807331174463567,19.14231312305799,0.41163471244532374,100
4,131,13069,0.41163471244532374,3.28008245398227,24.12682157645115,0.41163471244532374,100
4,132,13168,0.41163471244532374,2.756516197369479,23.611751336045202,0.41163471244532374,100
4,133,13267,0.41163471244532374,3.664649412780112,25.950246912017366,0.41163471244532374,100
4,134,13366,0.3839981157236318,3.15948827960447,22.97666407416918,0.3839981157236318,100
4,135,13465,0.3839981157236318,3.1909200423867667,35.12190333793577,0.3839981157236318,100
4,136,13564,0.3839981157236318,2.9254378174171016,13.684490892570695,0.3839981157236318,100
4,137,13663,0.3839981157236318,3.022467117888455,22.163549554955207,0.3839981157236318,100
4,138,13762,0.3839981157236318,3.121564828473588,31.717489517641184,0.3839981157236318,100
4,139,13861,0.3839981157236318,3.001068545596412,23.026103061834245,0.3839981157236318,100
4,140,13960,0.3839981157236318,3.289688786182468,25.68403548074445,0.3839981157236318,100
4,141,14059,0.3839981157236318,3.2094594010134063,27.92329236963031,0.3839981157236318,100
4,142,14158,0.3839981157236318,3.4038161346288613,18.749353587572262,0.3839981157236318,100
4,143,14257,0.3839981157236318,2.993508162096216,29.936906824534063,0.3839981157236318,100
4,144,14356,0.3839981157236318,2.7885408970703107,17.190322987026157,0.3839981157236318,100
4,145,14455,0.3839981157236318,2.6617424772410896,22.682794676168758,0.3839981157236318,100
4,146,14554,0.3839981157236318,3.3668813885868007,21.799797169505183,0.3839981157236318,100
4,147,14653,0.3839981157236318,2.8891209179049855,18.108947150784104,0.3839981157236318,100
4,148,14752,0.3839981157236318,2.700454258220825,31.149240541387766,0.3839981157236318,100
4,149,14851,0.3839981157236318,3.1135453421841355,21.87536767268599,0.3839981157236318,100
4,150,14950,0.3839981157236318,3.003607130287964,26.156926643153845,0.3839981157236318,100
4,151,15049,0.3839981157236318,3.0434357615785297,17.584117889485693,0.3839981157236318,100
4,152,15148,0.3839981157236318,3.4528656341699646,20.305651039807806,0.3839981157236318,100
4,153,15247,0.3839981157236318,3.8405549670015255,21.940165031015063,0.3839981157236318,100
4,154,15346,0.3839981157236318,3.841119199717015,22.63376403823742,0.3839981157236318,100
4,155,15445,0.3839981157236318,3.5990254282854988,30.716329086994698,0.3839981157236318,100
4,156,15544,0.3839981157236318,3.1135951012074776,26.188230710268485,0.3839981157236318,100
4,157,15643,0.3839981157236318,2.9835888102691865,16.052325047532985,0.3839981157236318,100
4,158,15742,0.3839981157236318,3.542544284716064,33.37783206179259,0.3839981157236318,100
4,159,15841,0.3839981157236318,4.064960012432267,24.068647165057364,0.3839981157236318,100
4,160,15940,0.3839981157236318,2.8173528434700468,26.031572050065364,0.3839981157236318,100
4,161,16039,0.3839981157236318,2.954780210437612,19.65400952616618,0.3839981157236318,100
4,162,16138,0.3839981157236318,3.043297672446,22.996364283126958,0.3839981157236318,100
4,163,16237,0.3839981157236318,3.0122121877492507,17.584446604842842,0.3839981157236318,100
4,164,16336,0.3839981157236318,3.3198601414993867,22.629818947953588,0.3839981157236318,100
4,165,16435,0.3839981157236318,3.0890990176682998,19.539306883055826,0.3839981157236318,100
4,166,16534,0.3839981157236318,3.2658272997824103,29.146361903055375,0.3839981157236318,100
4,167,16633,0.3839981157236318,2.759334856400877,25.013586957286794,0.3839981157236318,100
4,168,16732,0.3839981157236318,3.67080161807508,33.45495273383608,0.3839981157236318,100
4,169,16831,0.3839981157236318,2.5647250453157193,16.10928943980764,0.3839981157236318,100
4,170,16930,0.3839981157236318,2.952363866967051,14.658094536710095,0.3839981157236318,100
4,171,17029,0.3839981157236318,3.3142465456265686,41.27488255665932,0.3839981157236318,100
4,172,17128,0.3839981157236318,3.3514808386857675,19.67522128559656,0.3839981157236318,100
4,173,17227,0.3839981157236318,3.440398743074372,23.385245173165647,0.3839981157236318,100
4,174,17326,0.3839981157236318,3.38050176861197,48.0504624766008,0.3839981157236318,100
4,175,17425,0.3839981157236318,3.364233490270495,21.82329286851191,0.3839981157236318,100
4,176,17524,0.3839981157236318,2.8891132384882194,18.454596632058646,0.3839981157236318,100
4,177,17623,0.3839981157236318,3.5125943244882887,22.077940666918277,0.3839981157236318,100
4,178,17722,0.3839981157236318,3.118314507508988,20.130839076490307,0.3839981157236318,100
4,179,17821,0.3839981157236318,2.8664920605965447,17.039746239912848,0.3839981157236318,100
4,180,17920,0.3839981157236318,3.1017120066474324,29.98078351224852,0.3839981157236318,100
4,181,18019,0.3839981157236318,2.7721268200481317,22.01889956568456,0.3839981157236318,100
4,182,18118,0.3839981157236318,3.916136910791796,21.894162728786885,0.3839981157236318,100
4,183,18217,0.3839981157236318,2.597100016064618,19.51262681464281,0.3839981157236318,100
4,184,18316,0.3839981157236318,3.9862375083884762,26.529190653518985,0.3839981157236318,100
4,185,18415,0.3839981157236318,3.217802724249617,24.168845411459493,0.3839981157236318,100
4,186,18514,0.3839981157236318,2.935720392372181,19.453715156102,0.3839981157236318,100
4,187,18613,0.3839981157236318,3.876815396167921,45.817736177443976,0.3839981157236318,100
4,188,18712,0.3839981157236318,3.1023643706186586,22.36331412082194,0.3839981157236318,100
4,189,18811,0.3839981157236318,3.233864350418092,25.01950580947791,0.3839981157236318,100
4,190,18910,0.3839981157236318,3.440751834637212,31.818233193087405,0.3839981157236318,100
4,191,19009,0.3839981157236318,3.280963135792433,19.93391663146082,0.3839981157236318,100
4,192,19108,0.3839981157236318,3.1636270701554947,20.55124280494552,0.3839981157236318,100
4,193,19207,0.3839981157236318,3.39785705277664,21.855098106505544,0.3839981157236318,100
4,194,19306,0.3839981157236318,2.7485751187072758,24.17520716709499,0.3839981157236318,100
4,195,19405,0.3839981157236318,3.022755365360772,16.316580601903674,0.3839981157236318,100
4,196,19504,0.3839981157236318,4.258875250716551,22.841858805280026,0.3839981157236318,100
4,197,19603,0.3839981157236318,3.453273669005783,22.38232328470359,0.3839981157236318,100
4,198,19702,0.3839981157236318,2.6205817155579805,23.655065671382534,0.3839981157236318,100
4,199,19801,0.3839981157236318,2.8354969300821127,12.316982572099649,0.3839981157236318,100
4,200,19900,0.3839981157236318,2.932343029875532,25.000726478521987,0.3839981157236318,100
4,201,19999,0.3839981157236318,3.346475095378295,18.25050717343546,0.3839981157236318,100
4,202,20098,0.3839981157236318,2.9563308190618183,26.825520442647026,0.3839981157236318,100
4,203,20197,0.3839981157236318,2.7927609049563347,17.33558262466824,0.3839981157236318,100
4,204,20296,0.3839981157236318,3.894980948208211,22.70631895940445,0.3839981157236318,100
4,205,20395,0.3839981157236318,3.5709525269941285,27.076619788827685,0.3839981157236318,100
4,206,20494,0.3839981157236318,3.2630227567846948,19.106319507592463,0.3839981157236318,100
4,207,20593,0.3839981157236318,3.074391918794416,15.06412789566265,0.3839981157236318,100
4,208,20692,0.3839981157236318,3.2405374745243045,27.81694206942008,0.3839981157236318,100
4,209,20791,0.3839981157236318,3.2664906645649516,22.35801435102797,0.3839981157236318,100
4,210,20890,0.3839981157236318,2.708104802658554,25.790021722073764,0.3839981157236318,100
4,211,20989,0.3839981157236318,2.475916942923153,17.417264284335655,0.3839981157236318,100
4,212,21088,0.3839981157236318,2.5553519845795454,14.81045570509423,0.3839981157236318,100
4,213,21187,0.3839981157236318,3.578684591534132,35.05682947523796,0.3839981157236318,100
4,214,21286,0.3839981157236318,3.1045136664084754,23.39908925370117,0.3839981157236318,100
4,215,21385,0.3839981157236318,2.9688792683383896,29.266439349927815,0.3839981157236318,100
4,216,21484,0.3839981157236318,3.13218580302431,24.84400467472484,0.3839981157236318,100
4,217,21583,0.3839981157236318,2.942808176883373,19.172194847225178,0.3839981157236318,100
4,218,21682,0.3839981157236318,3.164205401211593,17.31264068271472,0.3839981157236318,100
4,219,21781,0.3839981157236318,3.2042613531848105,21.345463966060628,0.3839981157236318,100
4,220,21880,0.3839981157236318,3.298949651478407,19.445056639822116,0.3839981157236318,100
4,221,21979,0.3839981157236318,3.8061284433495057,23.88848539477328,0.3839981157236318,100
4,222,22078,0.3839981157236318,2.907857964628215,25.38240824686058,0.3839981157236318,100
4,223,22177,0.3839981157236318,3.7738602490001485,27.151985944135717,0.3839981157236318,100
4,224,22276,0.3839981157236318,3.2781386669625414,32.941597039137775,0.3839981157236318,100
4,225,22375,0.3839981157236318,3.0401792125928906,19.104378692811707,0.3839981157236318,100
4,226,22474,0.3839981157236318,2.862026294171987,19.51678794246724,0.3839981157236318,100
4,227,22573,0.3839981157236318,3.9016229062017307,18.727147895310964,0.3839981157236318,100
4,228,22672,0.3839981157236318,3.147905927276393,17.418801192002512,0.3839981157236318,100
4,229,22771,0.3839981157236318,3.194316192664724,26.346582277618246,0.3839981157236318,100
4,230,22870,0.3839981157236318,3.275565100081968,21.862354079085762,0.3839981157236318,100
4,231,22969,0.3839981157236318,2.677175845354227,13.964425035553074,0.3839981157236318,100
4,232,23068,0.3839981157236318,3.2971263321805617,23.670196332363204,0.3839981157236318,100
4,233,23167,0.3839981157236318,3.249452774482677,20.088533666489365,0.3839981157236318,100
4,234,23266,0.3839981157236318,2.610018265950208,25.242516790960373,0.3839981157236318,100
4,235,23365,0.3839981157236318,3.5231390237334597,29.42358563606306,0.3839981157236318,100
4,236,23464,0.3839981157236318,2.628498307960559,15.331523181057053,0.3839981157236318,100
4,237,23563,0.3839981157236318,3.079756370377063,33.12494668547405,0.3839981157236318,100
4,238,23662,0.3839981157236318,3.555887914655141,18.358621454511557,0.3839981157236318,100
4,239,23761,0.3839981157236318,2.9666191890922473,22.542546375017846,0.3839981157236318,100
4,240,23860,0.3839981157236318,3.184965039794897,15.582749901969876,0.3839981157236318,100
4,241,23959,0.3839981157236318,2.556025100488574,17.932781132622402,0.3839981157236318,100
4,242,24058,0.3839981157236318,3.5193228511221024,31.7466316621381,0.3839981157236318,100
4,243,24157,0.3839981157236318,2.9786434037232192,24.145377537284975,0.3839981157236318,100
4,244,24256,0.3839981157236318,3.231343610008017,16.522897751824527,0.3839981157236318,100
4,245,24355,0.3839981157236318,3.214939827832881,21.2311104783015,0.3839981157236318,100
4,246,24454,0.3839981157236318,2.926897962554238,20.535815735451838,0.3839981157236318,100
4,247,24553,0.3839981157236318,3.259308945218578,19.835752487271968,0.3839981157236318,100
4,248,24652,0.3839981157236318,2.7324503785735397,32.30973530055356,0.3839981157236318,100
4,249,24751,0.3839981157236318,2.5814275821597237,12.909909603493283,0.3839981157236318,100
4,250,24850,0.3839981157236318,3.447022444607538,27.320741569480507,0.3839981157236318,100
4,251,24949,0.3839981157236318,3.2028498479964282,24.87631203567263,0.3839981157236318,100
4,252,25048,0.3839981157236318,2.8875004416946557,28.265757019215908,0.3839981157236318,100
4,253,25147,0.3839981157236318,3.215420519445865,18.912249443254208,0.3839981157236318,100
4,254,25246,0.3839981157236318,3.7219595125673224,32.26407198127055,0.3839981157236318,100
4,255,25345,0.3839981157236318,4.471839205005339,48.54288397116938,0.3839981157236318,100
4,256,25444,0.3839981157236318,3.0231257600186865,17.08288350510727,0.3839981157236318,100
4,257,25543,0.3839981157236318,3.097774751185828,20.6332627964584,0.3839981157236318,100
4,258,25642,0.3839981157236318,3.1612786462726272,23.40708709552941,0.3839981157236318,100
4,259,25741,0.3839981157236318,3.2464210386000034,22.033935411605864,0.3839981157236318,100
4,260,25840,0.3839981157236318,2.6888651473027756,13.45871020654651,0.3839981157236318,100
4,261,25939,0.3839981157236318,3.3805205418438815,28.50080944206556,0.3839981157236318,100
4,262,26038,0.3839981157236318,3.110313368784892,21.974008419871595,0.3839981157236318,100
4,263,26137,0.3839981157236318,4.4535593927150074,37.084406633443905,0.3839981157236318,100
4,264,26236,0.3839981157236318,3.276316332772384,18.803751984097758,0.3839981157236318,100
4,265,26335,0.3839981157236318,2.7457031586461627,25.754737777093023,0.3839981157236318,100
4,266,26434,0.3839981157236318,3.099782110457614,22.636510905869518,0.3839981157236318,100
4,267,26533,0.3839981157236318,2.4985791771824784,13.466704646411465,0.3839981157236318,100
4,268,26632,0.3839981157236318,3.069394287848248,25.70978145213231,0.3839981157236318,100
4,269,26731,0.3839981157236318,3.6986988446921294,18.107600558894266,0.3839981157236318,100
4,270,26830,0.3839981157236318,3.550180431636951,41.89204081087845,0.3839981157236318,100
4,271,26929,0.3839981157236318,2.78174075426854,15.231426614547493,0.3839981157236318,100
4,272,27028,0.3839981157236318,2.7230320758016187,19.274832720485676,0.3839981157236318,100
4,273,27127,0.3839981157236318,4.040645250732904,39.6112624099857,0.3839981157236318,100
4,274,27226,0.3839981157236318,3.73631400147373,19.718785005395752,0.3839981157236318,100
4,275,27325,0.3839981157236318,3.16537111520213,20.264235103105037,0.3839981157236318,100
4,276,27424,0.3839981157236318,3.4916407396304057,29.656131604205328,0.3839981157236318,100
4,277,27523,0.3839981157236318,3.712815977085224,46.69088958109047,0.3839981157236318,100
4,278,27622,0.3839981157236318,3.3014212730075405,23.377697138491268,0.3839981157236318,100
4,279,27721,0.3839981157236318,3.5212148233337217,23.768088725379506,0.3839981157236318,100
4,280,27820,0.3839206300069188,3.2304899984974065,24.786714369146495,0.3839206300069188,100
4,281,27919,0.3839206300069188,3.2579692990325526,22.952118904842923,0.3839206300069188,100
4,282,28018,0.3839206300069188,3.3462463996449245,25.88316767643723,0.3839206300069188,100
4,283,28117,0.3839206300069188,2.9212858707620035,17.17923308750849,0.3839206300069188,100
4,284,28216,0.3839206300069188,3.1135637813490717,23.75638452181481,0.3839206300069188,100
4,285,28315,0.3839206300069188,3.5926320692821125,34.35376660350999,0.3839206300069188,100
4,286,28414,0.3839206300069188,2.817720435883711,23.28021920278942,0.3839206300069188,100
4,287,28513,0.3839206300069188,2.622284191652919,14.362459713613848,0.3839206300069188,100
4,288,28612,0.3839206300069188,3.2495223487225826,19.088830793620154,0.3839206300069188,100
4,289,28711,0.3839206300069188,2.7307634619921966,21.78480020888539,0.3839206300069188,100
4,290,28810,0.3839206300069188,2.7014822319008984,19.40546354266738,0.3839206300069188,100
4,291,28909,0.3839206300069188,3.3790550041430505,17.4524458797489,0.3839206300069188,100
4,292,29008,0.3839206300069188,3.1218433064274227,16.2423282303067,0.3839206300069188,100
4,293,29107,0.3839206300069188,3.3734163215722885,22.05329823230232,0.3839206300069188,100
4,294,29206,0.3839206300069188,3.144000553173984,19.036530476526583,0.3839206300069188,100
4,295,29305,0.3839206300069188,3.6663346415712317,24.80896807726827,0.3839206300069188,100
4,296,29404,0.3839206300069188,2.898368059647613,14.941804969497076,0.3839206300069188,100
4,297,29503,0.3839206300069188,3.2748980054542325,22.443981680136055,0.3839206300069188,100
4,298,29602,0.3839206300069188,2.672013822193543,14.381313516958354,0.3839206300069188,100
4,299,29701,0.3593510455883114,2.675419802394407,19.20998471374552,0.3593510455883114,100
4,300,29800,0.3593510455883114,3.2305523460838206,26.296915176633526,0.3593510455883114,100
4,301,29899,0.3593510455883114,3.5324299613194756,39.952880867921664,0.3593510455883114,100
4,302,29998,0.3593510455883114,3.209052189721362,24.30389934563822,0.3593510455883114,100
4,303,30097,0.3593510455883114,2.7665112215866436,24.78793985619929,0.3593510455883114,100
4,304,30196,0.3593510455883114,2.9628612998369186,18.87134286028832,0.3593510455883114,100
4,305,30295,0.3593510455883114,3.1423775754828496,23.88166496779586,0.3593510455883114,100
4,306,30394,0.3593510455883114,2.897527340930448,32.23050833196313,0.3593510455883114,100
4,307,30493,0.3593510455883114,2.6834892158267407,17.059944521356762,0.3593510455883114,100
4,308,30592,0.3593510455883114,2.3697802131732644,15.289626546609748,0.3593510455883114,100
4,309,30691,0.3593510455883114,3.638208028959976,26.639687085505102,0.3593510455883114,100
4,310,30790,0.3593510455883114,3.195645598067706,18.045593277826974,0.3593510455883114,100
4,311,30889,0.3593510455883114,2.9717561677467574,29.69712581403597,0.3593510455883114,100
4,312,30988,0.3593510455883114,2.9260630609724565,31.881706049391557,0.3593510455883114,100
4,313,31087,0.3593510455883114,3.5168302090540897,23.68201587885844,0.3593510455883114,100
4,314,31186,0.3593510455883114,2.8010272817759803,15.318643655785099,0.3593510455883114,100
4,315,31285,0.3593510455883114,3.0212378266498066,21.273128504728035,0.3593510455883114,100
4,316,31384,0.3593510455883114,3.2012239917002807,22.201188652591426,0.3593510455883114,100
4,317,31483,0.3593510455883114,3.526433242967463,23.15092297254806,0.3593510455883114,100
4,318,31582,0.3593510455883114,3.6186652500043808,27.20899838256536,0.3593510455883114,100
4,319,31681,0.3593510455883114,3.6743624224325315,41.033316122907074,0.3593510455883114,100
4,320,31780,0.3593510455883114,2.668746788815524,18.271710070820838,0.3593510455883114,100
4,321,31879,0.3593510455883114,3.3625762759957536,25.502278178852134,0.3593510455883114,100
4,322,31978,0.3593510455883114,2.5248092176200165,16.776651239602288,0.3593510455883114,100
4,323,32077,0.3593510455883114,3.3936631656464256,22.672220783881393,0.3593510455883114,100
4,324,32176,0.3593510455883114,2.928411214139908,19.70795069525465,0.3593510455883114,100
4,325,32275,0.3593510455883114,3.3619390465681307,22.283924366027563,0.3593510455883114,100
4,326,32374,0.3593510455883114,3.2861618679330826,23.316884976409266,0.3593510455883114,100
4,327,32473,0.3593510455883114,2.9688972474236492,21.321995967538783,0.3593510455883114,100
4,328,32572,0.3593510455883114,3.3804539617608693,22.356568022652695,0.3593510455883114,100
4,329,32671,0.3593510455883114,3.7046179169670417,20.423238656817066,0.3593510455883114,100
4,330,32770,0.3593510455883114,3.272789832047082,27.685432395290697,0.3593510455883114,100
4,331,32869,0.3593510455883114,2.6180931181992486,19.561839129416647,0.3593510455883114,100
4,332,32968,0.3593510455883114,2.907413418177198,18.889473494170606,0.3593510455883114,100
4,333,33067,0.3593510455883114,3.1307072854766607,18.639327639271517,0.3593510455883114,100
4,334,33166,0.3593510455883114,3.5785351935365055,17.613877487955207,0.3593510455883114,100
4,335,33265,0.3593510455883114,3.320454702536216,28.987336335474993,0.3593510455883114,100
4,336,33364,0.3593510455883114,3.975050348555399,29.49397470383801,0.3593510455883114,100
4,337,33463,0.3593510455883114,2.7767009539014067,22.259297449493065,0.3593510455883114,100
4,338,33562,0.3593510455883114,2.999797571062702,19.812853486743144,0.3593510455883114,100
4,339,33661,0.3593510455883114,3.200116430689462,28.06460953593912,0.3593510455883114,100
4,340,33760,0.3593510455883114,3.038864462280676,22.958682749311073,0.3593510455883114,100
4,341,33859,0.3593510455883114,2.58555418372802,19.370543235843066,0.3593510455883114,100
4,342,33958,0.3593510455883114,3.9290192032761113,27.3019395595706,0.3593510455883114,100
4,343,34057,0.3593510455883114,3.7482179497077452,27.378992653635525,0.3593510455883114,100
4,344,34156,0.3593510455883114,4.110379542058646,34.57997184556887,0.3593510455883114,100
4,345,34255,0.3593510455883114,3.1610055047572865,20.62473176039045,0.3593510455883114,100
4,346,34354,0.3593510455883114,3.4800850054629757,24.742111829736267,0.3593510455883114,100
4,347,34453,0.3593510455883114,2.955645905204614,19.101414036013942,0.3593510455883114,100
4,348,34552,0.3593510455883114,3.3868187498067464,23.835378822089844,0.3593510455883114,100
4,349,34651,0.3593510455883114,3.846930552273835,22.685709865288608,0.3593510455883114,100
4,350,34750,0.3593510455883114,2.5667403258197163,15.483219290106106,0.3593510455883114,100
4,351,34849,0.3593510455883114,2.7260299747330885,20.394350121472623,0.3593510455883114,100
4,352,34948,0.3593510455883114,3.2828498641369546,26.941480887627918,0.3593510455883114,100
4,353,35047,0.3593510455883114,2.7356880892990256,20.863298130702276,0.3593510455883114,100
4,354,35146,0.3593510455883114,2.286061426136402,17.440538423916347,0.3593510455883114,100
4,355,35245,0.3593510455883114,2.379780569253531,25.07685309119858,0.3593510455883114,100
4,356,35344,0.3593510455883114,2.6796373737816435,17.604242606889237,0.3593510455883114,100
4,357,35443,0.3593510455883114,3.4215734072967816,22.54647487689753,0.3593510455883114,100
4,358,35542,0.3593510455883114,2.6406545080361226,13.370052741602478,0.3593510455883114,100
4,359,35641,0.3593510455883114,2.732304361503279,15.644441016176474,0.3593510455883114,100
4,360,35740,0.3593510455883114,2.6193780344614783,16.288873238196693,0.3593510455883114,100
4,361,35839,0.3593510455883114,2.647361264769217,14.92283096427573,0.3593510455883114,100
4,362,35938,0.3593510455883114,2.6682317528268693,20.286933779649015,0.3593510455883114,100
4,363,36037,0.3593510455883114,3.2691875642503043,19.87246689101128,0.3593510455883114,100
4,364,36136,0.3593510455883114,3.4138897835462267,24.055276880537576,0.3593510455883114,100
4,365,36235,0.3593510455883114,2.860692689643534,15.69388283738332,0.3593510455883114,100
4,366,36334,0.3593510455883114,2.9983172151912716,18.534516857586976,0.3593510455883114,100
4,367,36433,0.3593510455883114,3.530026716155573,35.41201300545749,0.3593510455883114,100
4,368,36532,0.3593510455883114,2.452279939819553,11.668146468062265,0.3593510455883114,100
4,369,36631,0.3593510455883114,2.8820965746730947,22.71126390025889,0.3593510455883114,100
4,370,36730,0.3593510455883114,3.2695495565865906,26.799428615002547,0.3593510455883114,100
4,371,36829,0.3593510455883114,2.8533238948532755,25.287877713029758,0.3593510455883114,100
4,372,36928,0.3593510455883114,2.9019734862354682,25.697031791330634,0.3593510455883114,100
4,373,37027,0.3593510455883114,2.8503897168953385,21.062738760033916,0.3593510455883114,100
4,374,37126,0.3593510455883114,2.805973235152558,20.367989213040392,0.3593510455883114,100
4,375,37225,0.3593510455883114,2.863260034846453,15.360293603011785,0.3593510455883114,100
4,376,37324,0.3593510455883114,2.644102753988039,14.566452355365852,0.3593510455883114,100
4,377,37423,0.3593510455883114,3.4767926929733703,22.21074724067742,0.3593510455883114,100
4,378,37522,0.3593510455883114,2.877640991013918,15.35989853940365,0.3593510455883114,100
4,379,37621,0.3593510455883114,2.937168293820094,38.9014769006884,0.3593510455883114,100
4,380,37720,0.3593510455883114,3.2687169047202826,37.95658463343905,0.3593510455883114,100
4,381,37819,0.3593510455883114,2.4752248793627545,17.59217820267547,0.3593510455883114,100
4,382,37918,0.3593510455883114,3.477827498291559,37.293693765043805,0.3593510455883114,100
4,383,38017,0.3593510455883114,3.280722910270812,19.839793041275566,0.3593510455883114,100
4,384,38116,0.3593510455883114,2.967164040864714,19.35224735521064,0.3593510455883114,100
4,385,38215,0.3593510455883114,2.7773158472667534,12.329422580532205,0.3593510455883114,100
4,386,38314,0.3593510455883114,3.492013346573992,21.079180581837008,0.3593510455883114,100
4,387,38413,0.3396009329153806,3.086960809659585,26.936692882057176,0.3396009329153806,100
4,388,38512,0.3396009329153806,2.985412175494767,22.278094185101025,0.3396009329153806,100
4,389,38611,0.3396009329153806,2.9168688054558047,27.19795391445599,0.3396009329153806,100
4,390,38710,0.3396009329153806,3.4145395450159355,15.385119251771734,0.3396009329153806,100
4,391,38809,0.3396009329153806,3.032095457670508,23.03824614815756,0.3396009329153806,100
4,392,38908,0.3396009329153806,4.099990891102895,23.457054158637426,0.3396009329153806,100
4,393,39007,0.3396009329153806,2.8210718651712465,14.824459121107514,0.3396009329153806,100
4,394,39106,0.3396009329153806,3.3046589014957597,19.25642350491614,0.3396009329153806,100
4,395,39205,0.3396009329153806,2.8564706522535386,13.20417382724756,0.3396009329153806,100
4,396,39304,0.3396009329153806,3.34957225780881,20.1808382950714,0.3396009329153806,100
4,397,39403,0.3396009329153806,3.5740766909220008,14.678995022834737,0.3396009329153806,100
4,398,39502,0.3396009329153806,3.5080574090442718,23.633617969052523,0.3396009329153806,100
4,399,39601,0.3396009329153806,3.5214871595210746,26.683079743823804,0.3396009329153806,100
4,400,39700,0.3396009329153806,3.358749211512449,25.187727296833355,0.3396009329153806,100
4,401,39799,0.3396009329153806,2.9588218261142942,14.660147054869782,0.3396009329153806,100
4,402,39898,0.3396009329153806,3.4259915456144165,17.65865071510506,0.3396009329153806,100
4,403,39997,0.3396009329153806,2.439333746217659,12.729256505703859,0.3396009329153806,100
4,404,40096,0.3396009329153806,2.6557975993350427,14.33117756916026,0.3396009329153806,100
4,405,40195,0.3396009329153806,3.739033339283089,21.833372954809665,0.3396009329153806,100
4,406,40294,0.3396009329153806,3.9347585408426813,35.829188504390025,0.3396009329153806,100
4,407,40393,0.3396009329153806,3.0473160627021887,23.5877164734354,0.3396009329153806,100
4,408,40492,0.3396009329153806,3.106358471922041,20.33419288540003,0.3396009329153806,100
4,409,40591,0.3396009329153806,3.77876350630572,27.893168905196767,0.3396009329153806,100
4,410,40690,0.3396009329153806,2.703353533044044,15.422587544683287,0.3396009329153806,100
4,411,40789,0.3396009329153806,2.9968879399615727,21.417129310274312,0.3396009329153806,100
4,412,40888,0.3396009329153806,2.5309056950912194,22.028472241875892,0.3396009329153806,100
4,413,40987,0.3396009329153806,2.7038360809710213,18.651588522699775,0.3396009329153806,100
4,414,41086,0.3396009329153806,2.8561412678131313,19.826563120671192,0.3396009329153806,100
4,415,41185,0.3396009329153806,3.336826685732262,22.49337367824715,0.3396009329153806,100
4,416,41284,0.3396009329153806,3.234489000506889,22.438621222245423,0.3396009329153806,100
4,417,41383,0.3396009329153806,2.923493156319955,15.838027024232968,0.3396009329153806,100
4,418,41482,0.3396009329153806,3.6316399021907806,23.71095924083952,0.3396009329153806,100
4,419,41581,0.3396009329153806,2.6055442513137224,12.952479333942845,0.3396009329153806,100
4,420,41680,0.3396009329153806,2.461122701320636,21.89272624806522,0.3396009329153806,100
4,421,41779,0.3396009329153806,2.6588460378729577,19.13151045076626,0.3396009329153806,100
4,422,41878,0.3396009329153806,2.838586956545966,17.995081641343898,0.3396009329153806,100
4,423,41977,0.3396009329153806,3.00837763797248,22.19861831535551,0.3396009329153806,100
4,424,42076,0.3396009329153806,3.395576552954395,21.663768131684634,0.3396009329153806,100
4,425,42175,0.3396009329153806,3.7933915485070515,22.4093270074753,0.3396009329153806,100
4,426,42274,0.3396009329153806,3.874882454368873,29.464645733342692,0.3396009329153806,100
4,427,42373,0.3396009329153806,3.3591332784763592,25.609768879034597,0.3396009329153806,100
4,428,42472,0.3396009329153806,3.4278801244975923,25.897168867069826,0.3396009329153806,100
4,429,42571,0.3396009329153806,3.2731494365245624,21.790033022118074,0.3396009329153806,100
4,430,42670,0.3396009329153806,3.7629586261873738,19.07851853850791,0.3396009329153806,100
4,431,42769,0.3396009329153806,3.1627873329859777,22.229459620551246,0.3396009329153806,100
4,432,42868,0.3396009329153806,3.530695219289541,34.651728834250065,0.3396009329153806,100
4,433,42967,0.3396009329153806,2.7618337865209757,18.044214745125334,0.3396009329153806,100
4,434,43066,0.3396009329153806,2.6814636809113175,19.69155041894873,0.3396009329153806,100
4,435,43165,0.3396009329153806,3.3132842101767803,18.4330267655279,0.3396009329153806,100
4,436,43264,0.3396009329153806,3.5630360190171273,27.030220804031117,0.3396009329153806,100
4,437,43363,0.3396009329153806,3.215835035287871,39.036493979593395,0.3396009329153806,100
4,438,43462,0.3396009329153806,3.787977713095665,20.22147303118759,0.3396009329153806,100
4,439,43561,0.3396009329153806,3.811915136804541,19.278678792729504,0.3396009329153806,100
4,440,43660,0.3396009329153806,3.267722487806026,12.428005035695252,0.3396009329153806,100
4,441,43759,0.3396009329153806,3.8937114860275943,24.54203613085042,0.3396009329153806,100
4,442,43858,0.3396009329153806,3.434876847885351,24.51492937933203,0.3396009329153806,100
4,443,43957,0.3396009329153806,3.6378128437385437,35.14404399643167,0.3396009329153806,100
4,444,44056,0.3396009329153806,3.4884958286937637,15.655850587904899,0.3396009329153806,100
4,445,44155,0.3396009329153806,3.457035969978693,21.443725473192284,0.3396009329153806,100
4,446,44254,0.3396009329153806,3.6621881484693715,22.414845899116045,0.3396009329153806,100
4,447,44353,0.3396009329153806,3.24107985324316,17.112858207359647,0.3396009329153806,100
4,448,44452,0.3396009329153806,3.355109103165889,29.528835843285844,0.3396009329153806,100
4,449,44551,0.3396009329153806,3.8441519189574795,27.11833242163218,0.3396009329153806,100
4,450,44650,0.3396009329153806,3.8863013435444627,27.30414579810275,0.3396009329153806,100
4,451,44749,0.3396009329153806,2.7730211842562578,25.710373704185592,0.3396009329153806,100
4,452,44848,0.3396009329153806,2.4386524939722585,14.39865746340881,0.3396009329153806,100
4,453,44947,0.3396009329153806,2.7778444833842793,17.518187928532278,0.3396009329153806,100
4,454,45046,0.3396009329153806,2.6787311824606372,20.635766794801377,0.3396009329153806,100
4,455,45145,0.3396009329153806,2.00543613813428,13.722513208435894,0.3396009329153806,100
4,456,45244,0.3396009329153806,3.0191866661977866,17.77492765480258,0.3396009329153806,100
4,457,45343,0.3396009329153806,2.579199577930433,17.26371541636421,0.3396009329153806,100
4,458,45442,0.3396009329153806,3.781751354819989,45.62154731153122,0.3396009329153806,100
4,459,45541,0.3396009329153806,3.4600999941885764,24.558208786164972,0.3396009329153806,100
4,460,45640,0.3396009329153806,3.5868739633536855,21.140158385250928,0.3396009329153806,100
4,461,45739,0.3396009329153806,3.2718581321863964,37.914091913234635,0.3396009329153806,100
4,462,45838,0.3396009329153806,3.669209892335669,19.425111103228872,0.3396009329153806,100
4,463,45937,0.3396009329153806,2.8551030439248986,20.35979419212733,0.3396009329153806,100
4,464,46036,0.3396009329153806,4.179564394267991,34.95925103651419,0.3396009329153806,100
4,465,46135,0.3396009329153806,3.513760448081897,25.602264849408723,0.3396009329153806,100
4,466,46234,0.3396009329153806,2.7320957435214694,23.993625552671563,0.3396009329153806,100
4,467,46333,0.3396009329153806,3.0733897447139613,14.157294285448472,0.3396009329153806,100
4,468,46432,0.3396009329153806,3.0492758187133755,37.880503237611045,0.3396009329153806,100
4,469,46531,0.3396009329153806,2.1670922530816883,19.71739670224762,0.3396009329153806,100
4,470,46630,0.3396009329153806,2.7110865474262886,40.79874697665331,0.3396009329153806,100
4,471,46729,0.3396009329153806,2.960668048405957,14.85796175309989,0.3396009329153806,100
4,472,46828,0.3396009329153806,2.137619385092228,14.973313781511159,0.3396009329153806,100
4,473,46927,0.3396009329153806,3.5140988653700873,30.993331487123495,0.3396009329153806,100
4,474,47026,0.3396009329153806,3.2094187574376747,13.245513257710261,0.3396009329153806,100
4,475,47125,0.3396009329153806,3.8526414718933597,25.90969094026918,0.3396009329153806,100
4,476,47224,0.3396009329153806,2.8450137395827686,20.925282609662215,0.3396009329153806,100
4,477,47323,0.3396009329153806,3.05134766785483,16.69276857619349,0.3396009329153806,100
4,478,47422,0.3396009329153806,3.0042654586216457,41.0822609106999,0.3396009329153806,100
4,479,47521,0.3396009329153806,3.4328243814431465,23.118015360986703,0.3396009329153806,100
4,480,47620,0.3396009329153806,3.3750664927533554,25.583095933347952,0.3396009329153806,100
4,481,47719,0.3396009329153806,3.848629539866548,24.831963962064656,0.3396009329153806,100
4,482,47818,0.3396009329153806,3.0662676642158386,26.783293922241928,0.3396009329153806,100
4,483,47917,0.3396009329153806,2.650762348260381,20.59206321454894,0.3396009329153806,100
4,484,48016,0.3396009329153806,3.167236241951311,18.935611534287354,0.3396009329153806,100
4,485,48115,0.3396009329153806,2.6735313242425622,12.126704842393977,0.3396009329153806,100
4,486,48214,0.3396009329153806,3.25023607840907,23.0749679994852,0.3396009329153806,100
4,487,48313,0.3396009329153806,3.032498841803121,25.011659669087106,0.3396009329153806,100
4,488,48412,0.3396009329153806,2.951981111307223,23.41688541080338,0.3396009329153806,100
4,489,48511,0.3396009329153806,2.406676690558854,16.16970157874885,0.3396009329153806,100
4,490,48610,0.3396009329153806,3.263922460004909,35.169493384009286,0.3396009329153806,100
4,491,48709,0.3396009329153806,2.479936851596401,16.656302040724906,0.3396009329153806,100
4,492,48808,0.3396009329153806,3.00245426042542,17.771478546787257,0.3396009329153806,100
4,493,48907,0.3396009329153806,2.856246499122881,26.711522009592823,0.3396009329153806,100
4,494,49006,0.3396009329153806,3.2145195270259665,20.72358526073681,0.3396009329153806,100
4,495,49105,0.3396009329153806,3.032863807361007,22.378917931818485,0.3396009329153806,100
4,496,49204,0.3396009329153806,2.7333633386932967,28.71615622757679,0.3396009329153806,100
4,497,49303,0.3396009329153806,3.3420160907060863,25.216625598194604,0.3396009329153806,100
4,498,49402,0.3396009329153806,2.7366432420987867,17.73758075709934,0.3396009329153806,100
4,499,49501,0.3396009329153806,3.080757490322177,16.504110181089,0.3396009329153806,100
4,500,49600,0.3396009329153806,3.139460023341613,22.734073127895982,0.3396009329153806,100
4,501,49699,0.3396009329153806,3.1556681112931146,25.706219207027583,0.3396009329153806,100
4,502,49798,0.3396009329153806,3.9165985580282516,29.593599604833617,0.3396009329153806,100
4,503,49897,0.3396009329153806,3.083502831451965,26.931234321184817,0.3396009329153806,100
4,504,49996,0.3396009329153806,2.766111378327051,19.59748265283289,0.3396009329153806,100
4,505,50000,0.3396009329153806,2.244467508616734,8.975782948057674,0.3396009329153806,100
5,0,100,68.73692151248116,563.1647020853151,1049.545942832481,68.73692151248116,100
5,1,199,54.78446736739105,270.94872163580015,663.6091719459174,54.78446736739105,100
5,2,298,11.605671290789981,125.3254025146225,290.9305651543226,11.605671290789981,100
5,3,397,4.076317436142329,57.21197665206679,175.89648722264712,4.076317436142329,100
5,4,496,4.076317436142329,29.262808904975213,65.18458403798783,4.076317436142329,100
5,5,595,2.2883319925800136,15.294499830561262,36.33200640056176,2.2883319925800136,100
5,6,694,2.2689869558097984,10.295620439335874,32.517224457515134,2.2689869558097984,100
5,7,793,1.5513815183586084,6.866340642629594,30.137794283493736,1.5513815183586084,100
5,8,892,1.0551350644809934,5.290217468447874,41.728731337555104,1.0551350644809934,100
5,9,991,1.0551350644809934,4.256509473828624,36.312494884708855,1.0551350644809934,100
5,10,1090,1.0551350644809934,4.649908661130995,33.01657561565825,1.0551350644809934,100
5,11,1189,0.8411196466073227,4.102008798233865,25.449322178372686,0.8411196466073227,100
5,12,1288,0.714235821520371,3.677101082967484,16.180469501414557,0.714235821520371,100
5,13,1387,0.714235821520371,3.838997915575461,18.52254097497934,0.714235821520371,100
5,14,1486,0.714235821520371,4.91471727817319,40.700069757441376,0.714235821520371,100
5,15,1585,0.6221681604832652,3.421111494755084,20.365601347501443,0.6221681604832652,100
5,16,1684,0.5904062873779012,3.890025636109012,16.33007898587168,0.5904062873779012,100
5,17,1783,0.5904062873779012,4.194786770244375,29.070397140982298,0.5904062873779012,100
5,18,1882,0.3744774131132381,3.3410776844281407,20.86033495175672,0.3744774131132381,100
5,19,1981,0.3744774131132381,3.772789943346037,25.65489714834203,0.3744774131132381,100
5,20,2080,0.3744774131132381,3.2166839287525786,17.691418068830355,0.3744774131132381,100
5,21,2179,0.3744774131132381,3.6319538686758754,27.881553973998415,0.3744774131132381,100
5,22,2278,0.3744774131132381,3.6621579194565306,32.249823525361705,0.3744774131132381,100
5,23,2377,0.3744774131132381,2.8473065273004927,22.024849200088152,0.3744774131132381,100
5,24,2476,0.3744774131132381,2.9090136213686315,28.69521886651409,0.3744774131132381,100
5,25,2575,0.3744774131132381,2.9770885624843073,22.5028328104957,0.3744774131132381,100
5,26,2674,0.3744774131132381,2.8485247699849516,18.318023240033913,0.3744774131132381,100
5,27,2773,0.3744774131132381,2.6596543946891176,18.159038883065573,0.3744774131132381,100
5,28,2872,0.3744774131132381,3.0806144844903507,19.123415235446377,0.3744774131132381,100
5,29,2971,0.3744774131132381,2.8058997376456096,13.413388193922334,0.3744774131132381,100
5,30,3070,0.3744774131132381,3.2563247544557443,26.53510071070637,0.3744774131132381,100
5,31,3169,0.3744774131132381,3.8348667476767395,27.933645447714657,0.3744774131132381,100
5,32,3268,0.3744774131132381,4.1175214265670625,19.157013628344313,0.3744774131132381,100
5,33,3367,0.3744774131132381,2.9204171324083323,19.372604738066656,0.3744774131132381,100
5,34,3466,0.3395177737806156,2.950263781599205,19.210689499307414,0.3395177737806156,100
5,35,3565,0.3395177737806156,3.858340918611504,28.660177168794583,0.3395177737806156,100
5,36,3664,0.3395177737806156,3.27246150450823,13.212405119304842,0.3395177737806156,100
5,37,3763,0.3395177737806156,2.9194240413708252,15.26849008377328,0.3395177737806156,100
5,38,3862,0.3395177737806156,3.153094701779187,24.429963634035136,0.3395177737806156,100
5,39,3961,0.3395177737806156,2.6497908864575543,23.543396411677296,0.3395177737806156,100
5,40,4060,0.3395177737806156,3.2191620296166445,21.808205320256743,0.3395177737806156,100
5,41,4159,0.3395177737806156,2.374995380600159,19.240215559232723,0.3395177737806156,100
5,42,4258,0.3395177737806156,2.5700983740954113,15.89465268212434,0.3395177737806156,100
5,43,4357,0.3395177737806156,3.317307556177424,18.690146389397633,0.3395177737806156,100
5,44,4456,0.3395177737806156,2.5564713117400957,21.87862636525775,0.3395177737806156,100
5,45,4555,0.3395177737806156,3.1274836740044467,14.646065754393389,0.3395177737806156,100
5,46,4654,0.3395177737806156,2.8887796164742134,20.78730052686194,0.3395177737806156,100
5,47,4753,0.3395177737806156,2.6296054088151806,17.572388613784643,0.3395177737806156,100
5,48,4852,0.3395177737806156,3.0024605907984236,22.10076958625866,0.3395177737806156,100
5,49,4951,0.3395177737806156,3.0176197534973825,23.267532561237413,0.3395177737806156,100
5,50,5050,0.3395177737806156,3.184314180208622,32.13084680995945,0.3395177737806156,100
5,51,5149,0.3395177737806156,2.233028715141182,20.612565495793472,0.3395177737806156,100
5,52,5248,0.3395177737806156,2.9111375058963564,35.90335323790613,0.3395177737806156,100
5,53,5347,0.3395177737806156,2.813704430020824,22.01873188487735,0.3395177737806156,100
5,54,5446,0.3395177737806156,3.0007572460966885,26.447798838512437,0.3395177737806156,100
5,55,5545,0.3395177737806156,2.3377077019837094,12.008061668054689,0.3395177737806156,100
5,56,5644,0.3395177737806156,2.578911565222262,24.311016278037332,0.3395177737806156,100
5,57,5743,0.3395177737806156,2.6508352202489416,13.091773698307934,0.3395177737806156,100
5,58,5842,0.3395177737806156,2.686430816472293,12.190819406261546,0.3395177737806156,100
5,59,5941,0.3395177737806156,2.7962716045080556,13.951168267714307,0.3395177737806156,100
5,60,6040,0.3395177737806156,3.265201634915835,26.85192295341275,0.3395177737806156,100
5,61,6139,0.3395177737806156,3.621674253107866,23.260340103749368,0.3395177737806156,100
5,62,6238,0.3395177737806156,3.0888279555549985,34.093783457822184,0.3395177737806156,100
5,63,6337,0.3395177737806156,4.268547495508572,21.608334291590722,0.3395177737806156,100
5,64,6436,0.3395177737806156,2.938995106706742,20.096501343815234,0.3395177737806156,100
5,65,6535,0.3395177737806156,3.428444974155415,23.47540860846323,0.3395177737806156,100
5,66,6634,0.3395177737806156,4.269306699356579,28.19342275631671,0.3395177737806156,100
5,67,6733,0.3395177737806156,3.7135813201985775,29.065049857268832,0.3395177737806156,100
5,68,6832,0.3395177737806156,2.8755724855094633,25.507513084065167,0.3395177737806156,100
5,69,6931,0.3395177737806156,2.6277136611332406,14.004204745332244,0.3395177737806156,100
5,70,7030,0.3395177737806156,3.2408959705780984,23.75249461933672,0.3395177737806156,100
5,71,7129,0.3395177737806156,3.307610004580974,22.24087928255185,0.3395177737806156,100
5,72,7228,0.3395177737806156,3.1903211061058574,21.118548793514258,0.3395177737806156,100
5,73,7327,0.3395177737806156,3.6543159372578082,33.83368710299773,0.3395177737806156,100
5,74,7426,0.3395177737806156,3.1431782763523257,22.64698749027815,0.3395177737806156,100
5,75,7525,0.3395177737806156,2.8784942841601717,17.875628511096522,0.3395177737806156,100
5,76,7624,0.3395177737806156,2.98241111240898,30.885888807944337,0.3395177737806156,100
5,77,7723,0.3395177737806156,2.4190638336225767,16.389815073504632,0.3395177737806156,100
5,78,7822,0.3395177737806156,2.406858537550684,16.372275597572692,0.3395177737806156,100
5,79,7921,0.3395177737806156,3.1167561346841866,21.15344546636744,0.3395177737806156,100
5,80,8020,0.3395177737806156,2.6140399681528455,16.30762970848326,0.3395177737806156,100
5,81,8119,0.3395177737806156,3.140700908462983,25.036701158359648,0.3395177737806156,100
5,82,8218,0.3395177737806156,2.7253260197736,21.231508056515576,0.3395177737806156,100
5,83,8317,0.3395177737806156,3.166523634104769,32.76677477310224,0.3395177737806156,100
5,84,8416,0.3395177737806156,3.1371060814937977,17.399033243212216,0.3395177737806156,100
5,85,8515,0.3395177737806156,2.9905169044518742,19.452167439121958,0.3395177737806156,100
5,86,8614,0.3395177737806156,3.5842551410562975,26.08731099438757,0.3395177737806156,100
5,87,8713,0.3395177737806156,2.7354743585116794,19.168467855829324,0.3395177737806156,100
5,88,8812,0.3395177737806156,2.962954081362654,18.52708965918085,0.3395177737806156,100
5,89,8911,0.3395177737806156,3.0712481028813814,18.8011597930093,0.3395177737806156,100
5,90,9010,0.3395177737806156,2.699832685106129,13.104325877100221,0.3395177737806156,100
5,91,9109,0.3395177737806156,2.3550641359942817,15.284418556705448,0.3395177737806156,100
5,92,9208,0.3395177737806156,2.6041054888850024,29.940564531243044,0.3395177737806156,100
5,93,9307,0.3395177737806156,3.463965435963112,23.378841494939035,0.3395177737806156,100
5,94,9406,0.3395177737806156,3.654942930624943,15.854596162029432,0.3395177737806156,100
5,95,9505,0.3395177737806156,3.748680465176719,25.135178887986296,0.3395177737806156,100
5,96,9604,0.3395177737806156,4.270057781725184,24.662780310528795,0.3395177737806156,100
5,97,9703,0.3395177737806156,3.3979855808494364,21.844714584530113,0.3395177737806156,100
5,98,9802,0.3395177737806156,3.775637391638557,31.016346036389265,0.3395177737806156,100
5,99,9901,0.3395177737806156,3.1706288940172738,36.57334134308651,0.3395177737806156,100
5,100,10000,0.3395177737806156,3.712825288455272,26.49325338217277,0.3395177737806156,100
5,101,10099,0.3395177737806156,3.329851743865945,19.445240765219232,0.3395177737806156,100
5,102,10198,0.3395177737806156,3.1279018029814103,21.26734149417601,0.3395177737806156,100
5,103,10297,0.3395177737806156,2.7074839093105494,20.549196606407442,0.3395177737806156,100
5,104,10396,0.3395177737806156,2.5157291174396907,16.670628049939797,0.3395177737806156,100
5,105,10495,0.3395177737806156,2.8812319302783505,18.969215513188423,0.3395177737806156,100
5,106,10594,0.3395177737806156,2.4664810898889478,29.686012888408083,0.3395177737806156,100
5,107,10693,0.3395177737806156,3.364000609122318,27.007199548043953,0.3395177737806156,100
5,108,10792,0.3395177737806156,3.2962497759543563,30.270621173207218,0.3395177737806156,100
5,109,10891,0.3395177737806156,3.2651324286027297,38.46368096057649,0.3395177737806156,100
5,110,10990,0.3395177737806156,3.151498741577904,23.275431465196366,0.3395177737806156,100
5,111,11089,0.3395177737806156,2.607855691745007,14.63628381457605,0.3395177737806156,100
5,112,11188,0.3395177737806156,2.797672972679307,25.04357597152679,0.3395177737806156,100
5,113,11287,0.3395177737806156,3.15077954080221,29.160925671007963,0.3395177737806156,100
5,114,11386,0.3395177737806156,3.5536441733489466,18.096316568859777,0.3395177737806156,100
5,115,11485,0.3395177737806156,3.6307507456665684,44.3331316208316,0.3395177737806156,100
5,116,11584,0.3395177737806156,3.083341706755644,25.79226175547387,0.3395177737806156,100
5,117,11683,0.3395177737806156,3.376028810328319,22.668590018707338,0.3395177737806156,100
5,118,11782,0.3395177737806156,3.7568312148372285,32.97724449333157,0.3395177737806156,100
5,119,11881,0.3395177737806156,2.9025707797471063,27.30855100260406,0.3395177737806156,100
5,120,11980,0.3395177737806156,2.9905263160743196,17.555715546574476,0.3395177737806156,100
5,121,12079,0.3395177737806156,2.705012603413648,17.693967328847222,0.3395177737806156,100
5,122,12178,0.3395177737806156,2.768093657390235,29.070623331456268,0.3395177737806156,100
5,123,12277,0.3395177737806156,3.3676374499145787,31.841839807592415,0.3395177737806156,100
5,124,12376,0.3395177737806156,2.957683679106047,21.247260850194845,0.3395177737806156,100
5,125,12475,0.3395177737806156,3.2455639636835083,14.659246636767788,0.3395177737806156,100
5,126,12574,0.3395177737806156,3.3656338432324207,21.055200061336997,0.3395177737806156,100
5,127,12673,0.3395177737806156,3.031962144995967,25.066810374671533,0.3395177737806156,100
5,128,12772,0.3395177737806156,3.194730537857149,25.625283220658822,0.3395177737806156,100
5,129,12871,0.3395177737806156,3.365243594893284,26.586189258153322,0.3395177737806156,100
5,130,12970,0.3395177737806156,2.9913929139906106,22.97148931812455,0.3395177737806156,100
5,131,13069,0.3395177737806156,2.975747190115403,25.852749244242066,0.3395177737806156,100
5,132,13168,0.3395177737806156,3.006916728145725,31.140492731328706,0.3395177737806156,100
5,133,13267,0.3395177737806156,3.296771976844551,19.28359839589585,0.3395177737806156,100
5,134,13366,0.3395177737806156,2.7335889946423837,19.186780618049898,0.3395177737806156,100
5,135,13465,0.3395177737806156,3.4095037108037602,19.531950612670453,0.3395177737806156,100
5,136,13564,0.3395177737806156,3.508072432869513,28.163627108100123,0.3395177737806156,100
5,137,13663,0.3395177737806156,2.8207631578283827,18.01255989420008,0.3395177737806156,100
5,138,13762,0.3395177737806156,2.829068524603932,23.307825831730415,0.3395177737806156,100
5,139,13861,0.3395177737806156,3.5642973411004646,31.52157191808254,0.3395177737806156,100
5,140,13960,0.3395177737806156,2.6386117335889856,20.934680883099052,0.3395177737806156,100
5,141,14059,0.3395177737806156,3.4904888746066,29.918428055623814,0.3395177737806156,100
5,142,14158,0.3395177737806156,3.103659489824915,15.46492763226841,0.3395177737806156,100
5,143,14257,0.3395177737806156,3.458291464651235,25.809902159844814,0.3395177737806156,100
5,144,14356,0.3395177737806156,3.5016295932265638,33.265104167267275,0.3395177737806156,100
5,145,14455,0.3395177737806156,3.1605731340820045,17.32900604917459,0.3395177737806156,100
5,146,14554,0.3395177737806156,2.7038281952710896,25.2809736311812,0.3395177737806156,100
5,147,14653,0.3395177737806156,3.4223635949518854,25.092308467706253,0.3395177737806156,100
5,148,14752,0.3395177737806156,2.7468708950942182,17.87906768077009,0.3395177737806156,100
5,149,14851,0.3395177737806156,2.6610870504217186,13.306466963234564,0.3395177737806156,100
5,150,14950,0.3395177737806156,2.9187259704250526,30.462481462587206,0.3395177737806156,100
5,151,15049,0.3395177737806156,2.7749089242117537,24.03600619287518,0.3395177737806156,100
5,152,15148,0.3395177737806156,2.6276866810228996,11.914912198201876,0.3395177737806156,100
5,153,15247,0.3395177737806156,2.725354269411702,14.288240767119047,0.3395177737806156,100
5,154,15346,0.3395177737806156,2.2616080233440683,12.510844078482595,0.3395177737806156,100
5,155,15445,0.3395177737806156,3.501165246395725,24.703514434954315,0.3395177737806156,100
5,156,15544,0.3395177737806156,2.9258571070428427,15.94879752042594,0.3395177737806156,100
5,157,15643,0.3395177737806156,3.220506634836919,27.76786333084683,0.3395177737806156,100
5,158,15742,0.3395177737806156,3.4326151169269123,28.571561212137354,0.3395177737806156,100
5,159,15841,0.3395177737806156,2.5261444938224966,18.575762969019117,0.3395177737806156,100
5,160,15940,0.3395177737806156,3.3650289918770433,22.143950443674854,0.3395177737806156,100
5,161,16039,0.3395177737806156,2.9855941395411545,19.379714951639983,0.3395177737806156,100
5,162,16138,0.3395177737806156,3.103616294010395,23.954546223930812,0.3395177737806156,100
5,163,16237,0.3395177737806156,2.634148917600037,14.1131859308757,0.3395177737806156,100
5,164,16336,0.3395177737806156,3.3945160938601777,29.119361077682672,0.3395177737806156,100
5,165,16435,0.3395177737806156,3.367333459754011,26.925897706989062,0.3395177737806156,100
5,166,16534,0.3395177737806156,3.549714630667192,26.346767691210363,0.3395177737806156,100
5,167,16633,0.3395177737806156,2.9422631221928186,17.555511394255973,0.3395177737806156,100
5,168,16732,0.3395177737806156,3.358875152590166,18.739865938169995,0.3395177737806156,100
5,169,16831,0.3395177737806156,2.7357232765551927,30.074536425506512,0.3395177737806156,100
5,170,16930,0.3395177737806156,3.8190213651465417,28.81579528152344,0.3395177737806156,100
5,171,17029,0.3395177737806156,3.9504363350747598,25.469491626026446,0.3395177737806156,100
5,172,17128,0.3395177737806156,3.0140065424889873,16.716145895034074,0.3395177737806156,100
5,173,17227,0.3395177737806156,2.6430121777575306,13.544346229665058,0.3395177737806156,100
5,174,17326,0.3395177737806156,3.0457938951691275,21.063490554274672,0.3395177737806156,100
5,175,17425,0.3395177737806156,3.4492908800406927,20.99758526227779,0.3395177737806156,100
5,176,17524,0.3395177737806156,2.94661638710194,22.416268019153406,0.3395177737806156,100
5,177,17623,0.3395177737806156,3.1598387054079264,28.98946721483542,0.3395177737806156,100
5,178,17722,0.3395177737806156,2.678989937796241,17.338561959616364,0.3395177737806156,100
5,179,17821,0.3395177737806156,3.1743554186111154,23.181353721797848,0.3395177737806156,100
5,180,17920,0.3395177737806156,2.412056419677116,15.88416595145093,0.3395177737806156,100
5,181,18019,0.3395177737806156,3.4414905224999712,36.67294449161351,0.3395177737806156,100
5,182,18118,0.3395177737806156,3.019143801593129,13.324974300651537,0.3395177737806156,100
5,183,18217,0.3395177737806156,3.0475327651041533,25.57771792496639,0.3395177737806156,100
5,184,18316,0.3395177737806156,3.33625100713188,32.00001243271011,0.3395177737806156,100
5,185,18415,0.3395177737806156,3.2862407620593963,16.73523705678114,0.3395177737806156,100
5,186,18514,0.3395177737806156,2.7700789715057432,12.29232583049539,0.3395177737806156,100
5,187,18613,0.3395177737806156,3.1196460928243384,22.013128535417703,0.3395177737806156,100
5,188,18712,0.3395177737806156,2.74361341297993,15.06258634564001,0.3395177737806156,100
5,189,18811,0.3395177737806156,3.481211271768924,23.391560091558027,0.3395177737806156,100
5,190,18910,0.3395177737806156,3.4692180248774758,27.621978844477557,0.3395177737806156,100
5,191,19009,0.3395177737806156,3.152694233979356,35.2317360507505,0.3395177737806156,100
5,192,19108,0.3395177737806156,2.6637213679507967,21.694174489734564,0.3395177737806156,100
5,193,19207,0.3395177737806156,2.926032854196098,16.227986754051557,0.3395177737806156,100
5,194,19306,0.3395177737806156,2.744142020699591,27.550147800876005,0.3395177737806156,100
5,195,19405,0.3395177737806156,2.793462714237374,18.32693879049308,0.3395177737806156,100
5,196,19504,0.3395177737806156,3.618138318510536,32.88455596030462,0.3395177737806156,100
5,197,19603,0.3395177737806156,3.320080223036214,18.703221110051214,0.3395177737806156,100
5,198,19702,0.3395177737806156,3.4241008298503357,15.316058240674822,0.3395177737806156,100
5,199,19801,0.3395177737806156,3.1178777921122465,30.95456552538134,0.3395177737806156,100
5,200,19900,0.3395177737806156,3.2716241493620646,22.339625817586516,0.3395177737806156,100
5,201,19999,0.3395177737806156,4.1615928703566984,36.405035634784724,0.3395177737806156,100
5,202,20098,0.3395177737806156,3.5901014329294463,24.31825974051177,0.3395177737806156,100
5,203,20197,0.3395177737806156,2.857768281539641,19.476600913719402,0.3395177737806156,100
5,204,20296,0.3395177737806156,3.8122600336029975,24.105691189307297,0.3395177737806156,100
5,205,20395,0.3395177737806156,3.365607212170209,17.28838354348554,0.3395177737806156,100
5,206,20494,0.3395177737806156,3.154609334977284,38.935607052741304,0.3395177737806156,100
5,207,20593,0.3395177737806156,2.7013510139073236,17.524690756041437,0.3395177737806156,100
5,208,20692,0.3395177737806156,2.773458310279078,21.12771609670089,0.3395177737806156,100
5,209,20791,0.3395177737806156,2.919170839409018,19.279858848879392,0.3395177737806156,100
5,210,20890,0.3395177737806156,2.7859548416994766,19.46173030575993,0.3395177737806156,100
5,211,20989,0.3395177737806156,2.7938634833376232,26.463273128873805,0.3395177737806156,100
5,212,21088,0.3395177737806156,3.7176393240442316,52.40507212617276,0.3395177737806156,100
5,213,21187,0.3395177737806156,2.5928746435757133,14.29152107370068,0.3395177737806156,100
5,214,21286,0.3395177737806156,3.326126525499151,36.03673101924148,0.3395177737806156,100
5,215,21385,0.3395177737806156,3.019296259671007,14.414429044391321,0.3395177737806156,100
5,216,21484,0.3395177737806156,3.200809347549301,20.340641745775148,0.3395177737806156,100
5,217,21583,0.3395177737806156,3.033917041474769,20.474264126903186,0.3395177737806156,100
5,218,21682,0.3395177737806156,2.9028715766430566,26.572202586769162,0.3395177737806156,100
5,219,21781,0.3395177737806156,2.5499641196043843,19.606210150792226,0.3395177737806156,100
5,220,21880,0.3395177737806156,2.9694255753362575,18.516846232234222,0.3395177737806156,100
5,221,21979,0.3395177737806156,2.557665083584088,16.593148334428,0.3395177737806156,100
5,222,22078,0.3395177737806156,2.6892709234538454,13.457990423333486,0.3395177737806156,100
5,223,22177,0.3395177737806156,3.5048417884125747,19.53361033114111,0.3395177737806156,100
5,224,22276,0.3395177737806156,3.0199493318169277,34.489479600802866,0.3395177737806156,100
5,225,22375,0.3395177737806156,3.2707378346709386,19.959655853960143,0.3395177737806156,100
5,226,22474,0.3395177737806156,3.012871968224721,19.67499729929049,0.3395177737806156,100
5,227,22573,0.3395177737806156,3.233776188856654,18.465928461627044,0.3395177737806156,100
5,228,22672,0.3395177737806156,3.70884419006729,31.545990569521123,0.3395177737806156,100
5,229,22771,0.3395177737806156,3.1826316049081225,21.81901539085297,0.3395177737806156,100
5,230,22870,0.3395177737806156,2.6558329564015413,15.525839338153032,0.3395177737806156,100
5,231,22969,0.3395177737806156,3.584323023361019,30.875661904523493,0.3395177737806156,100
5,232,23068,0.3395177737806156,3.477082336864365,23.77521088959557,0.3395177737806156,100
5,233,23167,0.3395177737806156,3.6940218779752185,24.729986105237636,0.3395177737806156,100
5,234,23266,0.3395177737806156,2.7735318770537782,23.000857362999323,0.3395177737806156,100
5,235,23365,0.3395177737806156,3.0436789020591233,27.611389690907334,0.3395177737806156,100
5,236,23464,0.3395177737806156,2.9391604686716035,21.797040940764205,0.3395177737806156,100
5,237,23563,0.3395177737806156,2.505979816777552,19.79604659886551,0.3395177737806156,100
5,238,23662,0.3395177737806156,2.6371054298078334,13.225935143440042,0.3395177737806156,100
5,239,23761,0.3395177737806156,3.5162299135356254,31.021809565240005,0.3395177737806156,100
5,240,23860,0.3395177737806156,3.061166745923943,17.33382054059222,0.3395177737806156,100
5,241,23959,0.3395177737806156,3.7083842217195944,32.65311216996862,0.3395177737806156,100
5,242,24058,0.3395177737806156,3.0530492047459523,24.312360413148568,0.3395177737806156,100
5,243,24157,0.3395177737806156,2.6710689291393934,25.019119675127662,0.3395177737806156,100
5,244,24256,0.3395177737806156,2.746065018218457,17.415079852481686,0.3395177737806156,100
5,245,24355,0.3395177737806156,3.0953000354462863,28.65738272208912,0.3395177737806156,100
5,246,24454,0.3395177737806156,3.2107616542393265,31.003507777620182,0.3395177737806156,100
5,247,24553,0.3395177737806156,3.7539862645733475,22.82901366413232,0.3395177737806156,100
5,248,24652,0.3395177737806156,2.867525658998087,23.49399550200081,0.3395177737806156,100
5,249,24751,0.3395177737806156,2.668515070367002,14.582011257448393,0.3395177737806156,100
5,250,24850,0.3395177737806156,3.5202506953802275,22.277348191294593,0.3395177737806156,100
5,251,24949,0.3395177737806156,2.43365266979289,27.131096206630172,0.3395177737806156,100
5,252,25048,0.3395177737806156,3.501676055232686,34.48318186287153,0.3395177737806156,100
5,253,25147,0.3395177737806156,4.222508351118289,25.151992109875195,0.3395177737806156,100
5,254,25246,0.3395177737806156,2.95175481120172,16.035240554199387,0.3395177737806156,100
5,255,25345,0.3395177737806156,3.0582110244450638,22.328535919502308,0.3395177737806156,100
5,256,25444,0.3395177737806156,3.322828695074301,21.80500397032347,0.3395177737806156,100
5,257,25543,0.3395177737806156,2.8698892076377702,15.148764226714114,0.3395177737806156,100
5,258,25642,0.3395177737806156,3.751753117547392,19.650254502755963,0.3395177737806156,100
5,259,25741,0.3395177737806156,3.5515829541440116,29.550645897687815,0.3395177737806156,100
5,260,25840,0.3395177737806156,3.64894983598087,23.196565755501037,0.3395177737806156,100
5,261,25939,0.3395177737806156,2.8027380425697284,17.177878191257008,0.3395177737806156,100
5,262,26038,0.3395177737806156,3.115617951551926,17.748958933664213,0.3395177737806156,100
5,263,26137,0.3395177737806156,3.0654856384098657,17.646385851961305,0.3395177737806156,100
5,264,26236,0.3395177737806156,3.1636838166769023,14.571010330529395,0.3395177737806156,100
5,265,26335,0.3395177737806156,3.005296127982203,23.725945095565972,0.3395177737806156,100
5,266,26434,0.3395177737806156,3.372911168040263,28.708805579698556,0.3395177737806156,100
5,267,26533,0.3395177737806156,1.9682018619937653,13.607556926198624,0.3395177737806156,100
5,268,26632,0.3395177737806156,2.7996505287906768,20.60228820835005,0.3395177737806156,100
5,269,26731,0.3395177737806156,3.1361619508253726,18.01937449567049,0.3395177737806156,100
5,270,26830,0.3395177737806156,3.254327121686298,29.110727544971105,0.3395177737806156,100
5,271,26929,0.3395177737806156,2.708712585183433,16.549404644563985,0.3395177737806156,100
5,272,27028,0.3395177737806156,3.11571504170717,28.15151537130319,0.3395177737806156,100
5,273,27127,0.3395177737806156,2.5899435243327336,14.03499649003027,0.3395177737806156,100
5,274,27226,0.3395177737806156,2.945272776402421,23.6495978325184,0.3395177737806156,100
5,275,27325,0.3395177737806156,3.502701725586866,26.955204958249745,0.3395177737806156,100
5,276,27424,0.3395177737806156,3.359580588884526,23.875644657833078,0.3395177737806156,100
5,277,27523,0.3395177737806156,2.784644779879027,19.651805509608753,0.3395177737806156,100
5,278,27622,0.3395177737806156,2.5670572286037516,13.868141864987326,0.3395177737806156,100
5,279,27721,0.3395177737806156,2.481597009419496,13.732409476513848,0.3395177737806156,100
5,280,27820,0.3395177737806156,2.5513665753313877,20.11232058790674,0.3395177737806156,100
5,281,27919,0.3395177737806156,3.9112674567998584,34.595958671248475,0.3395177737806156,100
5,282,28018,0.3395177737806156,3.033823388132155,22.323558060860933,0.3395177737806156,100
5,283,28117,0.3395177737806156,3.1985703599109025,22.478164592423408,0.3395177737806156,100
5,284,28216,0.3395177737806156,2.608608364442405,18.106268248253823,0.3395177737806156,100
5,285,28315,0.3395177737806156,2.8277720651544827,18.767531993099333,0.3395177737806156,100
5,286,28414,0.3395177737806156,3.11746746572782,17.948092361697892,0.3395177737806156,100
5,287,28513,0.3395177737806156,3.227079684602179,19.976427957617464,0.3395177737806156,100
5,288,28612,0.3395177737806156,2.9125954240739964,24.953945383440033,0.3395177737806156,100
5,289,28711,0.3395177737806156,3.277012622399415,21.487544975116432,0.3395177737806156,100
5,290,28810,0.3395177737806156,3.823502321346177,30.98673808023508,0.3395177737806156,100
5,291,28909,0.3395177737806156,3.212907636405231,24.413644950586363,0.3395177737806156,100
5,292,29008,0.3395177737806156,3.1033006152696725,24.65838287212816,0.3395177737806156,100
5,293,29107,0.3395177737806156,3.0807736373630394,21.995179595436728,0.3395177737806156,100
5,294,29206,0.3395177737806156,2.9639627800737447,20.28949734468549,0.3395177737806156,100
5,295,29305,0.3395177737806156,2.8415409946519374,23.409282189243168,0.3395177737806156,100
5,296,29404,0.3395177737806156,3.3366029672515913,25.036533439406625,0.3395177737806156,100
5,297,29503,0.3395177737806156,2.570706424288537,17.780736865565427,0.3395177737806156,100
5,298,29602,0.3395177737806156,2.2716715457403502,19.37814929485384,0.3395177737806156,100
5,299,29701,0.3395177737806156,2.7520859888773272,22.111247608322973,0.3395177737806156,100
5,300,29800,0.3395177737806156,3.6497855972303386,21.267856755238633,0.3395177737806156,100
5,301,29899,0.3395177737806156,2.713888131227315,17.749057793158947,0.3395177737806156,100
5,302,29998,0.3395177737806156,3.1581783828933494,23.829635009242306,0.3395177737806156,100
5,303,30097,0.3395177737806156,3.104230236448465,28.956572961550062,0.3395177737806156,100
5,304,30196,0.3395177737806156,3.226064006470651,41.524771174494695,0.3395177737806156,100
5,305,30295,0.3395177737806156,3.00184337705732,20.82248430651402,0.3395177737806156,100
5,306,30394,0.3395177737806156,3.1294082744339176,29.577258310633482,0.3395177737806156,100
5,307,30493,0.3395177737806156,2.9157775042688368,17.84394463878387,0.3395177737806156,100
5,308,30592,0.3395177737806156,2.6743068890632116,13.426428296649757,0.3395177737806156,100
5,309,30691,0.3395177737806156,2.8184144295173947,13.186164477944814,0.3395177737806156,100
5,310,30790,0.3395177737806156,3.443732927262035,18.82098597370198,0.3395177737806156,100
5,311,30889,0.3395177737806156,3.4131952327594295,50.96499879818445,0.3395177737806156,100
5,312,30988,0.3395177737806156,2.8962042132641916,23.766861086821155,0.3395177737806156,100
5,313,31087,0.3395177737806156,4.0394145657170935,23.527488244301303,0.3395177737806156,100
5,314,31186,0.3395177737806156,3.154905744228181,24.245934153191314,0.3395177737806156,100
5,315,31285,0.3395177737806156,2.7314623719698776,16.376130872744657,0.3395177737806156,100
5,316,31384,0.3395177737806156,2.850108733006433,18.475283240196937,0.3395177737806156,100
5,317,31483,0.3395177737806156,2.786882114111052,19.129184257486664,0.3395177737806156,100
5,318,31582,0.3395177737806156,3.5816018910846275,19.557414645697744,0.3395177737806156,100
5,319,31681,0.3395177737806156,2.0824496923863203,10.382486872950533,0.3395177737806156,100
5,320,31780,0.3395177737806156,2.9053949178586946,15.569418503594763,0.3395177737806156,100
5,321,31879,0.3395177737806156,2.5685544737388013,15.73866238228865,0.3395177737806156,100
5,322,31978,0.3395177737806156,3.3317408760970966,32.87706482754764,0.3395177737806156,100
5,323,32077,0.3395177737806156,4.268369250837592,40.755053562483646,0.3395177737806156,100
5,324,32176,0.3395177737806156,3.3044785797604352,27.958982924853633,0.3395177737806156,100
5,325,32275,0.3395177737806156,3.406821277601911,31.030322830426815,0.3395177737806156,100
5,326,32374,0.3395177737806156,3.016980307956339,25.951973803483597,0.3395177737806156,100
5,327,32473,0.3395177737806156,3.237550674833624,26.07295702849222,0.3395177737806156,100
5,328,32572,0.3395177737806156,2.874937385679991,16.928792143227128,0.3395177737806156,100
5,329,32671,0.3395177737806156,2.9485702998086922,21.262824968688935,0.3395177737806156,100
5,330,32770,0.3395177737806156,2.7397723510804446,26.257889601446408,0.3395177737806156,100
5,331,32869,0.3395177737806156,3.7477855760912733,21.533889905021276,0.3395177737806156,100
5,332,32968,0.3395177737806156,3.3202678320012136,25.84098249445286,0.3395177737806156,100
5,333,33067,0.3395177737806156,2.9953612714162294,21.571651065814265,0.3395177737806156,100
5,334,33166,0.3395177737806156,3.470132120074665,21.46714708745778,0.3395177737806156,100
5,335,33265,0.3395177737806156,2.7995788692679597,14.3334787978075,0.3395177737806156,100
5,336,33364,0.3395177737806156,3.02354493743141,19.296677687520397,0.3395177737806156,100
5,337,33463,0.3395177737806156,3.561735958947525,28.43953188374276,0.3395177737806156,100
5,338,33562,0.3395177737806156,3.457852187534407,19.348112190569147,0.3395177737806156,100
5,339,33661,0.3395177737806156,3.3134222721400963,16.235353586130664,0.3395177737806156,100
5,340,33760,0.3395177737806156,3.435665440325872,23.365892131477377,0.3395177737806156,100
5,341,33859,0.3395177737806156,3.265380495022887,42.76814193994368,0.3395177737806156,100
5,342,33958,0.3395177737806156,2.5570419314613937,25.245822509992383,0.3395177737806156,100
5,343,34057,0.3395177737806156,3.219673433713593,14.430733981623085,0.3395177737806156,100
5,344,34156,0.3395177737806156,3.165323581524197,37.28591442104696,0.3395177737806156,100
5,345,34255,0.3395177737806156,2.8814648507651164,18.131064108993165,0.3395177737806156,100
5,346,34354,0.3395177737806156,3.240441560883823,26.324349182768888,0.3395177737806156,100
5,347,34453,0.3395177737806156,2.766624232334094,21.678955441448114,0.3395177737806156,100
5,348,34552,0.3395177737806156,3.1909976910754683,27.034100392517324,0.3395177737806156,100
5,349,34651,0.3395177737806156,3.290267932495186,17.708864748323112,0.3395177737806156,100
5,350,34750,0.3395177737806156,2.951421029085805,20.146802233306936,0.3395177737806156,100
5,351,34849,0.3395177737806156,2.9959152097188793,14.967338687125041,0.3395177737806156,100
5,352,34948,0.3395177737806156,2.7448703306786317,13.4903899930194,0.3395177737806156,100
5,353,35047,0.3395177737806156,3.5139575829127745,20.14568535008172,0.3395177737806156,100
5,354,35146,0.3395177737806156,3.3251856559584967,20.96815678552274,0.3395177737806156,100
5,355,35245,0.3395177737806156,2.7639342464542933,23.267537096300494,0.3395177737806156,100
5,356,35344,0.3395177737806156,3.456954634577698,32.167821875847494,0.3395177737806156,100
5,357,35443,0.3395177737806156,3.1545990351729745,24.711933039990598,0.3395177737806156,100
5,358,35542,0.3395177737806156,3.0648015533997164,19.83287939771407,0.3395177737806156,100
5,359,35641,0.3395177737806156,2.566570691776267,13.597489620041207,0.3395177737806156,100
5,360,35740,0.3395177737806156,2.9779881330659452,16.806428412487275,0.3395177737806156,100
5,361,35839,0.3395177737806156,3.3118431265449817,41.069104137038345,0.3395177737806156,100
5,362,35938,0.3395177737806156,3.455914761595112,28.006799447228325,0.3395177737806156,100
5,363,36037,0.3395177737806156,2.7239150988587086,28.108034249829508,0.3395177737806156,100
5,364,36136,0.3395177737806156,2.493023043359732,19.07508069100886,0.3395177737806156,100
5,365,36235,0.3395177737806156,3.0684343963414897,16.64379268990966,0.3395177737806156,100
5,366,36334,0.3395177737806156,3.0535059056716745,25.91482011177742,0.3395177737806156,100
5,367,36433,0.3395177737806156,3.113031556281263,28.59067263824849,0.3395177737806156,100
5,368,36532,0.3395177737806156,2.7371149684567344,22.213273992793496,0.3395177737806156,100
5,369,36631,0.3395177737806156,3.350504622102787,27.426360355574595,0.3395177737806156,100
5,370,36730,0.3395177737806156,3.6107315494652785,26.36890512220789,0.3395177737806156,100
5,371,36829,0.3395177737806156,3.668747525073934,23.238039443203036,0.3395177737806156,100
5,372,36928,0.3395177737806156,3.051651536199756,37.33492472430122,0.3395177737806156,100
5,373,37027,0.3395177737806156,2.848393846196122,20.91577283395733,0.3395177737806156,100
5,374,37126,0.3395177737806156,2.9480504444037066,26.949575551432346,0.3395177737806156,100
5,375,37225,0.3395177737806156,2.7689985330780393,17.945236421029765,0.3395177737806156,100
5,376,37324,0.3395177737806156,3.0760912110639516,18.258963817211885,0.3395177737806156,100
5,377,37423,0.3395177737806156,2.9498153444205695,21.32017792534756,0.3395177737806156,100
5,378,37522,0.3395177737806156,3.3050216242423374,28.538244195930833,0.3395177737806156,100
5,379,37621,0.3395177737806156,3.098247134464178,14.409741090302516,0.3395177737806156,100
5,380,37720,0.3395177737806156,3.765155665202085,20.761912770967278,0.3395177737806156,100
5,381,37819,0.3395177737806156,3.6260387961072436,24.14555163357905,0.3395177737806156,100
5,382,37918,0.3395177737806156,2.545521087509659,13.164822707061933,0.3395177737806156,100
5,383,38017,0.3395177737806156,2.923690134492892,19.110851197755416,0.3395177737806156,100
5,384,38116,0.3395177737806156,2.974000885595897,20.30206983471175,0.3395177737806156,100
5,385,38215,0.3395177737806156,3.2859794288161597,26.983667340438707,0.3395177737806156,100
5,386,38314,0.3395177737806156,2.931181935084739,20.284404059914092,0.3395177737806156,100
5,387,38413,0.3395177737806156,2.7931995537354504,16.282162744972922,0.3395177737806156,100
5,388,38512,0.3395177737806156,3.0431389038600405,22.971168412373736,0.3395177737806156,100
5,389,38611,0.3395177737806156,3.8189383071070955,35.558496155295366,0.3395177737806156,100
5,390,38710,0.3395177737806156,3.183886463017744,20.25005966276514,0.3395177737806156,100
5,391,38809,0.3395177737806156,3.7201962020288373,36.93604275623306,0.3395177737806156,100
5,392,38908,0.3395177737806156,3.0017562200287218,28.45754208251385,0.3395177737806156,100
5,393,39007,0.3395177737806156,3.5507810369542607,26.406652050690404,0.3395177737806156,100
5,394,39106,0.3395177737806156,2.4728711714634324,17.537122874306505,0.3395177737806156,100
5,395,39205,0.3395177737806156,2.703803895656376,14.726074741601273,0.3395177737806156,100
5,396,39304,0.3395177737806156,2.673567324071284,22.338045973012306,0.3395177737806156,100
5,397,39403,0.3395177737806156,2.7925284829229047,21.297031312515596,0.3395177737806156,100
5,398,39502,0.3395177737806156,3.0804839494592318,21.463971550936673,0.3395177737806156,100
5,399,39601,0.3395177737806156,3.717171197808134,28.998716493905288,0.3395177737806156,100
5,400,39700,0.3395177737806156,3.3991820409328195,23.95225153639133,0.3395177737806156,100
5,401,39799,0.3395177737806156,3.722191259687083,28.04610251587421,0.3395177737806156,100
5,402,39898,0.3395177737806156,2.6314693452665403,19.674194310929348,0.3395177737806156,100
5,403,39997,0.3395177737806156,2.9223598761006775,18.435049219561908,0.3395177737806156,100
5,404,40096,0.3395177737806156,3.8805823224860347,29.76112312377654,0.3395177737806156,100
5,405,40195,0.3395177737806156,2.4586945084610594,15.018896606184802,0.3395177737806156,100
5,406,40294,0.3395177737806156,3.7704598097676985,21.31459054680787,0.3395177737806156,100
5,407,40393,0.3395177737806156,3.0724543600215757,19.776172690678973,0.3395177737806156,100
5,408,40492,0.3395177737806156,2.3945867037090007,16.340305249557705,0.3395177737806156,100
5,409,40591,0.3395177737806156,3.411194181001085,23.984389071599942,0.3395177737806156,100
5,410,40690,0.3395177737806156,3.0972363225383073,20.206901189819117,0.3395177737806156,100
5,411,40789,0.3395177737806156,2.7195126768591784,21.97664108497924,0.3395177737806156,100
5,412,40888,0.3395177737806156,2.744238925336144,14.637805853752704,0.3395177737806156,100
5,413,40987,0.3395177737806156,3.2498624772167846,20.756137187581217,0.3395177737806156,100
5,414,41086,0.3395177737806156,2.821503025638628,14.961300709127244,0.3395177737806156,100
5,415,41185,0.3395177737806156,3.98704975678618,30.161836129332254,0.3395177737806156,100
5,416,41284,0.3395177737806156,3.4375598011263846,23.106962312197684,0.3395177737806156,100
5,417,41383,0.3395177737806156,3.1800294560621984,20.745296038565378,0.3395177737806156,100
5,418,41482,0.3395177737806156,3.147432094804032,22.02288518066055,0.3395177737806156,100
5,419,41581,0.3395177737806156,3.907410368467713,20.704771765983857,0.3395177737806156,100
5,420,41680,0.3395177737806156,2.985689803696017,18.305287596906837,0.3395177737806156,100
5,421,41779,0.3395177737806156,3.4566504009721912,19.606855192990192,0.3395177737806156,100
5,422,41878,0.3395177737806156,3.840667908686947,30.595876071357004,0.3395177737806156,100
5,423,41977,0.3395177737806156,3.2894398384730583,30.04771108943984,0.3395177737806156,100
5,424,42076,0.3395177737806156,2.668655552196967,11.567399199779192,0.3395177737806156,100
5,425,42175,0.3395177737806156,3.3451227780814334,21.146472386508712,0.3395177737806156,100
5,426,42274,0.3395177737806156,3.2803488581584133,17.125843970071188,0.3395177737806156,100
5,427,42373,0.3395177737806156,3.0079292851986437,14.587662620842101,0.3395177737806156,100
5,428,42472,0.3395177737806156,3.7662226801859013,21.854965477884736,0.3395177737806156,100
5,429,42571,0.3395177737806156,3.061577314183637,21.18344416738186,0.3395177737806156,100
5,430,42670,0.3395177737806156,3.5360807265070844,16.98344566303015,0.3395177737806156,100
5,431,42769,0.3395177737806156,2.9057123599503076,15.24684514812418,0.3395177737806156,100
5,432,42868,0.3395177737806156,2.9378981383514016,20.043528204724087,0.3395177737806156,100
5,433,42967,0.3395177737806156,3.5182166175393417,24.68900528796978,0.3395177737806156,100
5,434,43066,0.3395177737806156,2.899821268564204,16.955888971837002,0.3395177737806156,100
5,435,43165,0.3395177737806156,2.548348835712837,23.92018454761523,0.3395177737806156,100
5,436,43264,0.3395177737806156,3.806394753645569,25.77769713210485,0.3395177737806156,100
5,437,43363,0.3395177737806156,3.6672930375259494,34.82453533918851,0.3395177737806156,100
5,438,43462,0.3395177737806156,2.6396832389023457,13.017806523083944,0.3395177737806156,100
5,439,43561,0.3395177737806156,2.976592301836861,21.043099059624993,0.3395177737806156,100
5,440,43660,0.3395177737806156,2.723781332666683,11.7874718365166,0.3395177737806156,100
5,441,43759,0.3395177737806156,3.0562635741441087,25.937542145815733,0.3395177737806156,100
5,442,43858,0.3395177737806156,2.952000280401104,13.654394804584511,0.3395177737806156,100
5,443,43957,0.3395177737806156,3.4955601175602724,18.39427237622256,0.3395177737806156,100
5,444,44056,0.3395177737805258,2.684204343993696,14.605293723566131,0.3395177737805258,100
5,445,44155,0.3395177737805258,3.6242072078782575,25.070898112279593,0.3395177737805258,100
5,446,44254,0.3395177737805258,3.6530537575992605,31.601566284922264,0.3395177737805258,100
5,447,44353,0.3395177737805258,3.387255017180117,28.014463106504742,0.3395177737805258,100
5,448,44452,0.3395177737805258,2.7962142602855993,14.381370819122223,0.3395177737805258,100
5,449,44551,0.3395177737805258,3.2556943357417794,30.634605428729827,0.3395177737805258,100
5,450,44650,0.3395177737805258,3.795393438906922,38.362250866942716,0.3395177737805258,100
5,451,44749,0.3395177737805258,3.114495147680168,18.64939842379016,0.3395177737805258,100
5,452,44848,0.3395177737805258,2.8490083683535143,15.454500228077647,0.3395177737805258,100
5,453,44947,0.3395177737805258,2.401345087016554,14.087323530505493,0.3395177737805258,100
5,454,45046,0.3395177737805258,3.3674464358538465,30.382985293701953,0.3395177737805258,100
5,455,45145,0.3395177737805258,3.8069002439334567,26.157330015364856,0.3395177737805258,100
5,456,45244,0.3395177737805258,4.239852165659617,22.82869351073276,0.3395177737805258,100
5,457,45343,0.3395177737805258,3.7014861587105132,21.90048752523798,0.3395177737805258,100
5,458,45442,0.3395177737805258,2.936115529100166,12.800418276916451,0.3395177737805258,100
5,459,45541,0.3395177737805258,3.224304370482466,24.23746465921571,0.3395177737805258,100
5,460,45640,0.3395177737805258,3.563549917062632,18.11359827976174,0.3395177737805258,100
5,461,45739,0.3395177737805258,3.302947080123094,22.750726727029285,0.3395177737805258,100
5,462,45838,0.3395177737805258,3.269473559622946,21.4192539669066,0.3395177737805258,100
5,463,45937,0.3395177737805258,3.4701340551529745,24.94457412632425,0.3395177737805258,100
5,464,46036,0.3395177737805258,2.6600438866470064,15.574333375706921,0.3395177737805258,100
5,465,46135,0.3395177737805258,3.8231622595104113,25.610182957590972,0.3395177737805258,100
5,466,46234,0.3395177737805258,3.7928758114945795,29.056781986054382,0.3395177737805258,100
5,467,46333,0.3395177737805258,3.0298013848080547,31.09992757962569,0.3395177737805258,100
5,468,46432,0.3395177737805258,2.768643706908011,29.00495001191768,0.3395177737805258,100
5,469,46531,0.3395177737805258,3.1917205869009284,30.210645617692553,0.3395177737805258,100
5,470,46630,0.3395177737805258,3.432394655970881,21.256362750549645,0.3395177737805258,100
5,471,46729,0.3395177737805258,3.8529860035388452,34.40162997566915,0.3395177737805258,100
5,472,46828,0.3395177737805258,3.6772792459431334,23.46947607216063,0.3395177737805258,100
5,473,46927,0.3395177737805258,3.2971198393172942,29.123681133344586,0.3395177737805258,100
5,474,47026,0.3395177737805258,3.338844308578836,19.181717227513037,0.3395177737805258,100
5,475,47125,0.3395177737805258,3.8227882767371066,28.969966864009205,0.3395177737805258,100
5,476,47224,0.3395177737805258,2.6762071297934966,17.46213796919158,0.3395177737805258,100
5,477,47323,0.3395177737805258,4.007403220896188,37.26891569950224,0.3395177737805258,100
5,478,47422,0.3395177737805258,3.2430385427302797,24.75456650566342,0.3395177737805258,100
5,479,47521,0.3395177737805258,3.163565571926432,22.231700287552528,0.3395177737805258,100
5,480,47620,0.3395177737805258,3.3731126197093597,28.501016671916243,0.3395177737805258,100
5,481,47719,0.3395177737805258,3.3106295459514223,21.99000480644543,0.3395177737805258,100
5,482,47818,0.3395177737805258,2.806456045754753,15.134651609867221,0.3395177737805258,100
5,483,47917,0.3395177737805258,3.122927052664795,19.135877348715407,0.3395177737805258,100
5,484,48016,0.3395177737805258,3.8425398590895,30.5059782556711,0.3395177737805258,100
5,485,48115,0.3395177737805258,2.544269586110452,19.323866295233408,0.3395177737805258,100
5,486,48214,0.3395177737805258,2.5523000631309873,20.77771606723064,0.3395177737805258,100
5,487,48313,0.3395177737805258,3.3748355407521857,36.204140681148914,0.3395177737805258,100
5,488,48412,0.3395177737805258,3.757113107473417,31.457950773716984,0.3395177737805258,100
5,489,48511,0.3395177737805258,2.994776657414745,17.39042542061211,0.3395177737805258,100
5,490,48610,0.3395177737805258,3.115765332547093,21.99696797973688,0.3395177737805258,100
5,491,48709,0.3395177737805258,3.610904561333897,23.512531707321227,0.3395177737805258,100
5,492,48808,0.3395177737805258,3.8654127729084475,26.550729573401554,0.3395177737805258,100
5,493,48907,0.3395177737805258,3.0284536195281966,31.645806938981842,0.3395177737805258,100
5,494,49006,0.3395177737805258,3.537687984700301,30.687556581509714,0.3395177737805258,100
5,495,49105,0.3395177737805258,3.458156260695885,35.94322819103475,0.3395177737805258,100
5,496,49204,0.3395177737805258,3.2563433397572528,21.577446284166502,0.3395177737805258,100
5,497,49303,0.3395177737805258,3.6360213196876585,16.785672036159752,0.3395177737805258,100
5,498,49402,0.3395177737805258,2.709963354936801,18.51973301028331,0.3395177737805258,100
5,499,49501,0.3395177737805258,2.9666120375598855,17.398039601251064,0.3395177737805258,100
5,500,49600,0.3395177737805258,3.743942073675569,27.746111509803548,0.3395177737805258,100
5,501,49699,0.3395177737805258,2.6331426017082236,33.57741934613592,0.3395177737805258,100
5,502,49798,0.3395177737805258,2.7903304922389616,19.42539450516932,0.3395177737805258,100
5,503,49897,0.3395177737805258,2.8438876308002587,26.288844903682893,0.3395177737805258,100
5,504,49996,0.3395177737805258,2.9602037179691587,17.48104825400565,0.3395177737805258,100
5,505,50000,0.3395177737805258,2.6236960889696435,13.753558205666723,0.3395177737805258,100
6,0,100,209.61480999762955,577.0371379003373,989.5130155170054,209.61480999762955,100
6,1,199,82.88148218221457,298.459674691211,725.950977264955,82.88148218221457,100
6,2,298,24.79354251691345,132.2838592372906,239.98026615999112,24.79354251691345,100
6,3,397,12.066695605841621,61.89365023451537,154.49668074818985,12.066695605841621,100
6,4,496,3.1032909955117107,28.11029563955187,85.48689961103972,3.1032909955117107,100
6,5,595,2.1210698791245393,13.784239008027459,43.65429008082316,2.1210698791245393,100
6,6,694,0.7845965856160307,7.335538240108048,33.08838003406179,0.7845965856160307,100
6,7,793,0.6531676706171949,4.589774401941117,23.364316759339545,0.6531676706171949,100
6,8,892,0.5432032102642261,3.9317811310208204,28.126904984942794,0.5432032102642261,100
6,9,991,0.5126341875922857,4.572039088940758,37.739512948833095,0.5126341875922857,100
6,10,1090,0.5126341875922857,4.099965699303145,27.975559019779652,0.5126341875922857,100
6,11,1189,0.4818851262409936,4.481918400893831,29.889452528080724,0.4818851262409936,100
6,12,1288,0.4818851262409936,3.622953963864287,22.671623680516916,0.4818851262409936,100
6,13,1387,0.4818851262409936,4.164395570131818,32.4631516761922,0.4818851262409936,100
6,14,1486,0.4818851262409936,3.652755615233062,32.412085597936795,0.4818851262409936,100
6,15,1585,0.4818851262409936,3.1335234110852457,20.352433410256076,0.4818851262409936,100
6,16,1684,0.4818851262409936,2.841264370105531,18.45150664731944,0.4818851262409936,100
6,17,1783,0.4818851262409936,2.828231322864142,12.534219664853788,0.4818851262409936,100
6,18,1882,0.4818851262409936,4.063378723285176,20.887669448241848,0.4818851262409936,100
6,19,1981,0.4490009267224232,3.3974155843031797,21.067849020879944,0.4490009267224232,100
6,20,2080,0.4490009267224232,3.114564908047038,19.323045253103825,0.4490009267224232,100
6,21,2179,0.4490009267224232,3.1245674512421897,19.777585721269283,0.4490009267224232,100
6,22,2278,0.4490009267224232,2.6428989801713323,14.71300534981265,0.4490009267224232,100
6,23,2377,0.4490009267224232,3.275606109624869,23.64916249671952,0.4490009267224232,100
6,24,2476,0.4490009267224232,3.618942536707624,36.20731862450881,0.4490009267224232,100
6,25,2575,0.4490009267224232,3.6258323457651302,28.685996365256432,0.4490009267224232,100
6,26,2674,0.4490009267224232,3.495564128145105,29.459734581342232,0.4490009267224232,100
6,27,2773,0.4490009267224232,3.1072276687218796,27.629178994497597,0.4490009267224232,100
6,28,2872,0.4490009267224232,3.3804551140865944,25.08793455929503,0.4490009267224232,100
6,29,2971,0.4490009267224232,2.714906656243684,20.057554461979077,0.4490009267224232,100
6,30,3070,0.4490009267224232,2.6305157327692723,37.67337460304011,0.4490009267224232,100
6,31,3169,0.4490009267224232,3.3915145745167252,40.85236529347211,0.4490009267224232,100
6,32,3268,0.4490009267224232,3.5308593580437115,37.80701008550158,0.4490009267224232,100
6,33,3367,0.4490009267224232,3.569851601925206,28.070265230675957,0.4490009267224232,100
6,34,3466,0.4490009267224232,3.1473499423848654,16.964995282607802,0.4490009267224232,100
6,35,3565,0.4490009267224232,3.084989863547835,16.244837542868627,0.4490009267224232,100
6,36,3664,0.4490009267224232,3.3139128016281303,20.795199635906457,0.4490009267224232,100
6,37,3763,0.4490009267224232,3.0341555928564397,14.896695537404435,0.4490009267224232,100
6,38,3862,0.4490009267224232,3.634778661140633,27.245431421367453,0.4490009267224232,100
6,39,3961,0.4490009267224232,2.1901002505831935,16.301237424414907,0.4490009267224232,100
6,40,4060,0.4490009267224232,2.8577458112854686,19.051830085571357,0.4490009267224232,100
6,41,4159,0.4490009267224232,3.0966678354629664,20.483188815385127,0.4490009267224232,100
6,42,4258,0.4490009267224232,3.2510220706622777,22.84208121318844,0.4490009267224232,100
6,43,4357,0.4490009267224232,3.29760589770158,22.651226713160977,0.4490009267224232,100
6,44,4456,0.4490009267224232,3.0267155517232296,25.668931475240417,0.4490009267224232,100
6,45,4555,0.4490009267224232,2.892336662716352,22.44560123166167,0.4490009267224232,100
6,46,4654,0.4490009267224232,2.644559192414548,17.478586272024028,0.4490009267224232,100
6,47,4753,0.4490009267224232,3.2773316084889093,29.971195251662223,0.4490009267224232,100
6,48,4852,0.4490009267224232,2.823920437650575,30.231792225903096,0.4490009267224232,100
6,49,4951,0.4490009267224232,3.6304535209869386,23.81264885705923,0.4490009267224232,100
6,50,5050,0.4490009267224232,2.348350300863383,15.68907148518913,0.4490009267224232,100
6,51,5149,0.4490009267224232,3.137690468645776,16.140873285238353,0.4490009267224232,100
6,52,5248,0.4490009267224232,3.296425124829643,19.29042353390794,0.4490009267224232,100
6,53,5347,0.4490009267224232,3.6200769961922736,28.378571552870408,0.4490009267224232,100
6,54,5446,0.4490009267224232,2.773597314670365,15.700627393911784,0.4490009267224232,100
6,55,5545,0.4490009267224232,3.0898327764467024,21.019895263501624,0.4490009267224232,100
6,56,5644,0.4490009267224232,3.368229942513494,24.083833299446315,0.4490009267224232,100
6,57,5743,0.4490009267224232,3.268589667951604,29.042989447127887,0.4490009267224232,100
6,58,5842,0.4490009267224232,3.3411470080948096,38.26254531053772,0.4490009267224232,100
6,59,5941,0.4490009267224232,3.1735284653424736,25.996928415384556,0.4490009267224232,100
6,60,6040,0.4490009267224232,3.812389735813454,21.31678588542159,0.4490009267224232,100
6,61,6139,0.4490009267224232,3.113152663024749,14.574975661337517,0.4490009267224232,100
6,62,6238,0.4490009267224232,3.3250170260175356,41.070709254283315,0.4490009267224232,100
6,63,6337,0.4490009267224232,2.6483182378835153,22.40348579386497,0.4490009267224232,100
6,64,6436,0.4490009267224232,3.0177619011775176,18.914756253834685,0.4490009267224232,100
6,65,6535,0.4490009267224232,3.566365876131322,27.72122777533064,0.4490009267224232,100
6,66,6634,0.4490009267224232,4.021319684789816,28.47248096321623,0.4490009267224232,100
6,67,6733,0.4490009267224232,3.0574617458491384,20.19771972264373,0.4490009267224232,100
6,68,6832,0.4490009267224232,3.3998180346805196,28.103193308846887,0.4490009267224232,100
6,69,6931,0.4490009267224232,3.2845830129546534,16.3608237716037,0.4490009267224232,100
6,70,7030,0.4490009267224232,3.5470343321466027,21.122709294439183,0.4490009267224232,100
6,71,7129,0.4490009267224232,2.3692505061804634,18.31158140590689,0.4490009267224232,100
6,72,7228,0.4490009267224232,3.392521614639405,32.402564689010944,0.4490009267224232,100
6,73,7327,0.4490009267224232,2.8250250929698253,17.66367919554114,0.4490009267224232,100
6,74,7426,0.4490009267224232,2.343051018992578,13.779509338794709,0.4490009267224232,100
6,75,7525,0.4490009267224232,3.3976759668503265,24.572100728405136,0.4490009267224232,100
6,76,7624,0.4490009267224232,2.5214302932613917,22.96692964040292,0.4490009267224232,100
6,77,7723,0.4490009267224232,2.8714704051838185,25.16695499855249,0.4490009267224232,100
6,78,7822,0.4490009267224232,2.8602688527032796,27.626661355741415,0.4490009267224232,100
6,79,7921,0.4490009267224232,2.867676135974774,24.864084958390258,0.4490009267224232,100
6,80,8020,0.4490009267224232,2.9071085284431155,19.338295531304453,0.4490009267224232,100
6,81,8119,0.4490009267224232,2.946632148986742,21.189720644452294,0.4490009267224232,100
6,82,8218,0.4490009267224232,3.561808005088446,27.798384826077676,0.4490009267224232,100
6,83,8317,0.4490009267224232,2.990453588535416,22.675505808500017,0.4490009267224232,100
6,84,8416,0.4479010852913438,3.3745768354122445,21.654629881628072,0.4479010852913438,100
6,85,8515,0.4479010852913438,3.1132350108594293,15.95306386672652,0.4479010852913438,100
6,86,8614,0.4479010852913438,3.2133469890999584,13.548494160549746,0.4479010852913438,100
6,87,8713,0.4479010852913438,2.9225710593224927,28.00895231177434,0.4479010852913438,100
6,88,8812,0.4479010852913438,2.6900728260273654,21.959899855625476,0.4479010852913438,100
6,89,8911,0.4479010852913438,3.3259333159783013,31.83590925337178,0.4479010852913438,100
6,90,9010,0.4479010852913438,3.1090639879296327,22.143406681219826,0.4479010852913438,100
6,91,9109,0.4479010852913438,2.7357791073026734,16.87295679048256,0.4479010852913438,100
6,92,9208,0.4479010852913438,3.5568906125865665,36.01498170154234,0.4479010852913438,100
6,93,9307,0.4479010852913438,2.9655783763019814,20.913370301936517,0.4479010852913438,100
6,94,9406,0.4479010852913438,2.907116159869391,11.176079636451494,0.4479010852913438,100
6,95,9505,0.4479010852913438,3.2758159793370965,18.654181199566654,0.4479010852913438,100
6,96,9604,0.4479010852913438,2.673359597809078,19.406686144100046,0.4479010852913438,100
6,97,9703,0.4479010852913438,3.3301907477329262,16.687710447189897,0.4479010852913438,100
6,98,9802,0.4479010852913438,3.7787790085208304,23.350377141185348,0.4479010852913438,100
6,99,9901,0.4479010852913438,3.7745395535613984,30.55360383800044,0.4479010852913438,100
6,100,10000,0.405071980238529,2.7389634742510918,17.25171228088459,0.405071980238529,100
6,101,10099,0.405071980238529,3.5820267356491793,29.69011682237616,0.405071980238529,100
6,102,10198,0.405071980238529,3.794366693876614,36.738845815389645,0.405071980238529,100
6,103,10297,0.405071980238529,2.965610255387735,17.24674161144494,0.405071980238529,100
6,104,10396,0.405071980238529,2.7912600275733417,14.593143396868776,0.405071980238529,100
6,105,10495,0.405071980238529,3.3918710402697547,22.840853761378348,0.405071980238529,100
6,106,10594,0.405071980238529,2.996599285189796,16.574767742665244,0.405071980238529,100
6,107,10693,0.405071980238529,3.7271741351071928,26.46671136930652,0.405071980238529,100
6,108,10792,0.405071980238529,2.962801067442025,24.079626344949567,0.405071980238529,100
6,109,10891,0.405071980238529,2.9630841397843413,24.643854396971737,0.405071980238529,100
6,110,10990,0.405071980238529,3.52830885509474,17.84038598084556,0.405071980238529,100
6,111,11089,0.405071980238529,2.541105889375668,30.13945291440683,0.405071980238529,100
6,112,11188,0.405071980238529,3.476594964438249,15.210816807112096,0.405071980238529,100
6,113,11287,0.405071980238529,3.751392861984201,22.71731818882385,0.405071980238529,100
6,114,11386,0.405071980238529,3.432251495703551,23.42930118691647,0.405071980238529,100
6,115,11485,0.405071980238529,3.3544095536209135,20.33637291690507,0.405071980238529,100
6,116,11584,0.405071980238529,3.106999534703026,14.712726260388335,0.405071980238529,100
6,117,11683,0.405071980238529,3.3942276912018463,32.56050627758622,0.405071980238529,100
6,118,11782,0.405071980238529,3.299416101632222,20.56173464693013,0.405071980238529,100
6,119,11881,0.405071980238529,2.6561322006426793,23.253691069118165,0.405071980238529,100
6,120,11980,0.405071980238529,3.3214961078519925,26.454320810293734,0.405071980238529,100
6,121,12079,0.405071980238529,3.283300549033188,23.319364347115705,0.405071980238529,100
6,122,12178,0.405071980238529,3.498341519400091,42.39976145024239,0.405071980238529,100
6,123,12277,0.405071980238529,2.7092679390684733,32.97887461169619,0.405071980238529,100
6,124,12376,0.405071980238529,2.580783082248532,17.498184069731128,0.405071980238529,100
6,125,12475,0.405071980238529,2.701532683966343,19.086365236404237,0.405071980238529,100
6,126,12574,0.405071980238529,3.0649369892405196,19.781704216005046,0.405071980238529,100
6,127,12673,0.405071980238529,2.7936988376959615,23.239362343219298,0.405071980238529,100
6,128,12772,0.405071980238529,3.2472629362629175,20.51791793665681,0.405071980238529,100
6,129,12871,0.405071980238529,2.528889458941305,16.397860523559302,0.405071980238529,100
6,130,12970,0.405071980238529,3.0250802733757856,20.315542579401185,0.405071980238529,100
6,131,13069,0.405071980238529,3.4195050014656743,23.30227899534665,0.405071980238529,100
6,132,13168,0.405071980238529,2.2925954837959974,13.060260287335637,0.405071980238529,100
6,133,13267,0.405071980238529,2.7366376928253775,34.7145269808514,0.405071980238529,100
6,134,13366,0.405071980238529,2.862427489922793,24.474418948979583,0.405071980238529,100
6,135,13465,0.405071980238529,3.365992967078961,25.280490438646346,0.405071980238529,100
6,136,13564,0.405071980238529,2.718596659912693,25.492860025671124,0.405071980238529,100
6,137,13663,0.405071980238529,3.8473971837870113,25.069758543296476,0.405071980238529,100
6,138,13762,0.405071980238529,3.0858928668753163,16.87809245569267,0.405071980238529,100
6,139,13861,0.405071980238529,3.1788502575479085,18.92858088442262,0.405071980238529,100
6,140,13960,0.405071980238529,2.9916920961898943,21.47598137294409,0.405071980238529,100
6,141,14059,0.405071980238529,3.0837726255882942,24.98933987390342,0.405071980238529,100
6,142,14158,0.405071980238529,3.591838450591572,24.09524575860251,0.405071980238529,100
6,143,14257,0.405071980238529,3.5365189763828098,26.685112996387414,0.405071980238529,100
6,144,14356,0.405071980238529,2.716886992249639,21.64811627912356,0.405071980238529,100
6,145,14455,0.405071980238529,3.470965184124463,31.926766883190417,0.405071980238529,100
6,146,14554,0.405071980238529,3.2135318624949694,29.063253085171574,0.405071980238529,100
6,147,14653,0.405071980238529,3.628405907045112,20.031261112665067,0.405071980238529,100
6,148,14752,0.405071980238529,3.5973330533132644,38.20386225984405,0.405071980238529,100
6,149,14851,0.405071980238529,2.9331031465891413,17.123928783021142,0.405071980238529,100
6,150,14950,0.405071980238529,3.176331633570209,24.395488664875362,0.405071980238529,100
6,151,15049,0.405071980238529,3.9683778883022502,24.494459200418234,0.405071980238529,100
6,152,15148,0.405071980238529,3.333032813417114,39.53991976740343,0.405071980238529,100
6,153,15247,0.405071980238529,3.6486599780662163,22.037388451543425,0.405071980238529,100
6,154,15346,0.405071980238529,3.109820488716949,18.881747686110963,0.405071980238529,100
6,155,15445,0.405071980238529,3.011938912717024,26.043442056400384,0.405071980238529,100
6,156,15544,0.405071980238529,3.4027271865489315,18.79575446913403,0.405071980238529,100
6,157,15643,0.405071980238529,3.0545577422147705,37.11222974076441,0.405071980238529,100
6,158,15742,0.405071980238529,2.793084939940067,19.251944661297426,0.405071980238529,100
6,159,15841,0.405071980238529,2.9456369698009137,16.033038617903763,0.405071980238529,100
6,160,15940,0.405071980238529,4.1686500280282335,22.269798960495653,0.405071980238529,100
6,161,16039,0.405071980238529,2.433261113966961,19.198053165839877,0.405071980238529,100
6,162,16138,0.405071980238529,3.104249382025312,23.66429385443396,0.405071980238529,100
6,163,16237,0.405071980238529,3.4605174576361653,24.20891217608662,0.405071980238529,100
6,164,16336,0.405071980238529,3.096021292185077,19.13680281868708,0.405071980238529,100
6,165,16435,0.405071980238529,3.37155992037516,35.12345114938805,0.405071980238529,100
6,166,16534,0.405071980238529,2.7149612970658974,14.735833117434602,0.405071980238529,100
6,167,16633,0.405071980238529,2.9827716812100133,25.970321825249464,0.405071980238529,100
6,168,16732,0.405071980238529,3.295209765624037,19.535190026265898,0.405071980238529,100
6,169,16831,0.405071980238529,3.187495968787078,20.04601790761354,0.405071980238529,100
6,170,16930,0.405071980238529,3.165258899869022,24.116296021260652,0.405071980238529,100
6,171,17029,0.405071980238529,3.500318963912672,28.583156390626673,0.405071980238529,100
6,172,17128,0.405071980238529,3.8654304148436647,30.05119847250001,0.405071980238529,100
6,173,17227,0.405071980238529,3.0955407479401553,25.643876080974977,0.405071980238529,100
6,174,17326,0.405071980238529,3.2188301770523875,20.932304085057467,0.405071980238529,100
6,175,17425,0.405071980238529,3.1765465326270625,18.342310547689298,0.405071980238529,100
6,176,17524,0.405071980238529,2.4716127868021145,19.976543731545615,0.405071980238529,100
6,177,17623,0.405071980238529,3.7990397948348558,24.80767147761014,0.405071980238529,100
6,178,17722,0.405071980238529,3.528734578915831,22.379308571888007,0.405071980238529,100
6,179,17821,0.405071980238529,3.585584774663411,29.07969365761443,0.405071980238529,100
6,180,17920,0.405071980238529,2.9358257239816488,21.868289687765927,0.405071980238529,100
6,181,18019,0.405071980238529,3.322713866124475,23.145821401437047,0.405071980238529,100
6,182,18118,0.405071980238529,2.756715969366851,24.928699868872506,0.405071980238529,100
6,183,18217,0.405071980238529,3.06146021187572,24.430343720589693,0.405071980238529,100
6,184,18316,0.405071980238529,3.327837885748644,24.720654081526938,0.405071980238529,100
6,185,18415,0.405071980238529,3.22579855734904,18.571822519216404,0.405071980238529,100
6,186,18514,0.405071980238529,3.826026720549212,28.90376011971648,0.405071980238529,100
6,187,18613,0.405071980238529,3.7354653886941667,31.0745786491371,0.405071980238529,100
6,188,18712,0.405071980238529,3.981835418647839,28.686580936486,0.405071980238529,100
6,189,18811,0.405071980238529,3.498475727050994,16.57901155728935,0.405071980238529,100
6,190,18910,0.405071980238529,3.0007694813973718,26.094607904290644,0.405071980238529,100
6,191,19009,0.405071980238529,2.5500660418565597,15.66323784287391,0.405071980238529,100
6,192,19108,0.405071980238529,2.773716024836824,12.554462026004975,0.405071980238529,100
6,193,19207,0.405071980238529,2.765213835743678,26.959286736691396,0.405071980238529,100
6,194,19306,0.405071980238529,3.4756446135368098,18.768254148806026,0.405071980238529,100
6,195,19405,0.405071980238529,3.2013331894159847,32.91682568742629,0.405071980238529,100
6,196,19504,0.405071980238529,2.8906770641426784,20.02943877655374,0.405071980238529,100
6,197,19603,0.405071980238529,3.6912467640492106,21.046862589956554,0.405071980238529,100
6,198,19702,0.405071980238529,2.6900901635208747,15.27816060210042,0.405071980238529,100
6,199,19801,0.405071980238529,3.352269897852336,23.821948952447045,0.405071980238529,100
6,200,19900,0.405071980238529,3.134964633154816,16.94599007607627,0.405071980238529,100
6,201,19999,0.405071980238529,3.7381835138896635,30.63318626136922,0.405071980238529,100
6,202,20098,0.405071980238529,3.6345907099565387,23.379160741724363,0.405071980238529,100
6,203,20197,0.405071980238529,2.837937538799153,13.251626376523237,0.405071980238529,100
6,204,20296,0.405071980238529,3.7308085171962584,23.711102254523816,0.405071980238529,100
6,205,20395,0.405071980238529,2.9395701276424613,26.625165102660727,0.405071980238529,100
6,206,20494,0.405071980238529,2.479466817898539,17.21627835161084,0.405071980238529,100
6,207,20593,0.405071980238529,2.697639260124877,30.05059291064289,0.405071980238529,100
6,208,20692,0.405071980238529,2.6867049100508007,24.881206434504957,0.405071980238529,100
6,209,20791,0.405071980238529,3.2700461261515676,18.017638294439983,0.405071980238529,100
6,210,20890,0.405071980238529,2.995378779339193,26.875538429263734,0.405071980238529,100
6,211,20989,0.405071980238529,3.318080913832614,16.641924578168283,0.405071980238529,100
6,212,21088,0.405071980238529,3.037177602608581,23.523333016090458,0.405071980238529,100
6,213,21187,0.405071980238529,2.8980586510154116,16.85720433446038,0.405071980238529,100
6,214,21286,0.405071980238529,3.083392512468517,33.98672863106651,0.405071980238529,100
6,215,21385,0.405071980238529,2.805555309022281,23.513011765635834,0.405071980238529,100
6,216,21484,0.405071980238529,2.925943512304977,22.2789223267482,0.405071980238529,100
6,217,21583,0.405071980238529,3.4426221560010117,24.84408483898362,0.405071980238529,100
6,218,21682,0.405071980238529,2.441877360193998,15.488932692695162,0.405071980238529,100
6,219,21781,0.405071980238529,3.345318673948311,24.120642457599562,0.405071980238529,100
6,220,21880,0.405071980238529,2.411731116334783,13.190828581641927,0.405071980238529,100
6,221,21979,0.3530126305145227,2.610433487088719,13.838546916195474,0.3530126305145227,100
6,222,22078,0.3530126305145227,3.2216896029389646,22.4449418577005,0.3530126305145227,100
6,223,22177,0.3530126305145227,3.322059983992827,23.54332323515176,0.3530126305145227,100
6,224,22276,0.3530126305145227,3.059882701186362,25.132575950721876,0.3530126305145227,100
6,225,22375,0.3530126305145227,2.3137280943584595,12.016507429849742,0.3530126305145227,100
6,226,22474,0.3530126305145227,3.1412904144650726,21.177384816476476,0.3530126305145227,100
6,227,22573,0.3530126305145227,2.951846471424167,22.382079189761665,0.3530126305145227,100
6,228,22672,0.3530126305145227,2.9819367956894025,22.71828645700807,0.3530126305145227,100
6,229,22771,0.3530126305145227,2.975095055000894,19.50203906394954,0.3530126305145227,100
6,230,22870,0.3530126305145227,3.5751516442400053,26.568380891850424,0.3530126305145227,100
6,231,22969,0.3530126305145227,3.7363819949145394,33.15615227444085,0.3530126305145227,100
6,232,23068,0.3530126305145227,2.6326442518217554,21.609272950179218,0.3530126305145227,100
6,233,23167,0.3530126305145227,3.2564065269720066,20.075901027038988,0.3530126305145227,100
6,234,23266,0.3530126305145227,3.145114844959297,19.643493903163534,0.3530126305145227,100
6,235,23365,0.3530126305145227,2.2829861360765555,18.45240257396176,0.3530126305145227,100
6,236,23464,0.3530126305145227,3.1310059655174225,17.82919741488428,0.3530126305145227,100
6,237,23563,0.3530126305145227,3.2101392192899105,24.0932916823572,0.3530126305145227,100
6,238,23662,0.3530126305145227,3.1994944932355196,31.264893060208493,0.3530126305145227,100
6,239,23761,0.3530126305145227,2.541174557932946,18.76638362227385,0.3530126305145227,100
6,240,23860,0.3530126305145227,3.5891056389818625,23.901723751321217,0.3530126305145227,100
6,241,23959,0.3530126305145227,2.91583146760318,15.566447980227169,0.3530126305145227,100
6,242,24058,0.3530126305145227,2.3546155039483314,12.284850598022874,0.3530126305145227,100
6,243,24157,0.3530126305145227,3.028909621958631,26.7932790933442,0.3530126305145227,100
6,244,24256,0.3530126305145227,2.6758543804759256,14.105382407041736,0.3530126305145227,100
6,245,24355,0.3530126305145227,3.4903213597056966,21.30417786213874,0.3530126305145227,100
6,246,24454,0.3530126305145227,3.0665245502877,20.488378758218406,0.3530126305145227,100
6,247,24553,0.3530126305145227,2.2731353952629414,12.12052156993788,0.3530126305145227,100
6,248,24652,0.3530126305145227,2.4261044526253217,15.687826409805954,0.3530126305145227,100
6,249,24751,0.3530126305145227,3.165115964873296,18.82649388794726,0.3530126305145227,100
6,250,24850,0.3530126305145227,3.030578680278456,18.563072575601737,0.3530126305145227,100
6,251,24949,0.3530126305145227,3.542367761439654,22.057788484671846,0.3530126305145227,100
6,252,25048,0.3530126305145227,3.317332259877191,26.193085194584103,0.3530126305145227,100
6,253,25147,0.3530126305145227,3.4981548493633885,30.887083195555153,0.3530126305145227,100
6,254,25246,0.3530126305145227,2.917569633616635,20.59823550461332,0.3530126305145227,100
6,255,25345,0.3530126305145227,2.538151339375291,15.36334704182771,0.3530126305145227,100
6,256,25444,0.3530126305145227,3.136743594522863,16.906075282134818,0.3530126305145227,100
6,257,25543,0.3530126305145227,3.0682250635640727,19.959033898409636,0.3530126305145227,100
6,258,25642,0.3530126305145227,3.1456831337357247,15.186322243383348,0.3530126305145227,100
6,259,25741,0.3530126305145227,3.024261978104389,22.24958330465848,0.3530126305145227,100
6,260,25840,0.3530126305145227,3.8903761995392974,28.678870805999118,0.3530126305145227,100
6,261,25939,0.3530126305145227,3.3622441393611733,27.843294397557443,0.3530126305145227,100
6,262,26038,0.3530126305145227,2.564615322338503,25.952649964149593,0.3530126305145227,100
6,263,26137,0.3530126305145227,3.352134653075725,38.934497467523364,0.3530126305145227,100
6,264,26236,0.3530126305145227,3.4008077339885188,26.04539521440962,0.3530126305145227,100
6,265,26335,0.3530126305145227,3.126540626700465,16.95320980414141,0.3530126305145227,100
6,266,26434,0.3530126305145227,3.203335545839059,21.373091034584604,0.3530126305145227,100
6,267,26533,0.3530126305145227,3.1586419358867146,22.236056255634967,0.3530126305145227,100
6,268,26632,0.3530126305145227,3.363996305527581,24.71986341010022,0.3530126305145227,100
6,269,26731,0.3530126305145227,3.4224507705671527,22.975685363359023,0.3530126305145227,100
6,270,26830,0.3530126305145227,3.8571996584674633,35.52680912924698,0.3530126305145227,100
6,271,26929,0.3530126305145227,3.7014670518129007,40.820196470549384,0.3530126305145227,100
6,272,27028,0.3530126305145227,3.0614990583774304,30.173841376604276,0.3530126305145227,100
6,273,27127,0.3530126305145227,2.407956982087589,18.264710352993056,0.3530126305145227,100
6,274,27226,0.3530126305145227,3.6171310575996216,27.724577281781315,0.3530126305145227,100
6,275,27325,0.3530126305145227,3.197723350004221,20.861002254751174,0.3530126305145227,100
6,276,27424,0.3530126305145227,2.593028881583065,12.583891072409465,0.3530126305145227,100
6,277,27523,0.3530126305145227,3.5530904173288893,21.65633256740045,0.3530126305145227,100
6,278,27622,0.3530126305145227,3.6326301972427184,21.648601611094215,0.3530126305145227,100
6,279,27721,0.3530126305145227,3.09143645252476,16.84325801558384,0.3530126305145227,100
6,280,27820,0.3530126305145227,3.460275602774114,25.950073393576496,0.3530126305145227,100
6,281,27919,0.3530126305145227,2.3279190055221957,21.529588766400202,0.3530126305145227,100
6,282,28018,0.3530126305145227,2.5210027125515917,22.8904118049716,0.3530126305145227,100
6,283,28117,0.3530126305145227,2.5424991511118082,22.915553824291123,0.3530126305145227,100
6,284,28216,0.3530126305145227,3.33230054452055,20.728863578552314,0.3530126305145227,100
6,285,28315,0.3530126305145227,3.241803267403727,15.419581134845682,0.3530126305145227,100
6,286,28414,0.3530126305145227,3.5395381471635132,21.25668758921134,0.3530126305145227,100
6,287,28513,0.3530126305145227,3.235506620219886,19.773046571657066,0.3530126305145227,100
6,288,28612,0.3530126305145227,3.0746752325990236,17.531150600915225,0.3530126305145227,100
6,289,28711,0.3530126305145227,3.336075349758655,23.34274385932274,0.3530126305145227,100
6,290,28810,0.3530126305145227,3.0336612140371284,31.352598800495738,0.3530126305145227,100
6,291,28909,0.3530126305145227,2.807992217876696,27.63060390775763,0.3530126305145227,100
6,292,29008,0.3530126305145227,2.541475752303662,22.609037974140858,0.3530126305145227,100
6,293,29107,0.3530126305145227,2.7293928562018523,14.814600901505742,0.3530126305145227,100
6,294,29206,0.3530126305145227,2.7797855001646945,13.330194122681375,0.3530126305145227,100
6,295,29305,0.3530126305145227,3.2978285625683106,22.18518195235506,0.3530126305145227,100
6,296,29404,0.3530126305145227,2.9403736165264003,28.065095021618227,0.3530126305145227,100
6,297,29503,0.3530126305145227,2.7550190194876945,18.51623804666814,0.3530126305145227,100
6,298,29602,0.3530126305145227,2.6092272928815357,16.6104219805437,0.3530126305145227,100
6,299,29701,0.3530126305145227,2.359055954079846,20.589178518194856,0.3530126305145227,100
6,300,29800,0.3530126305145227,2.986825525758949,25.09253061968652,0.3530126305145227,100
6,301,29899,0.3530126305145227,3.035682534152756,19.157208771231794,0.3530126305145227,100
6,302,29998,0.3530126305145227,3.3053639814381457,23.802462048071003,0.3530126305145227,100
6,303,30097,0.3530126305145227,3.754728377446381,24.547220531471,0.3530126305145227,100
6,304,30196,0.3530126305145227,3.3498720183218524,22.642029711014832,0.3530126305145227,100
6,305,30295,0.3530126305145227,3.190769306326897,19.536028781926767,0.3530126305145227,100
6,306,30394,0.3530126305145227,3.5625174139302773,25.623533364766686,0.3530126305145227,100
6,307,30493,0.3530126305145227,3.22982405265346,25.14271348713645,0.3530126305145227,100
6,308,30592,0.3530126305145227,2.9481320157832283,34.84428320222542,0.3530126305145227,100
6,309,30691,0.3530126305145227,2.985797389489215,19.72292945512324,0.3530126305145227,100
6,310,30790,0.3530126305145227,3.197519794258767,14.267527531303008,0.3530126305145227,100
6,311,30889,0.3530126305145227,3.2368300509094445,25.094776676311856,0.3530126305145227,100
6,312,30988,0.3530126305145227,2.9511907498412047,35.0345976954063,0.3530126305145227,100
6,313,31087,0.3530126305145227,3.1311618585827734,20.501429503005063,0.3530126305145227,100
6,314,31186,0.3530126305145227,3.578351363528631,19.823116576801414,0.3530126305145227,100
6,315,31285,0.3530126305145227,3.339189058931639,18.228487707580943,0.3530126305145227,100
6,316,31384,0.3530126305145227,3.5709868527843,26.030028788337667,0.3530126305145227,100
6,317,31483,0.3530126305145227,3.254825376498774,19.135595005089833,0.3530126305145227,100
6,318,31582,0.3530126305145227,2.8619437966568166,25.549771869350298,0.3530126305145227,100
6,319,31681,0.3530126305145227,2.8812104536760526,21.407852900706942,0.3530126305145227,100
6,320,31780,0.3530126305145227,2.9779666107030724,21.856504296129458,0.3530126305145227,100
6,321,31879,0.3530126305145227,2.5295117183338034,26.03948630489794,0.3530126305145227,100
6,322,31978,0.3530126305145227,3.577365069354414,23.566684858601487,0.3530126305145227,100
6,323,32077,0.3530126305145227,2.8101851178351596,16.995765383117924,0.3530126305145227,100
6,324,32176,0.3530126305145227,2.83874902946138,19.882724781490534,0.3530126305145227,100
6,325,32275,0.3530126305145227,3.279381437198166,18.475344627663254,0.3530126305145227,100
6,326,32374,0.3530126305145227,3.266943804872744,23.063628411193786,0.3530126305145227,100
6,327,32473,0.3530126305145227,2.7403932771641575,34.73896242862906,0.3530126305145227,100
6,328,32572,0.3530126305145227,3.0503283430036805,23.151005890681823,0.3530126305145227,100
6,329,32671,0.3530126305145227,3.572245370103427,29.719456146587664,0.3530126305145227,100
6,330,32770,0.3530126305145227,2.8227804331402497,19.58821003318379,0.3530126305145227,100
6,331,32869,0.3530126305145227,2.1429958518396854,12.875363978293315,0.3530126305145227,100
6,332,32968,0.3530126305145227,2.917980238343597,22.849582529592407,0.3530126305145227,100
6,333,33067,0.3530126305145227,3.156099828333877,35.45578456436251,0.3530126305145227,100
6,334,33166,0.3530126305145227,2.8817062754435883,19.509325542908133,0.3530126305145227,100
6,335,33265,0.3530126305145227,3.188471875776764,17.773760176219376,0.3530126305145227,100
6,336,33364,0.3530126305145227,3.011728466766138,19.62664967495081,0.3530126305145227,100
6,337,33463,0.3530126305145227,3.278598240837649,26.125008834058164,0.3530126305145227,100
6,338,33562,0.3530126305145227,3.6795019685471626,33.136837331375034,0.3530126305145227,100
6,339,33661,0.3530126305145227,3.405314175134406,21.379083708355576,0.3530126305145227,100
6,340,33760,0.3530126305145227,3.2563981911506583,15.511390042635613,0.3530126305145227,100
6,341,33859,0.3530126305145227,3.900253751633492,23.55011567599439,0.3530126305145227,100
6,342,33958,0.3530126305145227,2.886277316964259,19.50106080598655,0.3530126305145227,100
6,343,34057,0.3530126305145227,3.2175583347745427,18.51182473451528,0.3530126305145227,100
6,344,34156,0.3530126305145227,2.84251385158627,14.512207274381575,0.3530126305145227,100
6,345,34255,0.3530126305145227,3.5154000726610493,20.897578883139953,0.3530126305145227,100
6,346,34354,0.3530126305145227,3.2138184093575797,19.09002682502478,0.3530126305145227,100
6,347,34453,0.3530126305145227,3.5727262215119793,23.544719248388066,0.3530126305145227,100
6,348,34552,0.3530126305145227,3.4857877674782674,15.363865029133452,0.3530126305145227,100
6,349,34651,0.3530126305145227,3.404946447586548,27.291497307082444,0.3530126305145227,100
6,350,34750,0.3530126305145227,3.519848304899779,19.148745201094492,0.3530126305145227,100
6,351,34849,0.3530126305145227,3.57334911181057,18.658984382520583,0.3530126305145227,100
6,352,34948,0.3530126305145227,3.5939706249106766,23.862066066418894,0.3530126305145227,100
6,353,35047,0.3530126305145227,2.863800515012781,16.97400684174977,0.3530126305145227,100
6,354,35146,0.3530126305145227,3.350532060821576,16.98200857664711,0.3530126305145227,100
6,355,35245,0.3530126305145227,3.66338170176262,21.85314492459711,0.3530126305145227,100
6,356,35344,0.3530126305145227,3.0533217494237177,24.67223045565848,0.3530126305145227,100
6,357,35443,0.3530126305145227,2.541298719762636,13.445158814870792,0.3530126305145227,100
6,358,35542,0.3530126305145227,2.2324474041511495,14.074463321483444,0.3530126305145227,100
6,359,35641,0.3530126305145227,2.8526715367127364,16.087745346936384,0.3530126305145227,100
6,360,35740,0.3530126305145227,2.606305817655634,16.91033311324133,0.3530126305145227,100
6,361,35839,0.3530126305145227,3.8945168301012405,37.1814192927673,0.3530126305145227,100
6,362,35938,0.3530126305145227,2.7766859078519754,18.509918843285362,0.3530126305145227,100
6,363,36037,0.3530126305145227,2.8139568333235854,42.510061522801294,0.3530126305145227,100
6,364,36136,0.3530126305145227,3.2849555878132617,23.420626763100454,0.3530126305145227,100
6,365,36235,0.3530126305145227,3.1038486064000206,25.678668574968746,0.3530126305145227,100
6,366,36334,0.3530126305145227,2.41149712024873,14.372354745245698,0.3530126305145227,100
6,367,36433,0.3530126305145227,3.185478135141186,25.22442663527649,0.3530126305145227,100
6,368,36532,0.3530126305145227,2.888516200052401,16.468132036581068,0.3530126305145227,100
6,369,36631,0.3530126305145227,2.683982537945564,14.496032628222508,0.3530126305145227,100
6,370,36730,0.3530126305145227,3.1701978414032697,19.436241531439826,0.3530126305145227,100
6,371,36829,0.3530126305145227,3.3729121224667376,25.26709302379127,0.3530126305145227,100
6,372,36928,0.3530126305145227,2.489996054706142,15.85765479651493,0.3530126305145227,100
6,373,37027,0.3530126305145227,2.1401347539230504,12.111399711404877,0.3530126305145227,100
6,374,37126,0.3530126305145227,3.2097635492774517,14.355236450846675,0.3530126305145227,100
6,375,37225,0.3530126305145227,2.9760850781323227,17.3833052605652,0.3530126305145227,100
6,376,37324,0.3530126305145227,3.097005642500053,22.84550721951104,0.3530126305145227,100
6,377,37423,0.3530126305145227,2.4998520448925734,25.743289641015423,0.3530126305145227,100
6,378,37522,0.3530126305145227,2.6739862477332794,19.089734103983098,0.3530126305145227,100
6,379,37621,0.3530126305145227,2.6504380335202704,25.524110231665215,0.3530126305145227,100
6,380,37720,0.3530126305145227,3.83043357092799,27.97205114944834,0.3530126305145227,100
6,381,37819,0.3530126305145227,2.584752111803312,14.146176194834851,0.3530126305145227,100
6,382,37918,0.3530126305145227,2.6715108100338667,17.559321015941396,0.3530126305145227,100
6,383,38017,0.3530126305145227,3.318897010324489,20.158682384265347,0.3530126305145227,100
6,384,38116,0.3530126305145227,3.2052276739294507,14.521009983655581,0.3530126305145227,100
6,385,38215,0.3530126305145227,3.7337844330503667,22.090125901229758,0.3530126305145227,100
6,386,38314,0.3530126305145227,3.5130691588618417,21.080393204533816,0.3530126305145227,100
6,387,38413,0.3530126305145227,3.0723734352652703,31.553551135612725,0.3530126305145227,100
6,388,38512,0.3530126305145227,3.1605899685803034,26.64916258845539,0.3530126305145227,100
6,389,38611,0.3530126305145227,4.22348186287196,57.71202802965964,0.3530126305145227,100
6,390,38710,0.3180174078182346,3.2202485347214043,27.333397527037842,0.3180174078182346,100
6,391,38809,0.3180174078182346,3.043222123213497,34.52459098727547,0.3180174078182346,100
6,392,38908,0.3180174078182346,2.9718391097373815,17.12561811602842,0.3180174078182346,100
6,393,39007,0.3180174078182346,2.8789373274203998,10.85298471252734,0.3180174078182346,100
6,394,39106,0.3180174078182346,2.7401937290496057,20.95063241616075,0.3180174078182346,100
6,395,39205,0.3180174078182346,3.258817805966966,34.57703506782496,0.3180174078182346,100
6,396,39304,0.3180174078182346,3.01178150664028,15.108339593856313,0.3180174078182346,100
6,397,39403,0.3180174078182346,3.067659296133,29.326269958242605,0.3180174078182346,100
6,398,39502,0.3180174078182346,2.8630544962342634,23.993766901645103,0.3180174078182346,100
6,399,39601,0.3180174078182346,2.973314297520977,18.058573578285152,0.3180174078182346,100
6,400,39700,0.3180174078182346,3.2794391338686864,13.767852792732937,0.3180174078182346,100
6,401,39799,0.3180174078182346,3.4787650075482204,31.86024890849478,0.3180174078182346,100
6,402,39898,0.3180174078182346,3.84445282950243,28.12351505179686,0.3180174078182346,100
6,403,39997,0.3180174078182346,3.454282986213359,23.411669533938838,0.3180174078182346,100
6,404,40096,0.3180174078182346,2.609987343745871,12.980434769527887,0.3180174078182346,100
6,405,40195,0.3180174078182346,3.5201049387445136,19.545333539843536,0.3180174078182346,100
6,406,40294,0.3180174078182346,3.6139374675102,21.00392192674631,0.3180174078182346,100
6,407,40393,0.3180174078182346,3.4255809245176176,23.147875862993395,0.3180174078182346,100
6,408,40492,0.3180174078182346,3.923048698281446,32.53733218573265,0.3180174078182346,100
6,409,40591,0.3180174078182346,2.9098281066068834,34.882467906549415,0.3180174078182346,100
6,410,40690,0.3180174078182346,2.1165382889241235,13.444829669289543,0.3180174078182346,100
6,411,40789,0.3180174078182346,2.688440834124577,18.356619806438424,0.3180174078182346,100
6,412,40888,0.3180174078182346,2.7998856303183417,20.41544638666715,0.3180174078182346,100
6,413,40987,0.3180174078182346,3.4735370216384154,37.9208374545955,0.3180174078182346,100
6,414,41086,0.3180174078182346,2.692161967708823,15.540499139266002,0.3180174078182346,100
6,415,41185,0.3180174078182346,2.9560867557150146,17.133302216994025,0.3180174078182346,100
6,416,41284,0.3180174078182346,3.160282313883749,24.06916673938908,0.3180174078182346,100
6,417,41383,0.3180174078182346,3.4394415239250553,20.211950060085286,0.3180174078182346,100
6,418,41482,0.3180174078182346,3.15385992789422,48.35785045364041,0.3180174078182346,100
6,419,41581,0.3180174078182346,3.2325258833190094,47.042481299230104,0.3180174078182346,100
6,420,41680,0.3180174078182346,2.861496075335237,28.841308810125575,0.3180174078182346,100
6,421,41779,0.3180174078182346,2.695671136447317,15.971270804065593,0.3180174078182346,100
6,422,41878,0.3180174078182346,3.037970969517979,18.281234830376718,0.3180174078182346,100
6,423,41977,0.3180174078182346,2.4767173179867616,13.91690323644039,0.3180174078182346,100
6,424,42076,0.3180174078182346,3.4650933535679913,23.532163527205533,0.3180174078182346,100
6,425,42175,0.3180174078182346,2.6399702723753733,14.004706954632013,0.3180174078182346,100
6,426,42274,0.3180174078182346,3.296617360759182,19.984106266471922,0.3180174078182346,100
6,427,42373,0.3180174078182346,2.4171099104254203,26.18785966460756,0.3180174078182346,100
6,428,42472,0.3180174078182346,3.0361024065087476,32.38009819784732,0.3180174078182346,100
6,429,42571,0.3180174078182346,2.7269295007084207,31.523072362675094,0.3180174078182346,100
6,430,42670,0.3180174078182346,3.593231601919245,46.7747351136642,0.3180174078182346,100
6,431,42769,0.3180174078182346,3.217368766968164,21.432441174414055,0.3180174078182346,100
6,432,42868,0.3180174078182346,2.8027451192495567,23.04547884371754,0.3180174078182346,100
6,433,42967,0.3180174078182346,3.1101605747700387,30.188252496335505,0.3180174078182346,100
6,434,43066,0.3180174078182346,3.0282446000014214,28.221501444880875,0.3180174078182346,100
6,435,43165,0.3180174078182346,3.0249015239885706,18.597472172449567,0.3180174078182346,100
6,436,43264,0.3180174078182346,3.263329499022498,40.5566114746785,0.3180174078182346,100
6,437,43363,0.3180174078182346,3.2077287965379635,21.98283242321334,0.3180174078182346,100
6,438,43462,0.3180174078182346,3.2249921265920882,31.97092856737503,0.3180174078182346,100
6,439,43561,0.3180174078182346,2.771584798649508,18.716831331713504,0.3180174078182346,100
6,440,43660,0.3180174078182346,3.3358363410862832,18.222863777331206,0.3180174078182346,100
6,441,43759,0.3180174078182346,3.1178206305315017,21.267039363714275,0.3180174078182346,100
6,442,43858,0.31801740781819327,3.4359588170098565,34.845048826777266,0.31801740781819327,100
6,443,43957,0.31801740781819327,2.8462478585182067,19.026934260072604,0.31801740781819327,100
6,444,44056,0.31801740781819327,3.0680657523049457,20.828030983849143,0.31801740781819327,100
6,445,44155,0.31801740781819327,3.8929819080004493,29.26091375300649,0.31801740781819327,100
6,446,44254,0.31801740781819327,2.6480742305437888,27.9038390724703,0.31801740781819327,100
6,447,44353,0.31801740781819327,2.850025802003147,22.627956926001335,0.31801740781819327,100
6,448,44452,0.31801740781819327,2.996127723234664,21.68268371983092,0.31801740781819327,100
6,449,44551,0.31801740781819327,3.1733107641987006,18.604798328403007,0.31801740781819327,100
6,450,44650,0.31801740781819327,3.6959351781225824,24.363715487393385,0.31801740781819327,100
6,451,44749,0.31801740781819327,2.943465453468511,23.219851654833874,0.31801740781819327,100
6,452,44848,0.31801740781819327,2.5819115688170022,15.885291126961807,0.31801740781819327,100
6,453,44947,0.31801740781819327,3.099607860424622,19.5226550961885,0.31801740781819327,100
6,454,45046,0.31801740781819327,2.701609124440143,17.49265643052965,0.31801740781819327,100
6,455,45145,0.31801740781819327,3.6938360642318333,20.835149454055887,0.31801740781819327,100
6,456,45244,0.31801740781819327,2.9987148067060865,20.42322028074993,0.31801740781819327,100
6,457,45343,0.31801740781819327,3.4740857899180595,27.748580190982256,0.31801740781819327,100
6,458,45442,0.31801740781819327,3.245545985645176,17.84211183303147,0.31801740781819327,100
6,459,45541,0.31801740781819327,2.496079685390048,18.954810441901625,0.31801740781819327,100
6,460,45640,0.31801740781819327,2.9747401052370055,20.965613287197424,0.31801740781819327,100
6,461,45739,0.31801740781819327,3.9749365988354772,25.61947275148767,0.31801740781819327,100
6,462,45838,0.31801740781819327,3.9721136187056665,22.970013999788684,0.31801740781819327,100
6,463,45937,0.31801740781819327,3.060060527607019,21.222970028613375,0.31801740781819327,100
6,464,46036,0.31801740781819327,2.9133768883081403,19.71084143399047,0.31801740781819327,100
6,465,46135,0.31801740781819327,2.894530903175637,19.191049974676158,0.31801740781819327,100
6,466,46234,0.31801740781819327,2.3391501237309744,19.09552168429172,0.31801740781819327,100
6,467,46333,0.31801740781819327,3.5382488163152255,22.522190296024824,0.31801740781819327,100
6,468,46432,0.31801740781819327,3.0871341694652075,18.556083443583177,0.31801740781819327,100
6,469,46531,0.31801740781819327,3.4537917536159033,28.96538914578328,0.31801740781819327,100
6,470,46630,0.31801740781819327,3.1947640674140643,15.501528758776605,0.31801740781819327,100
6,471,46729,0.31801740781819327,2.6794186763880896,20.305780991719644,0.31801740781819327,100
6,472,46828,0.31801740781819327,2.8917145256934393,16.734474821493116,0.31801740781819327,100
6,473,46927,0.31801740781819327,3.0467773786215058,28.90779844387956,0.31801740781819327,100
6,474,47026,0.31801740781819327,2.6429278124227467,15.22548355574266,0.31801740781819327,100
6,475,47125,0.31801740781819327,2.4323135821918913,15.314073601702766,0.31801740781819327,100
6,476,47224,0.31801740781819327,3.184244121892922,21.08888755249954,0.31801740781819327,100
6,477,47323,0.31801740781819327,2.953909665220969,19.31033572466148,0.31801740781819327,100
6,478,47422,0.31801740781819327,3.8612551853149215,31.43486274744067,0.31801740781819327,100
6,479,47521,0.31801740781819327,2.9108850094179166,23.61696048330793,0.31801740781819327,100
6,480,47620,0.31801740781819327,2.860829348389187,17.83566083552196,0.31801740781819327,100
6,481,47719,0.31801740781819327,3.0414239258498617,25.209485016678755,0.31801740781819327,100
6,482,47818,0.31801740781819327,3.254067050064517,27.190577898359614,0.31801740781819327,100
6,483,47917,0.31801740781819327,3.4849577362844055,23.85019923675492,0.31801740781819327,100
6,484,48016,0.31801740781819327,2.72278275002368,28.339510155103266,0.31801740781819327,100
6,485,48115,0.31801740781819327,2.745178646345388,19.08289171306231,0.31801740781819327,100
6,486,48214,0.31801740781819327,3.050757658999744,19.11538704297871,0.31801740781819327,100
6,487,48313,0.31801740781819327,2.8661088376683534,28.660321199309667,0.31801740781819327,100
6,488,48412,0.31801740781819327,3.31520104265312,20.273390942290696,0.31801740781819327,100
6,489,48511,0.31801740781819327,2.6336695869051714,15.124614787157691,0.31801740781819327,100
6,490,48610,0.31801740781819327,2.4643964822543594,28.934609598267695,0.31801740781819327,100
6,491,48709,0.31801740781819327,2.613742621296678,14.971567032347368,0.31801740781819327,100
6,492,48808,0.31801740781819327,2.582179550645728,14.124507489057994,0.31801740781819327,100
6,493,48907,0.31801740781819327,3.0373648021041864,26.339669958131807,0.31801740781819327,100
6,494,49006,0.31801740781819327,3.336434156877706,24.56976535339635,0.31801740781819327,100
6,495,49105,0.31801740781819327,3.5278973090102905,24.248708628322465,0.31801740781819327,100
6,496,49204,0.31801740781819327,2.1567267903296097,23.501113639674074,0.31801740781819327,100
6,497,49303,0.31801740781819327,3.6676761519315892,23.897886961808428,0.31801740781819327,100
6,498,49402,0.31801740781819327,3.0969127017335527,26.5067237003302,0.31801740781819327,100
6,499,49501,0.31801740781819327,2.735939455871512,14.745422118519212,0.31801740781819327,100
6,500,49600,0.31801740781819327,3.3731524530303756,29.0944148058647,0.31801740781819327,100
6,501,49699,0.31801740781819327,3.1516165666245444,19.90724307912901,0.31801740781819327,100
6,502,49798,0.31801740781819327,3.4952929163656057,21.47107029641734,0.31801740781819327,100
6,503,49897,0.31801740781819327,3.417844703760789,27.074536881058513,0.31801740781819327,100
6,504,49996,0.31801740781819327,3.8148322140783737,20.644139981490312,0.31801740781819327,100
6,505,50000,0.31801740781819327,3.183965525520755,13.731442150243362,0.31801740781819327,100
7,0,100,158.7830290527155,546.5572413778452,1036.915331764559,158.7830290527155,100
7,1,199,53.048818628696154,256.45445324171646,610.8415139540264,53.048818628696154,100
7,2,298,18.454306446601496,133.97997893376316,326.4108389686653,18.454306446601496,100
7,3,397,11.435961340656467,69.27182722183669,169.22806329801134,11.435961340656467,100
7,4,496,7.261546038400244,35.21637236073865,78.83493711389028,7.261546038400244,100
7,5,595,6.896294798737523,21.079511328027092,60.92316850054386,6.896294798737523,100
7,6,694,1.8168910970251995,12.20490745203187,52.83747455611885,1.8168910970251995,100
7,7,793,1.8168910970251995,7.432692277495516,26.858875164941587,1.8168910970251995,100
7,8,892,1.8168910970251995,5.792076318475019,18.517586656119775,1.8168910970251995,100
7,9,991,1.2356785000787491,4.678174346191978,18.02178552648822,1.2356785000787491,100
7,10,1090,0.9600987323003295,3.829043844952604,27.3798961624782,0.9600987323003295,100
7,11,1189,0.8572419107723164,4.937728996273235,20.514870468530194,0.8572419107723164,100
7,12,1288,0.7701651414611485,4.16875483023708,21.966704357270793,0.7701651414611485,100
7,13,1387,0.5996630209251496,3.3017486513620122,18.086644471516045,0.5996630209251496,100
7,14,1486,0.4532393210841158,3.082645265193372,15.247648564811472,0.4532393210841158,100
7,15,1585,0.4532393210841158,2.689410663926537,19.850065811228266,0.4532393210841158,100
7,16,1684,0.4532393210841158,3.44457800823486,23.62236243332537,0.4532393210841158,100
7,17,1783,0.4217563418817779,2.9319784389591144,19.488768204813894,0.4217563418817779,100
7,18,1882,0.4217563418817779,3.065440032051265,24.695370076367873,0.4217563418817779,100
7,19,1981,0.4217563418817779,3.7919988268460196,28.337214736302275,0.4217563418817779,100
7,20,2080,0.4217563418817779,3.6234682797291424,32.51757376640595,0.4217563418817779,100
7,21,2179,0.4217563418817779,2.328233600732907,15.185621422435794,0.4217563418817779,100
7,22,2278,0.4217563418817779,2.8927076982507014,24.528281209416587,0.4217563418817779,100
7,23,2377,0.4217563418817779,2.501028253109016,17.13205015102017,0.4217563418817779,100
7,24,2476,0.4217563418817779,3.442156125147203,22.095227683691345,0.4217563418817779,100
7,25,2575,0.4217563418817779,3.1711999475510453,17.048562182454596,0.4217563418817779,100
7,26,2674,0.4217563418817779,2.960702362145826,20.97060512019378,0.4217563418817779,100
7,27,2773,0.4217563418817779,3.237345474025172,21.56547366474457,0.4217563418817779,100
7,28,2872,0.4217563418817779,3.7970193139639132,25.225855305103575,0.4217563418817779,100
7,29,2971,0.4217563418817779,3.1889118958990594,17.227922736998277,0.4217563418817779,100
7,30,3070,0.4217563418817779,2.6287902495149407,17.932642664587718,0.4217563418817779,100
7,31,3169,0.4217563418817779,2.6986401435489697,32.90431358148581,0.4217563418817779,100
7,32,3268,0.4217563418817779,3.2119752229198792,18.02109036191426,0.4217563418817779,100
7,33,3367,0.4217563418817779,2.923068296959563,23.382384754764317,0.4217563418817779,100
7,34,3466,0.4217563418817779,3.069661484953519,22.504133105695217,0.4217563418817779,100
7,35,3565,0.4217563418817779,2.841372059524302,18.289141352764826,0.4217563418817779,100
7,36,3664,0.4217563418817779,2.4091656606180623,27.550431017841426,0.4217563418817779,100
7,37,3763,0.4217563418817779,2.8703702045003583,15.81066539091538,0.4217563418817779,100
7,38,3862,0.4217563418817779,3.6973771508910955,20.113168711099327,0.4217563418817779,100
7,39,3961,0.4217563418817779,3.1460323125074634,14.883802019578534,0.4217563418817779,100
7,40,4060,0.4217563418817779,2.588176530834797,10.580416001172694,0.4217563418817779,100
7,41,4159,0.4217563418817779,2.784668783595235,18.19282945051676,0.4217563418817779,100
7,42,4258,0.4217563418817779,2.481183698872451,20.768887963938585,0.4217563418817779,100
7,43,4357,0.4217563418817779,3.1222224013973023,16.797089663752896,0.4217563418817779,100
7,44,4456,0.4217563418817779,3.6114955161379267,26.062929019419986,0.4217563418817779,100
7,45,4555,0.4217563418817779,2.7415618849096033,16.216496161073575,0.4217563418817779,100
7,46,4654,0.4217563418817779,2.900060770473363,19.65601708619314,0.4217563418817779,100
7,47,4753,0.4217563418817779,3.9206195232714767,23.42384174151417,0.4217563418817779,100
7,48,4852,0.4217563418817779,3.082109764149333,29.40350699005159,0.4217563418817779,100
7,49,4951,0.4217563418817779,4.029627269439074,27.283898001351208,0.4217563418817779,100
7,50,5050,0.4217563418817779,2.7875632378461264,20.093430525617226,0.4217563418817779,100
7,51,5149,0.4217563418817779,3.424409242558002,24.193852289000468,0.4217563418817779,100
7,52,5248,0.4217563418817779,2.714352507660948,20.44102642661688,0.4217563418817779,100
7,53,5347,0.4217563418817779,3.3408499374074534,30.459155104894258,0.4217563418817779,100
7,54,5446,0.4217563418817779,3.604083359605127,22.369707107543004,0.4217563418817779,100
7,55,5545,0.4217563418817779,3.0716123346913333,28.840500759007668,0.4217563418817779,100
7,56,5644,0.4217563418817779,2.9011740052420714,21.274794102521945,0.4217563418817779,100
7,57,5743,0.4217563418817779,2.919234577832585,22.097875246282634,0.4217563418817779,100
7,58,5842,0.4217563418817779,3.0620577135287794,18.894077918029826,0.4217563418817779,100
7,59,5941,0.377319793871304,2.8021034669327696,21.968704005496235,0.377319793871304,100
7,60,6040,0.377319793871304,3.2282990918762016,21.930540063293268,0.377319793871304,100
7,61,6139,0.377319793871304,3.2692284514770282,14.79939355410167,0.377319793871304,100
7,62,6238,0.377319793871304,2.9058071376803754,32.07139309837905,0.377319793871304,100
7,63,6337,0.377319793871304,3.3079029987013855,22.67622558237133,0.377319793871304,100
7,64,6436,0.377319793871304,2.9723959896016083,16.452565411962382,0.377319793871304,100
7,65,6535,0.377319793871304,3.4027258987326103,19.294671466232806,0.377319793871304,100
7,66,6634,0.377319793871304,3.620617740111275,21.40745436784174,0.377319793871304,100
7,67,6733,0.377319793871304,4.157351331798,27.452465458669007,0.377319793871304,100
7,68,6832,0.377319793871304,3.322325294542675,15.754680607161028,0.377319793871304,100
7,69,6931,0.377319793871304,3.2351974975670834,28.357551124907314,0.377319793871304,100
7,70,7030,0.377319793871304,3.670264308075904,38.487683292772395,0.377319793871304,100
7,71,7129,0.377319793871304,2.881972191695092,22.315727885217285,0.377319793871304,100
7,72,7228,0.377319793871304,3.2373732877154766,22.13132462281581,0.377319793871304,100
7,73,7327,0.377319793871304,2.8445225691916693,20.104980532997043,0.377319793871304,100
7,74,7426,0.377319793871304,2.8022634854699704,18.032773318918622,0.377319793871304,100
7,75,7525,0.377319793871304,2.71536820282228,17.514519003145924,0.377319793871304,100
7,76,7624,0.377319793871304,3.188147400230185,17.73075406323019,0.377319793871304,100
7,77,7723,0.377319793871304,2.932762148345796,14.584520434165672,0.377319793871304,100
7,78,7822,0.377319793871304,2.483915185851048,15.874644111352358,0.377319793871304,100
7,79,7921,0.377319793871304,3.247568597687046,24.802933851016657,0.377319793871304,100
7,80,8020,0.377319793871304,2.9269183336999,16.34876430851649,0.377319793871304,100
7,81,8119,0.377319793871304,2.9820694095491045,37.81726268636785,0.377319793871304,100
7,82,8218,0.377319793871304,2.9569968188059432,18.917559527196666,0.377319793871304,100
7,83,8317,0.377319793871304,2.7241913516397447,18.47494571092585,0.377319793871304,100
7,84,8416,0.377319793871304,2.6018666120985086,15.523288756860053,0.377319793871304,100
7,85,8515,0.377319793871304,2.7562368894623863,16.401390656766814,0.377319793871304,100
7,86,8614,0.377319793871304,2.762822829666265,18.291241761316243,0.377319793871304,100
7,87,8713,0.377319793871304,2.716422393605642,19.896914407554327,0.377319793871304,100
7,88,8812,0.377319793871304,3.2111448210465254,26.752293194499575,0.377319793871304,100
7,89,8911,0.377319793871304,3.366766769389677,31.195775351240698,0.377319793871304,100
7,90,9010,0.377319793871304,2.7893840895349813,33.88490186023773,0.377319793871304,100
7,91,9109,0.377319793871304,3.2044120501627575,28.769150394962693,0.377319793871304,100
7,92,9208,0.377319793871304,3.5623209474243493,34.10846465573071,0.377319793871304,100
7,93,9307,0.377319793871304,1.9051056878866777,10.167968444090492,0.377319793871304,100
7,94,9406,0.377319793871304,2.486093172866007,15.130160043540172,0.377319793871304,100
7,95,9505,0.377319793871304,2.7028371730559337,18.541781031108343,0.377319793871304,100
7,96,9604,0.377319793871304,2.7437998928266127,19.336969919987535,0.377319793871304,100
7,97,9703,0.377319793871304,3.5417317915344655,26.477937627439257,0.377319793871304,100
7,98,9802,0.377319793871304,3.8624983885443562,31.50850451961794,0.377319793871304,100
7,99,9901,0.377319793871304,4.06622119472747,33.28120785683959,0.377319793871304,100
7,100,10000,0.377319793871304,2.8909619893887877,16.757718296162736,0.377319793871304,100
7,101,10099,0.377319793871304,3.1485192434987592,36.1385631523356,0.377319793871304,100
7,102,10198,0.377319793871304,2.6506372695859604,15.150219009867266,0.377319793871304,100
7,103,10297,0.377319793871304,3.207468702159963,19.650781872484714,0.377319793871304,100
7,104,10396,0.377319793871304,4.025665211219694,28.546466290244027,0.377319793871304,100
7,105,10495,0.377319793871304,3.005390057486293,18.19446826951491,0.377319793871304,100
7,106,10594,0.377319793871304,3.6645637494937158,31.162064356942253,0.377319793871304,100
7,107,10693,0.377319793871304,2.483462602516937,22.035156627428115,0.377319793871304,100
7,108,10792,0.377319793871304,3.363415952607768,23.419839198801082,0.377319793871304,100
7,109,10891,0.377319793871304,2.918059198179396,28.083335183442873,0.377319793871304,100
7,110,10990,0.377319793871304,3.3660696712999068,20.70408690895974,0.377319793871304,100
7,111,11089,0.377319793871304,2.950883811621477,27.76950649174164,0.377319793871304,100
7,112,11188,0.377319793871304,2.9151192197247955,14.250054694688778,0.377319793871304,100
7,113,11287,0.377319793871304,3.769434374747117,21.74417515800002,0.377319793871304,100
7,114,11386,0.377319793871304,3.480146611050861,33.86597243979036,0.377319793871304,100
7,115,11485,0.377319793871304,3.3195004814554356,43.384763176756174,0.377319793871304,100
7,116,11584,0.377319793871304,3.5811934396755043,20.122769903179428,0.377319793871304,100
7,117,11683,0.377319793871304,2.9781110160963125,18.628851256790742,0.377319793871304,100
7,118,11782,0.377319793871304,2.838393160698045,22.268976391485094,0.377319793871304,100
7,119,11881,0.377319793871304,2.8779706976833204,21.88207845408933,0.377319793871304,100
7,120,11980,0.377319793871304,3.588523243665755,36.794062877545564,0.377319793871304,100
7,121,12079,0.377319793871304,3.5848450411825055,16.723394191712757,0.377319793871304,100
7,122,12178,0.377319793871304,2.7742714332379603,18.36355347617917,0.377319793871304,100
7,123,12277,0.377319793871304,2.3647470948713316,16.04080907359734,0.377319793871304,100
7,124,12376,0.377319793871304,2.309906768235048,21.070810935268312,0.377319793871304,100
7,125,12475,0.377319793871304,3.0007406942107493,19.07490965826145,0.377319793871304,100
7,126,12574,0.377319793871304,3.25883979091022,19.57669384461513,0.377319793871304,100
7,127,12673,0.377319793871304,3.0799783969574697,19.084965941967937,0.377319793871304,100
7,128,12772,0.377319793871304,3.7950575424052544,22.82653015634002,0.377319793871304,100
7,129,12871,0.377319793871304,2.749089307648171,15.98627454290711,0.377319793871304,100
7,130,12970,0.377319793871304,3.1600491902664793,29.3432112039856,0.377319793871304,100
7,131,13069,0.377319793871304,2.945897256631497,23.9939657892311,0.377319793871304,100
7,132,13168,0.377319793871304,3.161238526127262,17.820403417018486,0.377319793871304,100
7,133,13267,0.377319793871304,2.9605168017191104,17.343174435866466,0.377319793871304,100
7,134,13366,0.377319793871304,3.5473349558990463,44.17702570303932,0.377319793871304,100
7,135,13465,0.377319793871304,3.083754304583797,22.60096739463348,0.377319793871304,100
7,136,13564,0.377319793871304,2.9454126804335248,17.0661661258445,0.377319793871304,100
7,137,13663,0.377319793871304,2.884238683639345,20.082504516599226,0.377319793871304,100
7,138,13762,0.377319793871304,2.971961978761661,16.630631956983915,0.377319793871304,100
7,139,13861,0.377319793871304,2.7032672102643813,13.56223354581402,0.377319793871304,100
7,140,13960,0.377319793871304,3.8199753878953975,23.71464727934267,0.377319793871304,100
7,141,14059,0.377319793871304,3.568459844126119,20.72645970244871,0.377319793871304,100
7,142,14158,0.377319793871304,2.9783197944378337,20.16138385901448,0.377319793871304,100
7,143,14257,0.377319793871304,2.9411996045386553,28.614406860934565,0.377319793871304,100
7,144,14356,0.377319793871304,3.0690498173087746,22.90681644039407,0.377319793871304,100
7,145,14455,0.377319793871304,4.125815753359601,48.0551516092653,0.377319793871304,100
7,146,14554,0.377319793871304,2.717111703503962,27.956191941727997,0.377319793871304,100
7,147,14653,0.377319793871304,3.4015616599531207,27.472866808453876,0.377319793871304,100
7,148,14752,0.377319793871304,3.9415948872562545,31.98092228692314,0.377319793871304,100
7,149,14851,0.377319793871304,2.5456426632267637,17.342749610171545,0.377319793871304,100
7,150,14950,0.377319793871304,3.3774238995591217,17.37161595242102,0.377319793871304,100
7,151,15049,0.377319793871304,2.553399699530544,14.201531094867992,0.377319793871304,100
7,152,15148,0.377319793871304,2.946564488547692,12.810667303248815,0.377319793871304,100
7,153,15247,0.377319793871304,2.7637435687176883,18.050647094318485,0.377319793871304,100
7,154,15346,0.377319793871304,2.2633521479250835,15.066765484015802,0.377319793871304,100
7,155,15445,0.377319793871304,3.789511872034349,28.208853563729313,0.377319793871304,100
7,156,15544,0.377319793871304,4.16991551888989,30.558108235801743,0.377319793871304,100
7,157,15643,0.377319793871304,4.186252576268031,23.863019741611517,0.377319793871304,100
7,158,15742,0.377319793871304,3.277190321293088,27.47098080808583,0.377319793871304,100
7,159,15841,0.377319793871304,3.2509559401787893,19.441386482082798,0.377319793871304,100
7,160,15940,0.377319793871304,3.7796933286490098,25.555597595197508,0.377319793871304,100
7,161,16039,0.377319793871304,3.0331245497047634,22.77901005460512,0.377319793871304,100
7,162,16138,0.377319793871304,2.448022435464692,23.826982406953235,0.377319793871304,100
7,163,16237,0.377319793871304,2.5040973474022032,20.741037524217575,0.377319793871304,100
7,164,16336,0.377319793871304,2.9814220415017094,28.90724288322658,0.377319793871304,100
7,165,16435,0.377319793871304,4.033168946249286,21.980268903916155,0.377319793871304,100
7,166,16534,0.377319793871304,3.2541484462259693,23.154151295770905,0.377319793871304,100
7,167,16633,0.377319793871304,2.6575240270437166,20.931148743076463,0.377319793871304,100
7,168,16732,0.377319793871304,2.6244732396276906,19.579044002406473,0.377319793871304,100
7,169,16831,0.377319793871304,2.3611142972611496,19.60163414909183,0.377319793871304,100
7,170,16930,0.377319793871304,3.3394065766528502,17.4031390075875,0.377319793871304,100
7,171,17029,0.377319793871304,2.695120722062203,12.817273381988802,0.377319793871304,100
7,172,17128,0.377319793871304,3.427019430671486,15.905702604525374,0.377319793871304,100
7,173,17227,0.377319793871304,2.428033696009453,23.896605004920605,0.377319793871304,100
7,174,17326,0.377319793871304,3.8667031962692193,41.45144617126665,0.377319793871304,100
7,175,17425,0.377319793871304,2.881181062707906,16.956627708544072,0.377319793871304,100
7,176,17524,0.377319793871304,4.265564908938252,30.337654412612334,0.377319793871304,100
7,177,17623,0.377319793871304,3.126630818244988,22.832977884555994,0.377319793871304,100
7,178,17722,0.377319793871304,3.080095358812946,28.68870476509042,0.377319793871304,100
7,179,17821,0.377319793871304,3.39279002914186,20.399426827680408,0.377319793871304,100
7,180,17920,0.377319793871304,3.139973855516597,17.56129410179587,0.377319793871304,100
7,181,18019,0.377319793871304,3.313958733996627,15.43348164469961,0.377319793871304,100
7,182,18118,0.377319793871304,3.1452828455168844,34.28892001280313,0.377319793871304,100
7,183,18217,0.377319793871304,3.003579755062664,17.86231411233922,0.377319793871304,100
7,184,18316,0.377319793871304,2.5607971286875517,28.480815003843748,0.377319793871304,100
7,185,18415,0.377319793871304,2.6212720306722614,22.254778854358733,0.377319793871304,100
7,186,18514,0.377319793871304,3.21420031110504,21.54735173486662,0.377319793871304,100
7,187,18613,0.377319793871304,2.5931995496301705,15.392149205671963,0.377319793871304,100
7,188,18712,0.377319793871304,3.205148518870055,25.3704365594328,0.377319793871304,100
7,189,18811,0.377319793871304,3.031597606756335,21.299793474156488,0.377319793871304,100
7,190,18910,0.377319793871304,2.7241833289394237,17.94435444659547,0.377319793871304,100
7,191,19009,0.377319793871304,3.0904512246015883,19.844152436040492,0.377319793871304,100
7,192,19108,0.377319793871304,2.8187569202939513,16.769138721754576,0.377319793871304,100
7,193,19207,0.377319793871304,3.815161350715063,38.68740076000975,0.377319793871304,100
7,194,19306,0.377319793871304,3.2593734357493385,23.04524478466272,0.377319793871304,100
7,195,19405,0.377319793871304,2.6929864168728392,10.778353280689469,0.377319793871304,100
7,196,19504,0.377319793871304,2.9738346290656925,27.218078996104992,0.377319793871304,100
7,197,19603,0.377319793871304,2.8761404045310757,22.382981805637126,0.377319793871304,100
7,198,19702,0.377319793871304,3.4681756311219725,22.330772094135202,0.377319793871304,100
7,199,19801,0.377319793871304,3.4039691874327587,24.309102197683234,0.377319793871304,100
7,200,19900,0.377319793871304,3.250340954602497,25.858564605153536,0.377319793871304,100
7,201,19999,0.377319793871304,2.331558492661168,21.864993313138143,0.377319793871304,100
7,202,20098,0.377319793871304,2.6977880847847477,14.169560668519152,0.377319793871304,100
7,203,20197,0.36356767135507884,3.295950472353109,35.58631952109233,0.36356767135507884,100
7,204,20296,0.36356767135507884,2.943895004149994,26.175581312646486,0.36356767135507884,100
7,205,20395,0.36356767135507884,2.9457674062060146,25.239099674128028,0.36356767135507884,100
7,206,20494,0.36356767135507884,2.4649400952994625,23.540199835463167,0.36356767135507884,100
7,207,20593,0.36356767135507884,3.105626487263921,28.26451752893174,0.36356767135507884,100
7,208,20692,0.36356767135507884,3.3990796870105595,17.008528609249193,0.36356767135507884,100
7,209,20791,0.36356767135507884,2.9035179674804477,19.402351030960013,0.36356767135507884,100
7,210,20890,0.36356767135507884,2.9375777917382835,14.719341318575168,0.36356767135507884,100
7,211,20989,0.36356767135507884,2.7670130562682465,16.840983454619565,0.36356767135507884,100
7,212,21088,0.36356767135507884,2.8478584656743315,15.98566924377526,0.36356767135507884,100
7,213,21187,0.36356767135507884,2.6058825262768077,14.482647532779682,0.36356767135507884,100
7,214,21286,0.36356767135507884,2.9527519935459194,17.422633472752477,0.36356767135507884,100
7,215,21385,0.36356767135507884,2.3257400720912447,14.83971631065898,0.36356767135507884,100
7,216,21484,0.36356767135507884,2.5990723734972248,20.55788934443147,0.36356767135507884,100
7,217,21583,0.36356767135507884,2.675278561678709,30.200074652003728,0.36356767135507884,100
7,218,21682,0.36356767135507884,2.646766656263596,17.344945421717014,0.36356767135507884,100
7,219,21781,0.36356767135507884,3.2580917877492412,23.631560460364554,0.36356767135507884,100
7,220,21880,0.36356767135507884,2.9199006065916406,23.966671908166933,0.36356767135507884,100
7,221,21979,0.36356767135507884,2.8100945212022657,21.465803713094456,0.36356767135507884,100
7,222,22078,0.36356767135507884,3.255996228032675,19.235577823966008,0.36356767135507884,100
7,223,22177,0.36356767135507884,3.339124549827677,24.840474290696044,0.36356767135507884,100
7,224,22276,0.36356767135507884,2.9509581704469223,12.444004560871075,0.36356767135507884,100
7,225,22375,0.36356767135507884,3.471798887349782,36.769416759662235,0.36356767135507884,100
7,226,22474,0.36356767135507884,3.4604778090942627,18.24121671726182,0.36356767135507884,100
7,227,22573,0.36356767135507884,3.6533761073737163,26.670741715640116,0.36356767135507884,100
7,228,22672,0.36356767135507884,4.039689887448228,29.972519293287633,0.36356767135507884,100
7,229,22771,0.36356767135507884,3.5086127208090834,16.593319642795084,0.36356767135507884,100
7,230,22870,0.36356767135507884,3.386553276952989,25.661591849921617,0.36356767135507884,100
7,231,22969,0.36356767135507884,2.8566820750579947,15.855943079495654,0.36356767135507884,100
7,232,23068,0.36356767135507884,3.203529609164462,25.945616187556134,0.36356767135507884,100
7,233,23167,0.36356767135507884,3.82044690727392,28.378545369986316,0.36356767135507884,100
7,234,23266,0.36356767135507884,3.2386022969716173,22.6549173497149,0.36356767135507884,100
7,235,23365,0.36356767135507884,3.93893587146399,20.112329832864862,0.36356767135507884,100
7,236,23464,0.36356767135507884,2.9926285114858757,24.586337370984317,0.36356767135507884,100
7,237,23563,0.36356767135507884,3.424685805828885,23.92604683559095,0.36356767135507884,100
7,238,23662,0.36356767135507884,2.933669674326339,20.676888683315553,0.36356767135507884,100
7,239,23761,0.36356767135507884,2.8676307175955458,29.80536422519844,0.36356767135507884,100
7,240,23860,0.36356767135507884,3.096188480399714,23.618024567473473,0.36356767135507884,100
7,241,23959,0.36356767135507884,2.984959915814878,27.82460886087927,0.36356767135507884,100
7,242,24058,0.36356767135507884,3.134190473995693,18.69442048987833,0.36356767135507884,100
7,243,24157,0.36356767135507884,3.3798343578005756,24.611170494249848,0.36356767135507884,100
7,244,24256,0.36356767135507884,3.413556044087581,24.3190445319606,0.36356767135507884,100
7,245,24355,0.36356767135507884,2.595707381503228,17.00400055711018,0.36356767135507884,100
7,246,24454,0.36356767135507884,3.1531198394646087,23.12885106486009,0.36356767135507884,100
7,247,24553,0.36356767135507884,3.08290481576172,23.75460768899547,0.36356767135507884,100
7,248,24652,0.36356767135507884,3.653054659578357,31.2460799820068,0.36356767135507884,100
7,249,24751,0.36356767135507884,3.467390920080113,24.914536862744416,0.36356767135507884,100
7,250,24850,0.36356767135507884,3.180499052828399,23.396754807200733,0.36356767135507884,100
7,251,24949,0.36356767135507884,2.9269200322685123,26.606366262532195,0.36356767135507884,100
7,252,25048,0.36356767135507884,2.561993511561042,14.205262708792747,0.36356767135507884,100
7,253,25147,0.36356767135507884,3.517245326405878,18.65526824349402,0.36356767135507884,100
7,254,25246,0.36356767135507884,3.78677031563954,33.27637857345533,0.36356767135507884,100
7,255,25345,0.36356767135507884,3.0311393335967307,22.594873974526532,0.36356767135507884,100
7,256,25444,0.36356767135507884,3.48199133454386,57.62457958069536,0.36356767135507884,100
7,257,25543,0.36356767135507884,2.9309337262965163,17.782320253387176,0.36356767135507884,100
7,258,25642,0.36356767135507884,3.33179918973911,26.934679909890743,0.36356767135507884,100
7,259,25741,0.36356767135507884,2.80840555507603,17.54263074429722,0.36356767135507884,100
7,260,25840,0.36356767135507884,4.389335178230381,32.31288220793505,0.36356767135507884,100
7,261,25939,0.36356767135507884,3.5593641843133743,26.541131368737087,0.36356767135507884,100
7,262,26038,0.36356767135507884,2.4697565223974256,13.658591998186388,0.36356767135507884,100
7,263,26137,0.36356767135507884,3.6753753687703976,32.82095389733259,0.36356767135507884,100
7,264,26236,0.36356767135507884,2.990672693537446,24.561811091488426,0.36356767135507884,100
7,265,26335,0.36356767135507884,3.5503933746577108,24.0154548032223,0.36356767135507884,100
7,266,26434,0.36356767135507884,3.009979831223396,18.445888229496646,0.36356767135507884,100
7,267,26533,0.36356767135507884,3.7146898402815736,21.721647794992982,0.36356767135507884,100
7,268,26632,0.36356767135507884,3.295283552129518,24.32054452552254,0.36356767135507884,100
7,269,26731,0.36356767135507884,2.9366261717060365,20.262996762261526,0.36356767135507884,100
7,270,26830,0.36356767135507884,2.8122977324254506,17.681960780677443,0.36356767135507884,100
7,271,26929,0.36356767135507884,2.9870413600528245,21.675060003843623,0.36356767135507884,100
7,272,27028,0.36356767135507884,3.077549907295254,24.308358858195014,0.36356767135507884,100
7,273,27127,0.36356767135507884,2.719965834111045,11.852581918526006,0.36356767135507884,100
7,274,27226,0.36356767135507884,2.82420726764658,33.68402609558588,0.36356767135507884,100
7,275,27325,0.36356767135507884,3.6037532116154902,20.563340171448466,0.36356767135507884,100
7,276,27424,0.36356767135507884,2.940938747476839,12.116475930616524,0.36356767135507884,100
7,277,27523,0.36356767135507884,2.575046658685462,13.785936266698334,0.36356767135507884,100
7,278,27622,0.36356767135507884,2.559094870797465,14.911691027933587,0.36356767135507884,100
7,279,27721,0.36356767135507884,3.4556965222601868,22.532231770304122,0.36356767135507884,100
7,280,27820,0.36356767135507884,3.358635083761466,30.189399297302714,0.36356767135507884,100
7,281,27919,0.36356767135507884,2.661285537237564,26.374336526417615,0.36356767135507884,100
7,282,28018,0.36356767135507884,2.821062988682212,20.12126473915739,0.36356767135507884,100
7,283,28117,0.36356767135507884,3.3837224080628996,18.63478353497369,0.36356767135507884,100
7,284,28216,0.36356767135507884,2.9907246389345232,28.567682121189556,0.36356767135507884,100
7,285,28315,0.36356767135507884,2.52919748879161,16.123331284135936,0.36356767135507884,100
7,286,28414,0.36356767135507884,3.1263774287701165,38.88122885361158,0.36356767135507884,100
7,287,28513,0.36356767135507884,3.1950405593654763,19.59208627137838,0.36356767135507884,100
7,288,28612,0.35085529380390584,3.487485888088459,23.510876968553774,0.35085529380390584,100
7,289,28711,0.35085529380390584,2.8282014856456703,20.44168358897596,0.35085529380390584,100
7,290,28810,0.35085529380390584,2.654725682209802,21.194867955806814,0.35085529380390584,100
7,291,28909,0.35085529380390584,2.525142667006963,31.88421863291868,0.35085529380390584,100
7,292,29008,0.35085529380390584,3.152012622130406,21.556766676609804,0.35085529380390584,100
7,293,29107,0.35085529380390584,3.0698937015478185,17.551596626332845,0.35085529380390584,100
7,294,29206,0.35085529380390584,2.8237163600229134,20.93081445535178,0.35085529380390584,100
7,295,29305,0.35085529380390584,2.7251862995653253,16.571626790838696,0.35085529380390584,100
7,296,29404,0.35085529380390584,2.939741331780813,25.723213873552577,0.35085529380390584,100
7,297,29503,0.35085529380390584,2.858691265787302,14.052748063296868,0.35085529380390584,100
7,298,29602,0.35085529380390584,2.8458995251080483,22.675308488834236,0.35085529380390584,100
7,299,29701,0.35085529380390584,3.589642167765118,20.13992344849051,0.35085529380390584,100
7,300,29800,0.35085529380390584,4.539029319547346,65.64619079074866,0.35085529380390584,100
7,301,29899,0.35085529380390584,3.6720369676630678,21.9138406772623,0.35085529380390584,100
7,302,29998,0.35085529380390584,3.3954594076141564,27.72068776852246,0.35085529380390584,100
7,303,30097,0.35085529380390584,2.9935745611127076,24.2373319994778,0.35085529380390584,100
7,304,30196,0.35085529380390584,3.2222811292566416,15.936881286735314,0.35085529380390584,100
7,305,30295,0.35085529380390584,3.250423500336037,28.612617359456827,0.35085529380390584,100
7,306,30394,0.35085529380390584,2.917957138959064,26.04937627276454,0.35085529380390584,100
7,307,30493,0.35085529380390584,3.0687847812653484,16.275021052907192,0.35085529380390584,100
7,308,30592,0.35085529380390584,3.046517245915482,21.00376873571072,0.35085529380390584,100
7,309,30691,0.35085529380390584,3.209220257345661,20.947788943681804,0.35085529380390584,100
7,310,30790,0.35085529380390584,3.733944592565525,33.51091055672272,0.35085529380390584,100
7,311,30889,0.35085529380390584,2.9221189503520293,21.288690133681843,0.35085529380390584,100
7,312,30988,0.35085529380390584,2.7863235471071164,22.412507305890475,0.35085529380390584,100
7,313,31087,0.35085529380390584,3.4255189325814963,23.583357918773363,0.35085529380390584,100
7,314,31186,0.35085529380390584,2.87430037278698,16.312322287662308,0.35085529380390584,100
7,315,31285,0.35085529380390584,2.9340689576826993,16.24995026733618,0.35085529380390584,100
7,316,31384,0.35085529380390584,3.1080368780031593,16.30618921069103,0.35085529380390584,100
7,317,31483,0.35085529380390584,2.8736884950575705,15.112456927806914,0.35085529380390584,100
7,318,31582,0.35085529380390584,3.9788224653071227,23.910014612489324,0.35085529380390584,100
7,319,31681,0.35085529380390584,3.1651038224473615,19.75169367838926,0.35085529380390584,100
7,320,31780,0.35085529380390584,3.3053311198671067,17.266299354097736,0.35085529380390584,100
7,321,31879,0.35085529380390584,3.2798537064536153,30.505844979605488,0.35085529380390584,100
7,322,31978,0.35085529380390584,3.3889139823117937,22.06467817169012,0.35085529380390584,100
7,323,32077,0.35085529380390584,3.7026080389906326,28.399249020069416,0.35085529380390584,100
7,324,32176,0.35085529380390584,3.8939654467287323,15.965379067994713,0.35085529380390584,100
7,325,32275,0.35085529380390584,2.5277637600415095,29.62426974819751,0.35085529380390584,100
7,326,32374,0.35085529380390584,3.607248951562742,42.1254843883327,0.35085529380390584,100
7,327,32473,0.35085529380390584,4.027552248686644,26.64261207915289,0.35085529380390584,100
7,328,32572,0.35085529380390584,2.937430823493523,15.709425794829146,0.35085529380390584,100
7,329,32671,0.35085529380390584,3.5806970643242435,28.799769648855147,0.35085529380390584,100
7,330,32770,0.35085529380390584,2.830921833310754,16.927382329486655,0.35085529380390584,100
7,331,32869,0.35085529380390584,2.7650886423286862,30.4194122971156,0.35085529380390584,100
7,332,32968,0.35085529380390584,3.940808474225968,24.000619440227226,0.35085529380390584,100
7,333,33067,0.35085529380390584,3.938330685966067,28.34481253688694,0.35085529380390584,100
7,334,33166,0.35085529380390584,3.623827701622094,32.84697617010985,0.35085529380390584,100
7,335,33265,0.35085529380390584,2.699952123915033,22.89206817527408,0.35085529380390584,100
7,336,33364,0.35085529380390584,2.8834307711516702,31.071838704256372,0.35085529380390584,100
7,337,33463,0.35085529380390584,3.1487234439479033,30.474286080528262,0.35085529380390584,100
7,338,33562,0.35085529380390584,3.3180694550165235,23.708132284105982,0.35085529380390584,100
7,339,33661,0.35085529380390584,3.1476463930613896,31.836519409154228,0.35085529380390584,100
7,340,33760,0.35085529380390584,3.278503348487923,28.96985174371324,0.35085529380390584,100
7,341,33859,0.35085529380390584,4.0097171372260245,27.786166873024847,0.35085529380390584,100
7,342,33958,0.35085529380390584,3.0331905851635366,28.13249896333119,0.35085529380390584,100
7,343,34057,0.35085529380390584,3.0499900098952333,24.678523502493768,0.35085529380390584,100
7,344,34156,0.35085529380390584,3.721294808012571,23.70582750814792,0.35085529380390584,100
7,345,34255,0.35085529380390584,2.894740838021529,19.40211621069685,0.35085529380390584,100
7,346,34354,0.35085529380390584,2.611601174667655,19.109020608564457,0.35085529380390584,100
7,347,34453,0.35085529380390584,3.3336589718424916,15.472049168297907,0.35085529380390584,100
7,348,34552,0.35085529380390584,3.429463780714703,21.56341509973639,0.35085529380390584,100
7,349,34651,0.35085529380390584,2.8997797841411894,17.34526701988618,0.35085529380390584,100
7,350,34750,0.35085529380390584,3.0720735890816364,21.01064725953211,0.35085529380390584,100
7,351,34849,0.35085529380390584,3.048005811232953,29.07032469498445,0.35085529380390584,100
7,352,34948,0.35085529380390584,2.56084002794388,13.89231563893094,0.35085529380390584,100
7,353,35047,0.35085529380390584,4.11192337647817,27.543794765143563,0.35085529380390584,100
7,354,35146,0.35085529380390584,2.537662948725782,14.633968689274973,0.35085529380390584,100
7,355,35245,0.35085529380390584,2.471482796788598,17.521901678640774,0.35085529380390584,100
7,356,35344,0.35085529380390584,3.637078581330686,31.34246808898523,0.35085529380390584,100
7,357,35443,0.35085529380390584,2.43038752019693,16.079663905092367,0.35085529380390584,100
7,358,35542,0.35085529380390584,2.6009848673215656,16.16677050199474,0.35085529380390584,100
7,359,35641,0.35085529380390584,3.0799384161097474,25.140891939839374,0.35085529380390584,100
7,360,35740,0.35085529380390584,3.4845168283528767,20.480552116274737,0.35085529380390584,100
7,361,35839,0.35085529380390584,3.9522729598740716,22.246721731055835,0.35085529380390584,100
7,362,35938,0.35085529380390584,3.1957391683339393,21.468273565619178,0.35085529380390584,100
7,363,36037,0.35085529380390584,3.225939923525641,16.46949920909738,0.35085529380390584,100
7,364,36136,0.35085529380390584,3.1385027919780226,19.323805956167895,0.35085529380390584,100
7,365,36235,0.35085529380390584,2.8170523578478823,21.47779426231619,0.35085529380390584,100
7,366,36334,0.35085529380390584,3.1152395554457373,17.364669732532267,0.35085529380390584,100
7,367,36433,0.35085529380390584,4.098390483812539,36.01348058253257,0.35085529380390584,100
7,368,36532,0.35085529380390584,3.1260329957352497,29.347332125337292,0.35085529380390584,100
7,369,36631,0.35085529380390584,2.851286502860249,16.23937883081239,0.35085529380390584,100
7,370,36730,0.35085529380390584,4.007997329473697,21.97236748244926,0.35085529380390584,100
7,371,36829,0.35085529380390584,3.1503466498282036,19.48103991793057,0.35085529380390584,100
7,372,36928,0.35085529380390584,2.8822490858976937,22.44349334750174,0.35085529380390584,100
7,373,37027,0.35085529380390584,3.70509204830699,23.44307417847636,0.35085529380390584,100
7,374,37126,0.35085529380390584,2.7676734310948516,13.768852455848684,0.35085529380390584,100
7,375,37225,0.35085529380390584,2.8398470662864503,14.650763574377725,0.35085529380390584,100
7,376,37324,0.35085529380390584,3.2068293848943883,15.846712696356974,0.35085529380390584,100
7,377,37423,0.35085529380390584,3.291923334532474,19.991493805377228,0.35085529380390584,100
7,378,37522,0.35085529380390584,2.7805884819703484,18.795055362613134,0.35085529380390584,100
7,379,37621,0.35085529380390584,3.357630887201358,17.88144195823437,0.35085529380390584,100
7,380,37720,0.35085529380390584,3.1476942751170207,14.775748288709254,0.35085529380390584,100
7,381,37819,0.35085529380390584,4.068161641345614,32.01174377555185,0.35085529380390584,100
7,382,37918,0.35085529380390584,2.954779991008723,23.53570751646139,0.35085529380390584,100
7,383,38017,0.35085529380390584,4.233781259565791,38.29059899389596,0.35085529380390584,100
7,384,38116,0.35085529380390584,3.071368804746949,24.95927229627674,0.35085529380390584,100
7,385,38215,0.35085529380390584,3.291249999024513,32.026377457767595,0.35085529380390584,100
7,386,38314,0.35085529380390584,2.931947693837886,21.617346230718805,0.35085529380390584,100
7,387,38413,0.35085529380390584,2.921623722388123,15.664887754092602,0.35085529380390584,100
7,388,38512,0.35085529380390584,2.91671351345513,19.99060143817171,0.35085529380390584,100
7,389,38611,0.35085529380390584,3.180997160682159,19.431666353737587,0.35085529380390584,100
7,390,38710,0.35085529380390584,3.085195882548049,14.497839688944698,0.35085529380390584,100
7,391,38809,0.35085529380390584,3.4406658149194764,18.4942533372981,0.35085529380390584,100
7,392,38908,0.35085529380390584,3.3898901940508335,19.86732280018302,0.35085529380390584,100
7,393,39007,0.35085529380390584,2.768401094977081,38.99392967361651,0.35085529380390584,100
7,394,39106,0.35085529380390584,2.9630578622374566,19.422552943341838,0.35085529380390584,100
7,395,39205,0.35085529380390584,3.545196504026545,30.650732553131057,0.35085529380390584,100
7,396,39304,0.35085529380390584,3.1543438977994693,28.629338388243347,0.35085529380390584,100
7,397,39403,0.35085529380390584,2.896650664592609,17.07896941427729,0.35085529380390584,100
7,398,39502,0.35085529380390584,2.8193269237377,19.79765817070656,0.35085529380390584,100
7,399,39601,0.35085529380390584,4.074135317198643,28.47984598864105,0.35085529380390584,100
7,400,39700,0.35085529380390584,2.9930164277916225,17.558982305005287,0.35085529380390584,100
7,401,39799,0.35085529380390584,3.2539294094671583,18.506959341193145,0.35085529380390584,100
7,402,39898,0.35085529380390584,3.53726433457645,20.273866653609417,0.35085529380390584,100
7,403,39997,0.35085529380390584,2.862640465903463,16.567006663878985,0.35085529380390584,100
7,404,40096,0.35085529380390584,2.8350288023130044,17.69329863077148,0.35085529380390584,100
7,405,40195,0.35085529380390584,2.9116809067332863,15.355916474737295,0.35085529380390584,100
7,406,40294,0.35085529380390584,2.9592617529256855,18.318851158720033,0.35085529380390584,100
7,407,40393,0.35085529380390584,3.2485862076181338,20.768442928136007,0.35085529380390584,100
7,408,40492,0.35085529380390584,2.9426192258199704,22.35872719751392,0.35085529380390584,100
7,409,40591,0.35085529380390584,2.7687775278739353,15.098592875979326,0.35085529380390584,100
7,410,40690,0.35085529380390584,2.948084555523461,33.12894549299109,0.35085529380390584,100
7,411,40789,0.35085529380390584,2.722632573849556,18.78664125845917,0.35085529380390584,100
7,412,40888,0.35085529380390584,3.071446604866025,32.500991278115244,0.35085529380390584,100
7,413,40987,0.35085529380390584,2.068144662078577,12.530900030152267,0.35085529380390584,100
7,414,41086,0.35085529380390584,2.618573230252986,15.781478723202941,0.35085529380390584,100
7,415,41185,0.35085529380390584,3.6818183774810973,19.13651626530832,0.35085529380390584,100
7,416,41284,0.35085529380390584,3.2421252463931363,22.740223319272776,0.35085529380390584,100
7,417,41383,0.35085529380390584,3.727297218587203,29.443866666649434,0.35085529380390584,100
7,418,41482,0.35085529380390584,3.2644396932385513,20.220455415737856,0.35085529380390584,100
7,419,41581,0.35085529380390584,3.04150017122406,26.545437238448322,0.35085529380390584,100
7,420,41680,0.35085529380390584,3.761733075911899,29.96092696183224,0.35085529380390584,100
7,421,41779,0.35085529380390584,3.2468941598418133,29.148076230228796,0.35085529380390584,100
7,422,41878,0.35085529380390584,2.925493139773468,21.49284635933988,0.35085529380390584,100
7,423,41977,0.35085529380390584,3.090188721966547,19.383722401103128,0.35085529380390584,100
7,424,42076,0.35085529380390584,4.066366067120859,26.86604889162557,0.35085529380390584,100
7,425,42175,0.35085529380390584,2.9696144803468143,16.753102564787504,0.35085529380390584,100
7,426,42274,0.35085529380390584,3.9671955290656227,38.079806699809474,0.35085529380390584,100
7,427,42373,0.35085529380390584,2.4904903743014253,13.815215471601983,0.35085529380390584,100
7,428,42472,0.35085529380390584,3.0977366080659126,21.537146562831897,0.35085529380390584,100
7,429,42571,0.35085529380390584,3.61801594270702,21.07284604150433,0.35085529380390584,100
7,430,42670,0.35085529380390584,3.033221716696019,31.593838150259188,0.35085529380390584,100
7,431,42769,0.35085529380390584,3.538893809300194,23.5954086298857,0.35085529380390584,100
7,432,42868,0.35085529380390584,2.311562715242955,12.074276459093943,0.35085529380390584,100
7,433,42967,0.35085529380390584,2.655614335514944,22.37304070457005,0.35085529380390584,100
7,434,43066,0.35085529380390584,2.533702462850253,20.332266822962286,0.35085529380390584,100
7,435,43165,0.35085529380390584,3.2376828181277397,24.815973871399876,0.35085529380390584,100
7,436,43264,0.35085529380390584,2.950665111110838,22.08998097821539,0.35085529380390584,100
7,437,43363,0.35085529380390584,3.0803428159499657,34.63966914658687,0.35085529380390584,100
7,438,43462,0.35085529380390584,3.307271756331652,22.696992624617554,0.35085529380390584,100
7,439,43561,0.35085529380390584,3.35652413761479,21.802500551877415,0.35085529380390584,100
7,440,43660,0.35085529380390584,2.630046058234569,22.937212616702283,0.35085529380390584,100
7,441,43759,0.35085529380390584,2.871043516656047,25.621097143619277,0.35085529380390584,100
7,442,43858,0.35085529380390584,3.199708517877884,31.18323827689035,0.35085529380390584,100
7,443,43957,0.35085529380390584,3.155485224003894,19.59696734777877,0.35085529380390584,100
7,444,44056,0.35085529380390584,3.0165594172657397,21.448160147282913,0.35085529380390584,100
7,445,44155,0.35085529380390584,3.3211326295318315,28.275058905329626,0.35085529380390584,100
7,446,44254,0.35085529380390584,2.8176075347475797,18.437304392963554,0.35085529380390584,100
7,447,44353,0.35085529380390584,2.944468631117215,17.17855829203089,0.35085529380390584,100
7,448,44452,0.35085529380390584,2.2136778895469265,14.110546557108012,0.35085529380390584,100
7,449,44551,0.35085529380390584,2.699762757381756,21.032036468915784,0.35085529380390584,100
7,450,44650,0.35085529380390584,3.77587174080472,24.989429078658205,0.35085529380390584,100
7,451,44749,0.35085529380390584,2.6565675801490674,16.898265609738807,0.35085529380390584,100
7,452,44848,0.35085529380390584,3.1328009228583658,18.187434348749377,0.35085529380390584,100
7,453,44947,0.35085529380390584,2.801543839219606,14.735544470298512,0.35085529380390584,100
7,454,45046,0.35085529380390584,3.2916122828071095,31.472906683766734,0.35085529380390584,100
7,455,45145,0.35085529380390584,3.355094221172895,28.16356627188065,0.35085529380390584,100
7,456,45244,0.35085529380390584,2.9613355555889207,17.134279380498914,0.35085529380390584,100
7,457,45343,0.35085529380390584,3.1051600851534213,24.50257473233403,0.35085529380390584,100
7,458,45442,0.35085529380390584,3.2432251727728474,31.65818076872451,0.35085529380390584,100
7,459,45541,0.35085529380390584,3.0965275019290384,20.98379458708745,0.35085529380390584,100
7,460,45640,0.35085529380390584,3.1825018273806633,27.810924275873035,0.35085529380390584,100
7,461,45739,0.35085529380390584,2.675948084570826,13.477368271226421,0.35085529380390584,100
7,462,45838,0.35085529380390584,3.0757929514937543,19.70637538186154,0.35085529380390584,100
7,463,45937,0.35085529380390584,3.9007518406409645,28.156387630455125,0.35085529380390584,100
7,464,46036,0.35085529380390584,3.7045945137092575,16.931133497546522,0.35085529380390584,100
7,465,46135,0.35085529380390584,3.908391414961242,21.338963533921987,0.35085529380390584,100
7,466,46234,0.35085529380390584,2.9017540323856745,28.45783774108023,0.35085529380390584,100
7,467,46333,0.35085529380390584,2.47307788994369,32.140334102419075,0.35085529380390584,100
7,468,46432,0.35085529380390584,3.127659256646104,28.372930188680154,0.35085529380390584,100
7,469,46531,0.35085529380390584,2.6381741422322422,12.179210419110214,0.35085529380390584,100
7,470,46630,0.35085529380390584,3.364553405481201,22.36915600307455,0.35085529380390584,100
7,471,46729,0.35085529380390584,3.4541183460629052,23.070210069046,0.35085529380390584,100
7,472,46828,0.35085529380390584,3.129823823211609,17.55032935268206,0.35085529380390584,100
7,473,46927,0.35085529380390584,2.999111229297627,20.263660061812693,0.35085529380390584,100
7,474,47026,0.35085529380390584,3.4192859065011714,19.179405864832734,0.35085529380390584,100
7,475,47125,0.35085529380390584,3.5384538425068994,31.968284195244575,0.35085529380390584,100
7,476,47224,0.35085529380390584,3.513655178590011,21.670163062179192,0.35085529380390584,100
7,477,47323,0.35085529380390584,3.4480125665375465,25.49650429634177,0.35085529380390584,100
7,478,47422,0.35085529380390584,3.37165986229794,19.664716384010745,0.35085529380390584,100
7,479,47521,0.35085529380390584,2.9960600126999624,31.806389459790005,0.35085529380390584,100
7,480,47620,0.35085529380390584,2.533233955292913,16.51384257460055,0.35085529380390584,100
7,481,47719,0.35085529380390584,3.4014057925548014,19.381644639689444,0.35085529380390584,100
7,482,47818,0.35085529380390584,3.3817273010615985,22.236528172205112,0.35085529380390584,100
7,483,47917,0.35085529380390584,2.9811523304801057,24.8805437919897,0.35085529380390584,100
7,484,48016,0.35085529380390584,2.8203691556222474,21.799368093339357,0.35085529380390584,100
7,485,48115,0.35085529380390584,3.845478854620343,31.341762417195554,0.35085529380390584,100
7,486,48214,0.35085529380390584,2.7806935713403753,22.7836462123723,0.35085529380390584,100
7,487,48313,0.35085529380390584,3.7637877798842423,27.144123707771026,0.35085529380390584,100
7,488,48412,0.35085529380390584,3.3682835552093957,16.825413504413497,0.35085529380390584,100
7,489,48511,0.35085529380390584,3.753185424481537,27.14069345901241,0.35085529380390584,100
7,490,48610,0.35085529380390584,3.273231049509123,24.304706062814564,0.35085529380390584,100
7,491,48709,0.35085529380390584,2.8257937844268857,15.804216833518124,0.35085529380390584,100
7,492,48808,0.35085529380390584,4.507632785463098,30.980391584560316,0.35085529380390584,100
7,493,48907,0.35085529380390584,2.7020310338875437,14.859474227692193,0.35085529380390584,100
7,494,49006,0.35085529380390584,3.7541175595165566,28.704193099468714,0.35085529380390584,100
7,495,49105,0.35085529380390584,3.904295817161705,36.43009826786204,0.35085529380390584,100
7,496,49204,0.35085529380390584,3.076513917136286,16.183413463502315,0.35085529380390584,100
7,497,49303,0.35085529380390584,3.0597094335843193,19.519559435679046,0.35085529380390584,100
7,498,49402,0.35085529380390584,3.0922439739457603,17.98286804736785,0.35085529380390584,100
7,499,49501,0.35085529380390584,3.066856878398456,33.65275649086904,0.35085529380390584,100
7,500,49600,0.35085529380390584,3.40373311094356,24.215014649465235,0.35085529380390584,100
7,501,49699,0.35085529380390584,2.940653253173139,46.85927356451644,0.35085529380390584,100
7,502,49798,0.35085529380390584,2.451728679539447,18.748038407518063,0.35085529380390584,100
7,503,49897,0.35085529380390584,2.8999929313292045,22.223641054609175,0.35085529380390584,100
7,504,49996,0.35085529380390584,3.2161034631966463,22.698219810300905,0.35085529380390584,100
7,505,50000,0.35085529380390584,2.6117766589881146,13.589283357369501,0.35085529380390584,100
8,0,100,117.53960884702448,512.3893480165806,1107.4226846548163,117.53960884702448,100
8,1,199,62.49105159860713,239.13940645566498,546.8947602840991,62.49105159860713,100
8,2,298,16.33398969208909,114.2109849921425,310.39004361787704,16.33398969208909,100
8,3,397,10.253856451933162,47.94166757516954,117.47563603999454,10.253856451933162,100
8,4,496,2.8965439049921566,24.195634993152076,63.244850696945804,2.8965439049921566,100
8,5,595,2.5862425945850087,13.848445076249673,48.38879109198374,2.5862425945850087,100
8,6,694,1.3913759083026234,7.2955805614153055,23.305597814961644,1.3913759083026234,100
8,7,793,0.8235740870264903,6.015538994151655,35.480080759849834,0.8235740870264903,100
8,8,892,0.8235740870264903,5.013416979398463,20.78820477711825,0.8235740870264903,100
8,9,991,0.8235740870264903,4.931428294616803,22.17693888051354,0.8235740870264903,100
8,10,1090,0.8026318223610087,5.119718868532775,32.65638448650941,0.8026318223610087,100
8,11,1189,0.8026318223610087,4.90325252527359,27.765387393393258,0.8026318223610087,100
8,12,1288,0.6415503550329377,3.4508187086519233,16.0546422962216,0.6415503550329377,100
8,13,1387,0.6406920931557405,3.138308565513716,18.345957712818,0.6406920931557405,100
8,14,1486,0.6302734398587247,3.499174507489315,21.146251531248094,0.6302734398587247,100
8,15,1585,0.5213781714850366,3.4474475970442477,25.801288618863804,0.5213781714850366,100
8,16,1684,0.5213781714850366,2.9830940467331555,14.186734679327174,0.5213781714850366,100
8,17,1783,0.5213781714850366,3.1303704773301972,18.666036961363403,0.5213781714850366,100
8,18,1882,0.5083478980033748,2.6605897904086078,14.872450792437753,0.5083478980033748,100
8,19,1981,0.5083478980033748,2.343809484631502,11.229086581754862,0.5083478980033748,100
8,20,2080,0.5083478980033748,3.244133175918423,29.320594810901337,0.5083478980033748,100
8,21,2179,0.5083478980033748,2.747620866746851,16.87692714794713,0.5083478980033748,100
8,22,2278,0.5083478980033748,2.37415496768468,12.875048578175186,0.5083478980033748,100
8,23,2377,0.5083478980033748,3.2536498736813035,23.51265342650752,0.5083478980033748,100
8,24,2476,0.5083478980033748,3.5095099967856735,26.535016191391716,0.5083478980033748,100
8,25,2575,0.5083478980033748,3.6722470370867613,34.02999150440319,0.5083478980033748,100
8,26,2674,0.5054342799232397,2.8206843333373537,24.248227152646525,0.5054342799232397,100
8,27,2773,0.5054342799232397,3.3812080433823577,17.77486046817578,0.5054342799232397,100
8,28,2872,0.5054342799232397,3.8167205038837504,29.669238647490783,0.5054342799232397,100
8,29,2971,0.5054342799232397,3.3239780995306636,21.572548854953066,0.5054342799232397,100
8,30,3070,0.5054342799232397,3.5319270039126764,24.47759937225727,0.5054342799232397,100
8,31,3169,0.5054342799232397,3.1396601806681974,20.902660675312735,0.5054342799232397,100
8,32,3268,0.5054342799232397,2.155823487447728,20.177463433703586,0.5054342799232397,100
8,33,3367,0.5054342799232397,2.851825009326959,17.516606746301413,0.5054342799232397,100
8,34,3466,0.5054342799232397,2.943310451537229,16.145096568468098,0.5054342799232397,100
8,35,3565,0.5054342799232397,3.6371004215692024,21.630567837568602,0.5054342799232397,100
8,36,3664,0.5054342799232397,2.993343063987177,20.02855154386201,0.5054342799232397,100
8,37,3763,0.5054342799232397,3.17822250582283,17.265070815471624,0.5054342799232397,100
8,38,3862,0.45766366957643156,2.4802324980950634,16.701629929020623,0.45766366957643156,100
8,39,3961,0.45766366957643156,2.705385734616415,23.54303219848305,0.45766366957643156,100
8,40,4060,0.45766366957643156,3.578162961819625,47.08371050758972,0.45766366957643156,100
8,41,4159,0.45766366957643156,3.204647063893812,20.041048466136633,0.45766366957643156,100
8,42,4258,0.45766366957643156,3.4558145880823368,22.45282102635109,0.45766366957643156,100
8,43,4357,0.45766366957643156,3.3178611693015267,23.10282874044255,0.45766366957643156,100
8,44,4456,0.45766366957643156,3.1309299453273685,25.47826999974586,0.45766366957643156,100
8,45,4555,0.45766366957643156,3.4411235703600664,24.04340372124181,0.45766366957643156,100
8,46,4654,0.45766366957643156,2.45584015536907,15.897885073009775,0.45766366957643156,100
8,47,4753,0.45766366957643156,2.86455361706819,22.04876505928726,0.45766366957643156,100
8,48,4852,0.45766366957643156,3.8330747490466495,31.67572104079212,0.45766366957643156,100
8,49,4951,0.45766366957643156,3.163452819503486,25.3697870615774,0.45766366957643156,100
8,50,5050,0.45766366957643156,2.848229631553063,17.970632090554197,0.45766366957643156,100
8,51,5149,0.45766366957643156,2.6359649549715765,16.939405039058443,0.45766366957643156,100
8,52,5248,0.45766366957643156,3.281663863765705,22.157252173469207,0.45766366957643156,100
8,53,5347,0.45766366957643156,2.875641352155747,20.497683141911658,0.45766366957643156,100
8,54,5446,0.45766366957643156,3.2438634081230937,25.398228907798917,0.45766366957643156,100
8,55,5545,0.45766366957643156,2.8526626045366283,25.359465202322383,0.45766366957643156,100
8,56,5644,0.45766366957643156,2.8777718538155725,20.51386170349128,0.45766366957643156,100
8,57,5743,0.45766366957643156,3.05450078566266,29.402054266549076,0.45766366957643156,100
8,58,5842,0.4254808015745603,2.8619608525357005,15.97877774305588,0.4254808015745603,100
8,59,5941,0.4254808015745603,3.1127836856770754,16.031678134291496,0.4254808015745603,100
8,60,6040,0.4254808015745603,3.322035782202944,28.692555263448686,0.4254808015745603,100
8,61,6139,0.4254808015745603,3.039530786073344,19.676706766902743,0.4254808015745603,100
8,62,6238,0.4254808015745603,3.619261000514974,23.244668868655456,0.4254808015745603,100
8,63,6337,0.4254808015745603,3.6967291144345675,19.828195267232108,0.4254808015745603,100
8,64,6436,0.4254808015745603,3.596663528213443,20.425555193704096,0.4254808015745603,100
8,65,6535,0.4254808015745603,3.153543034767276,24.187522617778583,0.4254808015745603,100
8,66,6634,0.4254808015745603,2.8656009551826975,14.832270316197327,0.4254808015745603,100
8,67,6733,0.4254808015745603,3.3908066671393056,21.875089678786395,0.4254808015745603,100
8,68,6832,0.4254808015745603,3.439019084818174,18.677024057407785,0.4254808015745603,100
8,69,6931,0.4254808015745603,3.622806547841634,21.30707056459567,0.4254808015745603,100
8,70,7030,0.4254808015745603,3.3145967578251203,21.494818542369067,0.4254808015745603,100
8,71,7129,0.4254808015745603,3.0060758782201775,22.76701268012618,0.4254808015745603,100
8,72,7228,0.4254808015745603,2.830926830252632,24.94669226323059,0.4254808015745603,100
8,73,7327,0.4254808015745603,2.9771448413891335,19.363054704145316,0.4254808015745603,100
8,74,7426,0.4254808015745603,3.298554762326619,22.404000031533034,0.4254808015745603,100
8,75,7525,0.4254808015745603,3.0780800292652253,20.443297152330352,0.4254808015745603,100
8,76,7624,0.4254808015745603,3.305101511490575,30.021510836302564,0.4254808015745603,100
8,77,7723,0.4254808015745603,3.129571023380083,21.956072119563746,0.4254808015745603,100
8,78,7822,0.4254808015745603,2.5837500156042537,22.602021301137388,0.4254808015745603,100
8,79,7921,0.4254808015745603,2.4474548303701584,12.923592672406748,0.4254808015745603,100
8,80,8020,0.4254808015745603,2.5307203973264927,16.577131497792557,0.4254808015745603,100
8,81,8119,0.4254808015745603,2.6199503800048136,18.892699529757515,0.4254808015745603,100
8,82,8218,0.4254808015745603,2.970256775440956,24.93052889726679,0.4254808015745603,100
8,83,8317,0.4254808015745603,2.9220733215216024,16.73179049996835,0.4254808015745603,100
8,84,8416,0.4254808015745603,2.7575746503101404,23.072687315649517,0.4254808015745603,100
8,85,8515,0.4254808015745603,2.7404131568079726,21.172771443093318,0.4254808015745603,100
8,86,8614,0.4254808015745603,2.6022960510663085,27.55786056257334,0.4254808015745603,100
8,87,8713,0.4254808015745603,2.6049427900958353,17.753187955877106,0.4254808015745603,100
8,88,8812,0.4254808015745603,2.7056944438532167,23.470902171593355,0.4254808015745603,100
8,89,8911,0.4254808015745603,3.7127884509258826,19.885893922856752,0.4254808015745603,100
8,90,9010,0.4254808015745603,3.288739068205928,24.599037707919447,0.4254808015745603,100
8,91,9109,0.4254808015745603,3.696416144644816,25.29969146475063,0.4254808015745603,100
8,92,9208,0.4254808015745603,2.3127353278543556,25.44740435176031,0.4254808015745603,100
8,93,9307,0.4254808015745603,2.4815491887850225,19.57734863141821,0.4254808015745603,100
8,94,9406,0.4254808015745603,2.5452770817373698,14.651625791260578,0.4254808015745603,100
8,95,9505,0.4254808015745603,2.472031174835863,23.731068005004968,0.4254808015745603,100
8,96,9604,0.4254808015745603,3.1582350404057498,25.57973121346584,0.4254808015745603,100
8,97,9703,0.4254808015745603,3.152093430698445,24.566643565413816,0.4254808015745603,100
8,98,9802,0.4254808015745603,3.127423738173599,21.85459683812551,0.4254808015745603,100
8,99,9901,0.4254808015745603,2.334626213787043,23.987361090138815,0.4254808015745603,100
8,100,10000,0.4254808015745603,3.301365175495002,23.999754290275188,0.4254808015745603,100
8,101,10099,0.4254808015745603,4.114827646615425,34.84614985523987,0.4254808015745603,100
8,102,10198,0.4254808015745603,2.3961524694797487,18.609535154317754,0.4254808015745603,100
8,103,10297,0.4254808015745603,2.6456608543840416,15.531085550495995,0.4254808015745603,100
8,104,10396,0.4254808015745603,2.8919178298936923,18.637405791271586,0.4254808015745603,100
8,105,10495,0.4254808015745603,2.336983869890462,22.95740001589119,0.4254808015745603,100
8,106,10594,0.4254808015745603,3.023716660346313,15.752357368340231,0.4254808015745603,100
8,107,10693,0.4254808015745603,3.6377014010958253,16.22200549801846,0.4254808015745603,100
8,108,10792,0.4254808015745603,3.0670325807096295,21.11471072774242,0.4254808015745603,100
8,109,10891,0.4254808015745603,3.514832637678438,18.38778204538406,0.4254808015745603,100
8,110,10990,0.4254808015745603,2.693728155427975,18.57875658890504,0.4254808015745603,100
8,111,11089,0.4254808015745603,2.669149161553304,16.683937365972806,0.4254808015745603,100
8,112,11188,0.4254808015745603,2.45974282506668,21.799355777387245,0.4254808015745603,100
8,113,11287,0.4254808015745603,3.206524484634551,19.131185335602222,0.4254808015745603,100
8,114,11386,0.4254808015745603,3.270268076289479,15.831199119959628,0.4254808015745603,100
8,115,11485,0.4254808015745603,2.802433951665555,16.9026499102535,0.4254808015745603,100
8,116,11584,0.4254808015745603,3.085732374837124,19.170217753635033,0.4254808015745603,100
8,117,11683,0.4254808015745603,3.461862873833942,20.148409762220354,0.4254808015745603,100
8,118,11782,0.4254808015745603,4.0394328109048425,25.934693843578366,0.4254808015745603,100
8,119,11881,0.4254808015745603,3.5934814549214757,19.597072151693183,0.4254808015745603,100
8,120,11980,0.4254808015745603,2.728453188177817,15.298706359515652,0.4254808015745603,100
8,121,12079,0.4254808015745603,3.045140107894558,22.406033792852128,0.4254808015745603,100
8,122,12178,0.4254808015745603,4.034442477542237,25.057654269355886,0.4254808015745603,100
8,123,12277,0.4254808015745603,3.0642056921922114,15.532363239282466,0.4254808015745603,100
8,124,12376,0.42369207224580147,3.5575966840029505,20.860454004793745,0.42369207224580147,100
8,125,12475,0.42369207224580147,3.173492354101728,19.964512122674996,0.42369207224580147,100
8,126,12574,0.42369207224580147,3.1780150341880886,24.02626429872885,0.42369207224580147,100
8,127,12673,0.42369207224580147,3.3459749217248302,23.03603456661112,0.42369207224580147,100
8,128,12772,0.42369207224580147,3.6086946275558573,24.0577639121972,0.42369207224580147,100
8,129,12871,0.42369207224580147,2.758156136493177,27.007922167032664,0.42369207224580147,100
8,130,12970,0.42369207224580147,2.6886226363131187,29.903854172891858,0.42369207224580147,100
8,131,13069,0.42369207224580147,3.6281429866408677,21.636627284694683,0.42369207224580147,100
8,132,13168,0.42369207224580147,2.8723395626447172,22.677860458990203,0.42369207224580147,100
8,133,13267,0.42369207224580147,3.2786948402394605,19.266748723096057,0.42369207224580147,100
8,134,13366,0.42369207224580147,3.197138121922248,19.54472198933817,0.42369207224580147,100
8,135,13465,0.42369207224580147,2.734035137247489,16.15887470967308,0.42369207224580147,100
8,136,13564,0.42369207224580147,3.3488144512063642,17.706755414982716,0.42369207224580147,100
8,137,13663,0.42369207224580147,2.606947217216342,12.896998323451795,0.42369207224580147,100
8,138,13762,0.42369207224580147,2.88389789819313,19.538264612509895,0.42369207224580147,100
8,139,13861,0.42369207224580147,2.7305035536273836,20.042250211261567,0.42369207224580147,100
8,140,13960,0.42369207224580147,2.809958250220431,17.61384678992316,0.42369207224580147,100
8,141,14059,0.42369207224580147,2.9943596469557496,18.598666514977307,0.42369207224580147,100
8,142,14158,0.42369207224580147,2.759768284686329,21.957416718916623,0.42369207224580147,100
8,143,14257,0.42369207224580147,3.0019439745086474,25.52536483915141,0.42369207224580147,100
8,144,14356,0.40418570742043647,2.6111798818048326,16.164683316907453,0.40418570742043647,100
8,145,14455,0.40418570742043647,2.8122511472763394,18.810150465958383,0.40418570742043647,100
8,146,14554,0.40418570742043647,2.5539733672296494,14.728241353378925,0.40418570742043647,100
8,147,14653,0.40418570742043647,2.3510866509748043,13.658031018929357,0.40418570742043647,100
8,148,14752,0.40418570742043647,2.8860777624097262,14.7322070876266,0.40418570742043647,100
8,149,14851,0.40418570742043647,2.841437885294237,21.561460954504117,0.40418570742043647,100
8,150,14950,0.40418570742043647,3.3026537806304526,20.861760261734602,0.40418570742043647,100
8,151,15049,0.40418570742043647,3.5979625979166157,17.803385206848777,0.40418570742043647,100
8,152,15148,0.40418570742043647,4.288912799978208,27.70829736552199,0.40418570742043647,100
8,153,15247,0.40418570742043647,2.5078049860604814,17.70391994358357,0.40418570742043647,100
8,154,15346,0.40418570742043647,2.8273869772142617,18.060549382995205,0.40418570742043647,100
8,155,15445,0.40418570742043647,2.4832863831916367,18.95113327175354,0.40418570742043647,100
8,156,15544,0.40418570742043647,2.933421533892327,28.346611982014906,0.40418570742043647,100
8,157,15643,0.40418570742043647,3.203613380164183,39.525462536164774,0.40418570742043647,100
8,158,15742,0.40418570742043647,3.2070330611889104,32.94787032518806,0.40418570742043647,100
8,159,15841,0.40418570742043647,2.7757437291626585,15.819973638998933,0.40418570742043647,100
8,160,15940,0.40418570742043647,2.606514953863284,18.199986065483113,0.40418570742043647,100
8,161,16039,0.40418570742043647,2.6009376812030105,19.386575240238464,0.40418570742043647,100
8,162,16138,0.40418570742043647,3.1432614080614987,21.511754437613863,0.40418570742043647,100
8,163,16237,0.40418570742043647,2.8611247329325273,17.80583001357391,0.40418570742043647,100
8,164,16336,0.40418570742043647,3.0955754118265855,28.029770397414868,0.40418570742043647,100
8,165,16435,0.40418570742043647,3.2196173597928692,24.178487624832627,0.40418570742043647,100
8,166,16534,0.40418570742043647,2.702228833233282,16.733398901203415,0.40418570742043647,100
8,167,16633,0.40418570742043647,2.9986217763337346,26.054540882341914,0.40418570742043647,100
8,168,16732,0.40418570742043647,2.5828072435145146,21.06278739544359,0.40418570742043647,100
8,169,16831,0.40418570742043647,2.909780515077784,25.60365050490617,0.40418570742043647,100
8,170,16930,0.40418570742043647,3.593676647844073,32.296758517149875,0.40418570742043647,100
8,171,17029,0.40418570742043647,3.967339602833735,18.183527615917555,0.40418570742043647,100
8,172,17128,0.40418570742043647,3.3302468106305265,26.538126996771584,0.40418570742043647,100
8,173,17227,0.40418570742043647,2.9698141489948373,21.18385113138594,0.40418570742043647,100
8,174,17326,0.40418570742043647,3.255424354673368,18.73544855303504,0.40418570742043647,100
8,175,17425,0.40418570742043647,3.138719110235895,15.625348020827447,0.40418570742043647,100
8,176,17524,0.40418570742043647,2.7622105050634023,19.30323576252712,0.40418570742043647,100
8,177,17623,0.40418570742043647,2.901156656690659,16.357310002160304,0.40418570742043647,100
8,178,17722,0.40418570742043647,3.086030464785679,35.23832797073996,0.40418570742043647,100
8,179,17821,0.40418570742043647,2.894166060415565,16.85323239447663,0.40418570742043647,100
8,180,17920,0.40418570742043647,2.6276467957408376,23.39446735401277,0.40418570742043647,100
8,181,18019,0.40418570742043647,2.5399484921425737,19.757359315890145,0.40418570742043647,100
8,182,18118,0.40418570742043647,2.507353573493575,21.697052161385784,0.40418570742043647,100
8,183,18217,0.40418570742043647,2.483773463312223,13.2918361545735,0.40418570742043647,100
8,184,18316,0.40418570742043647,2.3328614286593474,11.50079043685752,0.40418570742043647,100
8,185,18415,0.40418570742043647,2.9605222571807617,20.59811513048954,0.40418570742043647,100
8,186,18514,0.40418570742043647,2.9563649612983225,23.676105802661787,0.40418570742043647,100
8,187,18613,0.40418570742043647,2.836435828542618,14.659343293830213,0.40418570742043647,100
8,188,18712,0.40418570742043647,2.77600016522092,40.701638019194604,0.40418570742043647,100
8,189,18811,0.40418570742043647,3.243328304133128,46.7058271838022,0.40418570742043647,100
8,190,18910,0.40418570742043647,2.3451306153377134,18.555813210003304,0.40418570742043647,100
8,191,19009,0.40418570742043647,3.027505233026372,18.732053622770678,0.40418570742043647,100
8,192,19108,0.40418570742043647,3.091829897697508,17.409825385711716,0.40418570742043647,100
8,193,19207,0.40418570742043647,3.51101348705099,26.30663683546646,0.40418570742043647,100
8,194,19306,0.40418570742043647,3.4664997909766417,20.519455672450068,0.40418570742043647,100
8,195,19405,0.40418570742043647,2.7509014278564705,17.807893422481733,0.40418570742043647,100
8,196,19504,0.40418570742043647,2.614260404114605,32.18973077127441,0.40418570742043647,100
8,197,19603,0.40418570742043647,3.2857953726034395,30.86941639022891,0.40418570742043647,100
8,198,19702,0.40418570742043647,3.0197097854392747,15.804874532192372,0.40418570742043647,100
8,199,19801,0.40418570742043647,3.53396208757204,34.191612407622095,0.40418570742043647,100
8,200,19900,0.40418570742043647,3.064087599863979,14.531929330976691,0.40418570742043647,100
8,201,19999,0.40418570742043647,3.067607230662947,32.54724131849295,0.40418570742043647,100
8,202,20098,0.40418570742043647,3.321863423583464,30.58030298707506,0.40418570742043647,100
8,203,20197,0.40418570742043647,2.763518796224994,28.728988308114424,0.40418570742043647,100
8,204,20296,0.40418570742043647,3.1686256536484887,20.496207668302645,0.40418570742043647,100
8,205,20395,0.40418570742043647,3.4625312534786694,22.284551993165184,0.40418570742043647,100
8,206,20494,0.40418570742043647,2.990521255699081,18.02508732767546,0.40418570742043647,100
8,207,20593,0.40418570742043647,3.8434994606061434,32.885335719558995,0.40418570742043647,100
8,208,20692,0.40418570742043647,3.309457179327967,27.107977140254306,0.40418570742043647,100
8,209,20791,0.40418570742043647,2.791770541687731,21.377264635114283,0.40418570742043647,100
8,210,20890,0.40418570742043647,2.9468474531717432,31.4417618902008,0.40418570742043647,100
8,211,20989,0.40418570742043647,2.7807696857270177,14.673284014012877,0.40418570742043647,100
8,212,21088,0.40418570742043647,2.648604884572849,22.06591538330365,0.40418570742043647,100
8,213,21187,0.40418570742043647,3.1240662243226893,14.400600991575528,0.40418570742043647,100
8,214,21286,0.40418570742043647,2.924670358672241,29.617223717330944,0.40418570742043647,100
8,215,21385,0.40418570742043647,2.9200638502221636,13.199898272961187,0.40418570742043647,100
8,216,21484,0.40418570742043647,3.2172519499774217,40.55318083999542,0.40418570742043647,100
8,217,21583,0.40418570742043647,3.4355451589008243,27.432304001643512,0.40418570742043647,100
8,218,21682,0.40418570742043647,3.1065317838374433,18.015693306117843,0.40418570742043647,100
8,219,21781,0.40418570742043647,3.048952727472815,21.26954813451766,0.40418570742043647,100
8,220,21880,0.40418570742043647,3.2577675285804713,25.380034187540023,0.40418570742043647,100
8,221,21979,0.40418570742043647,2.670559487987245,16.307093613877086,0.40418570742043647,100
8,222,22078,0.4041857074204233,2.872699078549055,24.307500525124965,0.4041857074204233,100
8,223,22177,0.4041857074204233,3.1328796213024166,25.85961116307281,0.4041857074204233,100
8,224,22276,0.4041857074204233,2.7609747291057367,22.763624099541552,0.4041857074204233,100
8,225,22375,0.4041857074204233,3.4572874032752368,26.612518195684203,0.4041857074204233,100
8,226,22474,0.4041857074204233,2.7730153054849493,17.304309924977563,0.4041857074204233,100
8,227,22573,0.4041857074204233,2.765234841426436,15.730765228623248,0.4041857074204233,100
8,228,22672,0.4041857074204233,4.243881892268998,28.37117528474184,0.4041857074204233,100
8,229,22771,0.4041857074204233,3.21329030972898,22.78332462965559,0.4041857074204233,100
8,230,22870,0.4041857074204233,3.840523668071969,34.330554138876046,0.4041857074204233,100
8,231,22969,0.4041857074204233,2.6455387850016376,13.010938420464166,0.4041857074204233,100
8,232,23068,0.4041857074204233,3.016223588677931,17.894314963247446,0.4041857074204233,100
8,233,23167,0.4041857074204233,3.1019207989675355,26.27351420624152,0.4041857074204233,100
8,234,23266,0.4041857074204233,2.690443170192641,17.279398951468238,0.4041857074204233,100
8,235,23365,0.4041857074204233,3.103666910496956,16.629912048588043,0.4041857074204233,100
8,236,23464,0.4041857074204233,2.968602446287312,31.68496679651495,0.4041857074204233,100
8,237,23563,0.4041857074204233,2.846842372791059,20.419784933529506,0.4041857074204233,100
8,238,23662,0.4041857074204233,2.7354972406619504,16.070714337103578,0.4041857074204233,100
8,239,23761,0.4041857074204233,3.962799350298844,32.89173855865572,0.4041857074204233,100
8,240,23860,0.4041857074204233,3.2503463122305605,30.58836732758623,0.4041857074204233,100
8,241,23959,0.4041857074204233,3.449872281291046,30.231097640202655,0.4041857074204233,100
8,242,24058,0.4041857074204233,3.5223175078821756,23.76353045064729,0.4041857074204233,100
8,243,24157,0.4041857074204233,3.1290316600330748,25.175202462464345,0.4041857074204233,100
8,244,24256,0.4041857074204233,3.202205713222601,20.262785252997674,0.4041857074204233,100
8,245,24355,0.4041857074204233,3.080246981459699,12.546104284905205,0.4041857074204233,100
8,246,24454,0.4041857074204233,3.182664256725995,24.892901954616747,0.4041857074204233,100
8,247,24553,0.4041857074204233,3.3360837929279974,33.5904388915532,0.4041857074204233,100
8,248,24652,0.4041857074204233,2.412361193789076,14.345506641549177,0.4041857074204233,100
8,249,24751,0.4041857074204233,4.038852809872813,26.426870976761847,0.4041857074204233,100
8,250,24850,0.4041857074204233,3.129086761207071,19.709680355468958,0.4041857074204233,100
8,251,24949,0.4041857074204233,2.808788321585962,21.293551955007914,0.4041857074204233,100
8,252,25048,0.4041857074204233,2.346999286574575,18.174948007138518,0.4041857074204233,100
8,253,25147,0.4041857074204233,3.380249112936011,26.270020880223125,0.4041857074204233,100
8,254,25246,0.4041857074204233,2.402592758581136,18.144172121747314,0.4041857074204233,100
8,255,25345,0.4041857074204233,3.635629934445839,29.22875649103486,0.4041857074204233,100
8,256,25444,0.38354092112964405,2.850709117206943,18.06074329770517,0.38354092112964405,100
8,257,25543,0.36220753221861474,3.103805032698296,27.895244428053054,0.36220753221861474,100
8,258,25642,0.36220753221861474,3.1633356454579133,24.954589436479747,0.36220753221861474,100
8,259,25741,0.36220753221861474,3.232010064747925,32.95186932416646,0.36220753221861474,100
8,260,25840,0.36220753221861474,3.355946682022367,24.256945937610777,0.36220753221861474,100
8,261,25939,0.36220753221861474,3.8920296872391424,26.456055681449175,0.36220753221861474,100
8,262,26038,0.36220753221861474,3.941500314021419,30.93138048904279,0.36220753221861474,100
8,263,26137,0.36220753221861474,2.9962520906868604,17.358524792813235,0.36220753221861474,100
8,264,26236,0.36220753221861474,3.952442869830461,22.00126784387899,0.36220753221861474,100
8,265,26335,0.36220753221861474,3.593966601863906,19.363739309591054,0.36220753221861474,100
8,266,26434,0.36220753221861474,3.3199823467718454,31.646388146167393,0.36220753221861474,100
8,267,26533,0.36220753221861474,3.118817565013241,29.7863983383,0.36220753221861474,100
8,268,26632,0.36220753221861474,3.353938477072506,14.720068944332471,0.36220753221861474,100
8,269,26731,0.36220753221861474,3.129870910336752,19.82242894725625,0.36220753221861474,100
8,270,26830,0.36220753221861474,3.0387268548726296,30.47764389230126,0.36220753221861474,100
8,271,26929,0.36220753221861474,2.9672134440777542,25.765123444701366,0.36220753221861474,100
8,272,27028,0.36220753221861474,3.777979367064649,16.024148845069178,0.36220753221861474,100
8,273,27127,0.36220753221861474,3.39360172922944,20.022276058881786,0.36220753221861474,100
8,274,27226,0.36220753221861474,3.067497091919275,18.565101224363353,0.36220753221861474,100
8,275,27325,0.36220753221861474,2.8693877162347587,20.55432736803979,0.36220753221861474,100
8,276,27424,0.36220753221861474,3.265067146754747,25.82501596707527,0.36220753221861474,100
8,277,27523,0.3557079843020011,2.9471460202120254,17.39899542180995,0.3557079843020011,100
8,278,27622,0.3557079843020011,3.3798978547054395,28.52558371885382,0.3557079843020011,100
8,279,27721,0.3557079843020011,3.1302877283153383,21.32644211316935,0.3557079843020011,100
8,280,27820,0.3557079843020011,3.19259353971487,24.065085100104277,0.3557079843020011,100
8,281,27919,0.3557079843020011,3.6308762151778016,20.035172629529804,0.3557079843020011,100
8,282,28018,0.3557079843020011,3.3851051407647343,28.05306759480523,0.3557079843020011,100
8,283,28117,0.3557079843020011,3.453859037271306,32.22435787890922,0.3557079843020011,100
8,284,28216,0.3557079843020011,3.428701196312425,17.792398077539236,0.3557079843020011,100
8,285,28315,0.3557079843020011,3.2462759085367368,22.264049850580854,0.3557079843020011,100
8,286,28414,0.3557079843020011,3.2136039135304215,20.40377234385607,0.3557079843020011,100
8,287,28513,0.3557079843020011,3.1933359760810385,15.276282068554561,0.3557079843020011,100
8,288,28612,0.3557079843020011,2.962511831335843,23.975847089462516,0.3557079843020011,100
8,289,28711,0.3557079843020011,3.4464188476949356,21.451985277218576,0.3557079843020011,100
8,290,28810,0.3557079843020011,3.0641430498243456,16.54712389728998,0.3557079843020011,100
8,291,28909,0.3557079843020011,3.716784093909205,18.600586487990025,0.3557079843020011,100
8,292,29008,0.3557079843020011,2.921604031567473,27.790723776521435,0.3557079843020011,100
8,293,29107,0.3557079843020011,2.9939926708442965,20.8881224866811,0.3557079843020011,100
8,294,29206,0.3557079843020011,2.891736099420512,20.485318795691335,0.3557079843020011,100
8,295,29305,0.3557079843020011,2.6897409284996256,22.87257798254305,0.3557079843020011,100
8,296,29404,0.3557079843020011,3.96540388385791,22.329195484814374,0.3557079843020011,100
8,297,29503,0.3557079843020011,2.9318895494313892,16.59810947482971,0.3557079843020011,100
8,298,29602,0.3557079843020011,4.048981589654248,32.473583375149715,0.3557079843020011,100
8,299,29701,0.3557079843020011,3.201431949366074,25.565738303116106,0.3557079843020011,100
8,300,29800,0.3557079843020011,2.9519045084532842,18.759931565099983,0.3557079843020011,100
8,301,29899,0.3557079843020011,2.9189861260525563,16.734016733799418,0.3557079843020011,100
8,302,29998,0.3557079843020011,3.8518793939666085,25.73461536254609,0.3557079843020011,100
8,303,30097,0.3557079843020011,3.738203980239281,38.60045993650838,0.3557079843020011,100
8,304,30196,0.3557079843020011,3.715869273105341,23.06098396265215,0.3557079843020011,100
8,305,30295,0.3557079843020011,3.4654984059950804,20.294092833165898,0.3557079843020011,100
8,306,30394,0.3557079843020011,2.9135181646211907,16.190664857743293,0.3557079843020011,100
8,307,30493,0.3557079843020011,2.1415827168547024,13.13542607500473,0.3557079843020011,100
8,308,30592,0.3557079843020011,3.3896600393462792,30.330696954101562,0.3557079843020011,100
8,309,30691,0.3557079843020011,3.8675163453719823,29.406076495341402,0.3557079843020011,100
8,310,30790,0.3557079843020011,2.7604898312219364,24.564202642836815,0.3557079843020011,100
8,311,30889,0.3557079843020011,2.807739583201731,20.525233645421608,0.3557079843020011,100
8,312,30988,0.3557079843020011,3.5018753408117753,30.789182055397895,0.3557079843020011,100
8,313,31087,0.3557079843020011,2.5311468322271438,20.070625877813494,0.3557079843020011,100
8,314,31186,0.3557079843020011,3.214771102800127,26.36373908636805,0.3557079843020011,100
8,315,31285,0.3557079843020011,2.937374428436323,22.85379019819267,0.3557079843020011,100
8,316,31384,0.3557079843020011,3.125491966647758,25.277100569670424,0.3557079843020011,100
8,317,31483,0.3557079843020011,3.5969366476486004,21.604530579216906,0.3557079843020011,100
8,318,31582,0.3557079843020011,3.1891045999118255,33.251099920908764,0.3557079843020011,100
8,319,31681,0.3557079843020011,3.436423326486638,24.37810613745179,0.3557079843020011,100
8,320,31780,0.3557079843020011,2.632003771142018,19.1149559934383,0.3557079843020011,100
8,321,31879,0.3557079843020011,2.8045544373442994,25.04746967265511,0.3557079843020011,100
8,322,31978,0.3557079843020011,2.9236850621509416,14.752344618487488,0.3557079843020011,100
8,323,32077,0.3557079843020011,3.290630611009762,17.93925555256937,0.3557079843020011,100
8,324,32176,0.3557079843020011,2.719034229849239,16.852098135670214,0.3557079843020011,100
8,325,32275,0.3557079843020011,3.1998085517694155,21.42782046542755,0.3557079843020011,100
8,326,32374,0.3557079843020011,2.8082149431845393,23.902514304228408,0.3557079843020011,100
8,327,32473,0.3557079843020011,3.3257275816341347,29.21582435793982,0.3557079843020011,100
8,328,32572,0.3557079843020011,3.0400856212937857,21.467785721763722,0.3557079843020011,100
8,329,32671,0.3557079843020011,2.435486810502871,16.833681178899386,0.3557079843020011,100
8,330,32770,0.3112481559917428,2.819573337741856,13.672896599702213,0.3112481559917428,100
8,331,32869,0.3112481559917428,3.510218831172919,18.7720554044454,0.3112481559917428,100
8,332,32968,0.3112481559917428,3.261765271682929,19.123838910465942,0.3112481559917428,100
8,333,33067,0.3112481559917428,3.259798332741239,20.61709146771529,0.3112481559917428,100
8,334,33166,0.3112481559917428,2.5974231515861517,16.74810847373117,0.3112481559917428,100
8,335,33265,0.3112481559917428,2.958529807237477,23.03302588826914,0.3112481559917428,100
8,336,33364,0.3112481559917428,2.429311264621449,21.737127175860547,0.3112481559917428,100
8,337,33463,0.3112481559917428,3.426940553500705,24.83370367231433,0.3112481559917428,100
8,338,33562,0.3112481559917428,2.992761243439204,13.192780869686413,0.3112481559917428,100
8,339,33661,0.3112481559917428,3.303052554510157,19.970593284660485,0.3112481559917428,100
8,340,33760,0.3112481559917428,3.54293492208702,20.760631851411105,0.3112481559917428,100
8,341,33859,0.3112481559917428,3.4213497584918624,26.935770012857233,0.3112481559917428,100
8,342,33958,0.3112481559917428,3.6326108573204072,26.185708487431235,0.3112481559917428,100
8,343,34057,0.3112481559917428,3.207725837156333,22.156877311078475,0.3112481559917428,100
8,344,34156,0.3112481559917428,3.1966135245926317,20.090057553508107,0.3112481559917428,100
8,345,34255,0.3112481559917428,2.82369403554425,16.641806259231572,0.3112481559917428,100
8,346,34354,0.3112481559917428,3.3122690891078457,40.755691512689644,0.3112481559917428,100
8,347,34453,0.3112481559917428,2.90511687876458,31.76554337830801,0.3112481559917428,100
8,348,34552,0.3112481559917428,3.018792368178202,17.986572910004217,0.3112481559917428,100
8,349,34651,0.3112481559917428,3.268929531024255,22.45271217150738,0.3112481559917428,100
8,350,34750,0.3112481559917428,3.125728665741187,26.47672550387421,0.3112481559917428,100
8,351,34849,0.3112481559917428,3.44551365732762,32.66677961471678,0.3112481559917428,100
8,352,34948,0.3112481559917428,3.0703929660237783,26.094639686478644,0.3112481559917428,100
8,353,35047,0.3112481559917428,2.657618888580974,25.410755691192715,0.3112481559917428,100
8,354,35146,0.3112481559917428,4.079813150676757,20.510255539616427,0.3112481559917428,100
8,355,35245,0.3112481559917428,3.298899690283909,15.014891881565369,0.3112481559917428,100
8,356,35344,0.3112481559917428,3.320683404861406,23.54604198743723,0.3112481559917428,100
8,357,35443,0.3112481559917428,3.5011318846276756,24.71811790692089,0.3112481559917428,100
8,358,35542,0.3112481559917428,2.647654603869384,21.989805751782487,0.3112481559917428,100
8,359,35641,0.3112481559917428,3.4327075908924884,21.91339790925724,0.3112481559917428,100
8,360,35740,0.3112481559917428,3.332307127417266,22.082710547519135,0.3112481559917428,100
8,361,35839,0.3112481559917428,3.547790009451437,18.40668145560612,0.3112481559917428,100
8,362,35938,0.3112481559917428,3.163430269010661,27.125476731542083,0.3112481559917428,100
8,363,36037,0.3112481559917428,3.2612922158307667,20.11936664117039,0.3112481559917428,100
8,364,36136,0.3112481559917428,3.269449272969327,24.785607355475957,0.3112481559917428,100
8,365,36235,0.3112481559917428,3.3915403126356125,24.241972971383404,0.3112481559917428,100
8,366,36334,0.3112481559917428,3.3594424988080993,22.592001969237284,0.3112481559917428,100
8,367,36433,0.3112481559917428,3.384064920928446,28.508899605634074,0.3112481559917428,100
8,368,36532,0.3112481559917428,3.013354595012051,25.329464080703104,0.3112481559917428,100
8,369,36631,0.3112481559917428,3.4902237640065095,25.16865864547041,0.3112481559917428,100
8,370,36730,0.3112481559917428,3.5709586609757995,30.13741947629397,0.3112481559917428,100
8,371,36829,0.3112481559917428,3.6430538001421398,30.46103095854075,0.3112481559917428,100
8,372,36928,0.3112481559917428,3.255650266098227,25.858881971931496,0.3112481559917428,100
8,373,37027,0.3112481559917428,4.166902131920475,23.231531403089495,0.3112481559917428,100
8,374,37126,0.3112481559917428,3.0177385678106434,23.06609131707191,0.3112481559917428,100
8,375,37225,0.3112481559917428,3.559154638636144,24.91239500558068,0.3112481559917428,100
8,376,37324,0.3112481559917428,3.0372155143074986,17.96637139336486,0.3112481559917428,100
8,377,37423,0.3112481559917428,2.5043293372423427,17.334712789172368,0.3112481559917428,100
8,378,37522,0.3112481559917428,4.0421954792686146,25.977103617488684,0.3112481559917428,100
8,379,37621,0.3112481559917428,3.4576505405402487,29.1101891882812,0.3112481559917428,100
8,380,37720,0.3112481559917428,4.044417467227323,19.93988830124668,0.3112481559917428,100
8,381,37819,0.3112481559917428,3.365608927095104,20.89043099744683,0.3112481559917428,100
8,382,37918,0.3112481559917428,2.844451767732376,15.35472862560324,0.3112481559917428,100
8,383,38017,0.3112481559917428,2.783546358516814,17.184190082828522,0.3112481559917428,100
8,384,38116,0.3112481559917428,2.4702133879466084,11.142448870375832,0.3112481559917428,100
8,385,38215,0.3112481559917428,2.7017445708746504,21.923489541190023,0.3112481559917428,100
8,386,38314,0.3112481559917428,3.701288533869572,29.15305542468402,0.3112481559917428,100
8,387,38413,0.3112481559917428,2.5391785106832665,13.350632273883065,0.3112481559917428,100
8,388,38512,0.3112481559917428,2.865335229285352,21.158351059633404,0.3112481559917428,100
8,389,38611,0.3112481559917428,3.0053393731318696,19.377892587817037,0.3112481559917428,100
8,390,38710,0.3112481559917428,2.851783699004684,19.466268722982967,0.3112481559917428,100
8,391,38809,0.3112481559917428,3.0298351943877133,18.874499279685583,0.3112481559917428,100
8,392,38908,0.3112481559917428,2.918751373830333,13.834231368337555,0.3112481559917428,100
8,393,39007,0.3112481559917428,2.3973526166811325,21.861765830292573,0.3112481559917428,100
8,394,39106,0.3112481559917428,2.0873134452451483,12.086015119326493,0.3112481559917428,100
8,395,39205,0.3112481559917428,2.8300530768292305,17.070977139938197,0.3112481559917428,100
8,396,39304,0.3112481559917428,3.355208936490277,22.112311129143293,0.3112481559917428,100
8,397,39403,0.3112481559917428,3.1124065855467364,17.629461960323116,0.3112481559917428,100
8,398,39502,0.3112481559917428,2.6182595148654983,23.04536687880198,0.3112481559917428,100
8,399,39601,0.3112481559917428,3.2997739412463716,23.36150454317257,0.3112481559917428,100
8,400,39700,0.3112481559917428,3.504599818908281,27.872721817143194,0.3112481559917428,100
8,401,39799,0.3112481559917428,3.284037209865646,25.84591518726546,0.3112481559917428,100
8,402,39898,0.3112481559917428,3.3749602544932484,34.85841513212893,0.3112481559917428,100
8,403,39997,0.3112481559917428,2.698891579271322,18.74800069615068,0.3112481559917428,100
8,404,40096,0.3112481559917428,2.9324103419420378,25.311723247011194,0.3112481559917428,100
8,405,40195,0.3112481559917428,3.478655367706681,24.61901573498859,0.3112481559917428,100
8,406,40294,0.3112481559917428,2.855002792684219,14.669544669978999,0.3112481559917428,100
8,407,40393,0.3112481559917428,3.0020509058890705,19.23406234320157,0.3112481559917428,100
8,408,40492,0.3112481559917428,3.5920961455930716,47.99730666940479,0.3112481559917428,100
8,409,40591,0.3112481559917428,4.148917880263987,34.59865872023174,0.3112481559917428,100
8,410,40690,0.3112481559917428,3.360825064911948,19.315418896534336,0.3112481559917428,100
8,411,40789,0.3112481559917428,3.1123643389766924,19.809378231405258,0.3112481559917428,100
8,412,40888,0.3112481559917428,3.2279922266666308,16.02191969872825,0.3112481559917428,100
8,413,40987,0.3112481559917428,3.3084872975122255,21.796466815324617,0.3112481559917428,100
8,414,41086,0.3112481559917428,2.434089258789699,17.13309916725179,0.3112481559917428,100
8,415,41185,0.3112481559917428,2.761601795145198,26.02447170501389,0.3112481559917428,100
8,416,41284,0.3112481559917428,3.085245184662703,16.78976797556569,0.3112481559917428,100
8,417,41383,0.3112481559917428,2.714751815910442,25.045340970748153,0.3112481559917428,100
8,418,41482,0.3112481559917428,2.777476670101783,16.14638862074379,0.3112481559917428,100
8,419,41581,0.3112481559917428,2.607669762585529,13.93339920008148,0.3112481559917428,100
8,420,41680,0.3112481559917428,3.3985196324442217,23.81689892800597,0.3112481559917428,100
8,421,41779,0.3112481559917428,3.3483538859325175,21.308919105664234,0.3112481559917428,100
8,422,41878,0.3112481559917428,3.248273162312101,28.842834196146203,0.3112481559917428,100
8,423,41977,0.3112481559917428,3.282891182550451,17.110522446184564,0.3112481559917428,100
8,424,42076,0.3112481559917428,2.6926606379441194,17.518019978873085,0.3112481559917428,100
8,425,42175,0.3112481559917428,3.176955995843016,29.149960215244434,0.3112481559917428,100
8,426,42274,0.3112481559917428,3.3909152071129665,35.62241438905258,0.3112481559917428,100
8,427,42373,0.3112481559917428,3.7805316601052574,41.083398385986115,0.3112481559917428,100
8,428,42472,0.3112481559917428,2.8330479399176283,20.6409555552415,0.3112481559917428,100
8,429,42571,0.3112481559917428,3.547836218717362,22.882036284208784,0.3112481559917428,100
8,430,42670,0.3112481559917428,2.9299463561991814,18.188043930674727,0.3112481559917428,100
8,431,42769,0.3112481559917428,3.2967421653033684,22.13276433501672,0.3112481559917428,100
8,432,42868,0.3112481559917428,3.9474157477156733,28.0841679240894,0.3112481559917428,100
8,433,42967,0.3112481559917428,2.8866580809751183,21.7243234051927,0.3112481559917428,100
8,434,43066,0.3112481559917428,3.465314064144016,22.85029757214474,0.3112481559917428,100
8,435,43165,0.3112481559917428,2.5395058266847523,17.86139100894534,0.3112481559917428,100
8,436,43264,0.3112481559917428,2.830436749926103,15.59222776221937,0.3112481559917428,100
8,437,43363,0.3112481559917428,2.7938516265485807,14.081296539099258,0.3112481559917428,100
8,438,43462,0.3112481559917428,2.6737315109161517,21.066850964270593,0.3112481559917428,100
8,439,43561,0.3112481559917428,2.9611861866414455,19.403315514187852,0.3112481559917428,100
8,440,43660,0.3112481559917428,3.3680587447304293,21.645581162834574,0.3112481559917428,100
8,441,43759,0.3112481559917428,2.741421174472349,31.840003007429257,0.3112481559917428,100
8,442,43858,0.3112481559917428,2.894084295194324,18.293120066057885,0.3112481559917428,100
8,443,43957,0.3112481559917428,2.2575290836529525,13.894634356251533,0.3112481559917428,100
8,444,44056,0.3112481559917428,3.04032164422014,22.233799446022612,0.3112481559917428,100
8,445,44155,0.3112481559917428,2.9480395115235343,23.14712823654868,0.3112481559917428,100
8,446,44254,0.3112481559917428,2.7441405144450393,16.525947819614462,0.3112481559917428,100
8,447,44353,0.3112481559917428,3.3553005092592385,34.916177056930785,0.3112481559917428,100
8,448,44452,0.3112481559917428,3.5980505348143272,20.36059067698336,0.3112481559917428,100
8,449,44551,0.3112481559917428,3.594235328030336,17.27913389002536,0.3112481559917428,100
8,450,44650,0.3112481559917428,3.239706605660796,29.352188282680284,0.3112481559917428,100
8,451,44749,0.3112481559917428,3.126650261607965,20.438050128750504,0.3112481559917428,100
8,452,44848,0.3112481559917428,2.8488879001937932,26.38117690043491,0.3112481559917428,100
8,453,44947,0.3112481559917428,3.14533463799186,30.003801045257564,0.3112481559917428,100
8,454,45046,0.3112481559917428,2.874983051522816,19.56084781167811,0.3112481559917428,100
8,455,45145,0.3112481559917428,2.9040531334670407,19.555651437964464,0.3112481559917428,100
8,456,45244,0.3112481559917428,3.143506146954993,27.723785131838895,0.3112481559917428,100
8,457,45343,0.3112481559917428,3.169849050044489,16.096305478924116,0.3112481559917428,100
8,458,45442,0.3112481559917428,3.3073748146935595,23.595805093918777,0.3112481559917428,100
8,459,45541,0.3112481559917428,3.698558308318852,23.767061640786533,0.3112481559917428,100
8,460,45640,0.3112481559917428,3.482765374355801,19.504608823813296,0.3112481559917428,100
8,461,45739,0.3112481559917428,3.327208137552128,19.0553419321067,0.3112481559917428,100
8,462,45838,0.3112481559917428,2.9013366752826983,23.333569181037742,0.3112481559917428,100
8,463,45937,0.3112481559917428,2.92206380871153,23.870778311988392,0.3112481559917428,100
8,464,46036,0.3112481559917428,2.8529256849602227,21.206396499661142,0.3112481559917428,100
8,465,46135,0.3112481559917428,3.1902435138207057,18.256298200686324,0.3112481559917428,100
8,466,46234,0.3112481559917428,3.33959685293253,27.422542452583524,0.3112481559917428,100
8,467,46333,0.3112481559917428,3.8924424578269883,29.565825074133702,0.3112481559917428,100
8,468,46432,0.3112481559917428,2.697621512244613,18.279654270779897,0.3112481559917428,100
8,469,46531,0.3112481559917428,2.2369574598978557,23.871123397582807,0.3112481559917428,100
8,470,46630,0.3112481559917428,2.328174287155531,21.561073859203397,0.3112481559917428,100
8,471,46729,0.3112481559917428,3.3821023068295775,26.927736185228323,0.3112481559917428,100
8,472,46828,0.3112481559917428,3.431644643658854,24.148802054919567,0.3112481559917428,100
8,473,46927,0.3112481559917428,2.9885534714256337,19.422421805035363,0.3112481559917428,100
8,474,47026,0.3112481559917428,3.1163435989535877,26.058409487413822,0.3112481559917428,100
8,475,47125,0.3112481559917428,2.3006403940231697,13.63941245007259,0.3112481559917428,100
8,476,47224,0.3112481559917428,2.341934431923587,13.236512690154301,0.3112481559917428,100
8,477,47323,0.3112481559917428,3.0276621192181867,22.748971408283666,0.3112481559917428,100
8,478,47422,0.3112481559917428,3.8480494829262635,18.73921917190587,0.3112481559917428,100
8,479,47521,0.3112481559917428,2.6031104473149598,17.83986023512942,0.3112481559917428,100
8,480,47620,0.3112481559917428,2.2566832706412128,11.515066191825136,0.3112481559917428,100
8,481,47719,0.3112481559917428,2.954399758890897,21.49983346913564,0.3112481559917428,100
8,482,47818,0.3112481559917428,2.2250671660063857,20.3261168065509,0.3112481559917428,100
8,483,47917,0.3112481559917428,3.1591096268732803,23.427983146614206,0.3112481559917428,100
8,484,48016,0.3112481559917428,3.033891262492725,18.851856827919512,0.3112481559917428,100
8,485,48115,0.3112481559917428,3.2229457196031763,42.60960660781885,0.3112481559917428,100
8,486,48214,0.3112481559917428,3.59125894152119,16.135443595807395,0.3112481559917428,100
8,487,48313,0.3112481559917428,3.6528548860577983,21.70340609136784,0.3112481559917428,100
8,488,48412,0.3112481559917428,2.858493374096649,22.65896411443346,0.3112481559917428,100
8,489,48511,0.3112481559917428,3.619967535109524,28.018946908770005,0.3112481559917428,100
8,490,48610,0.3112481559917428,4.441420549028119,37.44242520091588,0.3112481559917428,100
8,491,48709,0.3112481559917428,3.070807486221062,21.306591788663958,0.3112481559917428,100
8,492,48808,0.3112481559917428,3.036941907080502,26.308083612374954,0.3112481559917428,100
8,493,48907,0.3112481559917428,3.033433049615975,20.764162287278296,0.3112481559917428,100
8,494,49006,0.3112481559917428,2.610394482083249,16.54742092250165,0.3112481559917428,100
8,495,49105,0.3112481559917428,3.1349104901319667,31.787716499394715,0.3112481559917428,100
8,496,49204,0.3112481559917428,3.0148940552166574,25.010002019262586,0.3112481559917428,100
8,497,49303,0.3112481559917428,2.570072572870389,16.956410548793137,0.3112481559917428,100
8,498,49402,0.3112481559917428,2.967695090452801,17.071237094835823,0.3112481559917428,100
8,499,49501,0.3112481559917428,3.351010853056567,23.19067364161108,0.3112481559917428,100
8,500,49600,0.3112481559917428,3.9904878332106493,31.124714458711246,0.3112481559917428,100
8,501,49699,0.3112481559917428,3.4677672765447904,30.295914415790257,0.3112481559917428,100
8,502,49798,0.3112481559917428,3.4366856012532208,21.904596921323876,0.3112481559917428,100
8,503,49897,0.3112481559917428,3.6045346075072673,15.069704308906012,0.3112481559917428,100
8,504,49996,0.3112481559917428,3.613560933457394,27.963641492538294,0.3112481559917428,100
8,505,50000,0.3112481559917428,2.8327773079708565,16.995216212542726,0.3112481559917428,100
9,0,100,50.47958286511485,544.2911232687682,978.4677747211031,50.47958286511485,100
9,1,199,35.95209962010779,254.59588803352378,650.3864701069341,35.95209962010779,100
9,2,298,22.75962858426041,102.4363192488591,325.8541670303457,22.75962858426041,100
9,3,397,7.55918475663065,43.99978568035435,109.96070458937139,7.55918475663065,100
9,4,496,4.538405176129128,22.86775134536781,55.22846950810412,4.538405176129128,100
9,5,595,2.14361080472717,14.510181176577868,33.258300531165695,2.14361080472717,100
9,6,694,1.6721778056361518,9.46452874748589,48.13806565439363,1.6721778056361518,100
9,7,793,1.6717030694038484,6.76615711828236,29.329190048493036,1.6717030694038484,100
9,8,892,1.206395391986175,4.772232190481159,20.870098314289237,1.206395391986175,100
9,9,991,0.666591640655029,4.54601134135386,32.133162701849045,0.666591640655029,100
9,10,1090,0.5420682012959475,4.019472271316932,18.08759544126902,0.5420682012959475,100
9,11,1189,0.530121740725668,4.171365166285461,28.468157353493996,0.530121740725668,100
9,12,1288,0.530121740725668,3.539588127269081,16.78519810988687,0.530121740725668,100
9,13,1387,0.530121740725668,3.387465080181874,20.96503205734858,0.530121740725668,100
9,14,1486,0.530121740725668,3.5202624336937474,18.47615278868847,0.530121740725668,100
9,15,1585,0.5151436749757086,4.239697701704751,30.11299712917752,0.5151436749757086,100
9,16,1684,0.48435178099795606,3.642350441206497,20.80120049605312,0.48435178099795606,100
9,17,1783,0.48435178099795606,3.333580876170878,27.23261223098598,0.48435178099795606,100
9,18,1882,0.48435178099795606,3.2028024669552866,18.92349020737806,0.48435178099795606,100
9,19,1981,0.48435178099795606,3.3796653331360087,26.615235503654247,0.48435178099795606,100
9,20,2080,0.48435178099795606,2.768012896830895,21.774726898121468,0.48435178099795606,100
9,21,2179,0.48435178099795606,3.3091902410123946,20.19833861818974,0.48435178099795606,100
9,22,2278,0.48435178099795606,2.86445686174177,21.404344440206255,0.48435178099795606,100
9,23,2377,0.48435178099795606,2.9074312474605852,17.35997699984416,0.48435178099795606,100
9,24,2476,0.48435178099795606,3.448968207415716,25.732272689347536,0.48435178099795606,100
9,25,2575,0.48435178099795606,2.546637535053411,16.878940800676986,0.48435178099795606,100
9,26,2674,0.48435178099795606,2.986915097376793,34.2988240897526,0.48435178099795606,100
9,27,2773,0.48435178099795606,3.0769305801382303,21.086630528963276,0.48435178099795606,100
9,28,2872,0.48435178099795606,3.1240688723429235,17.981926554683277,0.48435178099795606,100
9,29,2971,0.48435178099795606,2.5029802327857253,15.670158014499629,0.48435178099795606,100
9,30,3070,0.4777715830700345,2.5146917468329395,17.318353630740397,0.4777715830700345,100
9,31,3169,0.4777715830700345,3.489158091879969,28.741400040832634,0.4777715830700345,100
9,32,3268,0.4777715830700345,2.6283450606806924,15.29160088075096,0.4777715830700345,100
9,33,3367,0.4777715830700345,3.3006800921527195,26.758873801684278,0.4777715830700345,100
9,34,3466,0.4777715830700345,2.377174930266221,13.357306958330053,0.4777715830700345,100
9,35,3565,0.4777715830700345,2.4840251665962594,15.444114259904639,0.4777715830700345,100
9,36,3664,0.4777715830700345,2.8991385816974518,22.267709019405203,0.4777715830700345,100
9,37,3763,0.4777715830700345,2.9038094021791263,15.526030222776507,0.4777715830700345,100
9,38,3862,0.4777715830700345,3.246993184156666,26.950068702796244,0.4777715830700345,100
9,39,3961,0.4777715830700345,3.1372385895879713,23.058776993036485,0.4777715830700345,100
9,40,4060,0.4777715830700345,2.861321222040472,19.903987072704933,0.4777715830700345,100
9,41,4159,0.4777715830700345,3.685513754399701,27.655982094618302,0.4777715830700345,100
9,42,4258,0.4777715830700345,3.457296568981166,16.822125686790486,0.4777715830700345,100
9,43,4357,0.4777715830700345,2.9992063350722713,25.097473036323713,0.4777715830700345,100
9,44,4456,0.4777715830700345,2.9135099952486883,30.06259871956591,0.4777715830700345,100
9,45,4555,0.4777715830700345,2.798172229522243,20.33207389765967,0.4777715830700345,100
9,46,4654,0.4777715830700345,3.7878245258792917,24.796347865790164,0.4777715830700345,100
9,47,4753,0.4777715830700345,3.121513162324999,21.91724406380775,0.4777715830700345,100
9,48,4852,0.4777715830700345,3.1382968498980492,17.541331334600727,0.4777715830700345,100
9,49,4951,0.4777715830700345,2.672001638347642,17.257933990843526,0.4777715830700345,100
9,50,5050,0.3651732658414327,3.2202904164040502,34.24145141290288,0.3651732658414327,100
9,51,5149,0.3651732658414327,3.2450574425564813,25.112416709999188,0.3651732658414327,100
9,52,5248,0.3651732658414327,3.3997407114518716,25.23004350023016,0.3651732658414327,100
9,53,5347,0.3651732658414327,3.7548874374558254,40.00705722922724,0.3651732658414327,100
9,54,5446,0.3651732658414327,2.3481180178297283,17.57091691417585,0.3651732658414327,100
9,55,5545,0.3651732658414327,3.2305998339319304,22.357335915353197,0.3651732658414327,100
9,56,5644,0.3651732658414327,3.1600804140063885,27.170239434563797,0.3651732658414327,100
9,57,5743,0.3651732658414327,3.1391383744504906,24.09185157273848,0.3651732658414327,100
9,58,5842,0.3651732658414327,3.517995552921999,22.284504699020776,0.3651732658414327,100
9,59,5941,0.3651732658414327,3.074291771555477,17.261763272641897,0.3651732658414327,100
9,60,6040,0.3651732658414327,3.011289163734486,17.829385162195027,0.3651732658414327,100
9,61,6139,0.3651732658414327,2.5039232901186876,12.243420649275915,0.3651732658414327,100
9,62,6238,0.3651732658414327,3.0375517234287406,26.854778654127585,0.3651732658414327,100
9,63,6337,0.3651732658414327,3.6989762405796314,19.613948567566872,0.3651732658414327,100
9,64,6436,0.3651732658414327,2.735641339552903,12.84806979735113,0.3651732658414327,100
9,65,6535,0.3651732658414327,2.9411652730773774,22.099222223181652,0.3651732658414327,100
9,66,6634,0.3651732658414327,2.705205030050103,14.8164025654757,0.3651732658414327,100
9,67,6733,0.3651732658414327,2.9467548845399945,18.606046443142723,0.3651732658414327,100
9,68,6832,0.3651732658414327,2.7722978142079335,26.16308737457443,0.3651732658414327,100
9,69,6931,0.3651732658414327,3.3635737563303256,42.38163848654595,0.3651732658414327,100
9,70,7030,0.3651732658414327,2.912244511301336,18.23176288850561,0.3651732658414327,100
9,71,7129,0.3651732658414327,3.328269557155309,35.368952236487274,0.3651732658414327,100
9,72,7228,0.3651732658414327,3.073828733644723,21.602003484260198,0.3651732658414327,100
9,73,7327,0.3651732658414327,3.1501717300588767,18.750650107819393,0.3651732658414327,100
9,74,7426,0.3651732658414327,3.022184929588012,34.50890490799229,0.3651732658414327,100
9,75,7525,0.3651732658414327,2.812188148674246,49.435179151345274,0.3651732658414327,100
9,76,7624,0.3651732658414327,3.75197539618985,29.547397663154335,0.3651732658414327,100
9,77,7723,0.3651732658414327,3.139376408671055,26.99545513978562,0.3651732658414327,100
9,78,7822,0.3651732658414327,3.9824539572375652,24.42926381573401,0.3651732658414327,100
9,79,7921,0.3651732658414327,2.436774066969504,15.751071570171577,0.3651732658414327,100
9,80,8020,0.3651732658414327,3.1728280085538967,19.485384678540797,0.3651732658414327,100
9,81,8119,0.3651732658414327,3.667511025932993,26.77671803220072,0.3651732658414327,100
9,82,8218,0.3651732658414327,2.2376914601123374,17.47660049203271,0.3651732658414327,100
9,83,8317,0.3651732658414327,2.828596174343532,15.893038581649886,0.3651732658414327,100
9,84,8416,0.3651732658414327,3.1352441684932173,24.370127497449822,0.3651732658414327,100
9,85,8515,0.3651732658414327,3.945189977197144,30.685248565696046,0.3651732658414327,100
9,86,8614,0.3651732658414327,3.5645830694864737,19.23225389242872,0.3651732658414327,100
9,87,8713,0.3651732658414327,4.088107827061803,24.01456289785032,0.3651732658414327,100
9,88,8812,0.3651732658414327,3.0713143781347156,24.874732433236705,0.3651732658414327,100
9,89,8911,0.3651732658414327,3.4670856806302863,29.204018625232834,0.3651732658414327,100
9,90,9010,0.3651732658414327,3.2398781075495777,25.256469941020534,0.3651732658414327,100
9,91,9109,0.3651732658414327,2.813231820870349,25.949742066598375,0.3651732658414327,100
9,92,9208,0.3651732658414327,3.6937637687885974,35.57358348157209,0.3651732658414327,100
9,93,9307,0.3651732658414327,2.914793309108203,21.113044295858163,0.3651732658414327,100
9,94,9406,0.3651732658414327,2.6805453479736805,21.822583436199537,0.3651732658414327,100
9,95,9505,0.3651732658414327,3.2980167751068565,25.53473825905642,0.3651732658414327,100
9,96,9604,0.3651732658414327,3.448859786731258,22.26216064440739,0.3651732658414327,100
9,97,9703,0.3651732658414327,2.790357511117041,18.181929998238328,0.3651732658414327,100
9,98,9802,0.3651732658414209,3.0596886287365765,25.823454536418552,0.3651732658414209,100
9,99,9901,0.3651732658414209,3.302716924002983,19.318961223638738,0.3651732658414209,100
9,100,10000,0.3651732658414209,3.2926373332201213,24.256366184896848,0.3651732658414209,100
9,101,10099,0.3651732658414209,3.8023209375296267,42.22628905871579,0.3651732658414209,100
9,102,10198,0.3651732658414209,2.724507365155509,18.664757497522135,0.3651732658414209,100
9,103,10297,0.3651732658414209,2.775947296703375,18.977576309608747,0.3651732658414209,100
9,104,10396,0.3651732658414209,4.013313265727592,19.412146296234468,0.3651732658414209,100
9,105,10495,0.3651732658414209,3.489144072427781,26.883544840585248,0.3651732658414209,100
9,106,10594,0.3651732658414209,3.6840742121538876,49.93593368365987,0.3651732658414209,100
9,107,10693,0.3651732658414209,3.19558221066171,23.408210287219646,0.3651732658414209,100
9,108,10792,0.3651732658414209,3.246195764438126,14.490501398095807,0.3651732658414209,100
9,109,10891,0.3651732658414209,3.5141293579012323,25.658611956778838,0.3651732658414209,100
9,110,10990,0.3651732658414209,2.5892657257918215,14.513288923360923,0.3651732658414209,100
9,111,11089,0.3651732658414209,2.7490295445245003,20.920810093299206,0.3651732658414209,100
9,112,11188,0.3651732658414209,3.013594210629459,21.534664930792772,0.3651732658414209,100
9,113,11287,0.3651732658414209,2.7222603977907793,18.557600250399002,0.3651732658414209,100
9,114,11386,0.3651732658414209,3.5305744918193525,33.46265918124802,0.3651732658414209,100
9,115,11485,0.3651732658414209,2.492399760020609,15.044901277333357,0.3651732658414209,100
9,116,11584,0.3651732658414209,3.741853167810534,37.1690977846451,0.3651732658414209,100
9,117,11683,0.3651732658414209,3.029337949219611,28.066165247830817,0.3651732658414209,100
9,118,11782,0.3651732658414209,2.710087685427815,18.040366464408006,0.3651732658414209,100
9,119,11881,0.3651732658414209,2.460374506929834,11.593964192245934,0.3651732658414209,100
9,120,11980,0.3651732658414209,3.0551372347784964,28.024904274486946,0.3651732658414209,100
9,121,12079,0.3651732658414209,2.344932522481337,11.679265618767728,0.3651732658414209,100
9,122,12178,0.3651732658414209,2.484051443191299,18.391215038096444,0.3651732658414209,100
9,123,12277,0.3651732658414209,2.265810643965192,16.028744092514117,0.3651732658414209,100
9,124,12376,0.3651732658414209,3.2065611227032975,13.595769516000422,0.3651732658414209,100
9,125,12475,0.3651732658414209,3.1481108231355,17.719824443887642,0.3651732658414209,100
9,126,12574,0.3651732658414209,3.5891346326230877,23.58024459718869,0.3651732658414209,100
9,127,12673,0.3651732658414209,3.38864706954067,18.378831058896353,0.3651732658414209,100
9,128,12772,0.3651732658414209,3.4227602520373357,15.766478140346914,0.3651732658414209,100
9,129,12871,0.3651732658414209,2.5244664112777593,19.756200660548643,0.3651732658414209,100
9,130,12970,0.3651732658414209,3.1126673887979455,25.091261005753456,0.3651732658414209,100
9,131,13069,0.3651732658414209,3.986991408179141,40.25655072348946,0.3651732658414209,100
9,132,13168,0.3651732658414209,2.9291086661472105,19.631086452756662,0.3651732658414209,100
9,133,13267,0.3651732658414209,3.6025489780481372,26.132319245903883,0.3651732658414209,100
9,134,13366,0.3651732658414209,2.6145624239895233,20.795647722137875,0.3651732658414209,100
9,135,13465,0.3651732658414209,3.294530625948489,23.17919650260107,0.3651732658414209,100
9,136,13564,0.3651732658414209,3.118115437127115,27.351495683685883,0.3651732658414209,100
9,137,13663,0.3651732658414209,3.234694621362104,20.83784425925689,0.3651732658414209,100
9,138,13762,0.3651732658414209,2.9720588040758043,20.622086187732933,0.3651732658414209,100
9,139,13861,0.3651732658414209,3.583183198809946,33.653322924883426,0.3651732658414209,100
9,140,13960,0.3651732658414209,3.1414682845719386,27.04024801408838,0.3651732658414209,100
9,141,14059,0.3651732658414209,2.7206934330382095,15.308148795152242,0.3651732658414209,100
9,142,14158,0.3651732658414209,2.7082545375484193,21.102901635421127,0.3651732658414209,100
9,143,14257,0.3651732658414209,3.3214374169514134,34.05367814413355,0.3651732658414209,100
9,144,14356,0.3651732658414209,3.013290990116658,24.801614352203487,0.3651732658414209,100
9,145,14455,0.3651732658414209,3.513576090271408,18.537768762541415,0.3651732658414209,100
9,146,14554,0.3651732658414209,2.605277080266268,16.892112040416556,0.3651732658414209,100
9,147,14653,0.3651732658414209,4.492058411191009,46.108229118277976,0.3651732658414209,100
9,148,14752,0.3651732658414209,2.9677581017557526,30.881768362866058,0.3651732658414209,100
9,149,14851,0.3651732658414209,3.1175664774314265,18.728272375697156,0.3651732658414209,100
9,150,14950,0.3651732658414209,3.20029905382095,24.591294915339738,0.3651732658414209,100
9,151,15049,0.3651732658414209,3.0032993371441075,22.12359465507595,0.3651732658414209,100
9,152,15148,0.3651732658414209,3.3276040395485866,21.944759936933945,0.3651732658414209,100
9,153,15247,0.3651732658414209,2.8153729366674685,16.220420185746093,0.3651732658414209,100
9,154,15346,0.3651732658414209,3.1490944457568935,21.75916416289483,0.3651732658414209,100
9,155,15445,0.3651732658414209,2.2580302295798007,11.085508135552587,0.3651732658414209,100
9,156,15544,0.3651732658414209,3.5081959997102476,33.77986615436992,0.3651732658414209,100
9,157,15643,0.3651732658414209,2.6756495396381497,15.00532598184196,0.3651732658414209,100
9,158,15742,0.3651732658414209,3.0205749554455856,16.140003526025495,0.3651732658414209,100
9,159,15841,0.3651732658414209,2.892370474760439,24.314598672344925,0.3651732658414209,100
9,160,15940,0.3651732658414209,3.5358070368870442,26.631131271639706,0.3651732658414209,100
9,161,16039,0.3651732658414209,3.1018971613762356,15.71203634402478,0.3651732658414209,100
9,162,16138,0.3651732658414209,3.29605400063031,14.977091741698406,0.3651732658414209,100
9,163,16237,0.3651732658414209,2.8627889665401214,17.940912660950005,0.3651732658414209,100
9,164,16336,0.3651732658414209,3.767162029476517,20.032873312559285,0.3651732658414209,100
9,165,16435,0.3651732658414209,2.6708838784604425,11.6337903187038,0.3651732658414209,100
9,166,16534,0.3651732658414209,2.820135551564222,22.003895127270127,0.3651732658414209,100
9,167,16633,0.3651732658414209,3.080608497306896,16.591576366695072,0.3651732658414209,100
9,168,16732,0.3651732658414209,2.508116437702013,11.340900008175197,0.3651732658414209,100
9,169,16831,0.3651732658414209,2.9450126189417243,34.1775846723783,0.3651732658414209,100
9,170,16930,0.3651732658414209,3.3416934913171485,19.685909649108954,0.3651732658414209,100
9,171,17029,0.3651732658414209,3.0676318507872997,17.50663912124709,0.3651732658414209,100
9,172,17128,0.3651732658414209,2.9796226599144915,21.36943184470234,0.3651732658414209,100
9,173,17227,0.3651732658414209,3.281987978960418,19.583355127703996,0.3651732658414209,100
9,174,17326,0.3651732658414209,2.985316610962766,21.536266060736374,0.3651732658414209,100
9,175,17425,0.3651732658414209,3.349430089210884,24.918375856127273,0.3651732658414209,100
9,176,17524,0.3651732658414209,3.581419660759672,20.675645424408206,0.3651732658414209,100
9,177,17623,0.3651732658414209,3.2284884717319033,23.44651693129823,0.3651732658414209,100
9,178,17722,0.3651732658414209,2.56847868504594,17.496571876145385,0.3651732658414209,100
9,179,17821,0.3651732658414209,3.281303073430596,38.40906046308848,0.3651732658414209,100
9,180,17920,0.3651732658414209,3.1072529644149314,28.548160880581374,0.3651732658414209,100
9,181,18019,0.3651732658414209,3.0816143383424235,13.890552254201001,0.3651732658414209,100
9,182,18118,0.3651732658414209,3.1747996441067396,25.76131133221492,0.3651732658414209,100
9,183,18217,0.3651732658414209,3.0925192454616326,15.55096331647305,0.3651732658414209,100
9,184,18316,0.3651732658414209,3.09719831876305,20.20718779334339,0.3651732658414209,100
9,185,18415,0.3651732658414209,3.2463326743719585,33.176518386451434,0.3651732658414209,100
9,186,18514,0.3651732658414209,2.9832613178617446,17.180813381722302,0.3651732658414209,100
9,187,18613,0.3651732658414209,3.5295024832679145,19.868658746856223,0.3651732658414209,100
9,188,18712,0.3651732658414209,3.036108292676593,20.928609852326865,0.3651732658414209,100
9,189,18811,0.3651732658414209,3.5464495494593766,21.78127513507865,0.3651732658414209,100
9,190,18910,0.3651732658414209,3.216627362909245,12.482285811663216,0.3651732658414209,100
9,191,19009,0.3651732658414209,4.070332219590344,25.455955148803834,0.3651732658414209,100
9,192,19108,0.3651732658414209,3.6532257799105397,23.538144320420972,0.3651732658414209,100
9,193,19207,0.3651732658414209,3.1626697992461787,26.17215458779583,0.3651732658414209,100
9,194,19306,0.3651732658414209,2.971908601056862,25.380355232825213,0.3651732658414209,100
9,195,19405,0.3651732658414209,3.6183350323022334,22.52924528690632,0.3651732658414209,100
9,196,19504,0.3651732658414209,3.6109694295169934,19.291514420125115,0.3651732658414209,100
9,197,19603,0.3651732658414209,2.804660289659736,16.59661387239221,0.3651732658414209,100
9,198,19702,0.3651732658414209,3.6316357270226947,18.08075235492539,0.3651732658414209,100
9,199,19801,0.3651732658414209,2.6357107958539645,12.375800744043246,0.3651732658414209,100
9,200,19900,0.3651732658414209,3.284990765350614,23.669040289468448,0.3651732658414209,100
9,201,19999,0.3651732658414209,2.777397237693231,23.39825596586707,0.3651732658414209,100
9,202,20098,0.3651732658414209,3.202618723182199,30.917263281569344,0.3651732658414209,100
9,203,20197,0.3651732658414209,3.5145079093474845,25.622863907070588,0.3651732658414209,100
9,204,20296,0.3651732658414209,3.474699234481854,21.079807466965644,0.3651732658414209,100
9,205,20395,0.3651732658414209,3.889112172181354,34.33973133373825,0.3651732658414209,100
9,206,20494,0.3651732658414209,3.865985202382547,27.251585027773135,0.3651732658414209,100
9,207,20593,0.3651732658414209,3.3292430680134584,19.90036122595314,0.3651732658414209,100
9,208,20692,0.3651732658414209,3.456900404579078,18.34354643107082,0.3651732658414209,100
9,209,20791,0.3651732658414209,2.704547861941965,18.738398841851378,0.3651732658414209,100
9,210,20890,0.3651732658414209,3.7644158323138517,24.902156943714058,0.3651732658414209,100
9,211,20989,0.3651732658414209,3.224126485988953,19.85998715228361,0.3651732658414209,100
9,212,21088,0.3651732658414209,3.408431843677125,23.58557341194146,0.3651732658414209,100
9,213,21187,0.3651732658414209,3.665451680198478,25.66915777348046,0.3651732658414209,100
9,214,21286,0.3651732658414209,2.7882254421729256,12.853747557949786,0.3651732658414209,100
9,215,21385,0.3651732658414209,3.8300390602397774,32.527097430249654,0.3651732658414209,100
9,216,21484,0.3651732658414209,2.6250822762594788,16.33209397622167,0.3651732658414209,100
9,217,21583,0.3651732658414209,3.26278729683576,28.64159819982597,0.3651732658414209,100
9,218,21682,0.3651732658414209,3.2793560691591095,17.295614508566604,0.3651732658414209,100
9,219,21781,0.3651732658414209,2.849690403346374,11.243163706115393,0.3651732658414209,100
9,220,21880,0.3651732658414209,3.711001893841648,23.253046850547623,0.3651732658414209,100
9,221,21979,0.3651732658414209,4.0919029533856675,31.12786861594094,0.3651732658414209,100
9,222,22078,0.3651732658414209,3.5259840315537634,25.085586866662293,0.3651732658414209,100
9,223,22177,0.3651732658414209,3.524995036662436,22.212547312148608,0.3651732658414209,100
9,224,22276,0.3651732658414209,3.295564780156996,28.1183584601127,0.3651732658414209,100
9,225,22375,0.3651732658414209,3.0113280461962075,20.95419566424517,0.3651732658414209,100
9,226,22474,0.3651732658414209,2.922042656074039,16.21570270139197,0.3651732658414209,100
9,227,22573,0.3651732658414209,2.8297749247156205,14.568279238052268,0.3651732658414209,100
9,228,22672,0.3651732658414209,3.214301553573219,19.1829446478244,0.3651732658414209,100
9,229,22771,0.3651732658414209,2.8441281716544737,16.981629847171877,0.3651732658414209,100
9,230,22870,0.3651732658414209,3.509082721857173,20.0417477250595,0.3651732658414209,100
9,231,22969,0.3651732658414209,3.477709989791916,20.071070093474212,0.3651732658414209,100
9,232,23068,0.3651732658414209,2.4586840361572264,13.608401102523755,0.3651732658414209,100
9,233,23167,0.3651732658414209,3.2897226801225337,22.947681830548756,0.3651732658414209,100
9,234,23266,0.3651732658414209,3.714281785106751,22.764343823072885,0.3651732658414209,100
9,235,23365,0.3651732658414209,2.97889406964145,15.544403094813424,0.3651732658414209,100
9,236,23464,0.3651732658414209,3.3918724494923755,21.664595326899097,0.3651732658414209,100
9,237,23563,0.3651732658414209,3.271396742854445,30.54176202746828,0.3651732658414209,100
9,238,23662,0.3651732658414209,2.7226493429256333,15.44991528662384,0.3651732658414209,100
9,239,23761,0.3651732658414209,2.7700608244023304,18.26676555268927,0.3651732658414209,100
9,240,23860,0.3651732658414209,3.0623723846210034,24.126967942308916,0.3651732658414209,100
9,241,23959,0.3651732658414209,2.019071687579922,12.381060743545312,0.3651732658414209,100
9,242,24058,0.3651732658414209,3.8186709101582177,44.70261768887189,0.3651732658414209,100
9,243,24157,0.3651732658414209,4.2625103644065625,31.6520269723997,0.3651732658414209,100
9,244,24256,0.3651732658414209,4.128710201214996,30.008264295595076,0.3651732658414209,100
9,245,24355,0.3651732658414209,3.3014389498013803,14.112265515677512,0.3651732658414209,100
9,246,24454,0.3651732658414209,3.1734138603200135,36.880651853551186,0.3651732658414209,100
9,247,24553,0.3651732658414209,3.5982159278555432,25.302281765214378,0.3651732658414209,100
9,248,24652,0.3651732658414209,2.674412400887629,28.637743155331638,0.3651732658414209,100
9,249,24751,0.3651732658414209,2.872393751610355,27.229569100791952,0.3651732658414209,100
9,250,24850,0.3651732658414209,2.944509952329763,18.450513338520672,0.3651732658414209,100
9,251,24949,0.3651732658414209,3.4540639564065585,29.399091673252975,0.3651732658414209,100
9,252,25048,0.3651732658414209,2.3841787703881003,19.999542585282917,0.3651732658414209,100
9,253,25147,0.3651732658414209,3.4668831469858667,34.91887334512834,0.3651732658414209,100
9,254,25246,0.3651732658414209,3.2549015322306856,18.152861533614082,0.3651732658414209,100
9,255,25345,0.3651732658414209,4.184646043367243,29.07278417032498,0.3651732658414209,100
9,256,25444,0.3651732658414209,3.3673131860297656,22.451485028494364,0.3651732658414209,100
9,257,25543,0.3651732658414209,3.8609776364542943,32.50795984329945,0.3651732658414209,100
9,258,25642,0.3651732658414209,3.3243758786978814,20.738215721389686,0.3651732658414209,100
9,259,25741,0.3651732658414209,3.8183176244899073,25.3273104244575,0.3651732658414209,100
9,260,25840,0.3651732658414209,3.3657893787736892,21.63583412223825,0.3651732658414209,100
9,261,25939,0.3651732658414209,3.5555534166682774,29.325207919397563,0.3651732658414209,100
9,262,26038,0.3651732658414209,3.64316397468246,23.480320670308245,0.3651732658414209,100
9,263,26137,0.3651732658414209,3.512713538860698,27.338997300877697,0.3651732658414209,100
9,264,26236,0.3651732658414209,2.9657822884488554,24.89686831355657,0.3651732658414209,100
9,265,26335,0.3651732658414209,2.746163831370024,21.757701113266876,0.3651732658414209,100
9,266,26434,0.3651732658414209,3.204723287883237,22.776079349529642,0.3651732658414209,100
9,267,26533,0.3651732658414209,3.5735360957064985,17.36558277654523,0.3651732658414209,100
9,268,26632,0.3651732658414209,2.589610449979616,12.588790351833818,0.3651732658414209,100
9,269,26731,0.3651732658414209,3.289613766419946,22.49156559371047,0.3651732658414209,100
9,270,26830,0.3651732658414209,3.323233777432719,22.180140007528983,0.3651732658414209,100
9,271,26929,0.3651732658414209,3.9446060800174854,28.506977241748245,0.3651732658414209,100
9,272,27028,0.3651732658414209,3.1164522815303557,25.85438711298267,0.3651732658414209,100
9,273,27127,0.3651732658414209,2.617965981392236,23.160187064077178,0.3651732658414209,100
9,274,27226,0.3651732658414209,3.027542207243879,15.570673399312334,0.3651732658414209,100
9,275,27325,0.3651732658414209,3.087245517803309,26.836668120529414,0.3651732658414209,100
9,276,27424,0.3651732658414209,4.33751876580013,51.36287206811201,0.3651732658414209,100
9,277,27523,0.3651732658414209,2.65678895331045,20.071023525704554,0.3651732658414209,100
9,278,27622,0.3651732658414209,2.127661636384469,27.209367256381693,0.3651732658414209,100
9,279,27721,0.3651732658414209,3.0796682996167766,18.08455703409439,0.3651732658414209,100
9,280,27820,0.3651732658414209,2.666541751276552,26.15628064668538,0.3651732658414209,100
9,281,27919,0.3651732658414209,3.339114784529611,29.777001974623815,0.3651732658414209,100
9,282,28018,0.3651732658414209,3.659235922053715,19.900263331892805,0.3651732658414209,100
9,283,28117,0.3651732658414209,2.6330708692802616,13.773453452008429,0.3651732658414209,100
9,284,28216,0.3651732658414209,3.7508253247172765,31.366852497840068,0.3651732658414209,100
9,285,28315,0.3651732658414209,2.9178703399907366,31.465001794644575,0.3651732658414209,100
9,286,28414,0.3651732658414209,3.3863442359286196,24.25126883173064,0.3651732658414209,100
9,287,28513,0.3651732658414209,3.1837875469767574,21.758303959384566,0.3651732658414209,100
9,288,28612,0.3651732658414209,2.760673631782593,21.075157800711004,0.3651732658414209,100
9,289,28711,0.3651732658414209,2.7350273333382713,18.381698980372335,0.3651732658414209,100
9,290,28810,0.3651732658414209,2.824674286657422,15.789167168711613,0.3651732658414209,100
9,291,28909,0.3651732658414209,2.5386016756826537,23.998871381422877,0.3651732658414209,100
9,292,29008,0.3651732658414209,3.2259521154614434,18.49932537150284,0.3651732658414209,100
9,293,29107,0.3651732658414209,3.844560731952326,30.168450667959185,0.3651732658414209,100
9,294,29206,0.3651732658414209,3.365274991396495,30.074207636096197,0.3651732658414209,100
9,295,29305,0.3651732658414209,2.9462491494148986,27.812555661197244,0.3651732658414209,100
9,296,29404,0.3651732658414209,3.0983483054215486,13.186880533092125,0.3651732658414209,100
9,297,29503,0.3651732658414209,3.4071114409822525,23.41445451869403,0.3651732658414209,100
9,298,29602,0.3651732658414209,2.9415354654458303,22.954006451020938,0.3651732658414209,100
9,299,29701,0.3651732658414209,3.6349027129879095,18.2205024680089,0.3651732658414209,100
9,300,29800,0.3651732658414209,3.5076818914175067,27.56301285567437,0.3651732658414209,100
9,301,29899,0.3651732658414209,2.500939460403377,12.235036087426662,0.3651732658414209,100
9,302,29998,0.3651732658414209,2.982883522557965,17.468751985880587,0.3651732658414209,100
9,303,30097,0.3651732658414209,3.5451105623145636,18.630238100416832,0.3651732658414209,100
9,304,30196,0.3651732658414209,2.690307434236604,17.27820780616434,0.3651732658414209,100
9,305,30295,0.3651732658414209,2.680951888254537,28.000424258271178,0.3651732658414209,100
9,306,30394,0.3651732658414209,3.2126663956184114,30.446558387234308,0.3651732658414209,100
9,307,30493,0.3651732658414209,3.2735561813245373,23.63438602824571,0.3651732658414209,100
9,308,30592,0.3651732658414209,3.5116424803576933,19.3726252645947,0.3651732658414209,100
9,309,30691,0.3651732658414209,2.645037218204448,27.716245894658968,0.3651732658414209,100
9,310,30790,0.3651732658414209,2.9023150914994416,17.30096306721493,0.3651732658414209,100
9,311,30889,0.3651732658414209,3.5104889324268913,21.956484718948516,0.3651732658414209,100
9,312,30988,0.3651732658414209,2.8384982331774693,15.907955239153285,0.3651732658414209,100
9,313,31087,0.3651732658414209,2.8569136058899858,17.49810708542701,0.3651732658414209,100
9,314,31186,0.3651732658414209,2.2176445566163197,18.85786506943242,0.3651732658414209,100
9,315,31285,0.3651732658414209,3.2930048065105977,20.41638093225449,0.3651732658414209,100
9,316,31384,0.3651732658414209,3.0579251779064083,15.857061461495473,0.3651732658414209,100
9,317,31483,0.3651732658414209,3.5791845406796834,30.489263638722193,0.3651732658414209,100
9,318,31582,0.3651732658414209,4.09183875961888,27.006281782959395,0.3651732658414209,100
9,319,31681,0.3651732658414209,3.035691029437605,27.788062543725133,0.3651732658414209,100
9,320,31780,0.3651732658414209,3.144017363555333,20.503146159039645,0.3651732658414209,100
9,321,31879,0.3651732658414209,2.7738817043519446,13.025143734040128,0.3651732658414209,100
9,322,31978,0.3651732658414209,3.330889569992716,22.76020811538119,0.3651732658414209,100
9,323,32077,0.359349269903638,2.84122579556497,19.67208297104601,0.359349269903638,100
9,324,32176,0.359349269903638,3.103586653365416,21.088626754761485,0.359349269903638,100
9,325,32275,0.359349269903638,3.330640775886747,23.63945434525142,0.359349269903638,100
9,326,32374,0.359349269903638,3.3864820007410845,17.5066916085727,0.359349269903638,100
9,327,32473,0.359349269903638,2.8307526116178297,11.963113083965482,0.359349269903638,100
9,328,32572,0.359349269903638,3.388380644961499,20.690858778078987,0.359349269903638,100
9,329,32671,0.359349269903638,3.2063502495355727,29.450228562685865,0.359349269903638,100
9,330,32770,0.359349269903638,3.198220156433335,27.216007811896898,0.359349269903638,100
9,331,32869,0.359349269903638,2.9146045702237977,26.662759130268284,0.359349269903638,100
9,332,32968,0.359349269903638,3.218445624211165,17.935936644495552,0.359349269903638,100
9,333,33067,0.359349269903638,2.8954898969777356,24.194982888703397,0.359349269903638,100
9,334,33166,0.359349269903638,3.397759925608994,31.108581927935816,0.359349269903638,100
9,335,33265,0.359349269903638,2.8471622167592074,24.04695182501907,0.359349269903638,100
9,336,33364,0.359349269903638,3.0122611695629598,19.106784553973718,0.359349269903638,100
9,337,33463,0.359349269903638,3.091349587804388,24.264855730438352,0.359349269903638,100
9,338,33562,0.359349269903638,2.6041043513030036,16.811480477253102,0.359349269903638,100
9,339,33661,0.359349269903638,2.724740570063129,22.513580396331523,0.359349269903638,100
9,340,33760,0.359349269903638,3.165234254494199,18.825635427558154,0.359349269903638,100
9,341,33859,0.359349269903638,3.4438711161291224,25.629488198183825,0.359349269903638,100
9,342,33958,0.359349269903638,3.3548028459945813,21.77261853229342,0.359349269903638,100
9,343,34057,0.359349269903638,2.9670070810772353,18.073234155243824,0.359349269903638,100
9,344,34156,0.359349269903638,3.1151121823005634,19.49345660664357,0.359349269903638,100
9,345,34255,0.359349269903638,2.6439386931154583,29.624352013787302,0.359349269903638,100
9,346,34354,0.359349269903638,4.111933246852492,26.093959883090477,0.359349269903638,100
9,347,34453,0.359349269903638,3.165233744243396,22.49964720487561,0.359349269903638,100
9,348,34552,0.359349269903638,3.2730330799807272,43.20375548866322,0.359349269903638,100
9,349,34651,0.359349269903638,2.7881314159367396,21.85836082841409,0.359349269903638,100
9,350,34750,0.359349269903638,3.370988222433161,27.75690124113739,0.359349269903638,100
9,351,34849,0.359349269903638,3.1994034654821264,16.427951115516528,0.359349269903638,100
9,352,34948,0.359349269903638,2.7612977962111573,23.659921581519377,0.359349269903638,100
9,353,35047,0.359349269903638,3.434050663619057,25.79345204086345,0.359349269903638,100
9,354,35146,0.359349269903638,3.089335888129998,23.54516393673187,0.359349269903638,100
9,355,35245,0.359349269903638,2.9303233327821534,22.062796217998415,0.359349269903638,100
9,356,35344,0.359349269903638,3.126424536759272,34.1435016259993,0.359349269903638,100
9,357,35443,0.359349269903638,2.5659041990618023,16.144178151446912,0.359349269903638,100
9,358,35542,0.359349269903638,2.409351148631458,21.12477510406905,0.359349269903638,100
9,359,35641,0.359349269903638,3.5913317304351775,24.1038501948478,0.359349269903638,100
9,360,35740,0.359349269903638,3.478663079405656,22.61097518855284,0.359349269903638,100
9,361,35839,0.359349269903638,3.412600144297496,39.4497748315474,0.359349269903638,100
9,362,35938,0.359349269903638,2.672271094499281,27.122574390048737,0.359349269903638,100
9,363,36037,0.359349269903638,3.0757009831419566,22.068811859860084,0.359349269903638,100
9,364,36136,0.359349269903638,2.871329547555293,18.490987765368285,0.359349269903638,100
9,365,36235,0.359349269903638,2.772696798818605,20.538860595218562,0.359349269903638,100
9,366,36334,0.359349269903638,3.311156136222395,21.888129337749156,0.359349269903638,100
9,367,36433,0.359349269903638,2.3129326912554147,16.87580536725533,0.359349269903638,100
9,368,36532,0.359349269903638,2.400393221980899,12.68022514775724,0.359349269903638,100
9,369,36631,0.359349269903638,2.6316728355075725,11.511809958303035,0.359349269903638,100
9,370,36730,0.359349269903638,2.7456128048031947,20.101002312721434,0.359349269903638,100
9,371,36829,0.359349269903638,2.8631991328414013,19.569596966878052,0.359349269903638,100
9,372,36928,0.359349269903638,3.3009960417741,28.61599685443148,0.359349269903638,100
9,373,37027,0.359349269903638,2.729811177811195,22.079445984210405,0.359349269903638,100
9,374,37126,0.359349269903638,3.026230599665647,33.848892606618314,0.359349269903638,100
9,375,37225,0.359349269903638,3.856199854192775,31.754120078996184,0.359349269903638,100
9,376,37324,0.359349269903638,2.8482226708602223,21.458233834414578,0.359349269903638,100
9,377,37423,0.359349269903638,3.579977840588203,26.832893418588153,0.359349269903638,100
9,378,37522,0.359349269903638,2.772475597767279,13.944119694443465,0.359349269903638,100
9,379,37621,0.359349269903638,3.2834823288108628,26.10837379974293,0.359349269903638,100
9,380,37720,0.359349269903638,2.416661862944054,12.041202745129828,0.359349269903638,100
9,381,37819,0.359349269903638,3.043216747166291,24.030520631731846,0.359349269903638,100
9,382,37918,0.359349269903638,2.451632228329182,16.4284892405883,0.359349269903638,100
9,383,38017,0.359349269903638,3.685844346702296,29.352404587782893,0.359349269903638,100
9,384,38116,0.359349269903638,3.177080329803425,19.544756985457724,0.359349269903638,100
9,385,38215,0.359349269903638,2.942274779293271,30.25849430571219,0.359349269903638,100
9,386,38314,0.359349269903638,3.1395675777751864,23.413718047362767,0.359349269903638,100
9,387,38413,0.359349269903638,4.359332574357687,24.986071443733866,0.359349269903638,100
9,388,38512,0.359349269903638,3.267855794282278,35.913149198913786,0.359349269903638,100
9,389,38611,0.359349269903638,2.8671407904062813,20.228896672859143,0.359349269903638,100
9,390,38710,0.359349269903638,3.0749868017491964,21.526118372841516,0.359349269903638,100
9,391,38809,0.359349269903638,3.1322984200852098,17.408913332703488,0.359349269903638,100
9,392,38908,0.359349269903638,3.3673866967909043,19.069070585475234,0.359349269903638,100
9,393,39007,0.359349269903638,3.1439471642438845,22.91260828564721,0.359349269903638,100
9,394,39106,0.359349269903638,2.759084680663961,12.975204554329133,0.359349269903638,100
9,395,39205,0.359349269903638,2.9606908178176226,21.920025041846237,0.359349269903638,100
9,396,39304,0.359349269903638,2.5824163999137295,17.443833326665,0.359349269903638,100
9,397,39403,0.359349269903638,2.9274339382914296,12.77550551405127,0.359349269903638,100
9,398,39502,0.359349269903638,3.266800056711623,25.040923790326616,0.359349269903638,100
9,399,39601,0.359349269903638,2.986416554849657,18.048265867987496,0.359349269903638,100
9,400,39700,0.359349269903638,3.418409167107582,31.448009564829402,0.359349269903638,100
9,401,39799,0.359349269903638,3.4274112991203496,26.941921919724834,0.359349269903638,100
9,402,39898,0.359349269903638,3.297398843763131,25.665184117090792,0.359349269903638,100
9,403,39997,0.359349269903638,2.329844708741443,18.99052773398696,0.359349269903638,100
9,404,40096,0.359349269903638,2.8579279872041417,18.909878723438535,0.359349269903638,100
9,405,40195,0.359349269903638,2.6169458213945496,26.52872359396714,0.359349269903638,100
9,406,40294,0.359349269903638,2.9588896936730946,16.112458389817725,0.359349269903638,100
9,407,40393,0.359349269903638,3.060046550433154,21.081437346203234,0.359349269903638,100
9,408,40492,0.359349269903638,3.5154481512668654,19.403685020036356,0.359349269903638,100
9,409,40591,0.359349269903638,2.646463477691207,14.278480493464222,0.359349269903638,100
9,410,40690,0.359349269903638,3.3465982130478538,19.54252262045488,0.359349269903638,100
9,411,40789,0.359349269903638,3.412197743697104,43.95397034177673,0.359349269903638,100
9,412,40888,0.359349269903638,2.491482449316568,20.169510824400884,0.359349269903638,100
9,413,40987,0.359349269903638,3.7735147132140128,28.76113823211854,0.359349269903638,100
9,414,41086,0.359349269903638,3.0929896579291123,16.065823634305865,0.359349269903638,100
9,415,41185,0.359349269903638,3.163068895236329,17.502228808373822,0.359349269903638,100
9,416,41284,0.359349269903638,3.41889185594227,15.971264341874516,0.359349269903638,100
9,417,41383,0.359349269903638,2.80109344673732,21.28494724483896,0.359349269903638,100
9,418,41482,0.359349269903638,2.740452757720117,16.086115483955595,0.359349269903638,100
9,419,41581,0.359349269903638,3.3659055165994642,25.185815396623838,0.359349269903638,100
9,420,41680,0.359349269903638,2.8061606031067767,16.12338163465487,0.359349269903638,100
9,421,41779,0.359349269903638,3.5625386444261427,23.438120107527215,0.359349269903638,100
9,422,41878,0.359349269903638,3.733569937349087,24.007189725797247,0.359349269903638,100
9,423,41977,0.359349269903638,2.980073331790202,16.25559127399994,0.359349269903638,100
9,424,42076,0.359349269903638,2.9467459176629838,29.55082943221215,0.359349269903638,100
9,425,42175,0.359349269903638,3.5879274870106044,42.51536022953263,0.359349269903638,100
9,426,42274,0.359349269903638,3.4453530914802393,22.529122435461918,0.359349269903638,100
9,427,42373,0.359349269903638,2.111502913981109,14.547636449520992,0.359349269903638,100
9,428,42472,0.359349269903638,3.337685633408194,19.123709456935835,0.359349269903638,100
9,429,42571,0.359349269903638,2.978145198351035,25.49214074216586,0.359349269903638,100
9,430,42670,0.359349269903638,3.7256953820577916,38.72646089782693,0.359349269903638,100
9,431,42769,0.359349269903638,3.3437680279419277,26.837050487408728,0.359349269903638,100
9,432,42868,0.359349269903638,2.535756358049336,13.17078144377653,0.359349269903638,100
9,433,42967,0.359349269903638,3.113730261188307,18.067456388626375,0.359349269903638,100
9,434,43066,0.359349269903638,3.2802904764639202,24.336938656211434,0.359349269903638,100
9,435,43165,0.359349269903638,3.8204389402390064,21.273374525831116,0.359349269903638,100
9,436,43264,0.359349269903638,3.0620249805745585,20.475840982311865,0.359349269903638,100
9,437,43363,0.359349269903638,3.071501153688579,20.062654763465538,0.359349269903638,100
9,438,43462,0.359349269903638,3.0391164300878892,25.192168915062215,0.359349269903638,100
9,439,43561,0.359349269903638,2.917387678479772,41.982161978482914,0.359349269903638,100
9,440,43660,0.359349269903638,3.694139484530039,17.955472799869668,0.359349269903638,100
9,441,43759,0.359349269903638,3.0530902394580464,29.132498191964988,0.359349269903638,100
9,442,43858,0.359349269903638,2.9625586687653938,27.119628203047785,0.359349269903638,100
9,443,43957,0.359349269903638,3.1079207655387737,20.449004416610737,0.359349269903638,100
9,444,44056,0.359349269903638,3.5152538418825516,25.485169262710095,0.359349269903638,100
9,445,44155,0.359349269903638,2.6142536558300624,18.81369742097054,0.359349269903638,100
9,446,44254,0.359349269903638,3.2395877107343227,25.487340704520037,0.359349269903638,100
9,447,44353,0.359349269903638,2.7028045578228093,21.041323286410737,0.359349269903638,100
9,448,44452,0.359349269903638,3.5291356859203638,39.95884117688225,0.359349269903638,100
9,449,44551,0.359349269903638,3.5402507965871717,28.605402885256666,0.359349269903638,100
9,450,44650,0.359349269903638,3.3602509018875457,18.23795265026054,0.359349269903638,100
9,451,44749,0.359349269903638,3.6004066980240683,32.97718969616284,0.359349269903638,100
9,452,44848,0.359349269903638,2.550656036512594,24.887633964397182,0.359349269903638,100
9,453,44947,0.359349269903638,4.0444919340905585,29.483169300954554,0.359349269903638,100
9,454,45046,0.359349269903638,3.4026131199678336,21.242383579082638,0.359349269903638,100
9,455,45145,0.359349269903638,2.4336302054433783,14.41472915354493,0.359349269903638,100
9,456,45244,0.359349269903638,3.541293810833595,27.906556654988197,0.359349269903638,100
9,457,45343,0.359349269903638,3.419535542562034,19.466669848679178,0.359349269903638,100
9,458,45442,0.359349269903638,2.521046945622678,14.61815567451712,0.359349269903638,100
9,459,45541,0.359349269903638,2.9999216103890554,28.884021175500372,0.359349269903638,100
9,460,45640,0.359349269903638,3.1445681275289052,29.292364453696685,0.359349269903638,100
9,461,45739,0.359349269903638,2.898624314629008,15.555145774786197,0.359349269903638,100
9,462,45838,0.359349269903638,3.3258610534752346,26.99326842862244,0.359349269903638,100
9,463,45937,0.359349269903638,3.0313755607914823,21.617881519172983,0.359349269903638,100
9,464,46036,0.359349269903638,3.542747498012565,32.31645447739666,0.359349269903638,100
9,465,46135,0.359349269903638,3.8670282173739072,31.00775911092424,0.359349269903638,100
9,466,46234,0.359349269903638,3.339189936318273,28.08438480749959,0.359349269903638,100
9,467,46333,0.359349269903638,3.3490024152982296,18.924118008339576,0.359349269903638,100
9,468,46432,0.359349269903638,3.283516378812754,25.759044939109113,0.359349269903638,100
9,469,46531,0.359349269903638,3.164400307385855,17.83612552272726,0.359349269903638,100
9,470,46630,0.359349269903638,2.731786809139464,13.764626886823983,0.359349269903638,100
9,471,46729,0.359349269903638,3.1280326548710855,22.323580233774045,0.359349269903638,100
9,472,46828,0.359349269903638,2.8409005184746605,16.06842694010446,0.359349269903638,100
9,473,46927,0.359349269903638,3.0417518772728704,24.35151512420973,0.359349269903638,100
9,474,47026,0.359349269903638,3.2033131154880636,19.518093218104475,0.359349269903638,100
9,475,47125,0.359349269903638,3.6584467065414974,27.93931482679765,0.359349269903638,100
9,476,47224,0.359349269903638,3.395887346678159,21.280013694233293,0.359349269903638,100
9,477,47323,0.359349269903638,3.0305214314487756,15.360103167824036,0.359349269903638,100
9,478,47422,0.359349269903638,3.49346419426905,31.701237326593716,0.359349269903638,100
9,479,47521,0.359349269903638,3.5090466824687634,29.658484963850455,0.359349269903638,100
9,480,47620,0.359349269903638,4.220379777891705,33.226731499340396,0.359349269903638,100
9,481,47719,0.359349269903638,2.888623943223211,19.90203931394251,0.359349269903638,100
9,482,47818,0.359349269903638,3.3820766900102757,31.206555686203902,0.359349269903638,100
9,483,47917,0.359349269903638,3.0099230413309725,19.38630577937948,0.359349269903638,100
9,484,48016,0.359349269903638,2.486673928768763,27.28261250375955,0.359349269903638,100
9,485,48115,0.359349269903638,2.7865076522232686,16.481977509019565,0.359349269903638,100
9,486,48214,0.359349269903638,3.471592032508397,24.82884178787432,0.359349269903638,100
9,487,48313,0.3383150606867091,3.0405147986281564,22.974991645054377,0.3383150606867091,100
9,488,48412,0.3383150606867091,3.232472790454226,21.073331791323195,0.3383150606867091,100
9,489,48511,0.3383150606867091,3.1850661078360316,19.75295310454223,0.3383150606867091,100
9,490,48610,0.3383150606867091,2.7585832639290406,23.72379778597454,0.3383150606867091,100
9,491,48709,0.3383150606867091,4.009707022999629,38.44780526331564,0.3383150606867091,100
9,492,48808,0.3383150606867091,3.358958267323439,26.19731982056798,0.3383150606867091,100
9,493,48907,0.3383150606867091,3.5877935233860745,39.61741132045231,0.3383150606867091,100
9,494,49006,0.3383150606867091,3.608390989306514,19.758478182785915,0.3383150606867091,100
9,495,49105,0.3383150606867091,3.3613771902547467,28.43060497065036,0.3383150606867091,100
9,496,49204,0.3383150606867091,3.4181835076984872,20.139658894322114,0.3383150606867091,100
9,497,49303,0.3383150606867091,3.673273695859204,20.68386503556224,0.3383150606867091,100
9,498,49402,0.3383150606867091,3.260896654386065,18.53518626951853,0.3383150606867091,100
9,499,49501,0.3383150606867091,3.621739038075629,22.568717052977448,0.3383150606867091,100
9,500,49600,0.3383150606867091,2.6837205277898835,15.082322323527116,0.3383150606867091,100
9,501,49699,0.3383150606867091,3.800670541195272,30.370646271687345,0.3383150606867091,100
9,502,49798,0.3383150606867091,3.0263788821462465,34.49057412833393,0.3383150606867091,100
9,503,49897,0.3383150606867091,3.056161650032377,20.783960657279987,0.3383150606867091,100
9,504,49996,0.3383150606867091,3.288762085246706,23.82968725592421,0.3383150606867091,100
9,505,50000,0.3383150606867091,2.7339200174319402,12.028111011771376,0.3383150606867091,100
10,0,100,88.77808948457664,557.5795656340637,972.8733842250545,88.77808948457664,100
10,1,199,36.04868568453028,272.7365017332623,667.6915270701331,36.04868568453028,100
10,2,298,27.378255603671473,128.39823051305336,345.3452500349199,27.378255603671473,100
10,3,397,8.966297321602458,53.07621542390928,147.66781067768602,8.966297321602458,100
10,4,496,3.771523582976034,23.790119514479834,74.59266360038447,3.771523582976034,100
10,5,595,1.9116783862083158,14.12125443824288,44.48662106479154,1.9116783862083158,100
10,6,694,1.1447513075331626,7.8698649193941295,29.558779168036036,1.1447513075331626,100
10,7,793,0.7270492578601039,5.7070517697362915,19.161352458968434,0.7270492578601039,100
10,8,892,0.7270492578601039,4.417303026073162,27.390727281134357,0.7270492578601039,100
10,9,991,0.4383721866704898,4.244418244271056,24.03397019125923,0.4383721866704898,100
10,10,1090,0.4383721866704898,3.2979927258175894,16.74901542581152,0.4383721866704898,100
10,11,1189,0.4383721866704898,3.313206841530822,20.101765679986606,0.4383721866704898,100
10,12,1288,0.4383721866704898,3.819314875721604,38.42969449909488,0.4383721866704898,100
10,13,1387,0.4383721866704898,3.737617475327891,38.95484324866624,0.4383721866704898,100
10,14,1486,0.4383721866704898,3.0306040304028814,14.039940888021778,0.4383721866704898,100
10,15,1585,0.4383721866704898,3.814781263617766,37.040557012471005,0.4383721866704898,100
10,16,1684,0.4383721866704898,3.8090490896364897,34.608637432860746,0.4383721866704898,100
10,17,1783,0.4383721866704898,3.034009310790087,22.645918275663124,0.4383721866704898,100
10,18,1882,0.4383721866704898,3.736926150356479,28.029592067440262,0.4383721866704898,100
10,19,1981,0.3899254839817135,3.386395053491167,36.790898818506676,0.3899254839817135,100
10,20,2080,0.3899254839817135,2.6475747600739776,22.500055828088133,0.3899254839817135,100
10,21,2179,0.3899254839817135,3.468798943242588,19.210248500376622,0.3899254839817135,100
10,22,2278,0.3899254839817135,3.889559870888169,17.38198987671318,0.3899254839817135,100
10,23,2377,0.3899254839817135,3.235638429787076,26.01892921748624,0.3899254839817135,100
10,24,2476,0.3899254839817135,2.8310048991442835,18.16002735215011,0.3899254839817135,100
10,25,2575,0.3899254839817135,3.321350435204,17.664717023248397,0.3899254839817135,100
10,26,2674,0.3899254839817135,2.9357789046518086,17.301049291724823,0.3899254839817135,100
10,27,2773,0.3899254839817135,2.732673537450016,14.543297067174134,0.3899254839817135,100
10,28,2872,0.3899254839817135,3.7436725216498847,35.87082738761175,0.3899254839817135,100
10,29,2971,0.3899254839817135,3.2397218926710867,19.06025238195973,0.3899254839817135,100
10,30,3070,0.3899254839817135,2.565342818785957,18.05354472243922,0.3899254839817135,100
10,31,3169,0.3899254839817135,2.917046485059935,26.09281690928315,0.3899254839817135,100
10,32,3268,0.3899254839817135,2.9182792047171646,35.60804159565961,0.3899254839817135,100
10,33,3367,0.3899254839817135,2.468550054318323,21.290459832080597,0.3899254839817135,100
10,34,3466,0.3899254839817135,2.9755485081305584,28.293386065242682,0.3899254839817135,100
10,35,3565,0.3899254839817135,3.418210245509654,22.140595824165544,0.3899254839817135,100
10,36,3664,0.3899254839817135,2.8243507045180185,21.437448069679387,0.3899254839817135,100
10,37,3763,0.3899254839817135,3.208884678414775,27.531971408898066,0.3899254839817135,100
10,38,3862,0.3899254839817135,3.0765390050556687,18.79478686115797,0.3899254839817135,100
10,39,3961,0.3899254839817135,3.3125968379280653,32.28140701900901,0.3899254839817135,100
10,40,4060,0.3899254839817135,2.712329657701742,18.11123748205967,0.3899254839817135,100
10,41,4159,0.3899254839817135,2.4434126871600457,19.778142926623975,0.3899254839817135,100
10,42,4258,0.3899254839817135,3.634335585224459,18.06541377320224,0.3899254839817135,100
10,43,4357,0.3899254839817135,4.393387055522522,29.322885088897458,0.3899254839817135,100
10,44,4456,0.3899254839817135,3.798553954572078,17.655799037613072,0.3899254839817135,100
10,45,4555,0.3899254839817135,3.712896915289002,32.235042971959444,0.3899254839817135,100
10,46,4654,0.3899254839817135,3.4706414145016167,27.384862319370477,0.3899254839817135,100
10,47,4753,0.3899254839817135,2.3933761321816647,11.66496296812611,0.3899254839817135,100
10,48,4852,0.3899254839817135,3.45230759508049,20.621417382119258,0.3899254839817135,100
10,49,4951,0.3899254839817135,2.590610156570425,19.902191071040235,0.3899254839817135,100
10,50,5050,0.3899254839817135,3.0306943380806324,22.22271763962955,0.3899254839817135,100
10,51,5149,0.3899254839817135,3.5711196324185384,17.219166506829797,0.3899254839817135,100
10,52,5248,0.3899254839817135,3.8130725999275144,21.37876479163981,0.3899254839817135,100
10,53,5347,0.3899254839817135,3.657711604092587,24.140519802684093,0.3899254839817135,100
10,54,5446,0.3899254839817135,3.278901461722228,16.428277374327585,0.3899254839817135,100
10,55,5545,0.3899254839817135,3.651668981659681,21.53404959295405,0.3899254839817135,100
10,56,5644,0.3899254839817135,3.356823382678931,30.16458513738253,0.3899254839817135,100
10,57,5743,0.3899254839817135,2.9036871766530594,22.53854991386947,0.3899254839817135,100
10,58,5842,0.3899254839817135,2.6719567829449944,19.872291444208315,0.3899254839817135,100
10,59,5941,0.3899254839817135,2.9212794779945823,20.426551380993427,0.3899254839817135,100
10,60,6040,0.3899254839817135,3.4436296765873613,40.5751785158639,0.3899254839817135,100
10,61,6139,0.3899254839817135,3.2793005685154473,27.14109166052939,0.3899254839817135,100
10,62,6238,0.3899254839817135,3.335984975042389,21.725366107430453,0.3899254839817135,100
10,63,6337,0.3899254839817135,3.5763210815786004,23.275398731200408,0.3899254839817135,100
10,64,6436,0.3899254839817135,3.1887009600258294,24.786401752369628,0.3899254839817135,100
10,65,6535,0.3899254839817135,3.0420415819572226,25.23241721615055,0.3899254839817135,100
10,66,6634,0.3899254839817135,2.835518249332302,16.659981258836474,0.3899254839817135,100
10,67,6733,0.3899254839817135,3.2563049114273017,30.411476029714347,0.3899254839817135,100
10,68,6832,0.3899254839817135,3.3361410315579096,39.10493026388575,0.3899254839817135,100
10,69,6931,0.3899254839817135,2.9514217891227337,25.87137211847379,0.3899254839817135,100
10,70,7030,0.3899254839817135,3.4517221421814037,26.90561751698336,0.3899254839817135,100
10,71,7129,0.3899254839817135,3.486656560503125,40.848209848929926,0.3899254839817135,100
10,72,7228,0.3899254839817135,2.8936889796314564,27.33527834051113,0.3899254839817135,100
10,73,7327,0.3899254839817135,3.5446496724768606,23.299782352580113,0.3899254839817135,100
10,74,7426,0.3899254839817135,3.6279629663501907,22.577114279580297,0.3899254839817135,100
10,75,7525,0.3899254839817135,3.1442221149694167,24.29584727573946,0.3899254839817135,100
10,76,7624,0.3899254839817135,3.6621704265656945,27.717834570334357,0.3899254839817135,100
10,77,7723,0.3899254839817135,3.555824448638134,22.730742211827398,0.3899254839817135,100
10,78,7822,0.3899254839817135,3.3026049228157763,19.85688433996229,0.3899254839817135,100
10,79,7921,0.3899254839817135,3.258577936743846,19.60245425376327,0.3899254839817135,100
10,80,8020,0.3899254839817135,3.481203777255177,36.989180918654824,0.3899254839817135,100
10,81,8119,0.3899254839817135,2.920324136579576,21.639409941588205,0.3899254839817135,100
10,82,8218,0.3899254839817135,3.4395847069755097,30.929709891142423,0.3899254839817135,100
10,83,8317,0.3899254839817135,3.601799762508457,23.192216047122095,0.3899254839817135,100
10,84,8416,0.3899254839817135,2.941221541112853,17.321668957654445,0.3899254839817135,100
10,85,8515,0.3899254839817135,3.238810741683792,20.983191153883215,0.3899254839817135,100
10,86,8614,0.3899254839817135,2.750361353871362,19.914981754739824,0.3899254839817135,100
10,87,8713,0.3899254839817135,3.868799297877628,32.43721539474668,0.3899254839817135,100
10,88,8812,0.3899254839817135,4.063588763243357,25.29362701638445,0.3899254839817135,100
10,89,8911,0.3899254839817135,3.7311884817698497,32.46057689757633,0.3899254839817135,100
10,90,9010,0.3899254839817135,3.6344974237764704,21.10323441881541,0.3899254839817135,100
10,91,9109,0.3899254839817135,3.4698171836199383,28.469051723761815,0.3899254839817135,100
10,92,9208,0.3899254839817135,3.0601296982439807,22.29484597313608,0.3899254839817135,100
10,93,9307,0.3899254839817135,2.618658061737445,15.005767650104177,0.3899254839817135,100
10,94,9406,0.3899254839817135,3.843337102809057,22.53718394935145,0.3899254839817135,100
10,95,9505,0.3899254839817135,3.128606775680166,20.12162232125623,0.3899254839817135,100
10,96,9604,0.3899254839817135,3.133847264845047,33.814994718393386,0.3899254839817135,100
10,97,9703,0.3899254839817135,2.8222907670022357,15.741109232768883,0.3899254839817135,100
10,98,9802,0.3899254839817135,2.9612079619099463,15.29517279150624,0.3899254839817135,100
10,99,9901,0.3899254839817135,3.3207997098349735,20.789415614298218,0.3899254839817135,100
10,100,10000,0.3899254839817135,3.200890718818171,19.540033486997192,0.3899254839817135,100
10,101,10099,0.3899254839817135,2.681126928174704,14.75009482661163,0.3899254839817135,100
10,102,10198,0.3899254839817135,3.202079674677708,20.808711644459986,0.3899254839817135,100
10,103,10297,0.3899254839817135,4.752729917832445,27.342477757458628,0.3899254839817135,100
10,104,10396,0.3899254839817135,3.4887467124647302,18.851942109209006,0.3899254839817135,100
10,105,10495,0.3899254839817135,3.6517582541420643,44.52531253724164,0.3899254839817135,100
10,106,10594,0.3899254839817135,2.8468292080108792,23.0731568178358,0.3899254839817135,100
10,107,10693,0.3899254839817135,2.6120799608294694,21.18942888973693,0.3899254839817135,100
10,108,10792,0.3899254839817135,3.301184132664273,19.485094412318585,0.3899254839817135,100
10,109,10891,0.3899254839817135,3.603644205343499,22.286717590350044,0.3899254839817135,100
10,110,10990,0.3899254839817135,3.3594570582879224,19.142765528971438,0.3899254839817135,100
10,111,11089,0.3899254839817135,3.6973330479586224,45.26598742121261,0.3899254839817135,100
10,112,11188,0.3899254839817135,3.024128651918983,25.628096327267546,0.3899254839817135,100
10,113,11287,0.3899254839817135,2.802325374347894,25.136620515153048,0.3899254839817135,100
10,114,11386,0.3899254839817135,3.2570851743740246,18.84454926539,0.3899254839817135,100
10,115,11485,0.3899254839817135,2.8710807735796,22.364115293351794,0.3899254839817135,100
10,116,11584,0.3899254839817135,3.0892216945915876,20.379032484857767,0.3899254839817135,100
10,117,11683,0.3899254839817135,3.0829876160009126,20.097486641595196,0.3899254839817135,100
10,118,11782,0.3899254839817135,3.2432839082429425,25.522277205052358,0.3899254839817135,100
10,119,11881,0.3899254839817135,3.8018513970587158,25.796911440963974,0.3899254839817135,100
10,120,11980,0.3899254839817135,3.22922053643321,24.063337857381196,0.3899254839817135,100
10,121,12079,0.3899254839817135,3.269392925067894,19.98248913272362,0.3899254839817135,100
10,122,12178,0.3899254839817135,3.326573517372259,26.197299881412565,0.3899254839817135,100
10,123,12277,0.3899254839817135,3.406825477015999,25.25902563628719,0.3899254839817135,100
10,124,12376,0.3899254839817135,3.301791734988395,19.219620925360353,0.3899254839817135,100
10,125,12475,0.3899254839817135,2.6861332631306887,28.172361410374595,0.3899254839817135,100
10,126,12574,0.3899254839817135,3.175822158080825,22.17759139284389,0.3899254839817135,100
10,127,12673,0.3899254839817135,2.739558150092085,16.99530793860145,0.3899254839817135,100
10,128,12772,0.3899254839817135,2.693376782125538,17.458574035780764,0.3899254839817135,100
10,129,12871,0.3899254839817135,3.0588789938819616,16.303243725415584,0.3899254839817135,100
10,130,12970,0.3899254839817135,3.38435698659817,19.31072564515371,0.3899254839817135,100
10,131,13069,0.3899254839817135,3.2595893581737005,22.448997060684263,0.3899254839817135,100
10,132,13168,0.3899254839817135,2.974049063495031,19.039261172731877,0.3899254839817135,100
10,133,13267,0.3899254839817135,2.6763973483911707,21.833795523615073,0.3899254839817135,100
10,134,13366,0.3899254839817135,3.5746011800381168,26.73006045753395,0.3899254839817135,100
10,135,13465,0.3899254839817135,3.553828623425973,17.765000020897695,0.3899254839817135,100
10,136,13564,0.3899254839817135,3.118676338504148,25.535223173373936,0.3899254839817135,100
10,137,13663,0.3899254839817135,3.0167274759557485,22.935619970237926,0.3899254839817135,100
10,138,13762,0.3899254839817135,2.7654936154103704,20.9072265453041,0.3899254839817135,100
10,139,13861,0.3899254839817135,2.92358875930066,19.843719134440203,0.3899254839817135,100
10,140,13960,0.3899254839817135,3.6065849911866685,32.322846552633784,0.3899254839817135,100
10,141,14059,0.3899254839817135,3.346846529158386,16.185926924656368,0.3899254839817135,100
10,142,14158,0.3899254839817135,3.0256593837234558,19.241814516384338,0.3899254839817135,100
10,143,14257,0.3899254839817135,2.927840504174069,18.959642580847937,0.3899254839817135,100
10,144,14356,0.3899254839817135,3.329287981740938,23.4036619991154,0.3899254839817135,100
10,145,14455,0.3899254839817135,3.1925237585540094,23.126464039865954,0.3899254839817135,100
10,146,14554,0.3899254839817135,2.7101925753650074,17.963382099355208,0.3899254839817135,100
10,147,14653,0.3899254839817135,2.6514947172486343,18.76111279962401,0.3899254839817135,100
10,148,14752,0.3899254839817135,2.9179588967366747,17.83721366763823,0.3899254839817135,100
10,149,14851,0.3899254839817135,3.163903176589758,22.74057488319062,0.3899254839817135,100
10,150,14950,0.3899254839817135,3.2343723594275775,28.662134842494734,0.3899254839817135,100
10,151,15049,0.3899254839817135,4.263463268130321,25.53286262983949,0.3899254839817135,100
10,152,15148,0.3899254839817135,3.359056968690847,30.904943865250807,0.3899254839817135,100
10,153,15247,0.3899254839817135,3.4042161686987833,36.59700879100877,0.3899254839817135,100
10,154,15346,0.3899254839817135,3.1101334199924064,29.492344251518908,0.3899254839817135,100
10,155,15445,0.3899254839817135,2.510950042580197,15.914825770535543,0.3899254839817135,100
10,156,15544,0.3899254839817135,2.5097099478385756,23.443038239504673,0.3899254839817135,100
10,157,15643,0.3899254839817135,3.052973054562878,27.71151609571291,0.3899254839817135,100
10,158,15742,0.3899254839817135,2.4091697060965735,13.930548039922874,0.3899254839817135,100
10,159,15841,0.3899254839817135,2.9564350975666525,23.503040708135913,0.3899254839817135,100
10,160,15940,0.3899254839817135,3.5668493587701176,33.668787458141885,0.3899254839817135,100
10,161,16039,0.3899254839817135,2.604857939095507,15.95940603565038,0.3899254839817135,100
10,162,16138,0.3899254839817135,3.2413638020260254,19.917646625370008,0.3899254839817135,100
10,163,16237,0.3899254839817135,3.5658973222513963,34.75410019299419,0.3899254839817135,100
10,164,16336,0.3899254839817135,3.1488746614085494,21.715373689748585,0.3899254839817135,100
10,165,16435,0.3899254839817135,3.2344293170502927,42.38621592115883,0.3899254839817135,100
10,166,16534,0.3899254839817135,3.2045582625777964,16.422120249852284,0.3899254839817135,100
10,167,16633,0.3899254839817135,3.1451676223307055,17.740029893021784,0.3899254839817135,100
10,168,16732,0.3899254839817135,2.5675271334301613,15.22873119667562,0.3899254839817135,100
10,169,16831,0.3899254839817135,2.9273404843883446,16.712567067412493,0.3899254839817135,100
10,170,16930,0.3899254839817135,3.609832087887605,24.013645278395813,0.3899254839817135,100
10,171,17029,0.3899254839817135,2.7754514910870496,18.86362289125156,0.3899254839817135,100
10,172,17128,0.3899254839817135,4.204844085383753,51.358635043113516,0.3899254839817135,100
10,173,17227,0.3899254839817135,2.7100014310862304,28.44148809745193,0.3899254839817135,100
10,174,17326,0.3899254839817135,3.057095142110839,17.49531922627298,0.3899254839817135,100
10,175,17425,0.3899254839817135,3.325158023613998,27.70789925718827,0.3899254839817135,100
10,176,17524,0.3899254839817135,3.5397484062052627,23.643114157548794,0.3899254839817135,100
10,177,17623,0.3899254839817135,3.286205874843968,29.295570107253024,0.3899254839817135,100
10,178,17722,0.3899254839817135,3.2760560802036167,22.10924352914411,0.3899254839817135,100
10,179,17821,0.3899254839817135,3.2375712971701938,19.951883825273246,0.3899254839817135,100
10,180,17920,0.3899254839817135,3.0571775290621175,15.470598436473658,0.3899254839817135,100
10,181,18019,0.3899254839817135,3.0835688441137408,21.303418836486063,0.3899254839817135,100
10,182,18118,0.3899254839817135,3.3235441264868224,23.843478542454882,0.3899254839817135,100
10,183,18217,0.3899254839817135,3.1654711123413715,25.477489939315873,0.3899254839817135,100
10,184,18316,0.3899254839817135,3.2552268241696147,26.581079190506465,0.3899254839817135,100
10,185,18415,0.3899254839817135,3.956653647823958,24.821882889895875,0.3899254839817135,100
10,186,18514,0.3899254839817135,3.2234847712680414,21.40585251755524,0.3899254839817135,100
10,187,18613,0.3899254839817135,3.295670005024276,16.96484342710699,0.3899254839817135,100
10,188,18712,0.3899254839817135,3.143974320236458,29.978990910377036,0.3899254839817135,100
10,189,18811,0.3899254839817135,2.930668853382856,16.952250118245505,0.3899254839817135,100
10,190,18910,0.3899254839817135,3.1853258514933844,21.39056153443788,0.3899254839817135,100
10,191,19009,0.3899254839817135,2.423962086863922,14.859488390142298,0.3899254839817135,100
10,192,19108,0.3899254839817135,3.1750951190965195,18.967153628266097,0.3899254839817135,100
10,193,19207,0.3899254839817135,3.4778506656582637,18.966624255483296,0.3899254839817135,100
10,194,19306,0.3899254839817135,2.7147736011626415,27.203897524816842,0.3899254839817135,100
10,195,19405,0.3899254839817135,2.7058291427347623,20.267281441829635,0.3899254839817135,100
10,196,19504,0.3899254839817135,2.6394510624637344,13.991281412308954,0.3899254839817135,100
10,197,19603,0.3899254839817135,2.40833023178105,15.221341440208331,0.3899254839817135,100
10,198,19702,0.3899254839817135,3.197672896482988,24.00829290624778,0.3899254839817135,100
10,199,19801,0.3899254839817135,3.1486000933255367,16.17909543391771,0.3899254839817135,100
10,200,19900,0.3899254839817135,2.5080769646664067,14.452116448415422,0.3899254839817135,100
10,201,19999,0.3899254839817135,2.184450162108445,10.83281006160588,0.3899254839817135,100
10,202,20098,0.3899254839817135,2.985068390379337,16.295575567385864,0.3899254839817135,100
10,203,20197,0.3899254839817135,3.2642657150834715,20.558543772994515,0.3899254839817135,100
10,204,20296,0.3899254839817135,3.043639364855283,27.212054264119818,0.3899254839817135,100
10,205,20395,0.3899254839817135,3.016681653136792,22.43350038546139,0.3899254839817135,100
10,206,20494,0.3899254839817135,2.5891887952936576,14.198085136910969,0.3899254839817135,100
10,207,20593,0.3899254839817135,3.5085274268193802,21.619652947052742,0.3899254839817135,100
10,208,20692,0.3899254839817135,3.3731498748679933,38.56690891581518,0.3899254839817135,100
10,209,20791,0.3899254839817135,2.707625118167252,20.767049086419444,0.3899254839817135,100
10,210,20890,0.3899254839817135,3.224381554777013,19.09261870103449,0.3899254839817135,100
10,211,20989,0.3899254839817135,2.989044403409649,14.320922929034237,0.3899254839817135,100
10,212,21088,0.3899254839817135,3.3578170045909363,31.324962791304518,0.3899254839817135,100
10,213,21187,0.3899254839817135,2.995004823255605,20.71824351488546,0.3899254839817135,100
10,214,21286,0.3899254839817135,3.1168842537306904,21.005047780371584,0.3899254839817135,100
10,215,21385,0.3899254839817135,3.1839292745793926,22.175256974321076,0.3899254839817135,100
10,216,21484,0.3899254839817135,3.003449040128434,29.666236188102584,0.3899254839817135,100
10,217,21583,0.3899254839817135,2.7812960951359043,18.682174646381625,0.3899254839817135,100
10,218,21682,0.3899254839817135,3.9359797794234015,25.95157762092068,0.3899254839817135,100
10,219,21781,0.3899254839817135,3.2487959096494,33.03556031797851,0.3899254839817135,100
10,220,21880,0.3899254839817135,3.127995785005687,21.645068495619544,0.3899254839817135,100
10,221,21979,0.3899254839817135,3.8128546000360486,37.09212048995764,0.3899254839817135,100
10,222,22078,0.3899254839817135,3.9474269633973154,29.746594448772818,0.3899254839817135,100
10,223,22177,0.3899254839817135,2.572176378248157,18.766926755115954,0.3899254839817135,100
10,224,22276,0.3899254839817135,2.9103818132308628,15.651516581394743,0.3899254839817135,100
10,225,22375,0.3899254839817135,3.0781761497942104,19.798033278379954,0.3899254839817135,100
10,226,22474,0.3899254839817135,3.191610564111719,17.06265945842279,0.3899254839817135,100
10,227,22573,0.3899254839817135,3.317981813301109,19.40297039114796,0.3899254839817135,100
10,228,22672,0.3899254839817135,4.1789851151382145,25.63219315387684,0.3899254839817135,100
10,229,22771,0.3899254839817135,2.4025356436628145,11.09845508157889,0.3899254839817135,100
10,230,22870,0.3899254839817135,3.7523412386550272,21.019497193316717,0.3899254839817135,100
10,231,22969,0.3899254839817135,2.800932386966449,21.413328572653516,0.3899254839817135,100
10,232,23068,0.3899254839817135,3.005314322349507,17.882436943611594,0.3899254839817135,100
10,233,23167,0.3899254839817135,3.0529597164191262,16.05302064250925,0.3899254839817135,100
10,234,23266,0.3899254839817135,3.838936747650804,40.1303396651277,0.3899254839817135,100
10,235,23365,0.3899254839817135,2.9251511587187333,15.678166390300676,0.3899254839817135,100
10,236,23464,0.3899254839817135,4.296207576818359,41.489858660084586,0.3899254839817135,100
10,237,23563,0.3899254839817135,3.379578258623841,14.436592677125502,0.3899254839817135,100
10,238,23662,0.3899254839817135,3.035661427449287,15.382663161977336,0.3899254839817135,100
10,239,23761,0.3899254839817135,3.1084034680620953,21.865414843861938,0.3899254839817135,100
10,240,23860,0.3899254839817135,2.578034786297177,19.702866189800762,0.3899254839817135,100
10,241,23959,0.3899254839817135,2.8176690525517047,18.18207956367599,0.3899254839817135,100
10,242,24058,0.3899254839817135,2.6311266153996655,16.868166291332013,0.3899254839817135,100
10,243,24157,0.3899254839817135,3.2258672970040605,20.810540965777548,0.3899254839817135,100
10,244,24256,0.3899254839817135,2.207875101410358,18.552320159161965,0.3899254839817135,100
10,245,24355,0.3899254839817135,3.689100913414984,19.094987372278737,0.3899254839817135,100
10,246,24454,0.3899254839817135,2.492858251981719,14.88298530526806,0.3899254839817135,100
10,247,24553,0.3899254839817135,2.861082106604746,22.745235360413407,0.3899254839817135,100
10,248,24652,0.3899254839817135,2.5477384471887667,19.690626518165434,0.3899254839817135,100
10,249,24751,0.3899254839817135,2.9801967797655924,23.33282097289915,0.3899254839817135,100
10,250,24850,0.3899254839817135,3.0156064749268383,26.66556518235194,0.3899254839817135,100
10,251,24949,0.3899254839817135,2.9573647548482627,16.691509038287023,0.3899254839817135,100
10,252,25048,0.3899254839817135,3.3982623609726357,30.92525936249163,0.3899254839817135,100
10,253,25147,0.3899254839817135,3.226105874307072,28.98332736022875,0.3899254839817135,100
10,254,25246,0.3899254839817135,3.81582969896627,20.46253488607948,0.3899254839817135,100
10,255,25345,0.3899254839817135,2.2773740928001867,15.263371268246779,0.3899254839817135,100
10,256,25444,0.3899254839817135,3.170026523781175,19.44611121401407,0.3899254839817135,100
10,257,25543,0.3899254839817135,3.096392913444557,23.72923103533431,0.3899254839817135,100
10,258,25642,0.3899254839817135,3.399887253576385,28.08144528515055,0.3899254839817135,100
10,259,25741,0.3899254839817135,3.018003344776828,23.383285899457434,0.3899254839817135,100
10,260,25840,0.3899254839817135,2.83144209843888,28.950479101125417,0.3899254839817135,100
10,261,25939,0.3899254839817135,3.839071319210015,20.98648416578729,0.3899254839817135,100
10,262,26038,0.3899254839817135,3.1473358208644187,25.849851475106867,0.3899254839817135,100
10,263,26137,0.3899254839817135,3.0877580499358954,33.40666321756217,0.3899254839817135,100
10,264,26236,0.3899254839817135,3.0197408849209846,18.965983100843154,0.3899254839817135,100
10,265,26335,0.3899254839817135,2.8394198312364405,23.159180586458966,0.3899254839817135,100
10,266,26434,0.3899254839817135,2.9565527918032144,21.69409635883415,0.3899254839817135,100
10,267,26533,0.3899254839817135,3.5690341033762434,24.71965391526086,0.3899254839817135,100
10,268,26632,0.3899254839817135,2.5971665500152272,12.29339411530212,0.3899254839817135,100
10,269,26731,0.3899254839817135,3.466243011949839,19.03487120661099,0.3899254839817135,100
10,270,26830,0.3899254839817135,3.1698215246538877,17.927386228686395,0.3899254839817135,100
10,271,26929,0.3899254839817135,2.8162922846293306,18.74487050474024,0.3899254839817135,100
10,272,27028,0.3899254839817135,3.2579700081991687,24.27588319557829,0.3899254839817135,100
10,273,27127,0.3899254839817135,2.6746136288239084,29.178220897667455,0.3899254839817135,100
10,274,27226,0.3899254839817135,2.4140974991639217,20.21232546954539,0.3899254839817135,100
10,275,27325,0.3899254839817135,3.0519931601997414,27.37920835143561,0.3899254839817135,100
10,276,27424,0.3899254839817135,2.4337015805051005,16.94536339837414,0.3899254839817135,100
10,277,27523,0.3899254839817135,2.9165128270599077,19.159759631667978,0.3899254839817135,100
10,278,27622,0.3899254839817135,3.560983348345404,27.20180800062054,0.3899254839817135,100
10,279,27721,0.3899254839817135,2.202316665975296,13.999641676110326,0.3899254839817135,100
10,280,27820,0.3899254839817135,2.7610820353016017,18.41627085785414,0.3899254839817135,100
10,281,27919,0.3899254839817135,2.71053453326709,27.48551738317241,0.3899254839817135,100
10,282,28018,0.3899254839817135,3.1200907157178994,17.532265302005392,0.3899254839817135,100
10,283,28117,0.3899254839817135,2.5846206908819136,18.608195191420673,0.3899254839817135,100
10,284,28216,0.3899254839817135,3.2384414560837165,21.76297663314844,0.3899254839817135,100
10,285,28315,0.3899254839817135,2.918052523303816,24.3180737850012,0.3899254839817135,100
10,286,28414,0.3899254839817135,3.5185212434981357,20.212774172284583,0.3899254839817135,100
10,287,28513,0.3899254839817135,3.5895062569013607,29.444499097152775,0.3899254839817135,100
10,288,28612,0.3899254839817135,3.2007604565398173,19.195401795885616,0.3899254839817135,100
10,289,28711,0.3899254839817135,2.529575431415773,17.264526083514284,0.3899254839817135,100
10,290,28810,0.3899254839817135,2.8735795255632444,27.541992508921272,0.3899254839817135,100
10,291,28909,0.3899254839817135,2.449310166093701,19.944551155606195,0.3899254839817135,100
10,292,29008,0.3899254839817135,2.627575729819078,16.323492946616064,0.3899254839817135,100
10,293,29107,0.3899254839817135,3.166229229920471,24.17223091326227,0.3899254839817135,100
10,294,29206,0.3899254839817135,2.520791101519489,16.163607816413244,0.3899254839817135,100
10,295,29305,0.3899254839817135,3.5385100149923954,17.946501778323814,0.3899254839817135,100
10,296,29404,0.3899254839817135,3.140907155681583,26.256135328359406,0.3899254839817135,100
10,297,29503,0.3899254839817135,3.074506188403951,21.25270264355998,0.3899254839817135,100
10,298,29602,0.3899254839817135,2.707246029621548,14.740775304785156,0.3899254839817135,100
10,299,29701,0.3899254839817135,2.5362450434778028,19.13142014362247,0.3899254839817135,100
10,300,29800,0.3899254839817135,3.159061999273184,16.610888192354803,0.3899254839817135,100
10,301,29899,0.3899254839817135,3.0648221685418666,17.142613895534275,0.3899254839817135,100
10,302,29998,0.3899254839817135,3.615708736076407,16.11955087688419,0.3899254839817135,100
10,303,30097,0.3899254839817135,2.7194860230232685,23.364617031799447,0.3899254839817135,100
10,304,30196,0.3899254839817135,2.8516483521288722,25.412102345321514,0.3899254839817135,100
10,305,30295,0.3899254839817135,2.971412701145257,20.9687471792065,0.3899254839817135,100
10,306,30394,0.3899254839817135,3.33625413561638,23.445592447833786,0.3899254839817135,100
10,307,30493,0.3899254839817135,2.550112239074177,16.456586405836152,0.3899254839817135,100
10,308,30592,0.3899254839817135,2.7889912746160554,16.829436905165117,0.3899254839817135,100
10,309,30691,0.3899254839817135,2.684311397451984,17.377925162908767,0.3899254839817135,100
10,310,30790,0.3899254839817135,2.9874461246784416,31.96121159094509,0.3899254839817135,100
10,311,30889,0.3899254839817135,3.0806385408177293,20.144915320517192,0.3899254839817135,100
10,312,30988,0.3899254839817135,3.6683626326462426,25.095311999668418,0.3899254839817135,100
10,313,31087,0.3899254839817135,3.070492723596845,21.681739799281125,0.3899254839817135,100
10,314,31186,0.3899254839817135,2.783653020133688,19.277081529033904,0.3899254839817135,100
10,315,31285,0.3899254839817135,2.4066664131383892,15.770914898946641,0.3899254839817135,100
10,316,31384,0.3899254839817135,3.312844018847701,26.708267971714495,0.3899254839817135,100
10,317,31483,0.3899254839817135,3.6062677437763573,18.96382562856924,0.3899254839817135,100
10,318,31582,0.3899254839817135,2.6783318033198458,20.640111514544778,0.3899254839817135,100
10,319,31681,0.3899254839817135,2.775989854544469,19.73569145719981,0.3899254839817135,100
10,320,31780,0.3899254839817135,3.813108755648599,24.842246067854095,0.3899254839817135,100
10,321,31879,0.3899254839817135,3.5286403534725674,30.763978755557453,0.3899254839817135,100
10,322,31978,0.3899254839817135,3.1346651267626338,51.73744334945898,0.3899254839817135,100
10,323,32077,0.3899254839817135,2.7634120652048066,22.788846323308544,0.3899254839817135,100
10,324,32176,0.3899254839817135,2.7421066200371715,22.374977973719098,0.3899254839817135,100
10,325,32275,0.3899254839817135,3.2938845895830604,27.862707664907443,0.3899254839817135,100
10,326,32374,0.3899254839817135,3.205011420743129,20.96576716709109,0.3899254839817135,100
10,327,32473,0.3899254839817135,2.9604990427996825,21.146588191462655,0.3899254839817135,100
10,328,32572,0.3899254839817135,2.5050203153149253,26.336360983003445,0.3899254839817135,100
10,329,32671,0.3899254839817135,2.4917951834108942,20.095731231825958,0.3899254839817135,100
10,330,32770,0.3899254839817135,2.9031084027985212,22.544075089800206,0.3899254839817135,100
10,331,32869,0.3899254839817135,2.9965458374884757,18.154757314632235,0.3899254839817135,100
10,332,32968,0.3899254839817135,3.128480544807351,21.484301272024407,0.3899254839817135,100
10,333,33067,0.3899254839817135,2.496336102445603,21.571962677709102,0.3899254839817135,100
10,334,33166,0.3899254839817135,3.3762830984707772,23.5364889781129,0.3899254839817135,100
10,335,33265,0.3899254839817135,3.48572236318699,20.53607206958496,0.3899254839817135,100
10,336,33364,0.3899254839817135,3.70635019218075,23.56164620382033,0.3899254839817135,100
10,337,33463,0.3899254839817135,3.4322385307193195,29.147191186577807,0.3899254839817135,100
10,338,33562,0.3899254839817135,2.5694977715526965,22.03757696754248,0.3899254839817135,100
10,339,33661,0.3899254839817135,3.402151788912947,20.018333350668236,0.3899254839817135,100
10,340,33760,0.3899254839817135,2.8800579671552176,22.459020731269643,0.3899254839817135,100
10,341,33859,0.3899254839817135,3.139460202076429,21.96476738538757,0.3899254839817135,100
10,342,33958,0.3899254839817135,3.0988400427916916,26.51676784965242,0.3899254839817135,100
10,343,34057,0.3899254839817135,2.917561971290102,18.187532456200554,0.3899254839817135,100
10,344,34156,0.3899254839817135,3.200986306312105,23.601116019694732,0.3899254839817135,100
10,345,34255,0.3899254839817135,2.6101980204484954,15.674690798137103,0.3899254839817135,100
10,346,34354,0.3899254839817135,3.3288318958828165,31.38259310971872,0.3899254839817135,100
10,347,34453,0.3899254839817135,2.6757313862571634,12.202998103329461,0.3899254839817135,100
10,348,34552,0.3899254839817135,3.2403619785618276,16.59403293654925,0.3899254839817135,100
10,349,34651,0.3899254839817135,3.6052218118681627,26.764086764889868,0.3899254839817135,100
10,350,34750,0.3899254839817135,3.648285489845183,22.131919103340756,0.3899254839817135,100
10,351,34849,0.3899254839817135,2.344525323128835,13.616705694813481,0.3899254839817135,100
10,352,34948,0.3899254839817135,2.919340968255554,13.414385581393583,0.3899254839817135,100
10,353,35047,0.3899254839817135,2.6441762243847027,13.910436629678228,0.3899254839817135,100
10,354,35146,0.3899254839817135,3.6198583736563252,31.610291234978565,0.3899254839817135,100
10,355,35245,0.3899254839817135,2.575948198163756,18.652176767019128,0.3899254839817135,100
10,356,35344,0.3899254839817135,3.116139027518924,21.836712676899563,0.3899254839817135,100
10,357,35443,0.3899254839817135,3.816459424443066,25.23605329384151,0.3899254839817135,100
10,358,35542,0.3899254839817135,2.922464796641531,21.651091035313133,0.3899254839817135,100
10,359,35641,0.3899254839817135,4.276041599763943,24.583666209333312,0.3899254839817135,100
10,360,35740,0.3899254839817135,2.196478546848248,19.919211888148546,0.3899254839817135,100
10,361,35839,0.3899254839817135,3.679888265658428,23.598815247123785,0.3899254839817135,100
10,362,35938,0.3899254839817135,3.663967449521226,25.8827038780736,0.3899254839817135,100
10,363,36037,0.3899254839817135,2.9346819314548314,20.297305835463337,0.3899254839817135,100
10,364,36136,0.3899254839817135,2.8681718518098727,21.90049367745635,0.3899254839817135,100
10,365,36235,0.3815986985492493,2.945805870644165,24.842579115493727,0.3815986985492493,100
10,366,36334,0.3815986985492493,3.702098173176602,19.370484951470164,0.3815986985492493,100
10,367,36433,0.3815986985492493,3.8752231049201082,20.874679711454117,0.3815986985492493,100
10,368,36532,0.3815986985492493,3.1499109543927677,15.683980491945787,0.3815986985492493,100
10,369,36631,0.3815986985492493,3.4089708760862014,18.922173850950518,0.3815986985492493,100
10,370,36730,0.3815986985492493,2.8582956392978063,19.857980884667885,0.3815986985492493,100
10,371,36829,0.3815986985492493,2.5941207215033186,18.939677874185502,0.3815986985492493,100
10,372,36928,0.3815986985492493,2.1127482451872575,12.371982762398302,0.3815986985492493,100
10,373,37027,0.3815986985492493,3.626101596485299,24.776925741541643,0.3815986985492493,100
10,374,37126,0.3815986985492493,3.1268614875501983,20.934276663017332,0.3815986985492493,100
10,375,37225,0.3815986985492493,3.4383968888001375,21.380740828829843,0.3815986985492493,100
10,376,37324,0.3815986985492493,3.0881477285727614,15.863251338611091,0.3815986985492493,100
10,377,37423,0.3815986985492493,3.183244474147871,14.025940661199412,0.3815986985492493,100
10,378,37522,0.3815986985492493,3.8111093233059465,25.868139912856314,0.3815986985492493,100
10,379,37621,0.3815986985492493,3.0695445901348073,29.20272456812084,0.3815986985492493,100
10,380,37720,0.3815986985492493,3.1038704532610755,23.66164689248949,0.3815986985492493,100
10,381,37819,0.3815986985492493,2.833297396684624,25.82499180833253,0.3815986985492493,100
10,382,37918,0.3815986985492493,2.3707378406494506,10.084825719869992,0.3815986985492493,100
10,383,38017,0.3815986985492493,3.2123675918689765,17.998366546542453,0.3815986985492493,100
10,384,38116,0.3815986985492493,3.021496546637339,20.546417502253387,0.3815986985492493,100
10,385,38215,0.3815986985492493,2.874955784778463,20.472502179579216,0.3815986985492493,100
10,386,38314,0.3815986985492493,3.7972257006944985,17.95375275123527,0.3815986985492493,100
10,387,38413,0.3815986985492493,2.9741133447880492,13.640979395407367,0.3815986985492493,100
10,388,38512,0.3815986985492493,3.214032068251351,15.800086956843305,0.3815986985492493,100
10,389,38611,0.3815986985492493,2.4991064886160093,21.413068125880763,0.3815986985492493,100
10,390,38710,0.3815986985492493,3.1978428261395577,20.575877660237417,0.3815986985492493,100
10,391,38809,0.3815986985492493,3.3657406510784273,28.392568483246585,0.3815986985492493,100
10,392,38908,0.3815986985492493,3.348840986550392,26.617733907411615,0.3815986985492493,100
10,393,39007,0.3815986985492493,3.4142990638485076,26.39307547697312,0.3815986985492493,100
10,394,39106,0.3815986985492493,3.3870655605890927,21.50594264329025,0.3815986985492493,100
10,395,39205,0.3815986985492493,3.200308932663225,15.139030213805247,0.3815986985492493,100
10,396,39304,0.3815986985492493,3.794649700793934,26.797198686729992,0.3815986985492493,100
10,397,39403,0.3815986985492493,4.036895514926827,32.697543739365784,0.3815986985492493,100
10,398,39502,0.3815986985492493,2.7842052114968783,15.772199573019622,0.3815986985492493,100
10,399,39601,0.3815986985492493,3.196634750724231,32.95973487242814,0.3815986985492493,100
10,400,39700,0.3815986985492493,3.04048566097325,34.902145467971074,0.3815986985492493,100
10,401,39799,0.3815986985492493,3.659452698679217,22.394192885195675,0.3815986985492493,100
10,402,39898,0.3815986985492493,3.9861414947210334,23.387603897008468,0.3815986985492493,100
10,403,39997,0.3815986985492493,3.588940679486697,22.897945497094966,0.3815986985492493,100
10,404,40096,0.3815986985492493,3.0591104546641557,16.910056082487444,0.3815986985492493,100
10,405,40195,0.3815986985492493,3.3463488221634394,24.804524956628914,0.3815986985492493,100
10,406,40294,0.3815986985492493,3.0794698760493815,21.69675077191227,0.3815986985492493,100
10,407,40393,0.3815986985492493,2.22323060245312,14.29548624120318,0.3815986985492493,100
10,408,40492,0.3815986985492493,3.188359710793447,35.58257605849051,0.3815986985492493,100
10,409,40591,0.3815986985492493,2.804467796283467,13.900148827913503,0.3815986985492493,100
10,410,40690,0.3815986985492493,3.2434582129347715,22.75724706936506,0.3815986985492493,100
10,411,40789,0.3815986985492493,3.2576493084682365,29.550805846924423,0.3815986985492493,100
10,412,40888,0.3815986985492493,3.0748865830732073,40.524074766355476,0.3815986985492493,100
10,413,40987,0.3815986985492493,3.1511239006114335,14.515628092487571,0.3815986985492493,100
10,414,41086,0.3815986985492493,3.164567973793883,21.25658449258024,0.3815986985492493,100
10,415,41185,0.3815986985492493,2.8963496214106637,12.909267748442241,0.3815986985492493,100
10,416,41284,0.3815986985492493,2.5625483928867805,14.996948908334893,0.3815986985492493,100
10,417,41383,0.3815986985492493,3.4509409866833773,14.502206397834929,0.3815986985492493,100
10,418,41482,0.3815986985492493,2.6645800393794787,19.37015561962789,0.3815986985492493,100
10,419,41581,0.3815986985492493,3.103000831745396,19.76990579078903,0.3815986985492493,100
10,420,41680,0.3815986985492493,2.6413389530020868,21.710621494364723,0.3815986985492493,100
10,421,41779,0.3815986985492493,2.7759187896481667,19.085438070650405,0.3815986985492493,100
10,422,41878,0.3815986985492493,3.4099613297554843,34.607084301445035,0.3815986985492493,100
10,423,41977,0.3815986985492493,2.793752639115536,22.854894947874087,0.3815986985492493,100
10,424,42076,0.3815986985492493,3.807745318388058,26.06639573743471,0.3815986985492493,100
10,425,42175,0.3815986985492493,3.7577138324842276,28.847654282086573,0.3815986985492493,100
10,426,42274,0.3815986985492493,2.465909870732392,19.4145009654348,0.3815986985492493,100
10,427,42373,0.3815986985492493,2.816935163634105,20.935189123673492,0.3815986985492493,100
10,428,42472,0.3815986985492493,3.0317479540281527,22.96796378638006,0.3815986985492493,100
10,429,42571,0.3815986985492493,3.1482207603371593,31.481974537862165,0.3815986985492493,100
10,430,42670,0.3815986985492493,2.8145920064884216,18.773704130371566,0.3815986985492493,100
10,431,42769,0.3815986985492493,2.773810193885647,23.178351076927786,0.3815986985492493,100
10,432,42868,0.3815986985492493,3.2517818425854044,22.539371107860447,0.3815986985492493,100
10,433,42967,0.3815986985492493,2.8237265155332367,21.059354809151493,0.3815986985492493,100
10,434,43066,0.3815986985492493,3.7858593495949173,31.263069784562678,0.3815986985492493,100
10,435,43165,0.3815986985492493,3.382745605272971,20.869740869866312,0.3815986985492493,100
10,436,43264,0.3815986985492493,3.38913718485919,17.370258875706455,0.3815986985492493,100
10,437,43363,0.3815986985492493,2.871725181552837,35.74965550767188,0.3815986985492493,100
10,438,43462,0.3815986985492493,3.749204322422167,47.22373525574041,0.3815986985492493,100
10,439,43561,0.3815986985492493,2.978822065028237,16.602736840821333,0.3815986985492493,100
10,440,43660,0.3815986985492493,3.3429885167432296,27.954542630309984,0.3815986985492493,100
10,441,43759,0.3815986985492493,2.6298790885162115,17.717461182196345,0.3815986985492493,100
10,442,43858,0.3815986985492493,4.0011639412513755,28.48601297425371,0.3815986985492493,100
10,443,43957,0.32267073891268305,2.6950884739389727,28.069754834871823,0.32267073891268305,100
10,444,44056,0.32267073891268305,2.9766005573442977,20.72682109433437,0.32267073891268305,100
10,445,44155,0.32267073891268305,3.1439875009854426,12.618712707008177,0.32267073891268305,100
10,446,44254,0.32267073891268305,2.167812134527198,13.979715448149598,0.32267073891268305,100
10,447,44353,0.32267073891268305,2.6336981733032543,18.534907207899913,0.32267073891268305,100
10,448,44452,0.32267073891268305,3.8929168048277405,32.83783657415452,0.32267073891268305,100
10,449,44551,0.32267073891268305,2.9425070729353617,19.70040862267699,0.32267073891268305,100
10,450,44650,0.32267073891268305,3.8139802665696743,24.533909855719482,0.32267073891268305,100
10,451,44749,0.32267073891268305,3.086808076145362,14.405858355942062,0.32267073891268305,100
10,452,44848,0.32267073891268305,2.7661807956447206,15.311851371334512,0.32267073891268305,100
10,453,44947,0.32267073891268305,2.916767837308908,24.83150848683609,0.32267073891268305,100
10,454,45046,0.32267073891268305,2.8465070500327188,20.534331110661935,0.32267073891268305,100
10,455,45145,0.32267073891268305,2.9917251115494916,32.080928077060825,0.32267073891268305,100
10,456,45244,0.32267073891268305,2.285872584836694,33.612420119920344,0.32267073891268305,100
10,457,45343,0.32267073891268305,2.5472578489897093,21.79016177945749,0.32267073891268305,100
10,458,45442,0.32267073891268305,2.920140086825188,21.145389898036626,0.32267073891268305,100
10,459,45541,0.32267073891268305,4.2701940281708275,28.98266406553082,0.32267073891268305,100
10,460,45640,0.32267073891268305,3.5337827757721776,35.82268427299082,0.32267073891268305,100
10,461,45739,0.32267073891268305,3.3576391821099327,19.2546905318308,0.32267073891268305,100
10,462,45838,0.32267073891268305,2.846239140464614,28.38525125189655,0.32267073891268305,100
10,463,45937,0.32267073891268305,2.7593928146890256,18.256608568209476,0.32267073891268305,100
10,464,46036,0.32267073891268305,3.250820717011864,22.887958065097195,0.32267073891268305,100
10,465,46135,0.32267073891268305,2.3271252175915396,35.52473642931441,0.32267073891268305,100
10,466,46234,0.32267073891268305,3.9557796482046594,23.357079384755583,0.32267073891268305,100
10,467,46333,0.32267073891268305,3.2041871935426394,16.568803110814574,0.32267073891268305,100
10,468,46432,0.32267073891268305,3.015351799644419,17.652978171401138,0.32267073891268305,100
10,469,46531,0.32267073891268305,2.4914823851938563,17.82693907578889,0.32267073891268305,100
10,470,46630,0.32267073891268305,3.3895017907637253,20.88039708718722,0.32267073891268305,100
10,471,46729,0.32267073891268305,3.3147494069727803,28.091503148518548,0.32267073891268305,100
10,472,46828,0.32267073891268305,3.555122526580126,17.39612402846852,0.32267073891268305,100
10,473,46927,0.32267073891268305,3.112451316822236,20.532519573857407,0.32267073891268305,100
10,474,47026,0.32267073891268305,3.403085977988044,22.94225256579705,0.32267073891268305,100
10,475,47125,0.32267073891268305,2.995502840088694,26.370987022399632,0.32267073891268305,100
10,476,47224,0.32267073891268305,2.944137464203345,24.097967823445558,0.32267073891268305,100
10,477,47323,0.32267073891268305,3.645060826025226,20.569271840128838,0.32267073891268305,100
10,478,47422,0.32267073891268305,3.31953150439944,22.27678461405915,0.32267073891268305,100
10,479,47521,0.32267073891268305,2.659157427645186,15.374368082530554,0.32267073891268305,100
10,480,47620,0.32267073891268305,3.6994936378163317,24.818529735995106,0.32267073891268305,100
10,481,47719,0.32267073891268305,2.9426084809107738,44.97721545677989,0.32267073891268305,100
10,482,47818,0.32267073891268305,3.060249298838502,16.759878044545307,0.32267073891268305,100
10,483,47917,0.32267073891268305,2.921998877109109,23.49222225999318,0.32267073891268305,100
10,484,48016,0.32267073891268305,3.337553862755349,31.15102199798606,0.32267073891268305,100
10,485,48115,0.32267073891268305,3.0870019859597786,20.570804449305697,0.32267073891268305,100
10,486,48214,0.32267073891268305,3.6828207900588152,23.637170275949114,0.32267073891268305,100
10,487,48313,0.32267073891268305,3.143315038000174,25.22105781076581,0.32267073891268305,100
10,488,48412,0.32267073891268305,3.2988186614372905,23.579735893543337,0.32267073891268305,100
10,489,48511,0.32267073891268305,3.1569304063330357,20.212237496327944,0.32267073891268305,100
10,490,48610,0.32267073891268305,3.2710746398541017,24.193687309990437,0.32267073891268305,100
10,491,48709,0.32267073891268305,2.3315086597883736,18.618654777009766,0.32267073891268305,100
10,492,48808,0.32267073891268305,2.9844658402257784,22.366217479747853,0.32267073891268305,100
10,493,48907,0.32267073891268305,3.2201539305733586,23.85758961543446,0.32267073891268305,100
10,494,49006,0.32267073891268305,3.05133965709517,16.363166039791842,0.32267073891268305,100
10,495,49105,0.32267073891268305,3.487986408573733,34.76525933499831,0.32267073891268305,100
10,496,49204,0.32267073891268305,3.0237036917962627,15.776918386192552,0.32267073891268305,100
10,497,49303,0.32267073891268305,2.9432448279904633,22.681506310458268,0.32267073891268305,100
10,498,49402,0.32267073891268305,3.253233692903064,16.50631729672874,0.32267073891268305,100
10,499,49501,0.32267073891268305,3.4360845340284647,46.93662461807056,0.32267073891268305,100
10,500,49600,0.32267073891268305,2.8811884319687295,18.946632345320378,0.32267073891268305,100
10,501,49699,0.32267073891268305,2.4546278635236063,18.001249775581854,0.32267073891268305,100
10,502,49798,0.32267073891268305,3.0391930195351877,21.11630900506169,0.32267073891268305,100
10,503,49897,0.32267073891268305,3.15043985946461,20.796495253877524,0.32267073891268305,100
10,504,49996,0.32267073891268305,2.7956254707033095,20.17895202614859,0.32267073891268305,100
10,505,50000,0.32267073891268305,2.2297137982653523,9.180051314119183,0.32267073891268305,100
11,0,100,91.46297917120874,571.8100276969642,986.4183306523861,91.46297917120874,100
11,1,199,55.09635599722558,265.67954254930106,500.61111242525715,55.09635599722558,100
11,2,298,9.793069875006228,106.03423604820142,334.2608408967746,9.793069875006228,100
11,3,397,6.505401528995668,44.19922791603212,124.83102193377252,6.505401528995668,100
11,4,496,5.3523643114718045,23.899208301226928,73.6127065667103,5.3523643114718045,100
11,5,595,0.929615550908546,12.865156851453335,37.67506848780593,0.929615550908546,100
11,6,694,0.9154955970441879,8.972803113244275,41.80467813740843,0.9154955970441879,100
11,7,793,0.78010348210183,6.621665295371417,31.78722919705199,0.78010348210183,100
11,8,892,0.766681745566,5.224870442795474,31.31361040833802,0.766681745566,100
11,9,991,0.3553688101358824,4.182190207103211,28.85520648758317,0.3553688101358824,100
11,10,1090,0.3553688101358824,4.284880053429573,23.142570824951115,0.3553688101358824,100
11,11,1189,0.3553688101358824,3.4339418620740934,25.045755555831995,0.3553688101358824,100
11,12,1288,0.3553688101358824,4.0537493410024235,22.935658043840554,0.3553688101358824,100
11,13,1387,0.3553688101358824,4.22163745373945,22.653629939895794,0.3553688101358824,100
11,14,1486,0.3553688101358824,3.694622635670793,21.574048116779572,0.3553688101358824,100
11,15,1585,0.3553688101358824,4.141187538364812,26.769769638611184,0.3553688101358824,100
11,16,1684,0.3553688101358824,3.1865978096483922,16.331868724361946,0.3553688101358824,100
11,17,1783,0.3553688101358824,3.7961226771244503,26.842775367048738,0.3553688101358824,100
11,18,1882,0.3553688101358824,2.950243406491595,16.09306160051152,0.3553688101358824,100
11,19,1981,0.3553688101358824,3.898544564413551,19.33391914713286,0.3553688101358824,100
11,20,2080,0.3553688101358824,2.7290919868681613,14.715503414234117,0.3553688101358824,100
11,21,2179,0.3553688101358824,3.5764421884737136,23.484757355492363,0.3553688101358824,100
11,22,2278,0.3553688101358824,3.520858980927557,27.373373937735398,0.3553688101358824,100
11,23,2377,0.3553688101358824,3.20121386472342,14.219937496844162,0.3553688101358824,100
11,24,2476,0.3553688101358824,2.9681371525595726,13.707418772104768,0.3553688101358824,100
11,25,2575,0.3553688101358824,3.311630877631076,16.784347910983268,0.3553688101358824,100
11,26,2674,0.3553688101358824,3.070999520630414,20.280016199356744,0.3553688101358824,100
11,27,2773,0.3553688101358824,3.087071381529881,19.446779322461015,0.3553688101358824,100
11,28,2872,0.3553688101358824,3.8971800937987013,37.192256756962465,0.3553688101358824,100
11,29,2971,0.3553688101358824,3.0292320131050694,17.1439717943924,0.3553688101358824,100
11,30,3070,0.3553688101358824,3.6518370760427286,42.11656082524922,0.3553688101358824,100
11,31,3169,0.3553688101358824,4.124093360556735,22.609721179449107,0.3553688101358824,100
11,32,3268,0.3553688101358824,3.441433009325301,24.661131344426565,0.3553688101358824,100
11,33,3367,0.3553688101358824,3.8160537496360187,15.547781595251841,0.3553688101358824,100
11,34,3466,0.3553688101358824,2.805140463669874,15.171906045869433,0.3553688101358824,100
11,35,3565,0.3553688101358824,3.340837745622979,25.802083294331347,0.3553688101358824,100
11,36,3664,0.3553688101358824,3.5419035713133336,33.21041538232626,0.3553688101358824,100
11,37,3763,0.3553688101358824,3.2252712605310223,24.181738913432127,0.3553688101358824,100
11,38,3862,0.3553688101358824,3.3978251244459945,17.78651458208253,0.3553688101358824,100
11,39,3961,0.3553688101358824,3.1593359178158478,16.209224682806767,0.3553688101358824,100
11,40,4060,0.3553688101358824,3.4710246481298084,24.286441477702137,0.3553688101358824,100
11,41,4159,0.3553688101358824,3.8686997783607864,21.830321060460353,0.3553688101358824,100
11,42,4258,0.3553688101358824,3.210276166576906,24.34372259812068,0.3553688101358824,100
11,43,4357,0.34718425585424867,2.9022953378734133,18.527647821524877,0.34718425585424867,100
11,44,4456,0.34718425585424867,3.2609521270240487,17.77102891293014,0.34718425585424867,100
11,45,4555,0.34718425585424867,2.471823663290908,14.692336196625162,0.34718425585424867,100
11,46,4654,0.34718425585424867,3.1492516185479342,33.01818477128975,0.34718425585424867,100
11,47,4753,0.34718425585424867,2.8456820605907347,18.676801508256546,0.34718425585424867,100
11,48,4852,0.25010014423651006,2.7187591237333195,36.079936042313854,0.25010014423651006,100
11,49,4951,0.25010014423651006,2.639992973585008,13.936804805229892,0.25010014423651006,100
11,50,5050,0.25010014423651006,3.6355854064566104,41.21919444070018,0.25010014423651006,100
11,51,5149,0.25010014423651006,2.9968152995491475,22.648489989576355,0.25010014423651006,100
11,52,5248,0.25010014423651006,2.956755902657179,20.55540325736193,0.25010014423651006,100
11,53,5347,0.25010014423651006,3.59582212833877,33.36791071925563,0.25010014423651006,100
11,54,5446,0.25010014423651006,2.783749140032677,12.376364864834338,0.25010014423651006,100
11,55,5545,0.25010014423651006,2.8808678865852015,20.619818752448314,0.25010014423651006,100
11,56,5644,0.25010014423651006,3.1353864547862287,29.137591644905413,0.25010014423651006,100
11,57,5743,0.25010014423651006,3.3352873873281585,28.97504037850572,0.25010014423651006,100
11,58,5842,0.25010014423651006,2.4914334440641928,20.094420340947014,0.25010014423651006,100
11,59,5941,0.25010014423651006,3.66560848704838,22.743099248720988,0.25010014423651006,100
11,60,6040,0.25010014423651006,2.796556168453969,18.05103526592774,0.25010014423651006,100
11,61,6139,0.25010014423651006,2.97108022429569,20.27528154006009,0.25010014423651006,100
11,62,6238,0.25010014423651006,2.7880249050899533,17.606778227425217,0.25010014423651006,100
11,63,6337,0.25010014423651006,3.684462177349028,23.323992046052453,0.25010014423651006,100
11,64,6436,0.25010014423651006,3.170967205789061,31.630074019657023,0.25010014423651006,100
11,65,6535,0.25010014423651006,3.291054939311145,30.700770815864548,0.25010014423651006,100
11,66,6634,0.25010014423651006,3.029042804433044,25.285851745481686,0.25010014423651006,100
11,67,6733,0.25010014423651006,3.5142096404975645,30.63285995355624,0.25010014423651006,100
11,68,6832,0.25010014423651006,2.8392609933892565,17.047324138623885,0.25010014423651006,100
11,69,6931,0.25010014423651006,2.7511913479581893,13.396837860613564,0.25010014423651006,100
11,70,7030,0.25010014423651006,2.8944664076135656,21.427613927971887,0.25010014423651006,100
11,71,7129,0.25010014423651006,3.218546183283302,18.32418883294492,0.25010014423651006,100
11,72,7228,0.25010014423651006,3.8936009191926373,22.149409609573635,0.25010014423651006,100
11,73,7327,0.25010014423651006,3.514967470495657,16.94733227674141,0.25010014423651006,100
11,74,7426,0.25010014423651006,3.4610038009895425,24.013729687755504,0.25010014423651006,100
11,75,7525,0.25010014423651006,3.870140239720561,34.87254343843793,0.25010014423651006,100
11,76,7624,0.25010014423651006,3.0447228177907233,15.687050533250003,0.25010014423651006,100
11,77,7723,0.25010014423651006,2.8532103765419623,19.508648849393172,0.25010014423651006,100
11,78,7822,0.25010014423651006,3.091377178533533,20.044661353226115,0.25010014423651006,100
11,79,7921,0.25010014423651006,2.3592403628434493,15.892226431892475,0.25010014423651006,100
11,80,8020,0.25010014423651006,3.2018196435321222,20.828635615088356,0.25010014423651006,100
11,81,8119,0.25010014423651006,3.556491692974492,27.465485920452853,0.25010014423651006,100
11,82,8218,0.25010014423651006,2.36280151593443,13.69728786773328,0.25010014423651006,100
11,83,8317,0.25010014423651006,3.123256693516176,40.14416606365541,0.25010014423651006,100
11,84,8416,0.25010014423651006,2.8139370619544533,15.162773321684716,0.25010014423651006,100
11,85,8515,0.25010014423651006,2.6764396659881333,21.311326622772146,0.25010014423651006,100
11,86,8614,0.25010014423651006,2.8775806387768825,20.345371553311395,0.25010014423651006,100
11,87,8713,0.25010014423651006,3.7492363653135254,23.24612653466842,0.25010014423651006,100
11,88,8812,0.25010014423651006,2.37205590944082,11.935280346863697,0.25010014423651006,100
11,89,8911,0.25010014423651006,3.0097809592925695,29.872563356343903,0.25010014423651006,100
11,90,9010,0.25010014423651006,2.9365255725364228,23.129142227709806,0.25010014423651006,100
11,91,9109,0.25010014423651006,2.774544703645323,19.810254103233294,0.25010014423651006,100
11,92,9208,0.25010014423651006,3.2462661967946866,25.735528677896955,0.25010014423651006,100
11,93,9307,0.25010014423651006,2.6571527467092886,20.53001829269634,0.25010014423651006,100
11,94,9406,0.25010014423651006,2.736274545272154,22.896195683125494,0.25010014423651006,100
11,95,9505,0.25010014423651006,2.5953645299141392,17.865646054805172,0.25010014423651006,100
11,96,9604,0.25010014423651006,2.9638163018313755,22.9956066182319,0.25010014423651006,100
11,97,9703,0.25010014423651006,2.7047979822927175,18.920055119549332,0.25010014423651006,100
11,98,9802,0.25010014423651006,3.318906382032734,26.704331502693947,0.25010014423651006,100
11,99,9901,0.25010014423651006,3.3935161408348398,23.15822243772677,0.25010014423651006,100
11,100,10000,0.25010014423651006,3.154369059647573,20.586940844113663,0.25010014423651006,100
11,101,10099,0.25010014423651006,2.3788833112742696,14.665267339818664,0.25010014423651006,100
11,102,10198,0.25010014423651006,2.2550702749495173,11.931091856498155,0.25010014423651006,100
11,103,10297,0.25010014423651006,2.949761953472016,18.882047700263296,0.25010014423651006,100
11,104,10396,0.25010014423651006,3.0977394663566242,35.598060298412086,0.25010014423651006,100
11,105,10495,0.25010014423651006,3.4321400889826856,38.454744595678974,0.25010014423651006,100
11,106,10594,0.25010014423651006,2.5928425219119715,24.481702305297937,0.25010014423651006,100
11,107,10693,0.25010014423651006,2.3589507223759054,15.807242393288666,0.25010014423651006,100
11,108,10792,0.25010014423651006,2.9843316506481212,21.86798763747229,0.25010014423651006,100
11,109,10891,0.25010014423651006,2.8271144482018453,19.41989974009874,0.25010014423651006,100
11,110,10990,0.25010014423651006,2.8019128372931346,25.274190465439546,0.25010014423651006,100
11,111,11089,0.25010014423651006,3.1047688374434927,12.668707422642884,0.25010014423651006,100
11,112,11188,0.25010014423651006,3.3712523759976123,40.06974445190897,0.25010014423651006,100
11,113,11287,0.25010014423651006,3.231700352906713,13.948574780088096,0.25010014423651006,100
11,114,11386,0.25010014423651006,2.372260790536889,15.788710506588293,0.25010014423651006,100
11,115,11485,0.25010014423651006,3.130295587403187,27.39666996771663,0.25010014423651006,100
11,116,11584,0.25010014423651006,2.8896049744248327,27.39458599045584,0.25010014423651006,100
11,117,11683,0.25010014423651006,2.5389756724024135,11.549894675790824,0.25010014423651006,100
11,118,11782,0.25010014423651006,3.0234122551419222,16.72266930731955,0.25010014423651006,100
11,119,11881,0.25010014423651006,2.7023253795582094,16.84662988915118,0.25010014423651006,100
11,120,11980,0.25010014423651006,2.36033425171652,16.830144271954705,0.25010014423651006,100
11,121,12079,0.25010014423651006,2.991688981843071,31.831119019212558,0.25010014423651006,100
11,122,12178,0.25010014423651006,2.785985006318786,22.716146164382156,0.25010014423651006,100
11,123,12277,0.25010014423651006,2.663697837758846,17.756193457632815,0.25010014423651006,100
11,124,12376,0.25010014423651006,2.667136855134885,20.08125749347885,0.25010014423651006,100
11,125,12475,0.25010014423651006,2.4777107260896822,17.15876200824769,0.25010014423651006,100
11,126,12574,0.25010014423651006,2.921298950436748,17.224898257825526,0.25010014423651006,100
11,127,12673,0.25010014423651006,2.9931747091657726,17.927022869730205,0.25010014423651006,100
11,128,12772,0.25010014423651006,3.1462505404626633,15.881223606045632,0.25010014423651006,100
11,129,12871,0.25010014423651006,2.9837390342943615,38.514584292968124,0.25010014423651006,100
11,130,12970,0.25010014423651006,2.79966235731878,27.19078535695018,0.25010014423651006,100
11,131,13069,0.25010014423651006,3.2233291887319306,21.910262830360068,0.25010014423651006,100
11,132,13168,0.25010014423651006,3.0669126441843746,24.504276925851542,0.25010014423651006,100
11,133,13267,0.25010014423651006,2.6101396450508276,14.554775291246505,0.25010014423651006,100
11,134,13366,0.25010014423651006,2.08719324756101,19.60762432737687,0.25010014423651006,100
11,135,13465,0.25010014423651006,2.500096521959202,12.785994356309065,0.25010014423651006,100
11,136,13564,0.25010014423651006,3.2940462127954944,28.80325568741841,0.25010014423651006,100
11,137,13663,0.25010014423651006,3.2596890481237186,28.951175979505607,0.25010014423651006,100
11,138,13762,0.25010014423651006,3.820938382622194,17.568383800251663,0.25010014423651006,100
11,139,13861,0.25010014423651006,3.141541316653242,44.13724619314465,0.25010014423651006,100
11,140,13960,0.25010014423651006,2.8059037630906185,15.614074639670278,0.25010014423651006,100
11,141,14059,0.25010014423651006,2.571623918697077,17.143763433387072,0.25010014423651006,100
11,142,14158,0.25010014423651006,2.548401515127596,20.15444346409492,0.25010014423651006,100
11,143,14257,0.25010014423651006,2.6059077623778246,14.280127281319961,0.25010014423651006,100
11,144,14356,0.25010014423651006,3.3129348293753975,22.750832842708792,0.25010014423651006,100
11,145,14455,0.25010014423651006,4.335877016440259,21.719607571453032,0.25010014423651006,100
11,146,14554,0.25010014423651006,3.5015168664115714,23.053713551523437,0.25010014423651006,100
11,147,14653,0.25010014423651006,3.29594017140154,21.898392915522624,0.25010014423651006,100
11,148,14752,0.25010014423651006,2.8053156149473266,15.04673335282077,0.25010014423651006,100
11,149,14851,0.25010014423651006,3.281891930888615,19.572980517415594,0.25010014423651006,100
11,150,14950,0.25010014423651006,3.068408551032216,19.191152012183913,0.25010014423651006,100
11,151,15049,0.25010014423651006,2.8201936214137078,18.43927282657214,0.25010014423651006,100
11,152,15148,0.25010014423651006,2.8872589456087785,19.546378613740284,0.25010014423651006,100
11,153,15247,0.25010014423651006,2.702636667614488,19.368469707181145,0.25010014423651006,100
11,154,15346,0.25010014423651006,3.1900882029157005,16.854980399482848,0.25010014423651006,100
11,155,15445,0.25010014423651006,3.2591136790237916,26.996821102770724,0.25010014423651006,100
11,156,15544,0.25010014423651006,2.658458736887834,16.117834182560813,0.25010014423651006,100
11,157,15643,0.25010014423651006,2.8150394259841676,13.098115487046806,0.25010014423651006,100
11,158,15742,0.25010014423651006,3.524053321025539,27.340461104789824,0.25010014423651006,100
11,159,15841,0.25010014423651006,3.1697386722698,18.610897451322437,0.25010014423651006,100
11,160,15940,0.25010014423651006,3.638027213339634,29.96657301879987,0.25010014423651006,100
11,161,16039,0.25010014423651006,3.44938180461522,27.65574889140081,0.25010014423651006,100
11,162,16138,0.25010014423651006,2.9468342081934846,25.73595460305458,0.25010014423651006,100
11,163,16237,0.25010014423651006,3.07121336728935,22.854936035117692,0.25010014423651006,100
11,164,16336,0.25010014423651006,3.4466547539166004,27.404740846009897,0.25010014423651006,100
11,165,16435,0.25010014423651006,3.3668257323682123,32.37744048223834,0.25010014423651006,100
11,166,16534,0.25010014423651006,2.5731260234352304,20.43065184673924,0.25010014423651006,100
11,167,16633,0.25010014423651006,2.6095462446004998,25.584296312929435,0.25010014423651006,100
11,168,16732,0.25010014423651006,3.5320810058813232,20.67487113374732,0.25010014423651006,100
11,169,16831,0.25010014423651006,3.0499327581721296,47.91829722141144,0.25010014423651006,100
11,170,16930,0.25010014423651006,3.573096797839077,27.718085272044732,0.25010014423651006,100
11,171,17029,0.25010014423651006,3.2001773479957887,18.22475898744253,0.25010014423651006,100
11,172,17128,0.25010014423651006,3.232794017744014,27.272703843525452,0.25010014423651006,100
11,173,17227,0.25010014423651006,2.694764778672662,31.649543334625527,0.25010014423651006,100
11,174,17326,0.25010014423651006,3.183280638533294,28.454466153588402,0.25010014423651006,100
11,175,17425,0.25010014423651006,3.6221189685556765,22.95531817378558,0.25010014423651006,100
11,176,17524,0.25010014423651006,3.222821873840871,22.036711282476123,0.25010014423651006,100
11,177,17623,0.25010014423651006,3.004498855215931,24.8974234171207,0.25010014423651006,100
11,178,17722,0.25010014423651006,3.3160336367888887,22.62238927794465,0.25010014423651006,100
11,179,17821,0.25010014423651006,3.607846953979361,21.15462973977747,0.25010014423651006,100
11,180,17920,0.25010014423651006,3.157968643524382,26.62772966634451,0.25010014423651006,100
11,181,18019,0.25010014423651006,3.200628123575701,22.153532912243655,0.25010014423651006,100
11,182,18118,0.25010014423651006,2.67122478948622,14.070339027698846,0.25010014423651006,100
11,183,18217,0.25010014423651006,3.7244189210128575,24.03829013177482,0.25010014423651006,100
11,184,18316,0.25010014423651006,2.881675518229342,17.758046198915814,0.25010014423651006,100
11,185,18415,0.25010014423651006,3.1007474092403324,27.05411738696657,0.25010014423651006,100
11,186,18514,0.25010014423651006,3.144013819544928,16.818923638462508,0.25010014423651006,100
11,187,18613,0.25010014423651006,2.889901167138047,22.502427330573337,0.25010014423651006,100
11,188,18712,0.25010014423651006,3.669400055993748,19.80866418769792,0.25010014423651006,100
11,189,18811,0.25010014423651006,2.5057854434980653,19.152270016220193,0.25010014423651006,100
11,190,18910,0.25010014423651006,2.8617829855343295,23.276136780044077,0.25010014423651006,100
11,191,19009,0.25010014423651006,2.882189308339903,28.287644463148077,0.25010014423651006,100
11,192,19108,0.25010014423651006,2.4521064772421495,19.339226137970115,0.25010014423651006,100
11,193,19207,0.25010014423651006,3.0141508318216843,25.068352321446152,0.25010014423651006,100
11,194,19306,0.25010014423651006,3.9043061190729116,56.00966730957932,0.25010014423651006,100
11,195,19405,0.25010014423651006,2.836437621909819,28.62800046313941,0.25010014423651006,100
11,196,19504,0.25010014423651006,2.8291280241560997,17.987418870471192,0.25010014423651006,100
11,197,19603,0.25010014423651006,3.739443702724963,18.43276461932127,0.25010014423651006,100
11,198,19702,0.25010014423651006,2.944822776561182,26.79540839523923,0.25010014423651006,100
11,199,19801,0.25010014423651006,3.320116479011937,16.78184215441179,0.25010014423651006,100
11,200,19900,0.25010014423651006,2.5955618224018724,15.653134569989922,0.25010014423651006,100
11,201,19999,0.25010014423651006,3.0969985174339794,28.814624695345458,0.25010014423651006,100
11,202,20098,0.25010014423651006,3.017385661701253,28.655131710818758,0.25010014423651006,100
11,203,20197,0.25010014423651006,2.8774667523922313,14.079544800328913,0.25010014423651006,100
11,204,20296,0.25010014423651006,2.967319499742681,20.506799133493036,0.25010014423651006,100
11,205,20395,0.25010014423651006,2.5327473238946916,12.7916357945003,0.25010014423651006,100
11,206,20494,0.25010014423651006,3.989833430585094,26.628257753992656,0.25010014423651006,100
11,207,20593,0.25010014423651006,2.9554992333787733,31.32078600588617,0.25010014423651006,100
11,208,20692,0.25010014423651006,2.7527128472073548,23.817827020707323,0.25010014423651006,100
11,209,20791,0.25010014423651006,2.7973240774950416,15.528025823038735,0.25010014423651006,100
11,210,20890,0.25010014423651006,3.327655277576589,30.42243296141812,0.25010014423651006,100
11,211,20989,0.25010014423651006,2.16869185975597,10.325021483889792,0.25010014423651006,100
11,212,21088,0.25010014423651006,2.779682110522572,17.72431648688301,0.25010014423651006,100
11,213,21187,0.25010014423651006,2.9703695832887917,22.49495063228941,0.25010014423651006,100
11,214,21286,0.25010014423651006,3.04880354415478,19.22632272468651,0.25010014423651006,100
11,215,21385,0.25010014423651006,2.9901771587732937,21.999466463778084,0.25010014423651006,100
11,216,21484,0.25010014423651006,2.878687943891191,28.897282449348232,0.25010014423651006,100
11,217,21583,0.25010014423651006,3.125089470329606,22.009352390992728,0.25010014423651006,100
11,218,21682,0.25010014423651006,3.869437550930462,37.85608899598205,0.25010014423651006,100
11,219,21781,0.25010014423651006,2.8874951911321647,16.69358478652519,0.25010014423651006,100
11,220,21880,0.25010014423651006,2.865464370890178,20.713328312092713,0.25010014423651006,100
11,221,21979,0.25010014423651006,2.6927121846388,14.895786779955085,0.25010014423651006,100
11,222,22078,0.25010014423651006,3.6726190932725915,23.928508356697456,0.25010014423651006,100
11,223,22177,0.25010014423651006,2.83510108489375,20.417614685903956,0.25010014423651006,100
11,224,22276,0.25010014423651006,3.43304313123466,29.7111375840199,0.25010014423651006,100
11,225,22375,0.25010014423651006,2.7982292712903334,17.85532569512227,0.25010014423651006,100
11,226,22474,0.25010014423651006,2.435892653133916,15.251504802592875,0.25010014423651006,100
11,227,22573,0.25010014423651006,3.3688317764316924,30.99135928735263,0.25010014423651006,100
11,228,22672,0.25010014423651006,3.0174926151807346,18.111801679224023,0.25010014423651006,100
11,229,22771,0.25010014423651006,2.809253860909754,23.604501193934258,0.25010014423651006,100
11,230,22870,0.25010014423651006,3.028711883700682,15.354586998965477,0.25010014423651006,100
11,231,22969,0.25010014423651006,3.1718596813566724,20.99879687332026,0.25010014423651006,100
11,232,23068,0.25010014423651006,3.38704189276117,40.26265707016944,0.25010014423651006,100
11,233,23167,0.25010014423651006,3.6653042343950144,25.741413893966264,0.25010014423651006,100
11,234,23266,0.25010014423651006,2.6174910934764632,21.007240600220037,0.25010014423651006,100
11,235,23365,0.25010014423651006,2.773134077514143,20.00762777327818,0.25010014423651006,100
11,236,23464,0.25010014423651006,2.906940648139309,21.696433686909483,0.25010014423651006,100
11,237,23563,0.25010014423651006,2.8505354094729687,17.532371918565325,0.25010014423651006,100
11,238,23662,0.25010014423651006,3.229194597133548,21.15356850572647,0.25010014423651006,100
11,239,23761,0.25010014423651006,3.3099183495847826,18.099547413722604,0.25010014423651006,100
11,240,23860,0.25010014423651006,3.1558710378592747,25.67353650058845,0.25010014423651006,100
11,241,23959,0.25010014423651006,2.4727639653547353,23.117706086907706,0.25010014423651006,100
11,242,24058,0.25010014423651006,3.2457716463865576,22.540755252130964,0.25010014423651006,100
11,243,24157,0.25010014423651006,3.143570539444073,23.79981023493985,0.25010014423651006,100
11,244,24256,0.25010014423651006,2.883736205876183,18.987342619467857,0.25010014423651006,100
11,245,24355,0.25010014423651006,3.3532004411529925,18.931150923779533,0.25010014423651006,100
11,246,24454,0.25010014423651006,3.060665863305595,18.346154421701243,0.25010014423651006,100
11,247,24553,0.25010014423651006,3.354080506673252,17.506265410576127,0.25010014423651006,100
11,248,24652,0.25010014423651006,2.942159616586651,26.580017119728303,0.25010014423651006,100
11,249,24751,0.25010014423651006,3.29952066884476,18.069340808046174,0.25010014423651006,100
11,250,24850,0.25010014423651006,2.6090159014596956,20.19989670142233,0.25010014423651006,100
11,251,24949,0.25010014423651006,3.387591338510463,29.828445783807283,0.25010014423651006,100
11,252,25048,0.25010014423651006,3.356926138006998,26.92340082104014,0.25010014423651006,100
11,253,25147,0.25010014423651006,3.298947562338297,30.41793235416455,0.25010014423651006,100
11,254,25246,0.25010014423651006,3.2336436796276757,20.191380914574207,0.25010014423651006,100
11,255,25345,0.25010014423651006,4.008167696269976,32.32167793359521,0.25010014423651006,100
11,256,25444,0.25010014423651006,3.560931059754166,17.105856655643464,0.25010014423651006,100
11,257,25543,0.25010014423651006,3.7874765262978216,19.871668185056176,0.25010014423651006,100
11,258,25642,0.25010014423651006,3.0450571721860142,25.998779204397234,0.25010014423651006,100
11,259,25741,0.25010014423651006,3.2462525492306993,21.930844448312765,0.25010014423651006,100
11,260,25840,0.25010014423651006,3.7136271218572308,33.648128248560134,0.25010014423651006,100
11,261,25939,0.25010014423651006,3.0036229109184798,21.401234391788137,0.25010014423651006,100
11,262,26038,0.25010014423651006,2.41263629827035,13.640740360322205,0.25010014423651006,100
11,263,26137,0.25010014423651006,3.383396701936998,19.091484052097748,0.25010014423651006,100
11,264,26236,0.25010014423651006,3.6976582117110413,30.158761214829088,0.25010014423651006,100
11,265,26335,0.25010014423651006,3.5967308528872466,32.17237901725037,0.25010014423651006,100
11,266,26434,0.25010014423651006,3.358187063262855,23.834197635054,0.25010014423651006,100
11,267,26533,0.25010014423651006,2.613921208999435,17.750765918073277,0.25010014423651006,100
11,268,26632,0.25010014423651006,3.0254857032356943,16.922504307820137,0.25010014423651006,100
11,269,26731,0.25010014423651006,3.146446117899727,24.39302958517411,0.25010014423651006,100
11,270,26830,0.25010014423651006,2.918450393428012,19.45118269125014,0.25010014423651006,100
11,271,26929,0.25010014423651006,2.271573611712936,12.435370542891878,0.25010014423651006,100
11,272,27028,0.25010014423651006,2.4474378160816594,10.969955602075432,0.25010014423651006,100
11,273,27127,0.25010014423651006,2.3391263684697554,15.774120785169528,0.25010014423651006,100
11,274,27226,0.25010014423651006,2.4597006509148587,23.249551706488795,0.25010014423651006,100
11,275,27325,0.25010014423651006,3.5844634136936513,27.54912841858905,0.25010014423651006,100
11,276,27424,0.25010014423651006,3.2874949524553276,25.7117611866676,0.25010014423651006,100
11,277,27523,0.25010014423651006,4.0204307903115115,28.815877370240273,0.25010014423651006,100
11,278,27622,0.25010014423651006,3.8204580776452004,30.14483883603245,0.25010014423651006,100
11,279,27721,0.25010014423651006,2.4369532683135104,28.965323777658224,0.25010014423651006,100
11,280,27820,0.25010014423651006,3.2915527751432654,26.65791180501617,0.25010014423651006,100
11,281,27919,0.25010014423651006,3.0005437054757764,16.30106028057409,0.25010014423651006,100
11,282,28018,0.25010014423651006,2.6658273052889507,24.945639358933526,0.25010014423651006,100
11,283,28117,0.25010014423651006,3.2506031494879135,18.386681193315535,0.25010014423651006,100
11,284,28216,0.25010014423651006,2.75636693432586,31.803622935803865,0.25010014423651006,100
11,285,28315,0.25010014423651006,3.5327644035754884,24.656266214903216,0.25010014423651006,100
11,286,28414,0.25010014423651006,3.654283183511103,26.751462644067743,0.25010014423651006,100
11,287,28513,0.25010014423651006,3.147135258995564,23.109599544196783,0.25010014423651006,100
11,288,28612,0.25010014423651006,3.1736612813922265,36.45600724210855,0.25010014423651006,100
11,289,28711,0.25010014423651006,3.702863538600344,41.88289545570869,0.25010014423651006,100
11,290,28810,0.25010014423651006,3.1120823420777324,30.126882281817394,0.25010014423651006,100
11,291,28909,0.25010014423651006,2.3991638096571233,13.851632869377642,0.25010014423651006,100
11,292,29008,0.25010014423651006,2.458316790948685,28.620347675327938,0.25010014423651006,100
11,293,29107,0.25010014423651006,3.0628508810673987,14.638111780258734,0.25010014423651006,100
11,294,29206,0.25010014423651006,2.8464945373720063,17.333351601141104,0.25010014423651006,100
11,295,29305,0.25010014423651006,2.70213896046593,15.555070222144835,0.25010014423651006,100
11,296,29404,0.25010014423651006,2.681335671569645,15.948826541779841,0.25010014423651006,100
11,297,29503,0.25010014423651006,2.7990258956252556,15.466080598055871,0.25010014423651006,100
11,298,29602,0.25010014423651006,3.0179649385861556,17.728621279171254,0.25010014423651006,100
11,299,29701,0.25010014423651006,2.238584951167157,16.843306589117525,0.25010014423651006,100
11,300,29800,0.25010014423651006,3.404419165354976,19.93243163774103,0.25010014423651006,100
11,301,29899,0.25010014423651006,2.6518317136138463,19.41381142256967,0.25010014423651006,100
11,302,29998,0.25010014423651006,2.522176906040121,15.770219341232849,0.25010014423651006,100
11,303,30097,0.25010014423651006,2.7847517335461305,24.902146308180626,0.25010014423651006,100
11,304,30196,0.25010014423651006,2.5133679129224777,15.172097754917454,0.25010014423651006,100
11,305,30295,0.25010014423651006,2.7176448244226497,17.11397276918257,0.25010014423651006,100
11,306,30394,0.25010014423651006,3.0076805458686406,19.60026272084209,0.25010014423651006,100
11,307,30493,0.25010014423651006,3.3973593765864583,28.62572986472909,0.25010014423651006,100
11,308,30592,0.25010014423651006,3.8861710232637163,25.160392937428536,0.25010014423651006,100
11,309,30691,0.25010014423651006,3.44570916628293,17.940382153045448,0.25010014423651006,100
11,310,30790,0.25010014423651006,3.2768112161164438,34.84952111494648,0.25010014423651006,100
11,311,30889,0.25010014423651006,2.4534748227038166,12.30285522753461,0.25010014423651006,100
11,312,30988,0.25010014423651006,2.910016753247717,21.724601510722994,0.25010014423651006,100
11,313,31087,0.25010014423651006,2.8064766402585297,20.050800723114936,0.25010014423651006,100
11,314,31186,0.25010014423651006,3.181825030573868,15.636298749062082,0.25010014423651006,100
11,315,31285,0.25010014423651006,3.462039387116748,24.683740319322958,0.25010014423651006,100
11,316,31384,0.25010014423651006,3.657320044327735,38.18323456848816,0.25010014423651006,100
11,317,31483,0.25010014423651006,2.630662438538546,15.473803031548849,0.25010014423651006,100
11,318,31582,0.25010014423651006,3.751476231399008,35.42398655110961,0.25010014423651006,100
11,319,31681,0.25010014423651006,3.3188243231514845,25.227924899227883,0.25010014423651006,100
11,320,31780,0.25010014423651006,3.5234876492441685,14.03181497137692,0.25010014423651006,100
11,321,31879,0.25010014423651006,3.6626023678742645,21.89786227621087,0.25010014423651006,100
11,322,31978,0.25010014423651006,3.3622798203717297,20.335730931789808,0.25010014423651006,100
11,323,32077,0.25010014423651006,2.7750724836711202,16.67552166097376,0.25010014423651006,100
11,324,32176,0.25010014423651006,3.0135466357025638,19.067209224659518,0.25010014423651006,100
11,325,32275,0.25010014423651006,3.507059649815807,23.209572892234174,0.25010014423651006,100
11,326,32374,0.25010014423651006,3.266347358502672,24.876338366439217,0.25010014423651006,100
11,327,32473,0.25010014423651006,2.7705692468342487,15.073206361011,0.25010014423651006,100
11,328,32572,0.25010014423651006,2.4204904647107695,15.245054302522549,0.25010014423651006,100
11,329,32671,0.25010014423651006,3.223468452912692,23.153102577074385,0.25010014423651006,100
11,330,32770,0.25010014423651006,2.633086307059701,23.47172558889854,0.25010014423651006,100
11,331,32869,0.25010014423651006,3.6375768291103507,21.041131471698687,0.25010014423651006,100
11,332,32968,0.25010014423651006,3.3088422031236844,34.753561208308724,0.25010014423651006,100
11,333,33067,0.25010014423651006,3.2928513574790026,29.227119111600782,0.25010014423651006,100
11,334,33166,0.25010014423651006,3.1328758930644525,24.44743728219603,0.25010014423651006,100
11,335,33265,0.25010014423651006,3.252350469196261,20.413370914836502,0.25010014423651006,100
11,336,33364,0.25010014423651006,3.184035396813249,26.38361069002651,0.25010014423651006,100
11,337,33463,0.25010014423651006,3.1223247346327914,18.810111905110528,0.25010014423651006,100
11,338,33562,0.25010014423651006,3.6836380577782473,35.79225989130719,0.25010014423651006,100
11,339,33661,0.25010014423651006,3.0799522962026686,25.048623076800503,0.25010014423651006,100
11,340,33760,0.25010014423651006,3.5031558533449902,26.3453259248789,0.25010014423651006,100
11,341,33859,0.25010014423651006,3.273581036609634,25.46896883094264,0.25010014423651006,100
11,342,33958,0.25010014423651006,3.3778246058943653,23.905013350647298,0.25010014423651006,100
11,343,34057,0.25010014423651006,2.7676154948471288,16.354870423461325,0.25010014423651006,100
11,344,34156,0.25010014423651006,3.2024884510942933,17.943345220956033,0.25010014423651006,100
11,345,34255,0.25010014423651006,2.621675505209167,12.76972871886472,0.25010014423651006,100
11,346,34354,0.25010014423651006,3.270677461575191,22.5065685728764,0.25010014423651006,100
11,347,34453,0.25010014423651006,3.4620765413881998,19.077852863396824,0.25010014423651006,100
11,348,34552,0.25010014423651006,4.280219193567852,56.09574649711263,0.25010014423651006,100
11,349,34651,0.25010014423651006,2.807258501292066,14.377977175169054,0.25010014423651006,100
11,350,34750,0.25010014423651006,3.113670984899618,19.69409158620954,0.25010014423651006,100
11,351,34849,0.25010014423651006,2.6653348340759155,30.50168882161142,0.25010014423651006,100
11,352,34948,0.25010014423651006,2.6088604618418727,27.39095364845161,0.25010014423651006,100
11,353,35047,0.25010014423651006,3.6588035600451896,36.5521816610799,0.25010014423651006,100
11,354,35146,0.25010014423651006,2.6539807009873977,14.18477668595487,0.25010014423651006,100
11,355,35245,0.25010014423651006,3.4810623753334595,23.966224038488228,0.25010014423651006,100
11,356,35344,0.25010014423651006,2.9936421841397522,30.599026170876048,0.25010014423651006,100
11,357,35443,0.25010014423651006,3.9283908685273428,24.97233327788761,0.25010014423651006,100
11,358,35542,0.25010014423651006,3.0280171179494784,20.10369730156076,0.25010014423651006,100
11,359,35641,0.25010014423651006,3.725655197062624,23.644271307746067,0.25010014423651006,100
11,360,35740,0.25010014423651006,4.094516387892561,52.36298352489095,0.25010014423651006,100
11,361,35839,0.25010014423651006,3.515697548130747,20.547005501587318,0.25010014423651006,100
11,362,35938,0.25010014423651006,3.343961367829507,23.580826042061577,0.25010014423651006,100
11,363,36037,0.25010014423651006,2.553394589053988,20.48595510823808,0.25010014423651006,100
11,364,36136,0.25010014423651006,3.5009507493158765,17.197777364229655,0.25010014423651006,100
11,365,36235,0.25010014423651006,2.667006615431546,18.207218460724174,0.25010014423651006,100
11,366,36334,0.25010014423651006,3.2611104896350787,31.222653771142095,0.25010014423651006,100
11,367,36433,0.25010014423651006,3.2914366129669124,18.922305554647412,0.25010014423651006,100
11,368,36532,0.25010014423651006,3.2386105520006403,25.220321139213173,0.25010014423651006,100
11,369,36631,0.25010014423651006,3.5232258012374644,22.096734221190488,0.25010014423651006,100
11,370,36730,0.25010014423651006,2.7547151242695107,21.00153276265536,0.25010014423651006,100
11,371,36829,0.25010014423651006,3.068858858449297,16.517453678608597,0.25010014423651006,100
11,372,36928,0.25010014423651006,2.6692639414636146,14.884360506672072,0.25010014423651006,100
11,373,37027,0.25010014423651006,2.786212373259924,18.331406535005407,0.25010014423651006,100
11,374,37126,0.25010014423651006,3.356830901343459,16.947992273214158,0.25010014423651006,100
11,375,37225,0.25010014423651006,3.310709146656042,20.260553311714517,0.25010014423651006,100
11,376,37324,0.25010014423651006,2.660945139063293,20.043680279846214,0.25010014423651006,100
11,377,37423,0.25010014423651006,2.5569444407448016,16.678432204231484,0.25010014423651006,100
11,378,37522,0.25010014423651006,3.4521330074688654,36.667459792104545,0.25010014423651006,100
11,379,37621,0.25010014423651006,2.5159868411739748,19.80358914821313,0.25010014423651006,100
11,380,37720,0.25010014423651006,3.483367255391867,21.459255416410677,0.25010014423651006,100
11,381,37819,0.25010014423651006,3.2605899119998853,22.186418043020282,0.25010014423651006,100
11,382,37918,0.25010014423651006,3.31847564332265,24.930448509088016,0.25010014423651006,100
11,383,38017,0.25010014423651006,2.8665944025136976,21.99299844731526,0.25010014423651006,100
11,384,38116,0.25010014423651006,3.6959643369596824,30.752932712478607,0.25010014423651006,100
11,385,38215,0.25010014423651006,3.65542217199209,22.188724886808014,0.25010014423651006,100
11,386,38314,0.25010014423651006,2.923644299387119,22.304243485361578,0.25010014423651006,100
11,387,38413,0.25010014423651006,3.424016770556994,19.92104236460559,0.25010014423651006,100
11,388,38512,0.25010014423651006,3.3097479192816532,14.720446154271594,0.25010014423651006,100
11,389,38611,0.25010014423651006,3.154251168198873,24.564833621056838,0.25010014423651006,100
11,390,38710,0.25010014423651006,2.7654506174086766,15.40631887030652,0.25010014423651006,100
11,391,38809,0.25010014423651006,2.848984365062334,17.563974450929233,0.25010014423651006,100
11,392,38908,0.25010014423651006,3.7582003867932428,29.552007993755097,0.25010014423651006,100
11,393,39007,0.25010014423651006,3.388737982798608,31.9691837916049,0.25010014423651006,100
11,394,39106,0.25010014423651006,3.14659614048039,18.006221333555292,0.25010014423651006,100
11,395,39205,0.25010014423651006,2.843093418260823,16.455985373601095,0.25010014423651006,100
11,396,39304,0.25010014423651006,2.5232701911574007,13.797631745587553,0.25010014423651006,100
11,397,39403,0.25010014423651006,3.198186799804071,22.53027763601851,0.25010014423651006,100
11,398,39502,0.25010014423651006,2.7059889014763456,17.047701682481815,0.25010014423651006,100
11,399,39601,0.25010014423651006,2.774226837930734,18.966132285749122,0.25010014423651006,100
11,400,39700,0.25010014423651006,2.8761465230063585,14.657232897908532,0.25010014423651006,100
11,401,39799,0.25010014423651006,3.0017753043127966,18.6383472603101,0.25010014423651006,100
11,402,39898,0.25010014423651006,3.4716771376051305,22.436219697209392,0.25010014423651006,100
11,403,39997,0.25010014423651006,3.0379781810002253,19.983334937500647,0.25010014423651006,100
11,404,40096,0.25010014423651006,2.9372293684961783,24.79155958076011,0.25010014423651006,100
11,405,40195,0.25010014423651006,3.444983585112531,20.387492178518254,0.25010014423651006,100
11,406,40294,0.25010014423651006,3.1420874244470474,24.721120503009256,0.25010014423651006,100
11,407,40393,0.25010014423651006,3.4118175101686306,26.0260932526721,0.25010014423651006,100
11,408,40492,0.25010014423651006,3.6379434092396172,27.424681717629852,0.25010014423651006,100
11,409,40591,0.25010014423651006,3.3874333720539855,25.235647311666973,0.25010014423651006,100
11,410,40690,0.25010014423651006,3.6447467819547574,33.17372376449391,0.25010014423651006,100
11,411,40789,0.25010014423651006,3.916634745827056,24.3326517549286,0.25010014423651006,100
11,412,40888,0.25010014423651006,3.5535845447726384,30.180146244058903,0.25010014423651006,100
11,413,40987,0.25010014423651006,3.327830321583386,17.395908964938045,0.25010014423651006,100
11,414,41086,0.25010014423651006,3.556957476876624,26.2186380430358,0.25010014423651006,100
11,415,41185,0.25010014423651006,2.789546928881807,12.951983844311664,0.25010014423651006,100
11,416,41284,0.25010014423651006,2.835979214918029,14.547106632194016,0.25010014423651006,100
11,417,41383,0.25010014423651006,3.149506900079115,21.648218202466417,0.25010014423651006,100
11,418,41482,0.25010014423651006,3.617328535066195,14.366416850168505,0.25010014423651006,100
11,419,41581,0.25010014423651006,3.550092211588356,31.351764836982973,0.25010014423651006,100
11,420,41680,0.25010014423651006,3.3868873435296734,19.66020991142437,0.25010014423651006,100
11,421,41779,0.25010014423651006,3.0963987224808682,14.508100389751387,0.25010014423651006,100
11,422,41878,0.25010014423651006,4.023568342165937,26.976673339558012,0.25010014423651006,100
11,423,41977,0.25010014423651006,3.265926482093331,21.80782077139225,0.25010014423651006,100
11,424,42076,0.25010014423651006,3.765031362996094,25.697489034247205,0.25010014423651006,100
11,425,42175,0.25010014423651006,2.9042932529417023,15.751508157682903,0.25010014423651006,100
11,426,42274,0.25010014423651006,2.9287900616124727,15.597604060689624,0.25010014423651006,100
11,427,42373,0.25010014423651006,3.7097820232226972,37.44487438687825,0.25010014423651006,100
11,428,42472,0.25010014423651006,2.9347916478026406,15.921879989775688,0.25010014423651006,100
11,429,42571,0.25010014423651006,2.5859341360049983,10.917233571754679,0.25010014423651006,100
11,430,42670,0.25010014423651006,2.3582852287826634,17.949897796005146,0.25010014423651006,100
11,431,42769,0.25010014423651006,3.2676905986313085,23.682191798866356,0.25010014423651006,100
11,432,42868,0.25010014423651006,3.7161848422545973,34.05209707472709,0.25010014423651006,100
11,433,42967,0.25010014423651006,2.6205274601665365,18.179112935693258,0.25010014423651006,100
11,434,43066,0.25010014423651006,2.5218246287715376,13.20469414027121,0.25010014423651006,100
11,435,43165,0.25010014423651006,3.344140283924618,26.094660157798252,0.25010014423651006,100
11,436,43264,0.25010014423651006,3.329643239490533,16.715741235897536,0.25010014423651006,100
11,437,43363,0.25010014423651006,3.2721806425421676,29.3544356530186,0.25010014423651006,100
11,438,43462,0.25010014423651006,2.8002272684568688,16.935373032973818,0.25010014423651006,100
11,439,43561,0.25010014423651006,3.0916332604498096,28.445694375556176,0.25010014423651006,100
11,440,43660,0.25010014423651006,2.93704788561513,22.069084419979735,0.25010014423651006,100
11,441,43759,0.25010014423651006,2.7021179750263378,15.272682700009197,0.25010014423651006,100
11,442,43858,0.25010014423651006,3.7128380035386526,26.88470913352004,0.25010014423651006,100
11,443,43957,0.25010014423651006,2.858445263383486,18.479203576844167,0.25010014423651006,100
11,444,44056,0.25010014423651006,3.40930992506682,29.140140151970975,0.25010014423651006,100
11,445,44155,0.25010014423651006,3.1818936044640203,27.109877479349954,0.25010014423651006,100
11,446,44254,0.25010014423651006,3.172146508052009,25.262806164397634,0.25010014423651006,100
11,447,44353,0.25010014423651006,3.133909118521889,23.91359611313718,0.25010014423651006,100
11,448,44452,0.25010014423651006,2.8585631206537494,20.939316237295543,0.25010014423651006,100
11,449,44551,0.25010014423651006,3.3867749426870652,22.983672586143783,0.25010014423651006,100
11,450,44650,0.25010014423651006,2.8780168388981644,20.393811167033796,0.25010014423651006,100
11,451,44749,0.25010014423651006,3.0292373281287026,29.063968153985872,0.25010014423651006,100
11,452,44848,0.25010014423651006,2.7439619947004714,15.470960784981205,0.25010014423651006,100
11,453,44947,0.25010014423651006,3.2750313364158177,16.104535563999328,0.25010014423651006,100
11,454,45046,0.25010014423651006,2.635172105727832,24.137028840128487,0.25010014423651006,100
11,455,45145,0.25010014423651006,3.0783463037012826,20.253001067328615,0.25010014423651006,100
11,456,45244,0.25010014423651006,3.7718955073778635,47.7164869096838,0.25010014423651006,100
11,457,45343,0.25010014423651006,3.1666833729132797,13.899949469743024,0.25010014423651006,100
11,458,45442,0.25010014423651006,3.2602744586750636,20.427158255102743,0.25010014423651006,100
11,459,45541,0.25010014423651006,2.731384703513157,26.10507022887703,0.25010014423651006,100
11,460,45640,0.25010014423651006,3.913535196016614,25.66924883919316,0.25010014423651006,100
11,461,45739,0.25010014423651006,4.097489684274164,19.743154050195916,0.25010014423651006,100
11,462,45838,0.25010014423651006,3.507673378472696,34.18306846772001,0.25010014423651006,100
11,463,45937,0.25010014423651006,3.5899734284016627,25.31782317420693,0.25010014423651006,100
11,464,46036,0.25010014423651006,4.6391698304276305,40.94141305053281,0.25010014423651006,100
11,465,46135,0.25010014423651006,3.405235349840733,41.12714942035973,0.25010014423651006,100
11,466,46234,0.25010014423651006,3.1565965422722075,19.70788848495401,0.25010014423651006,100
11,467,46333,0.25010014423651006,3.1795360391056136,16.504313767090043,0.25010014423651006,100
11,468,46432,0.25010014423651006,3.549308294997612,28.14994451399204,0.25010014423651006,100
11,469,46531,0.25010014423651006,3.1206476771719895,19.78691964425215,0.25010014423651006,100
11,470,46630,0.25010014423651006,3.4489712578529095,24.733193320550807,0.25010014423651006,100
11,471,46729,0.25010014423651006,3.3086911520551796,16.42098599250585,0.25010014423651006,100
11,472,46828,0.25010014423651006,4.066049058792902,23.33877346463875,0.25010014423651006,100
11,473,46927,0.25010014423651006,3.14987980887671,23.360375391952886,0.25010014423651006,100
11,474,47026,0.25010014423651006,2.3829205368674593,9.748415480150294,0.25010014423651006,100
11,475,47125,0.25010014423651006,2.413538450458118,22.406545967300953,0.25010014423651006,100
11,476,47224,0.25010014423651006,3.3499515566731266,33.15890956169446,0.25010014423651006,100
11,477,47323,0.25010014423651006,3.0675629369352824,22.06722564171675,0.25010014423651006,100
11,478,47422,0.25010014423651006,3.4824959901227737,17.091316990778175,0.25010014423651006,100
11,479,47521,0.25010014423651006,3.7067483939649746,37.419236354209225,0.25010014423651006,100
11,480,47620,0.25010014423651006,3.4131846454248125,19.62903825862193,0.25010014423651006,100
11,481,47719,0.25010014423651006,4.58668694649443,43.02674632681726,0.25010014423651006,100
11,482,47818,0.25010014423651006,3.4212439703108752,18.365024373902408,0.25010014423651006,100
11,483,47917,0.25010014423651006,3.2702020494668984,21.501797321384746,0.25010014423651006,100
11,484,48016,0.25010014423651006,3.5479048176824066,27.819274042164537,0.25010014423651006,100
11,485,48115,0.25010014423651006,2.6162075423683433,13.815831382298349,0.25010014423651006,100
11,486,48214,0.25010014423651006,3.355497332745084,16.20776496010714,0.25010014423651006,100
11,487,48313,0.25010014423651006,2.590995570287705,21.94296567254546,0.25010014423651006,100
11,488,48412,0.25010014423651006,3.9073214720737117,31.982523941303583,0.25010014423651006,100
11,489,48511,0.25010014423651006,3.0355517001472343,18.87421796952977,0.25010014423651006,100
11,490,48610,0.25010014423651006,3.6473326340712906,33.670124701547834,0.25010014423651006,100
11,491,48709,0.25010014423651006,2.3167639495942454,17.30077237372569,0.25010014423651006,100
11,492,48808,0.25010014423651006,2.9041559837341144,19.251773739253846,0.25010014423651006,100
11,493,48907,0.25010014423651006,2.815934820768914,23.696603057877986,0.25010014423651006,100
11,494,49006,0.25010014423651006,2.7930435316095514,20.69366885588115,0.25010014423651006,100
11,495,49105,0.25010014423651006,2.6079592526605793,20.5399908894866,0.25010014423651006,100
11,496,49204,0.25010014423651006,3.0779530711719296,21.4971335697533,0.25010014423651006,100
11,497,49303,0.25010014423651006,3.483911765667204,30.491489968122863,0.25010014423651006,100
11,498,49402,0.25010014423651006,2.6720647822250596,14.376864766983473,0.25010014423651006,100
11,499,49501,0.25010014423651006,2.404847605178447,16.918861985625,0.25010014423651006,100
11,500,49600,0.25010014423651006,2.1572463981737307,18.97477343168521,0.25010014423651006,100
11,501,49699,0.25010014423651006,2.4404086127657107,20.13737057199596,0.25010014423651006,100
11,502,49798,0.25010014423651006,3.017430271812741,19.735290352549423,0.25010014423651006,100
11,503,49897,0.25010014423651006,2.7123719498615966,17.299085097486312,0.25010014423651006,100
11,504,49996,0.25010014423651006,3.5533457298354527,32.53810570888068,0.25010014423651006,100
11,505,50000,0.25010014423651006,2.6649713307224068,17.406141731449676,0.25010014423651006,100
12,0,100,218.06616689482385,613.1425683767441,1143.2070530247552,218.06616689482385,100
12,1,199,71.1435922135179,331.27115096660265,682.9021378381042,71.1435922135179,100
12,2,298,34.70065517001473,138.71709637495198,334.3320154532203,34.70065517001473,100
12,3,397,3.359715000034821,57.37466525214884,143.57359192063493,3.359715000034821,100
12,4,496,2.466261144083946,23.583334183697822,63.65085067311274,2.466261144083946,100
12,5,595,0.9968602654129544,11.572952582307906,54.70065940056154,0.9968602654129544,100
12,6,694,0.6430092145994304,6.826850929012951,37.77509831206385,0.6430092145994304,100
12,7,793,0.5073387242995182,4.699922996980285,27.662982750541858,0.5073387242995182,100
12,8,892,0.48872125509312886,3.5158041387477073,40.84614696252372,0.48872125509312886,100
12,9,991,0.48872125509312886,3.381156744227935,16.182094283478847,0.48872125509312886,100
12,10,1090,0.48872125509312886,3.8875927061133666,18.373315894542976,0.48872125509312886,100
12,11,1189,0.48872125509312886,3.32009044796928,21.370958690780927,0.48872125509312886,100
12,12,1288,0.48872125509312886,3.43681573137537,27.80087821896442,0.48872125509312886,100
12,13,1387,0.4696247771786115,3.7015641465847513,16.60717326862426,0.4696247771786115,100
12,14,1486,0.4696247771786115,3.5944872823861385,25.512153017948066,0.4696247771786115,100
12,15,1585,0.4696247771786115,4.032132923631002,32.004933991400485,0.4696247771786115,100
12,16,1684,0.4696247771786115,4.037627695371207,30.159021584314562,0.4696247771786115,100
12,17,1783,0.4696247771786115,3.822536114196765,24.171666116856947,0.4696247771786115,100
12,18,1882,0.4026290115850654,3.9249687503156276,24.8408257674739,0.4026290115850654,100
12,19,1981,0.4026290115850654,3.403204967423048,18.700165975815587,0.4026290115850654,100
12,20,2080,0.4026290115850654,3.3535029334438335,18.533152774915965,0.4026290115850654,100
12,21,2179,0.4026290115850654,3.0466399462627307,16.44907060384241,0.4026290115850654,100
12,22,2278,0.4026290115850654,3.995226101577048,20.823917682787,0.4026290115850654,100
12,23,2377,0.4026290115850654,4.108381134928258,33.39757147364835,0.4026290115850654,100
12,24,2476,0.4026290115850654,3.4126002127024417,21.64734066161327,0.4026290115850654,100
12,25,2575,0.4026290115850654,2.888971635093674,17.906363132401445,0.4026290115850654,100
12,26,2674,0.4026290115850654,3.345635997531015,36.808632076483065,0.4026290115850654,100
12,27,2773,0.4026290115850654,3.2346787022191257,17.95971302682136,0.4026290115850654,100
12,28,2872,0.4026290115850654,2.7988783279163703,15.174555590900546,0.4026290115850654,100
12,29,2971,0.4026290115850654,2.6602542643762077,17.729914527577275,0.4026290115850654,100
12,30,3070,0.4026290115850654,2.7930190517206275,17.416515879130696,0.4026290115850654,100
12,31,3169,0.4026290115850654,3.2818580037439453,29.76796108325052,0.4026290115850654,100
12,32,3268,0.4026290115850654,3.1863150208873012,21.79165180357725,0.4026290115850654,100
12,33,3367,0.4026290115850654,2.9975783343760094,17.127529555108893,0.4026290115850654,100
12,34,3466,0.4026290115850654,3.1074588653072834,24.201611465422193,0.4026290115850654,100
12,35,3565,0.4026290115850654,3.232736744754645,23.82786262627226,0.4026290115850654,100
12,36,3664,0.4026290115850654,3.142071125053732,26.369810455315072,0.4026290115850654,100
12,37,3763,0.4026290115850654,3.0998317481752635,21.340369917031957,0.4026290115850654,100
12,38,3862,0.4026290115850654,2.7398669364986348,12.024970487297935,0.4026290115850654,100
12,39,3961,0.4026290115850654,3.3633000240462767,33.17050836787013,0.4026290115850654,100
12,40,4060,0.4026290115850654,2.8918114661739933,25.444584764402297,0.4026290115850654,100
12,41,4159,0.4026290115850654,3.9123406517847634,19.571606426462147,0.4026290115850654,100
12,42,4258,0.4026290115850654,3.258421469034455,18.063116307405014,0.4026290115850654,100
12,43,4357,0.4026290115850654,2.9529959747284575,26.757880414702814,0.4026290115850654,100
12,44,4456,0.4026290115850654,2.8602260150646184,15.67716542202771,0.4026290115850654,100
12,45,4555,0.4026290115850654,3.033851739067474,14.080572165715221,0.4026290115850654,100
12,46,4654,0.4026290115850654,2.810435241055209,20.478093847577878,0.4026290115850654,100
12,47,4753,0.4026290115850654,3.487470367784955,23.63691233469273,0.4026290115850654,100
12,48,4852,0.4026290115850654,2.6096657640068117,21.050666996859327,0.4026290115850654,100
12,49,4951,0.4026290115850654,3.774346046636916,22.504057832316988,0.4026290115850654,100
12,50,5050,0.4026290115850654,2.793060514953763,25.147785165008237,0.4026290115850654,100
12,51,5149,0.4026290115850654,2.7907886299715985,16.753848442036787,0.4026290115850654,100
12,52,5248,0.4026290115850654,2.39871971761812,20.029128959797884,0.4026290115850654,100
12,53,5347,0.4026290115850654,2.9231842468628235,28.546957119576266,0.4026290115850654,100
12,54,5446,0.4026290115850654,2.749841612192918,20.808062376121015,0.4026290115850654,100
12,55,5545,0.4026290115850654,3.4323051745356667,19.83365304216887,0.4026290115850654,100
12,56,5644,0.4026290115850654,2.7150723116499584,27.5434381444636,0.4026290115850654,100
12,57,5743,0.4026290115850654,3.1070970113689906,17.308505182094912,0.4026290115850654,100
12,58,5842,0.378638455966906,2.3017873603464865,15.932110572480024,0.378638455966906,100
12,59,5941,0.378638455966906,3.0207877631234408,37.20690965447969,0.378638455966906,100
12,60,6040,0.378638455966906,3.260740783753586,34.25931498684106,0.378638455966906,100
12,61,6139,0.378638455966906,2.7438191302840753,15.06777556717326,0.378638455966906,100
12,62,6238,0.378638455966906,2.8461720864957054,21.82311749426507,0.378638455966906,100
12,63,6337,0.378638455966906,3.7181158567842463,17.13738608784132,0.378638455966906,100
12,64,6436,0.378638455966906,3.3309471137439237,17.190656999400492,0.378638455966906,100
12,65,6535,0.378638455966906,3.177857974170203,23.335534310386617,0.378638455966906,100
12,66,6634,0.378638455966906,4.214327547043694,48.195087936403375,0.378638455966906,100
12,67,6733,0.378638455966906,3.8909653760466214,29.555271455409333,0.378638455966906,100
12,68,6832,0.378638455966906,2.6515118938249134,21.972084350230528,0.378638455966906,100
12,69,6931,0.378638455966906,3.0525511418117173,24.3552506118007,0.378638455966906,100
12,70,7030,0.378638455966906,4.188364796866853,31.596577377144822,0.378638455966906,100
12,71,7129,0.378638455966906,4.216435454479162,34.415696649381914,0.378638455966906,100
12,72,7228,0.378638455966906,3.539059908906534,17.339324589439062,0.378638455966906,100
12,73,7327,0.378638455966906,3.350637961379423,23.103447315662518,0.378638455966906,100
12,74,7426,0.378638455966906,2.94923481257634,20.46103671119961,0.378638455966906,100
12,75,7525,0.378638455966906,3.754392802663229,20.603461961115446,0.378638455966906,100
12,76,7624,0.378638455966906,3.185045258685518,18.889042384891418,0.378638455966906,100
12,77,7723,0.378638455966906,3.0814469267344453,19.77876993553961,0.378638455966906,100
12,78,7822,0.378638455966906,2.6752927565706246,17.44812330043275,0.378638455966906,100
12,79,7921,0.378638455966906,2.703796094425104,18.668552864790108,0.378638455966906,100
12,80,8020,0.378638455966906,3.450539213241821,22.366117815501436,0.378638455966906,100
12,81,8119,0.378638455966906,3.1735943994695193,19.20423947923127,0.378638455966906,100
12,82,8218,0.378638455966906,3.225817841702216,18.22814260657138,0.378638455966906,100
12,83,8317,0.378638455966906,2.2661356515068203,9.81263153724458,0.378638455966906,100
12,84,8416,0.378638455966906,3.44395216042667,17.354337593991033,0.378638455966906,100
12,85,8515,0.378638455966906,3.5297926302732856,22.051832278668417,0.378638455966906,100
12,86,8614,0.378638455966906,2.8310465919212042,22.655973687701888,0.378638455966906,100
12,87,8713,0.378638455966906,2.5086715292934594,15.278752498942186,0.378638455966906,100
12,88,8812,0.378638455966906,2.534075953294542,18.997283766155043,0.378638455966906,100
12,89,8911,0.378638455966906,3.2257120925392377,25.417806350940797,0.378638455966906,100
12,90,9010,0.378638455966906,3.2507745851313343,44.97959535504822,0.378638455966906,100
12,91,9109,0.378638455966906,3.0281459875541334,16.734812067385334,0.378638455966906,100
12,92,9208,0.378638455966906,2.107142137076562,17.509290654581783,0.378638455966906,100
12,93,9307,0.378638455966906,3.555867958985912,35.50508771020495,0.378638455966906,100
12,94,9406,0.378638455966906,3.7776047296648083,30.72259094584921,0.378638455966906,100
12,95,9505,0.378638455966906,2.939643017432309,29.061714513379258,0.378638455966906,100
12,96,9604,0.378638455966906,2.7002531204095237,17.053373504550766,0.378638455966906,100
12,97,9703,0.378638455966906,3.5683604849131747,36.90288844235158,0.378638455966906,100
12,98,9802,0.378638455966906,3.598831502784058,32.41782845837329,0.378638455966906,100
12,99,9901,0.378638455966906,2.7275313949464017,16.073916530391926,0.378638455966906,100
12,100,10000,0.378638455966906,2.8572739316299813,13.774515905742373,0.378638455966906,100
12,101,10099,0.378638455966906,4.071063115434169,29.966385986568728,0.378638455966906,100
12,102,10198,0.378638455966906,2.8788370069140723,16.240983272534166,0.378638455966906,100
12,103,10297,0.378638455966906,3.076741123738494,17.827318140945803,0.378638455966906,100
12,104,10396,0.378638455966906,2.7088498898640445,19.293021162156894,0.378638455966906,100
12,105,10495,0.378638455966906,3.2126888977188073,20.235633247991032,0.378638455966906,100
12,106,10594,0.378638455966906,3.1186949987881367,21.303062853623956,0.378638455966906,100
12,107,10693,0.378638455966906,3.2466808708082486,24.540656306064957,0.378638455966906,100
12,108,10792,0.378638455966906,3.490421988174459,22.273083411999824,0.378638455966906,100
12,109,10891,0.378638455966906,2.7825881501681526,17.899917894890628,0.378638455966906,100
12,110,10990,0.378638455966906,2.984845038990893,25.891460788400483,0.378638455966906,100
12,111,11089,0.378638455966906,2.593010083586542,18.79828012567389,0.378638455966906,100
12,112,11188,0.378638455966906,3.5082735096363704,13.74176319806234,0.378638455966906,100
12,113,11287,0.378638455966906,2.6651807710295663,19.221367124173366,0.378638455966906,100
12,114,11386,0.378638455966906,3.1622967851609785,18.814153234282692,0.378638455966906,100
12,115,11485,0.378638455966906,3.140365266743196,15.646833901587797,0.378638455966906,100
12,116,11584,0.378638455966906,2.7660103385563555,24.563862419989448,0.378638455966906,100
12,117,11683,0.378638455966906,3.5151625391885855,29.02075874256921,0.378638455966906,100
12,118,11782,0.378638455966906,2.958070207343022,14.955609897206898,0.378638455966906,100
12,119,11881,0.378638455966906,2.6789176660602867,15.993671819980957,0.378638455966906,100
12,120,11980,0.378638455966906,3.312824354122061,17.30228168313739,0.378638455966906,100
12,121,12079,0.378638455966906,3.3581443494495273,28.771257830058808,0.378638455966906,100
12,122,12178,0.378638455966906,3.6496627768618684,26.59604639122141,0.378638455966906,100
12,123,12277,0.378638455966906,2.4140291665119076,16.09898589196185,0.378638455966906,100
12,124,12376,0.378638455966906,2.819994132806499,15.788645727126948,0.378638455966906,100
12,125,12475,0.378638455966906,2.83907899198189,22.986851350782633,0.378638455966906,100
12,126,12574,0.378638455966906,3.325975069692491,19.975627910694456,0.378638455966906,100
12,127,12673,0.378638455966906,2.656835079710001,16.498567486277437,0.378638455966906,100
12,128,12772,0.378638455966906,3.187670497368414,23.3748620033355,0.378638455966906,100
12,129,12871,0.378638455966906,3.0999817515008994,22.96884322858134,0.378638455966906,100
12,130,12970,0.378638455966906,3.1104070696893147,20.459583895776106,0.378638455966906,100
12,131,13069,0.378638455966906,3.350371142785861,21.268039524309053,0.378638455966906,100
12,132,13168,0.378638455966906,3.4073754666877267,25.975188092872447,0.378638455966906,100
12,133,13267,0.378638455966906,3.2474498205194404,13.518656193964667,0.378638455966906,100
12,134,13366,0.378638455966906,3.278497770795393,18.834890732775865,0.378638455966906,100
12,135,13465,0.378638455966906,2.870289534576562,12.932037377572538,0.378638455966906,100
12,136,13564,0.378638455966906,2.5277993338408984,22.62806107550742,0.378638455966906,100
12,137,13663,0.378638455966906,2.7674173992801725,25.357750093887578,0.378638455966906,100
12,138,13762,0.378638455966906,2.980215709639133,18.476650210118972,0.378638455966906,100
12,139,13861,0.378638455966906,3.1763810732451017,22.276504163704356,0.378638455966906,100
12,140,13960,0.378638455966906,2.8477662732153237,25.641478957315254,0.378638455966906,100
12,141,14059,0.378638455966906,2.5942100413223415,23.72391434143071,0.378638455966906,100
12,142,14158,0.378638455966906,2.417377154960098,16.122887446745438,0.378638455966906,100
12,143,14257,0.378638455966906,2.8812034504288437,26.442149493266054,0.378638455966906,100
12,144,14356,0.378638455966906,2.8905392378261983,17.201601393847927,0.378638455966906,100
12,145,14455,0.378638455966906,3.2404717312266023,37.23262343142989,0.378638455966906,100
12,146,14554,0.378638455966906,3.2104321712011274,18.92881213956362,0.378638455966906,100
12,147,14653,0.378638455966906,2.653795640728548,23.533390831660448,0.378638455966906,100
12,148,14752,0.378638455966906,2.941434241170457,22.86984364634397,0.378638455966906,100
12,149,14851,0.378638455966906,2.790053566093842,14.948233133852444,0.378638455966906,100
12,150,14950,0.378638455966906,3.251284054127455,29.191140826288848,0.378638455966906,100
12,151,15049,0.378638455966906,3.395818120873588,19.997388272495428,0.378638455966906,100
12,152,15148,0.378638455966906,2.9609987710345655,20.81648474846039,0.378638455966906,100
12,153,15247,0.378638455966906,2.9553331402798455,17.32275357622046,0.378638455966906,100
12,154,15346,0.378638455966906,3.5301374733517354,28.09274732984635,0.378638455966906,100
12,155,15445,0.378638455966906,3.5903230988203245,27.948143531118784,0.378638455966906,100
12,156,15544,0.2975745682519842,3.0974685890500813,32.755208648760714,0.2975745682519842,100
12,157,15643,0.2975745682519842,2.8943322991478415,23.838617936750882,0.2975745682519842,100
12,158,15742,0.2975745682519842,2.1760462754029777,13.818260182629844,0.2975745682519842,100
12,159,15841,0.2975745682519842,3.155481151092571,16.605728881603785,0.2975745682519842,100
12,160,15940,0.2975745682519842,3.2393470021054993,21.53354763056091,0.2975745682519842,100
12,161,16039,0.2975745682519842,2.9687290986114796,20.144617148327747,0.2975745682519842,100
12,162,16138,0.2975745682519842,2.8431965224164215,19.621175463876163,0.2975745682519842,100
12,163,16237,0.2975745682519842,3.5767672747421013,16.729267854778094,0.2975745682519842,100
12,164,16336,0.2975745682519842,3.3445651579445137,20.18727314916336,0.2975745682519842,100
12,165,16435,0.2975745682519842,3.0601366195366335,22.703436965481046,0.2975745682519842,100
12,166,16534,0.2975745682519842,3.1478384248420106,20.172450312622185,0.2975745682519842,100
12,167,16633,0.2975745682519842,3.5516794581133113,30.215099421951823,0.2975745682519842,100
12,168,16732,0.2975745682519842,2.407006665043162,18.750009465745965,0.2975745682519842,100
12,169,16831,0.2975745682519842,3.6256246716520963,24.340434021109232,0.2975745682519842,100
12,170,16930,0.2975745682519842,3.1120882895360706,25.786129738416044,0.2975745682519842,100
12,171,17029,0.2975745682519842,3.3711465800641127,29.56588747364452,0.2975745682519842,100
12,172,17128,0.2975745682519842,3.5352985265886314,47.46595019797207,0.2975745682519842,100
12,173,17227,0.2975745682519842,2.412029372967362,19.476244742685967,0.2975745682519842,100
12,174,17326,0.2975745682519842,3.6849144571705965,30.36620539860814,0.2975745682519842,100
12,175,17425,0.2975745682519842,3.4517104077958796,30.897224233456818,0.2975745682519842,100
12,176,17524,0.2975745682519842,2.609092521439257,24.914278502931726,0.2975745682519842,100
12,177,17623,0.2975745682519842,2.9663286114489904,15.042277674996592,0.2975745682519842,100
12,178,17722,0.2975745682519842,2.9288746444646536,17.838082520255018,0.2975745682519842,100
12,179,17821,0.2975745682519842,2.84770163501635,40.77574352221086,0.2975745682519842,100
12,180,17920,0.2975745682519842,3.5482228431292735,27.289811687825765,0.2975745682519842,100
12,181,18019,0.2975745682519842,2.9131744077818977,25.07519734011821,0.2975745682519842,100
12,182,18118,0.2975745682519842,3.429627022784791,21.125700717716608,0.2975745682519842,100
12,183,18217,0.2975745682519842,2.8559280844668766,16.26468347356631,0.2975745682519842,100
12,184,18316,0.2975745682519842,2.5887242317115993,15.676199293504837,0.2975745682519842,100
12,185,18415,0.2975745682519842,2.6241446453903903,16.730677159138075,0.2975745682519842,100
12,186,18514,0.2975745682519842,3.181080459042113,18.202663494377493,0.2975745682519842,100
12,187,18613,0.2975745682519842,3.3466686213479466,35.091362547157686,0.2975745682519842,100
12,188,18712,0.2975745682519842,2.85144890033792,19.142938962769612,0.2975745682519842,100
12,189,18811,0.2975745682519842,3.395717557921231,19.413275412733448,0.2975745682519842,100
12,190,18910,0.2975745682519842,3.800688577948565,18.407839252877242,0.2975745682519842,100
12,191,19009,0.2975745682519842,2.813903175388923,21.085246387421638,0.2975745682519842,100
12,192,19108,0.2975745682519842,2.8159136205967212,14.08145242401713,0.2975745682519842,100
12,193,19207,0.2975745682519842,3.2452712424253622,21.11460187515012,0.2975745682519842,100
12,194,19306,0.2975745682519842,2.681757459716774,17.70777745490178,0.2975745682519842,100
12,195,19405,0.2975745682519842,3.0724512915594193,22.962865640854464,0.2975745682519842,100
12,196,19504,0.2975745682519842,3.8120662159164067,20.684782117934912,0.2975745682519842,100
12,197,19603,0.2975745682519842,3.4155086108146633,39.95511068828508,0.2975745682519842,100
12,198,19702,0.2975745682519842,3.680830749817245,19.448315603583094,0.2975745682519842,100
12,199,19801,0.2975745682519842,3.3705696075961957,53.796923304879186,0.2975745682519842,100
12,200,19900,0.2975745682519842,3.0854291078545306,20.289760046809196,0.2975745682519842,100
12,201,19999,0.2975745682519842,2.5873698413680764,33.17013066475389,0.2975745682519842,100
12,202,20098,0.2975745682519842,3.0696396254760105,20.950570723282894,0.2975745682519842,100
12,203,20197,0.2975745682519842,3.2278264483245867,29.456719258393367,0.2975745682519842,100
12,204,20296,0.2975745682519842,2.877432399644125,22.244266748353358,0.2975745682519842,100
12,205,20395,0.2975745682519842,3.4170849564375083,17.310803445871166,0.2975745682519842,100
12,206,20494,0.2975745682519842,3.1371319605262333,18.221775409632066,0.2975745682519842,100
12,207,20593,0.2975745682519842,3.9585521173230998,43.37681222748668,0.2975745682519842,100
12,208,20692,0.2975745682519842,2.5338700023813576,29.233956624326566,0.2975745682519842,100
12,209,20791,0.2975745682519842,3.0640798398545104,21.015453582024836,0.2975745682519842,100
12,210,20890,0.2975745682519842,3.5477557391108747,34.12335928329713,0.2975745682519842,100
12,211,20989,0.2975745682519842,3.2015385389100777,35.50006031830808,0.2975745682519842,100
12,212,21088,0.2975745682519842,3.2805430717775663,17.71711527743707,0.2975745682519842,100
12,213,21187,0.2975745682519842,3.449902107040113,31.67952458883943,0.2975745682519842,100
12,214,21286,0.2975745682519842,2.415146543168843,23.921440701789546,0.2975745682519842,100
12,215,21385,0.2975745682519842,3.2271058113878137,37.92791585361106,0.2975745682519842,100
12,216,21484,0.2975745682519842,3.851003887656004,37.70794873022017,0.2975745682519842,100
12,217,21583,0.2975745682519842,3.4537314906514918,24.46616536366252,0.2975745682519842,100
12,218,21682,0.2975745682519842,2.82990265486666,23.336710474889465,0.2975745682519842,100
12,219,21781,0.2975745682519842,3.6173745406911824,26.16411669188995,0.2975745682519842,100
12,220,21880,0.2975745682519842,2.826392909079106,25.965670342130313,0.2975745682519842,100
12,221,21979,0.2975745682519842,3.220387653189793,22.46150979927556,0.2975745682519842,100
12,222,22078,0.2975745682519842,3.0081637693036565,22.991976116171685,0.2975745682519842,100
12,223,22177,0.2975745682519842,3.9256903383095403,28.036263195389502,0.2975745682519842,100
12,224,22276,0.2975745682519842,3.2724223969948274,21.269967506501455,0.2975745682519842,100
12,225,22375,0.2975745682519842,3.4569986396628223,18.992451992782627,0.2975745682519842,100
12,226,22474,0.2975745682519842,2.699457591070062,12.133785738083171,0.2975745682519842,100
12,227,22573,0.2975745682519842,3.3716657699813806,14.251941940319831,0.2975745682519842,100
12,228,22672,0.2975745682519842,3.9273770061845052,27.848101177455558,0.2975745682519842,100
12,229,22771,0.2975745682519842,2.9142236509730988,23.9607272341247,0.2975745682519842,100
12,230,22870,0.2975745682519842,3.082328601496678,15.42218315631494,0.2975745682519842,100
12,231,22969,0.2975745682519842,3.2393629035138414,24.33986050067235,0.2975745682519842,100
12,232,23068,0.2975745682519842,3.1994092346435794,28.869248244484996,0.2975745682519842,100
12,233,23167,0.2975745682519842,2.805532970234185,18.104392735217484,0.2975745682519842,100
12,234,23266,0.2975745682519842,3.303511912000933,26.60675508844011,0.2975745682519842,100
12,235,23365,0.2975745682519842,3.1574041003230393,22.7809320026181,0.2975745682519842,100
12,236,23464,0.2975745682519842,3.4663869242043353,28.784077022050695,0.2975745682519842,100
12,237,23563,0.2975745682519842,3.3315042319228887,17.125380497576806,0.2975745682519842,100
12,238,23662,0.2975745682519842,2.6916563883530467,16.316379429681945,0.2975745682519842,100
12,239,23761,0.2975745682519842,3.628463407800769,20.076976519617666,0.2975745682519842,100
12,240,23860,0.2975745682519842,2.9692667554901413,16.20342132201139,0.2975745682519842,100
12,241,23959,0.2975745682519842,2.8330162754919415,11.592642659155187,0.2975745682519842,100
12,242,24058,0.2975745682519842,2.075502413099866,15.122754208133657,0.2975745682519842,100
12,243,24157,0.2975745682519842,3.36720296884534,21.232930329167505,0.2975745682519842,100
12,244,24256,0.2975745682519842,2.9045875123803535,13.779666383030479,0.2975745682519842,100
12,245,24355,0.2975745682519842,3.651628282136165,25.154487793316406,0.2975745682519842,100
12,246,24454,0.2975745682519842,2.965520254338544,17.939466769557704,0.2975745682519842,100
12,247,24553,0.2975745682519842,3.1631139457963204,30.813745906528485,0.2975745682519842,100
12,248,24652,0.2975745682519842,3.5536208809215593,17.0243232066808,0.2975745682519842,100
12,249,24751,0.2975745682519842,3.3363729741094734,28.349617460143993,0.2975745682519842,100
12,250,24850,0.2975745682519842,3.050546987072646,21.10802786751445,0.2975745682519842,100
12,251,24949,0.2975745682519842,3.2713793926888677,27.72105255594482,0.2975745682519842,100
12,252,25048,0.2975745682519842,2.7707371272885215,15.567812556462558,0.2975745682519842,100
12,253,25147,0.2975745682519842,3.4155422181240875,21.97485602968119,0.2975745682519842,100
12,254,25246,0.2975745682519842,3.170638303001504,22.74674315448238,0.2975745682519842,100
12,255,25345,0.2975745682519842,2.793656959467213,22.26909080658355,0.2975745682519842,100
12,256,25444,0.2975745682519842,3.586221123981071,31.767435095901572,0.2975745682519842,100
12,257,25543,0.2975745682519842,2.549028147503858,17.978447384804223,0.2975745682519842,100
12,258,25642,0.2975745682519842,2.6204523549902534,25.90172272121303,0.2975745682519842,100
12,259,25741,0.2975745682519842,2.7839024890180526,15.425319204982857,0.2975745682519842,100
12,260,25840,0.2975745682519842,3.5944925782723347,22.131900594824007,0.2975745682519842,100
12,261,25939,0.2975745682519842,3.0034257312267703,24.32165461646219,0.2975745682519842,100
12,262,26038,0.2975745682519842,2.878212687865652,20.231500312733008,0.2975745682519842,100
12,263,26137,0.2975745682519842,2.854545728629731,21.626372899320224,0.2975745682519842,100
12,264,26236,0.2975745682519842,3.155402149722016,35.66048403487061,0.2975745682519842,100
12,265,26335,0.2975745682519842,3.5253852279150535,25.62053596354768,0.2975745682519842,100
12,266,26434,0.2975745682519842,2.8831830712287854,18.814466680885864,0.2975745682519842,100
12,267,26533,0.2975745682519842,2.425888663322991,21.373148014882485,0.2975745682519842,100
12,268,26632,0.2975745682519842,3.314629266651566,25.21877683379848,0.2975745682519842,100
12,269,26731,0.2975745682519842,3.1945326966657692,18.29040265087669,0.2975745682519842,100
12,270,26830,0.2975745682519842,3.184560318753682,27.450497885237535,0.2975745682519842,100
12,271,26929,0.2975745682519842,3.345685426024482,27.000870618507903,0.2975745682519842,100
12,272,27028,0.2975745682519842,3.988260214351207,24.989111714281794,0.2975745682519842,100
12,273,27127,0.2975745682519842,3.5620547250927643,18.926713198387624,0.2975745682519842,100
12,274,27226,0.2975745682519842,3.6883591502863533,23.197787336504057,0.2975745682519842,100
12,275,27325,0.2975745682519842,3.212954763285581,21.344640554920492,0.2975745682519842,100
12,276,27424,0.2975745682519842,3.785260388135534,28.580355098888887,0.2975745682519842,100
12,277,27523,0.2975745682519842,3.2116222266707575,28.78665676393414,0.2975745682519842,100
12,278,27622,0.2975745682519842,3.608330791932927,19.296022682652215,0.2975745682519842,100
12,279,27721,0.2975745682519842,3.1017212015745605,21.68033564976722,0.2975745682519842,100
12,280,27820,0.2975745682519842,2.998904908690632,31.3492775078506,0.2975745682519842,100
12,281,27919,0.2975745682519842,3.420852920283881,23.815576749580963,0.2975745682519842,100
12,282,28018,0.2975745682519842,3.5593281056963435,18.317456906217313,0.2975745682519842,100
12,283,28117,0.2975745682519842,3.0602889716141304,15.621088522926993,0.2975745682519842,100
12,284,28216,0.2975745682519842,2.8141130580313733,20.81615876231989,0.2975745682519842,100
12,285,28315,0.2975745682519842,2.5419827369308954,11.626425229331753,0.2975745682519842,100
12,286,28414,0.2975745682519842,3.589169225184916,38.261757197088194,0.2975745682519842,100
12,287,28513,0.2975745682519842,3.402008379086037,21.58591495608311,0.2975745682519842,100
12,288,28612,0.2975745682519842,3.0213003679124286,21.551388199391603,0.2975745682519842,100
12,289,28711,0.2975745682519842,2.4568601160001773,17.532358240447532,0.2975745682519842,100
12,290,28810,0.2975745682519842,3.130346935663056,14.306741291694308,0.2975745682519842,100
12,291,28909,0.2975745682519842,3.407229410360289,20.273775317294003,0.2975745682519842,100
12,292,29008,0.2975745682519842,3.267579650352678,26.618265991853107,0.2975745682519842,100
12,293,29107,0.2975745682519842,3.007167963533064,20.922103500688724,0.2975745682519842,100
12,294,29206,0.2975745682519842,3.187525477041176,18.0761755372964,0.2975745682519842,100
12,295,29305,0.2975745682519842,3.172846482021955,32.61340256201158,0.2975745682519842,100
12,296,29404,0.2975745682519842,3.444363733468362,35.09467427781432,0.2975745682519842,100
12,297,29503,0.2975745682519842,3.6989999648647527,38.96514201953861,0.2975745682519842,100
12,298,29602,0.2975745682519842,2.386959466184419,17.7083792418501,0.2975745682519842,100
12,299,29701,0.2975745682519842,3.048602212842363,18.334330069015024,0.2975745682519842,100
12,300,29800,0.2975745682519842,2.791632789027149,24.600939033237584,0.2975745682519842,100
12,301,29899,0.2975745682519842,2.685418764981952,17.385672636526316,0.2975745682519842,100
12,302,29998,0.2975745682519842,3.6391727694607265,33.02380517567033,0.2975745682519842,100
12,303,30097,0.2975745682519842,2.932522420197677,16.518132239488313,0.2975745682519842,100
12,304,30196,0.2975745682519842,3.55991995019103,24.863443663791212,0.2975745682519842,100
12,305,30295,0.2975745682519842,2.613744667845118,13.54958213761936,0.2975745682519842,100
12,306,30394,0.2975745682519842,3.643840395221344,37.62587200733217,0.2975745682519842,100
12,307,30493,0.2975745682519842,3.301511724997441,21.65913689215471,0.2975745682519842,100
12,308,30592,0.2975745682519842,2.831055341399787,15.739815570302495,0.2975745682519842,100
12,309,30691,0.2975745682519842,3.106836870370515,26.040712263842604,0.2975745682519842,100
12,310,30790,0.2975745682519842,3.2849330030625805,23.96824037501846,0.2975745682519842,100
12,311,30889,0.2975745682519842,2.741935986533129,16.546165453180453,0.2975745682519842,100
12,312,30988,0.2975745682519842,2.7051868856199657,19.308543250760433,0.2975745682519842,100
12,313,31087,0.2975745682519842,3.5659957550422114,23.470891361807308,0.2975745682519842,100
12,314,31186,0.2975745682519842,3.6894217055521854,22.166588552639652,0.2975745682519842,100
12,315,31285,0.2975745682519842,3.1743495395621477,20.641322336210646,0.2975745682519842,100
12,316,31384,0.2975745682519842,2.910599720681715,16.767339611700724,0.2975745682519842,100
12,317,31483,0.2975745682519842,3.3771800720458334,24.480552140694023,0.2975745682519842,100
12,318,31582,0.2975745682519842,4.584503618518454,28.846537622245023,0.2975745682519842,100
12,319,31681,0.2975745682519842,2.9955874326716487,24.80978931325312,0.2975745682519842,100
12,320,31780,0.2975745682519842,3.2708184589309104,14.2062863664468,0.2975745682519842,100
12,321,31879,0.2975745682519842,2.673807943088823,13.944101865786958,0.2975745682519842,100
12,322,31978,0.2975745682519842,3.4723690929245463,32.46607259108214,0.2975745682519842,100
12,323,32077,0.2975745682519842,2.8048216126108954,12.447898156271446,0.2975745682519842,100
12,324,32176,0.2975745682519842,3.6267747675420425,24.34766223914306,0.2975745682519842,100
12,325,32275,0.2975745682519842,2.552135664344692,14.997686204603827,0.2975745682519842,100
12,326,32374,0.2975745682519842,3.4171744585375152,20.318238562627368,0.2975745682519842,100
12,327,32473,0.2975745682519842,3.1474296789561187,24.430895239777268,0.2975745682519842,100
12,328,32572,0.2975745682519842,3.484286153110013,20.403479765603123,0.2975745682519842,100
12,329,32671,0.2975745682519842,2.8682177820854724,15.204555014798208,0.2975745682519842,100
12,330,32770,0.2975745682519842,3.059791137355218,23.814611705227044,0.2975745682519842,100
12,331,32869,0.2975745682519842,2.952875505541093,18.60852296109695,0.2975745682519842,100
12,332,32968,0.2975745682519842,3.4122965250052197,27.013835496514073,0.2975745682519842,100
12,333,33067,0.2975745682519842,3.155899859035086,28.200953002630598,0.2975745682519842,100
12,334,33166,0.2975745682519842,2.766588448574599,18.79546546278319,0.2975745682519842,100
12,335,33265,0.2975745682519842,3.133871623499467,32.97222906206887,0.2975745682519842,100
12,336,33364,0.2975745682519842,3.219133892704255,17.97346550983005,0.2975745682519842,100
12,337,33463,0.2975745682519842,3.4763631902888132,29.98191447728973,0.2975745682519842,100
12,338,33562,0.2975745682519842,2.6121026324875665,15.122424331520834,0.2975745682519842,100
12,339,33661,0.2975745682519842,2.8032722479758707,26.469988565056507,0.2975745682519842,100
12,340,33760,0.2975745682519842,2.914186444380872,22.124716943953196,0.2975745682519842,100
12,341,33859,0.2975745682519842,3.296813099355719,24.44071020860945,0.2975745682519842,100
12,342,33958,0.2975745682519842,2.395558432901408,21.385358494643175,0.2975745682519842,100
12,343,34057,0.2975745682519842,3.3384386052713357,19.56989259348101,0.2975745682519842,100
12,344,34156,0.2975745682519842,3.2034410412798557,20.468641406221817,0.2975745682519842,100
12,345,34255,0.2975745682519842,2.722034969451214,15.920885176685825,0.2975745682519842,100
12,346,34354,0.2975745682519842,3.074497620542068,22.27764206493591,0.2975745682519842,100
12,347,34453,0.2975745682519842,4.2322902896686365,46.07476742857651,0.2975745682519842,100
12,348,34552,0.2975745682519842,3.112593194195333,23.11272720273931,0.2975745682519842,100
12,349,34651,0.2975745682519842,3.4002859477061786,21.170619516351337,0.2975745682519842,100
12,350,34750,0.2975745682519842,2.9154036079052976,17.87035933920035,0.2975745682519842,100
12,351,34849,0.2975745682519842,4.366378936078059,37.90204973525733,0.2975745682519842,100
12,352,34948,0.2975745682519842,3.655692507418855,20.245820640272456,0.2975745682519842,100
12,353,35047,0.2975745682519842,3.8873857325304675,35.86220330091567,0.2975745682519842,100
12,354,35146,0.2975745682519842,3.180859797177382,23.740142741254946,0.2975745682519842,100
12,355,35245,0.2975745682519842,2.572435715664585,21.560869320969317,0.2975745682519842,100
12,356,35344,0.2975745682519842,2.6006145942321113,22.78412991847671,0.2975745682519842,100
12,357,35443,0.2975745682519842,3.72255523729372,29.416936504098565,0.2975745682519842,100
12,358,35542,0.2975745682519842,3.180689488525526,23.13585675937404,0.2975745682519842,100
12,359,35641,0.2975745682519842,3.4128533145533155,21.81028683587032,0.2975745682519842,100
12,360,35740,0.2975745682519842,3.502135162337499,26.291522470757194,0.2975745682519842,100
12,361,35839,0.2975745682519842,2.86553753554217,18.903984145370977,0.2975745682519842,100
12,362,35938,0.2975745682519842,3.5187347375198543,21.22781633313555,0.2975745682519842,100
12,363,36037,0.2975745682519842,3.2250065110225767,22.557687819181513,0.2975745682519842,100
12,364,36136,0.2975745682519842,2.6694457310907715,22.080250551517288,0.2975745682519842,100
12,365,36235,0.2975745682519842,2.822459433163839,25.003475770907524,0.2975745682519842,100
12,366,36334,0.2975745682519842,2.8001813974731915,21.64576430373773,0.2975745682519842,100
12,367,36433,0.2975745682519842,3.2147281343080767,28.991735367929575,0.2975745682519842,100
12,368,36532,0.2975745682519842,3.0193902844817693,33.77700155431962,0.2975745682519842,100
12,369,36631,0.2975745682519842,2.9541841177411086,17.591966151761632,0.2975745682519842,100
12,370,36730,0.2975745682519842,3.251619339344068,22.199925017599007,0.2975745682519842,100
12,371,36829,0.2975745682519842,3.5783583062518938,29.413650308976244,0.2975745682519842,100
12,372,36928,0.2975745682519842,3.2671790984530173,21.144200061605098,0.2975745682519842,100
12,373,37027,0.2975745682519842,2.556321660729503,20.572464116728327,0.2975745682519842,100
12,374,37126,0.2975745682519842,2.514973592501383,12.810215210290048,0.2975745682519842,100
12,375,37225,0.2975745682519842,3.2931401101843716,30.593350984757404,0.2975745682519842,100
12,376,37324,0.2975745682519842,3.4737870924151526,40.9196940790563,0.2975745682519842,100
12,377,37423,0.2975745682519842,3.250847725465823,23.985739226366675,0.2975745682519842,100
12,378,37522,0.2975745682519842,3.6271100990304994,35.26754454660655,0.2975745682519842,100
12,379,37621,0.2975745682519842,3.2372623049310443,17.032457796255112,0.2975745682519842,100
12,380,37720,0.2975745682519842,2.922643332135109,21.00006644692545,0.2975745682519842,100
12,381,37819,0.2975745682519842,3.4733128878723125,28.924394630885217,0.2975745682519842,100
12,382,37918,0.2975745682519842,3.177275606815561,23.98133507023888,0.2975745682519842,100
12,383,38017,0.2975745682519842,3.3180773569951616,38.25150391865028,0.2975745682519842,100
12,384,38116,0.2975745682519842,2.944412675717512,20.01658883195644,0.2975745682519842,100
12,385,38215,0.2975745682519842,3.1326668748278395,28.392443481419253,0.2975745682519842,100
12,386,38314,0.2975745682519842,2.646942061350547,25.019143249538452,0.2975745682519842,100
12,387,38413,0.2975745682519842,3.0503881702364315,19.35358321435525,0.2975745682519842,100
12,388,38512,0.2975745682519842,2.700759580684107,19.123210425072887,0.2975745682519842,100
12,389,38611,0.2975745682519842,2.958342337054605,20.692643071973002,0.2975745682519842,100
12,390,38710,0.2975745682519842,3.4938751942956623,21.95553288746731,0.2975745682519842,100
12,391,38809,0.2975745682519842,3.3431487946316576,19.78388080773244,0.2975745682519842,100
12,392,38908,0.2975745682519842,2.9052641305910556,18.13902160938586,0.2975745682519842,100
12,393,39007,0.2975745682519842,2.860641827582695,14.84902593542175,0.2975745682519842,100
12,394,39106,0.2975745682519842,2.949102871562482,20.802493957730857,0.2975745682519842,100
12,395,39205,0.2975745682519842,2.459411705011368,13.756135231002924,0.2975745682519842,100
12,396,39304,0.2975745682519842,3.4514664145288116,28.530739585310133,0.2975745682519842,100
12,397,39403,0.2975745682519842,3.6219286916488427,22.777101561246045,0.2975745682519842,100
12,398,39502,0.2975745682519842,3.1354691211516097,19.533009689189175,0.2975745682519842,100
12,399,39601,0.2975745682519842,2.13351142804755,18.838617596938157,0.2975745682519842,100
12,400,39700,0.2975745682519842,2.400630679467373,21.30957595418947,0.2975745682519842,100
12,401,39799,0.2975745682519842,3.060506076483076,31.966200001654087,0.2975745682519842,100
12,402,39898,0.2975745682519842,3.628193636696392,30.937104319447418,0.2975745682519842,100
12,403,39997,0.2975745682519842,2.6399369355616553,18.78625300345841,0.2975745682519842,100
12,404,40096,0.2975745682519842,3.308616321743713,22.176548573268377,0.2975745682519842,100
12,405,40195,0.2975745682519842,2.421802833821802,23.145870406135394,0.2975745682519842,100
12,406,40294,0.2975745682519842,3.124622769505071,16.214701202353794,0.2975745682519842,100
12,407,40393,0.2975745682519842,3.3453608240433375,20.025909526281534,0.2975745682519842,100
12,408,40492,0.2975745682519842,3.5974400657364587,24.178057880338,0.2975745682519842,100
12,409,40591,0.2975745682519842,3.239797022274934,28.429589926715316,0.2975745682519842,100
12,410,40690,0.2975745682519842,2.9834355100723853,15.80338732997,0.2975745682519842,100
12,411,40789,0.2975745682519842,3.290101829822957,17.84266571016224,0.2975745682519842,100
12,412,40888,0.2975745682519842,3.413766849106632,28.72147237501127,0.2975745682519842,100
12,413,40987,0.2975745682519842,4.126893332464739,31.063215502504143,0.2975745682519842,100
12,414,41086,0.2975745682519842,3.739830139076255,16.103399141111137,0.2975745682519842,100
12,415,41185,0.2975745682519842,3.3037446027778703,21.408198477450746,0.2975745682519842,100
12,416,41284,0.2975745682519842,2.9468190064361774,17.572255537251262,0.2975745682519842,100
12,417,41383,0.2975745682519842,2.836958269468456,13.688245279694954,0.2975745682519842,100
12,418,41482,0.2975745682519842,3.7167233162927915,26.78045549966491,0.2975745682519842,100
12,419,41581,0.2975745682519842,3.255137053329597,24.19170621553186,0.2975745682519842,100
12,420,41680,0.2975745682519842,3.0572741025116152,18.93399779814044,0.2975745682519842,100
12,421,41779,0.2975745682519842,2.926715209551257,17.00624688832735,0.2975745682519842,100
12,422,41878,0.2975745682519842,3.413587828289463,25.978071063369043,0.2975745682519842,100
12,423,41977,0.2975745682519842,2.7423581983660004,19.4134121434729,0.2975745682519842,100
12,424,42076,0.2975745682519842,2.8371507652322117,17.063716786633858,0.2975745682519842,100
12,425,42175,0.2975745682519842,4.059870873843972,36.00506828428836,0.2975745682519842,100
12,426,42274,0.2975745682519842,3.4021064163058377,20.359427352149773,0.2975745682519842,100
12,427,42373,0.2975745682519842,3.5430537121987045,18.08488170117188,0.2975745682519842,100
12,428,42472,0.2975745682519842,2.474628352498134,12.80481708220808,0.2975745682519842,100
12,429,42571,0.2975745682519842,3.150478026236704,14.292371248263526,0.2975745682519842,100
12,430,42670,0.2975745682519842,2.4429519558144075,15.438506781416624,0.2975745682519842,100
12,431,42769,0.2975745682519842,3.009331487407358,18.304458134539054,0.2975745682519842,100
12,432,42868,0.2975745682519842,3.547340949523051,21.88147373660319,0.2975745682519842,100
12,433,42967,0.2975745682519842,3.0802034513621313,19.848319111808483,0.2975745682519842,100
12,434,43066,0.2975745682519842,3.667028211074877,24.120883225199233,0.2975745682519842,100
12,435,43165,0.2975745682519842,3.4096471184580968,22.259798431398536,0.2975745682519842,100
12,436,43264,0.2975745682519842,2.8310306557851534,21.51716874561968,0.2975745682519842,100
12,437,43363,0.2975745682519842,2.856896616548546,15.739163439655682,0.2975745682519842,100
12,438,43462,0.2975745682519842,3.1555955564197626,21.563817198161225,0.2975745682519842,100
12,439,43561,0.2975745682519842,3.217910152692186,19.882804674437335,0.2975745682519842,100
12,440,43660,0.2975745682519842,3.5283606767564226,28.057382393333285,0.2975745682519842,100
12,441,43759,0.2975745682519842,3.684213897910086,25.947836783676618,0.2975745682519842,100
12,442,43858,0.2975745682519842,3.0334278882507517,19.121299591491564,0.2975745682519842,100
12,443,43957,0.2975745682519842,2.8849782559214407,21.8269956905515,0.2975745682519842,100
12,444,44056,0.2975745682519842,3.0609432250589648,14.146928702090525,0.2975745682519842,100
12,445,44155,0.2975745682519842,2.8698804990615976,16.019214629854446,0.2975745682519842,100
12,446,44254,0.2975745682519842,3.258030697953948,18.47038969880704,0.2975745682519842,100
12,447,44353,0.2975745682519842,2.400558207057432,35.09185664517141,0.2975745682519842,100
12,448,44452,0.2975745682519842,3.734216169262246,13.638368116858612,0.2975745682519842,100
12,449,44551,0.2975745682519842,3.4088072968638126,20.052685141509954,0.2975745682519842,100
12,450,44650,0.2975745682519842,3.3625306038681577,37.018941578578655,0.2975745682519842,100
12,451,44749,0.2975745682519842,2.7473795573818562,13.832107447883198,0.2975745682519842,100
12,452,44848,0.2975745682519842,3.3509739429055987,33.20438217162981,0.2975745682519842,100
12,453,44947,0.2975745682519842,3.001651481006551,17.893679580905303,0.2975745682519842,100
12,454,45046,0.2975745682519842,2.582265773114273,19.84785191166687,0.2975745682519842,100
12,455,45145,0.2975745682519842,3.257976968899753,22.11810070804167,0.2975745682519842,100
12,456,45244,0.2975745682519842,3.271663484066366,25.875959774372465,0.2975745682519842,100
12,457,45343,0.2975745682519842,3.081111113222339,20.800214003292155,0.2975745682519842,100
12,458,45442,0.2975745682519842,3.0436684440542803,14.11919215365944,0.2975745682519842,100
12,459,45541,0.2975745682519842,2.758393586253754,21.652689654977216,0.2975745682519842,100
12,460,45640,0.2975745682519842,2.751039862601333,17.525372690627467,0.2975745682519842,100
12,461,45739,0.2975745682519842,3.7632222598300826,19.58643239193512,0.2975745682519842,100
12,462,45838,0.2975745682519842,3.053365885448258,27.545345649903243,0.2975745682519842,100
12,463,45937,0.2975745682519842,2.852641861011865,16.855202456852645,0.2975745682519842,100
12,464,46036,0.2975745682519842,3.0207685105532294,25.28672519014555,0.2975745682519842,100
12,465,46135,0.2975745682519842,2.4608372218747063,16.28641351832661,0.2975745682519842,100
12,466,46234,0.2975745682519842,3.2116259702457928,17.368915630465054,0.2975745682519842,100
12,467,46333,0.2975745682519842,2.724716352879627,22.466730239509328,0.2975745682519842,100
12,468,46432,0.2975745682519842,3.181301453072349,21.422754754400337,0.2975745682519842,100
12,469,46531,0.2975745682519842,3.4990893262161085,23.50698569504918,0.2975745682519842,100
12,470,46630,0.2975745682519842,2.526104029695422,23.824142762333512,0.2975745682519842,100
12,471,46729,0.2975745682519842,2.3942311810064525,12.822879003096372,0.2975745682519842,100
12,472,46828,0.2975745682519842,2.4696561894256694,25.03414419803919,0.2975745682519842,100
12,473,46927,0.2975745682519842,3.0018366031970225,18.05083588013736,0.2975745682519842,100
12,474,47026,0.2975745682519842,2.7008418741728697,14.13481004500248,0.2975745682519842,100
12,475,47125,0.2975745682519842,2.838448799498326,17.07251148030775,0.2975745682519842,100
12,476,47224,0.2975745682519842,3.7230607625597982,22.453660457089256,0.2975745682519842,100
12,477,47323,0.2975745682519842,3.5580652244157314,17.528214474886436,0.2975745682519842,100
12,478,47422,0.2975745682519842,3.3723944897407807,30.834258776800095,0.2975745682519842,100
12,479,47521,0.2975745682519842,3.2751704086524445,20.854290434684625,0.2975745682519842,100
12,480,47620,0.2975745682519842,3.3439987388007966,22.206295586138957,0.2975745682519842,100
12,481,47719,0.2975745682519842,3.074336878817854,19.577836622024897,0.2975745682519842,100
12,482,47818,0.2975745682519842,3.173362755014552,22.947130533671945,0.2975745682519842,100
12,483,47917,0.2975745682519842,3.5613719850234964,24.80108776921001,0.2975745682519842,100
12,484,48016,0.2975745682519842,3.0299496609270524,19.402479466389522,0.2975745682519842,100
12,485,48115,0.2975745682519842,2.52030624890994,15.406370043079145,0.2975745682519842,100
12,486,48214,0.2975745682519842,2.541838772583499,24.048252947767395,0.2975745682519842,100
12,487,48313,0.2975745682519842,2.965808457240391,25.061236346450233,0.2975745682519842,100
12,488,48412,0.2975745682519842,2.6970362182584062,12.346706008936792,0.2975745682519842,100
12,489,48511,0.2975745682519842,2.3663246945649736,19.955594616851457,0.2975745682519842,100
12,490,48610,0.2975745682519842,3.0229221718297645,20.027712939272327,0.2975745682519842,100
12,491,48709,0.2975745682519842,3.422948176609398,43.860931420909864,0.2975745682519842,100
12,492,48808,0.2975745682519842,3.1487021322673625,24.32456387290156,0.2975745682519842,100
12,493,48907,0.2975745682519842,2.527098228563693,14.099447565306846,0.2975745682519842,100
12,494,49006,0.2975745682519842,2.3789372595341067,11.940699398496044,0.2975745682519842,100
12,495,49105,0.2975745682519842,2.3001689585106413,23.503050869362543,0.2975745682519842,100
12,496,49204,0.2975745682519842,2.607623604959252,23.131913252268,0.2975745682519842,100
12,497,49303,0.2975745682519842,2.7844381031187506,35.81865967324546,0.2975745682519842,100
12,498,49402,0.2975745682519842,3.4465427186527235,24.02494462577493,0.2975745682519842,100
12,499,49501,0.2975745682519842,3.1824720409290586,19.996710638501256,0.2975745682519842,100
12,500,49600,0.2975745682519842,2.520063009568015,35.478633421539605,0.2975745682519842,100
12,501,49699,0.2975745682519842,3.0755090031450836,40.261284637182754,0.2975745682519842,100
12,502,49798,0.2975745682519842,2.833329866473544,37.264635004389305,0.2975745682519842,100
12,503,49897,0.2975745682519842,2.991314455391186,20.064658437603136,0.2975745682519842,100
12,504,49996,0.2975745682519842,2.6163003707178154,18.255090105789268,0.2975745682519842,100
12,505,50000,0.2975745682519842,2.101923915156984,9.915583401120927,0.2975745682519842,100
13,0,100,134.97142942700478,538.5573627336449,1148.2914289429411,134.97142942700478,100
13,1,199,51.11854118324895,274.0602345791213,573.7959029494423,51.11854118324895,100
13,2,298,28.93192123137083,132.13243255070765,382.0028072393431,28.93192123137083,100
13,3,397,11.252311259962381,54.262167278419476,167.06577100120626,11.252311259962381,100
13,4,496,4.320379143973785,24.554652229791692,69.99752548234375,4.320379143973785,100
13,5,595,3.8139081403566926,12.735838349196372,40.778155706350596,3.8139081403566926,100
13,6,694,1.0943881163855873,8.63474396889756,39.22203445084545,1.0943881163855873,100
13,7,793,1.0943881163855873,6.1176306745126166,39.593702401066324,1.0943881163855873,100
13,8,892,1.0943881163855873,4.530419852910506,16.372897575474152,1.0943881163855873,100
13,9,991,1.0943881163855873,5.200587303234098,32.83856653841938,1.0943881163855873,100
13,10,1090,0.6582249482385012,3.9437407930822648,19.554881349273998,0.6582249482385012,100
13,11,1189,0.6582249482385012,4.163027895210093,24.003789002799117,0.6582249482385012,100
13,12,1288,0.653546484100345,3.820411880845542,32.68881161479743,0.653546484100345,100
13,13,1387,0.653546484100345,3.931559695816552,27.006656966064615,0.653546484100345,100
13,14,1486,0.5982168959086557,3.3515339650656624,23.107697050162542,0.5982168959086557,100
13,15,1585,0.5867940047480896,3.1068581273527376,21.266119506493574,0.5867940047480896,100
13,16,1684,0.44275427194958994,3.7095953104743664,18.229256842133395,0.44275427194958994,100
13,17,1783,0.44275427194958994,3.057727323235288,18.187246308487605,0.44275427194958994,100
13,18,1882,0.44275427194958994,3.453959645150015,24.11045628502343,0.44275427194958994,100
13,19,1981,0.44275427194958994,3.703094400210507,24.126603934304256,0.44275427194958994,100
13,20,2080,0.44275427194958994,2.880344318038,21.632664199552586,0.44275427194958994,100
13,21,2179,0.44275427194958994,3.1911435751984247,26.410831772857154,0.44275427194958994,100
13,22,2278,0.44275427194958994,2.4406009756342257,16.459294097300564,0.44275427194958994,100
13,23,2377,0.44275427194958994,3.585657051715556,20.0329476383394,0.44275427194958994,100
13,24,2476,0.44275427194958994,3.4656268054106913,26.634479317379082,0.44275427194958994,100
13,25,2575,0.44275427194958994,3.209740747551186,18.46101507458903,0.44275427194958994,100
13,26,2674,0.44275427194958994,3.512846353275455,19.751066627117034,0.44275427194958994,100
13,27,2773,0.44275427194958994,3.293962615581884,17.348707452199577,0.44275427194958994,100
13,28,2872,0.44275427194958994,3.4539932249184675,23.791429058718418,0.44275427194958994,100
13,29,2971,0.44275427194958994,3.131596074565636,15.567717846147433,0.44275427194958994,100
13,30,3070,0.44275427194958994,2.681499785912135,14.055535063212771,0.44275427194958994,100
13,31,3169,0.44275427194958994,3.2286905769778516,28.272591578818556,0.44275427194958994,100
13,32,3268,0.44275427194958994,3.1308176867261124,19.30212960405675,0.44275427194958994,100
13,33,3367,0.44275427194958994,3.4004148877610647,25.621622212826615,0.44275427194958994,100
13,34,3466,0.44275427194958994,3.2328119445874433,33.35056147908771,0.44275427194958994,100
13,35,3565,0.43377658899457633,2.4968381829383066,18.871394809726578,0.43377658899457633,100
13,36,3664,0.43377658899457633,3.451805414971671,24.152541699411202,0.43377658899457633,100
13,37,3763,0.43377658899457633,3.4262332588879407,17.990636414502113,0.43377658899457633,100
13,38,3862,0.43377658899457633,2.7534040301864406,16.862641230098937,0.43377658899457633,100
13,39,3961,0.43377658899457633,2.9121836616757206,18.216982191423096,0.43377658899457633,100
13,40,4060,0.43377658899457633,2.206880452076548,16.82277833590962,0.43377658899457633,100
13,41,4159,0.43377658899457633,3.058993774295378,19.303726634597567,0.43377658899457633,100
13,42,4258,0.43377658899457633,3.135041757746706,21.35160813485324,0.43377658899457633,100
13,43,4357,0.43377658899457633,2.5588739769820474,18.8075490400043,0.43377658899457633,100
13,44,4456,0.43377658899457633,2.958724685054417,19.049379923525684,0.43377658899457633,100
13,45,4555,0.43377658899457633,2.8936226692671143,32.255719194708604,0.43377658899457633,100
13,46,4654,0.43377658899457633,2.5510255448815755,15.89009711908395,0.43377658899457633,100
13,47,4753,0.43377658899457633,3.560066857904992,27.359259139283264,0.43377658899457633,100
13,48,4852,0.43377658899457633,3.5206776805504556,25.313047983934588,0.43377658899457633,100
13,49,4951,0.43377658899457633,3.232156535842044,17.341615391269013,0.43377658899457633,100
13,50,5050,0.43377658899457633,3.1521461151626067,19.3736516024799,0.43377658899457633,100
13,51,5149,0.43377658899457633,3.197654373671891,30.68909236789933,0.43377658899457633,100
13,52,5248,0.43377658899457633,3.418294633101977,16.341274076566158,0.43377658899457633,100
13,53,5347,0.43377658899457633,3.0921015251117416,22.111189034805108,0.43377658899457633,100
13,54,5446,0.43377658899457633,3.8841843311142226,33.149810986424605,0.43377658899457633,100
13,55,5545,0.43377658899457633,3.137519876681941,24.617579107191215,0.43377658899457633,100
13,56,5644,0.43377658899457633,2.561329259934257,21.228066543770336,0.43377658899457633,100
13,57,5743,0.43377658899457633,3.326667956683098,30.842622378256376,0.43377658899457633,100
13,58,5842,0.43377658899457633,2.7438399844707737,19.006012759106678,0.43377658899457633,100
13,59,5941,0.43377658899457633,3.6799935434740405,34.39195962755117,0.43377658899457633,100
13,60,6040,0.43377658899457633,2.3245472791323025,11.67192089752276,0.43377658899457633,100
13,61,6139,0.43377658899457633,2.5551249507414884,17.332993995227763,0.43377658899457633,100
13,62,6238,0.43377658899457633,3.3304584867665055,28.901234950977926,0.43377658899457633,100
13,63,6337,0.43377658899457017,3.2642760658922674,41.13474266042168,0.43377658899457017,100
13,64,6436,0.43377658899457017,3.028121187404973,17.727985425918725,0.43377658899457017,100
13,65,6535,0.43377658899457017,3.1494057487066387,23.38669194519164,0.43377658899457017,100
13,66,6634,0.43377658899457017,3.5895896167128165,32.54519801566381,0.43377658899457017,100
13,67,6733,0.43377658899457017,2.9346720557580612,19.399224480143,0.43377658899457017,100
13,68,6832,0.43377658899457017,3.405397733888339,19.662540878916126,0.43377658899457017,100
13,69,6931,0.43377658899457017,3.3779090387347805,21.694917015620245,0.43377658899457017,100
13,70,7030,0.43377658899457017,2.4926655789301604,29.347809693869483,0.43377658899457017,100
13,71,7129,0.43377658899457017,2.720231779030274,13.97832725061924,0.43377658899457017,100
13,72,7228,0.43377658899457017,2.1665729888036624,11.109657915469558,0.43377658899457017,100
13,73,7327,0.42501824526100773,3.475748113066918,18.984808986635585,0.42501824526100773,100
13,74,7426,0.42501824526100773,3.0718374784099534,21.211168186802972,0.42501824526100773,100
13,75,7525,0.42501824526100773,3.3139260439251275,20.380787002398105,0.42501824526100773,100
13,76,7624,0.42501824526100773,2.827184032775799,18.966238759810835,0.42501824526100773,100
13,77,7723,0.42501824526100773,3.0123161795834665,23.796935075929508,0.42501824526100773,100
13,78,7822,0.42501824526100773,2.6743061374095873,17.04389869289009,0.42501824526100773,100
13,79,7921,0.42501824526100773,3.563653363151782,27.387382458979452,0.42501824526100773,100
13,80,8020,0.42501824526100773,3.6073745504950256,23.433886708503934,0.42501824526100773,100
13,81,8119,0.42501824526100773,2.914166859194002,17.90926781027966,0.42501824526100773,100
13,82,8218,0.42501824526100773,2.770730190767227,11.507680353151802,0.42501824526100773,100
13,83,8317,0.42501824526100773,3.288635267979072,26.548250355458904,0.42501824526100773,100
13,84,8416,0.42501824526100773,3.1784142246527356,33.88816956523846,0.42501824526100773,100
13,85,8515,0.42501824526100773,3.069102185992431,17.057412017617512,0.42501824526100773,100
13,86,8614,0.42501824526100773,3.3442174269024645,25.576141307393826,0.42501824526100773,100
13,87,8713,0.42501824526100773,3.2848275250091676,29.602845441680905,0.42501824526100773,100
13,88,8812,0.42501824526100773,3.3676670334034555,24.07078561596173,0.42501824526100773,100
13,89,8911,0.42501824526100773,2.7366902083726417,17.059874552364516,0.42501824526100773,100
13,90,9010,0.42501824526100773,3.071984927567816,23.03529951307758,0.42501824526100773,100
13,91,9109,0.42501824526100773,3.465273944325188,30.754778501197418,0.42501824526100773,100
13,92,9208,0.42501824526100773,2.5841525211076855,13.756609190476663,0.42501824526100773,100
13,93,9307,0.42501824526100773,3.1060763590895113,25.278462812689366,0.42501824526100773,100
13,94,9406,0.42501824526100773,2.524447016118282,16.208913743573785,0.42501824526100773,100
13,95,9505,0.42501824526100773,3.4112429421619286,19.543831742560094,0.42501824526100773,100
13,96,9604,0.42501824526100773,2.90936305370069,21.112316500599984,0.42501824526100773,100
13,97,9703,0.42501824526100773,2.5303581646401816,19.426907193868384,0.42501824526100773,100
13,98,9802,0.42501824526100773,3.2131578792034663,17.1516432738303,0.42501824526100773,100
13,99,9901,0.42501824526100773,3.361187838181327,16.50129438770088,0.42501824526100773,100
13,100,10000,0.42501824526100773,3.537369001984284,28.02792314155056,0.42501824526100773,100
13,101,10099,0.42501824526100773,2.888883627441787,19.838226730219027,0.42501824526100773,100
13,102,10198,0.42501824526100773,3.7054863233282815,17.736048262222017,0.42501824526100773,100
13,103,10297,0.42501824526100773,3.0752671491196755,18.7550915430261,0.42501824526100773,100
13,104,10396,0.42501824526100773,3.3491564660067183,34.97534534248873,0.42501824526100773,100
13,105,10495,0.42501824526100773,3.1448145972390957,18.686600939565704,0.42501824526100773,100
13,106,10594,0.42501824526100773,3.047779676730768,17.810459346923434,0.42501824526100773,100
13,107,10693,0.42501824526100773,2.742046186982199,18.277649027138665,0.42501824526100773,100
13,108,10792,0.42501824526100773,2.7922830739244646,17.213869910636028,0.42501824526100773,100
13,109,10891,0.42501824526100773,2.887369839733941,26.815147054696236,0.42501824526100773,100
13,110,10990,0.42501824526100773,2.6118983613461757,15.427596474303034,0.42501824526100773,100
13,111,11089,0.42501824526100773,2.836384619267025,16.15406637258392,0.42501824526100773,100
13,112,11188,0.42501824526100773,2.7065154335676573,17.516017928925834,0.42501824526100773,100
13,113,11287,0.42501824526100773,3.5304306344348952,28.52432349721183,0.42501824526100773,100
13,114,11386,0.42501824526100773,2.8641955344310692,24.54275587371774,0.42501824526100773,100
13,115,11485,0.42501824526100773,2.6934530091743505,21.11431294349122,0.42501824526100773,100
13,116,11584,0.42501824526100773,2.751437237593275,25.240040060745073,0.42501824526100773,100
13,117,11683,0.42501824526100773,2.824603931337694,19.279474977425668,0.42501824526100773,100
13,118,11782,0.42501824526100773,3.917692274763844,26.96784160738524,0.42501824526100773,100
13,119,11881,0.42501824526100773,2.905522953354126,23.285791662498976,0.42501824526100773,100
13,120,11980,0.42501824526100773,3.401422557943394,27.792991356975524,0.42501824526100773,100
13,121,12079,0.42501824526100773,2.965072951004526,18.526028230841238,0.42501824526100773,100
13,122,12178,0.42501824526100773,2.8076048865751386,22.325689454612533,0.42501824526100773,100
13,123,12277,0.42501824526100773,3.0426178146924925,32.38201971994599,0.42501824526100773,100
13,124,12376,0.42501824526100773,2.8568356674092197,29.644115450723334,0.42501824526100773,100
13,125,12475,0.42501824526100773,3.3060839442095626,17.91216994548741,0.42501824526100773,100
13,126,12574,0.42501824526100773,3.960078106212963,21.250228483718374,0.42501824526100773,100
13,127,12673,0.42501824526100773,3.0978803437236473,25.677774769011027,0.42501824526100773,100
13,128,12772,0.42501824526100773,3.071130458088829,26.390157744878387,0.42501824526100773,100
13,129,12871,0.42501824526100773,3.4353737141316323,32.366359054599535,0.42501824526100773,100
13,130,12970,0.42501824526100773,2.8035641647228897,19.242027978485268,0.42501824526100773,100
13,131,13069,0.42501824526100773,2.4007938014971586,16.33738481437307,0.42501824526100773,100
13,132,13168,0.42501824526100773,3.365288602815824,23.68725479700001,0.42501824526100773,100
13,133,13267,0.42501824526100773,2.8247131011616697,20.871650964649113,0.42501824526100773,100
13,134,13366,0.42501824526100773,2.645631683328369,20.997051305893915,0.42501824526100773,100
13,135,13465,0.42501824526100773,2.956570278892184,16.652680721130015,0.42501824526100773,100
13,136,13564,0.42501824526100773,2.58193001135271,15.544903828415597,0.42501824526100773,100
13,137,13663,0.42501824526100773,3.280697984083601,31.083802501712597,0.42501824526100773,100
13,138,13762,0.42501824526100773,3.0364045903794126,14.57767492105216,0.42501824526100773,100
13,139,13861,0.42501824526100773,2.9078034540005007,20.257282080017333,0.42501824526100773,100
13,140,13960,0.42501824526100773,3.1973328336278892,23.962839235290634,0.42501824526100773,100
13,141,14059,0.42501824526100773,2.6723133973808144,27.900336575210197,0.42501824526100773,100
13,142,14158,0.42501824526100773,2.885580983557732,25.213644996884735,0.42501824526100773,100
13,143,14257,0.42501824526100773,3.006135092605494,33.12349667961892,0.42501824526100773,100
13,144,14356,0.42501824526100773,3.2534457204891307,19.21087611068416,0.42501824526100773,100
13,145,14455,0.42501824526100773,3.0147177590042133,20.7123863342683,0.42501824526100773,100
13,146,14554,0.42501824526100773,2.728634468035753,15.380834756800397,0.42501824526100773,100
13,147,14653,0.42501824526100773,2.6556749861451676,16.695352114094934,0.42501824526100773,100
13,148,14752,0.42501824526100773,3.9950654424104237,24.55970524952341,0.42501824526100773,100
13,149,14851,0.42501824526100773,2.5868646646939952,14.81340487404083,0.42501824526100773,100
13,150,14950,0.42501824526100773,3.88327714362609,23.04357414701313,0.42501824526100773,100
13,151,15049,0.42501824526100773,3.699197568398552,20.7559293082491,0.42501824526100773,100
13,152,15148,0.42501824526100773,4.176789251352337,30.159574380656416,0.42501824526100773,100
13,153,15247,0.42501824526100773,3.2143425677843593,24.45247367762707,0.42501824526100773,100
13,154,15346,0.42501824526100773,2.3602035418957183,21.997714481722173,0.42501824526100773,100
13,155,15445,0.42501824526100773,3.602325089340839,20.82014947907064,0.42501824526100773,100
13,156,15544,0.42501824526100773,3.2983686849891165,32.19604748421385,0.42501824526100773,100
13,157,15643,0.42501824526100773,2.90527681618475,15.885727338025054,0.42501824526100773,100
13,158,15742,0.42501824526100773,3.296819788624061,18.022782257133887,0.42501824526100773,100
13,159,15841,0.42501824526100773,3.2105396078066666,20.93690799425895,0.42501824526100773,100
13,160,15940,0.42501824526100773,3.0707044007017084,21.689664954486336,0.42501824526100773,100
13,161,16039,0.42501824526100773,3.1880219162797605,56.366114116076155,0.42501824526100773,100
13,162,16138,0.42501824526100773,2.5255288839905385,17.946307946973203,0.42501824526100773,100
13,163,16237,0.42501824526100773,4.087804276989654,28.46320858978901,0.42501824526100773,100
13,164,16336,0.42501824526100773,3.014408639709779,23.475675500543314,0.42501824526100773,100
13,165,16435,0.42501824526100773,3.5733381962359734,33.52533990714878,0.42501824526100773,100
13,166,16534,0.42501824526100773,3.1565605720508274,26.08318097461574,0.42501824526100773,100
13,167,16633,0.42501824526100773,2.789068166093385,22.39107984174872,0.42501824526100773,100
13,168,16732,0.42501824526100773,2.8171583129839206,29.290651892217383,0.42501824526100773,100
13,169,16831,0.42501824526100773,3.000328963629299,28.7319402692796,0.42501824526100773,100
13,170,16930,0.42501824526100773,2.8803957040380124,22.093988302688615,0.42501824526100773,100
13,171,17029,0.42501824526100773,3.110605108987409,23.22125410049572,0.42501824526100773,100
13,172,17128,0.42501824526100773,2.596216105409535,11.847141926592139,0.42501824526100773,100
13,173,17227,0.42501824526100773,3.6135469583670186,20.280891052749002,0.42501824526100773,100
13,174,17326,0.42501824526100773,3.406884170800057,23.268429238937422,0.42501824526100773,100
13,175,17425,0.42501824526100773,2.3886593257393325,18.10254604080707,0.42501824526100773,100
13,176,17524,0.42501824526100773,2.4438167282640446,18.774528461897777,0.42501824526100773,100
13,177,17623,0.42501824526100773,3.1973186960397033,19.671396159911,0.42501824526100773,100
13,178,17722,0.42501824526100773,3.315330915951679,17.879373501886803,0.42501824526100773,100
13,179,17821,0.42501824526100773,2.995597710200928,32.22770484788657,0.42501824526100773,100
13,180,17920,0.42501824526100773,3.1231597050023634,27.99031663145463,0.42501824526100773,100
13,181,18019,0.42501824526100773,2.638719768279653,18.852966895460508,0.42501824526100773,100
13,182,18118,0.42501824526100773,3.9596043754166557,21.52471601859227,0.42501824526100773,100
13,183,18217,0.42501824526100773,3.2574057454426657,14.66153651315897,0.42501824526100773,100
13,184,18316,0.42501824526100773,2.995039782562709,26.932173632497506,0.42501824526100773,100
13,185,18415,0.42501824526100773,3.9349300320390124,36.05276476651994,0.42501824526100773,100
13,186,18514,0.42501824526100773,4.161835646334575,50.12725805709642,0.42501824526100773,100
13,187,18613,0.42501824526100773,3.063152102342319,20.231302849425727,0.42501824526100773,100
13,188,18712,0.42501824526100773,2.7760781004263286,17.411760559872032,0.42501824526100773,100
13,189,18811,0.42501824526100773,3.8827583317903236,19.655533175184186,0.42501824526100773,100
13,190,18910,0.42501824526100773,3.354188749465022,15.164275575067398,0.42501824526100773,100
13,191,19009,0.42501824526100773,3.6050031720264455,30.30152064889578,0.42501824526100773,100
13,192,19108,0.4205219838874593,3.1575977124300834,26.913412326465334,0.4205219838874593,100
13,193,19207,0.4205219838874593,3.2883633862805577,31.031219070340143,0.4205219838874593,100
13,194,19306,0.4205219838874593,3.2258694363555094,24.888595164698927,0.4205219838874593,100
13,195,19405,0.4205219838874593,2.7711564025359143,17.200626575007632,0.4205219838874593,100
13,196,19504,0.4205219838874593,3.200420952119606,29.576209971025133,0.4205219838874593,100
13,197,19603,0.4205219838874593,2.648548783431412,19.07675208882256,0.4205219838874593,100
13,198,19702,0.4205219838874593,3.668950632295509,17.87658588040299,0.4205219838874593,100
13,199,19801,0.4205219838874593,2.283567627051336,13.260024567390095,0.4205219838874593,100
13,200,19900,0.4205219838874593,2.9565894310878775,21.818462856478984,0.4205219838874593,100
13,201,19999,0.4205219838874593,3.460194360111864,23.210822214183356,0.4205219838874593,100
13,202,20098,0.4205219838874593,3.419363908106968,28.28172308153231,0.4205219838874593,100
13,203,20197,0.4205219838874593,3.463077086783049,26.440495598503333,0.4205219838874593,100
13,204,20296,0.4205219838874593,2.8187508685243987,16.43370816557651,0.4205219838874593,100
13,205,20395,0.4205219838874593,2.896721061406319,24.600080677369988,0.4205219838874593,100
13,206,20494,0.4205219838874593,3.2571620870030835,25.44325087921581,0.4205219838874593,100
13,207,20593,0.4205219838874593,3.821948385122519,30.695488324796923,0.4205219838874593,100
13,208,20692,0.4205219838874593,3.0779789158329116,20.56349315047075,0.4205219838874593,100
13,209,20791,0.4205219838874593,3.3858534019745306,19.966742394565546,0.4205219838874593,100
13,210,20890,0.4205219838874593,3.377402968638943,24.40928926426785,0.4205219838874593,100
13,211,20989,0.4205219838874593,3.0914409193091656,17.42463011954535,0.4205219838874593,100
13,212,21088,0.4205219838874593,2.8047858810034483,20.315187299242712,0.4205219838874593,100
13,213,21187,0.4205219838874593,2.2665145703106715,12.627945774013693,0.4205219838874593,100
13,214,21286,0.4205219838874593,2.8476867946223114,31.491754064284013,0.4205219838874593,100
13,215,21385,0.4205219838874593,3.15186123782023,26.66872453060784,0.4205219838874593,100
13,216,21484,0.4205219838874593,3.4123662495407556,29.78618742428717,0.4205219838874593,100
13,217,21583,0.4205219838874593,2.8060510908274825,21.04638879979084,0.4205219838874593,100
13,218,21682,0.4205219838874593,3.298521363722792,43.482112794678365,0.4205219838874593,100
13,219,21781,0.4205219838874593,3.2984204069238365,25.991573993550656,0.4205219838874593,100
13,220,21880,0.4205219838874593,2.940468651574169,17.26543846524717,0.4205219838874593,100
13,221,21979,0.4205219838874593,2.562144736195775,16.34038583613719,0.4205219838874593,100
13,222,22078,0.4205219838874593,2.933572345771706,13.944922386456984,0.4205219838874593,100
13,223,22177,0.4205219838874593,3.4617796853114355,20.965934347964478,0.4205219838874593,100
13,224,22276,0.4205219838874593,2.412135403593593,11.794467071350041,0.4205219838874593,100
13,225,22375,0.4205219838874593,3.0129456530713776,18.392341698723527,0.4205219838874593,100
13,226,22474,0.4205219838874593,3.851639282607745,26.133558348121223,0.4205219838874593,100
13,227,22573,0.4205219838874593,2.7357279977777638,15.971878548528494,0.4205219838874593,100
13,228,22672,0.4205219838874593,3.065408338627841,20.786424534813463,0.4205219838874593,100
13,229,22771,0.4205219838874593,3.441486130798319,21.598051320182403,0.4205219838874593,100
13,230,22870,0.4205219838874593,2.5552067875113913,31.5846660348944,0.4205219838874593,100
13,231,22969,0.4205219838874593,1.9406419438098856,11.500139254438919,0.4205219838874593,100
13,232,23068,0.4205219838874593,3.0050530097700987,20.241134767518222,0.4205219838874593,100
13,233,23167,0.4205219838874593,2.4828857394061394,19.781574374731125,0.4205219838874593,100
13,234,23266,0.4205219838874593,3.124188829722868,22.402310234439028,0.4205219838874593,100
13,235,23365,0.4205219838874593,3.8868234756847615,27.320440855111347,0.4205219838874593,100
13,236,23464,0.4205219838874593,2.6621765625779408,16.15719323886785,0.4205219838874593,100
13,237,23563,0.4205219838874593,2.739804005826439,22.697853744553285,0.4205219838874593,100
13,238,23662,0.4205219838874593,3.205989290600237,24.033414990438214,0.4205219838874593,100
13,239,23761,0.4205219838874593,2.611623364543015,14.850980483775961,0.4205219838874593,100
13,240,23860,0.4205219838874593,3.288362906522893,18.84522982075136,0.4205219838874593,100
13,241,23959,0.4205219838874593,3.217147339110866,18.65273882701914,0.4205219838874593,100
13,242,24058,0.4205219838874593,3.1898566404807345,26.83310579157512,0.4205219838874593,100
13,243,24157,0.4205219838874593,3.0502585280441523,56.38271860394907,0.4205219838874593,100
13,244,24256,0.4205219838874593,3.1548587948066635,25.804670022806814,0.4205219838874593,100
13,245,24355,0.4205219838874593,3.397418049631087,21.738878620476875,0.4205219838874593,100
13,246,24454,0.4205219838874593,3.3034248886191033,25.196161962298184,0.4205219838874593,100
13,247,24553,0.4205219838874593,4.19450217817729,49.56355958139301,0.4205219838874593,100
13,248,24652,0.4205219838874593,3.9419570885943873,20.775155627859476,0.4205219838874593,100
13,249,24751,0.4205219838874593,3.3815478803850696,19.909198402172052,0.4205219838874593,100
13,250,24850,0.4205219838874593,3.1496975903918463,26.248209976675632,0.4205219838874593,100
13,251,24949,0.4205219838874593,3.0564697877615483,21.136550924316573,0.4205219838874593,100
13,252,25048,0.4205219838874593,2.8805115729742528,21.068853145401725,0.4205219838874593,100
13,253,25147,0.4205219838874593,3.973424544690748,25.758800724275012,0.4205219838874593,100
13,254,25246,0.4205219838874593,3.9549060793450583,23.358232876433497,0.4205219838874593,100
13,255,25345,0.4205219838874593,3.075440173017579,19.404796220802325,0.4205219838874593,100
13,256,25444,0.4205219838874593,3.602410164844805,16.83588046953081,0.4205219838874593,100
13,257,25543,0.4205219838874593,3.766272850055151,19.297669395199176,0.4205219838874593,100
13,258,25642,0.4205219838874593,3.2759375279988903,16.393274137754197,0.4205219838874593,100
13,259,25741,0.4205219838874593,3.193784228946781,22.975836919047477,0.4205219838874593,100
13,260,25840,0.4205219838874593,3.1257120260351816,33.873887669344874,0.4205219838874593,100
13,261,25939,0.4205219838874593,2.884202112282735,19.557319770218058,0.4205219838874593,100
13,262,26038,0.4205219838874593,2.814316497964709,14.140179870000706,0.4205219838874593,100
13,263,26137,0.4205219838874593,3.4087020742662664,29.592609902549817,0.4205219838874593,100
13,264,26236,0.4205219838874593,2.6971657274179672,16.44815174661035,0.4205219838874593,100
13,265,26335,0.4205219838874593,3.223564431363881,20.11610180315956,0.4205219838874593,100
13,266,26434,0.4205219838874593,3.5758660481700004,21.538925038202084,0.4205219838874593,100
13,267,26533,0.4205219838874593,3.222918071727616,18.384807393958955,0.4205219838874593,100
13,268,26632,0.4205219838874593,3.5552055973510943,28.543968624275404,0.4205219838874593,100
13,269,26731,0.4205219838874593,3.78201324129218,32.34290738863221,0.4205219838874593,100
13,270,26830,0.4205219838874593,3.1002322544073597,16.6088452652401,0.4205219838874593,100
13,271,26929,0.4205219838874593,3.7520013008295705,25.52968931573234,0.4205219838874593,100
13,272,27028,0.4205219838874593,3.710138908072803,18.186848715503974,0.4205219838874593,100
13,273,27127,0.4205219838874593,3.653682340537319,30.571932181057043,0.4205219838874593,100
13,274,27226,0.4205219838874593,3.498688352337897,17.754981288699906,0.4205219838874593,100
13,275,27325,0.4205219838874593,2.8109277055914412,18.500807044637387,0.4205219838874593,100
13,276,27424,0.4205219838874593,3.1166739936586976,15.735444650946421,0.4205219838874593,100
13,277,27523,0.4205219838874593,2.7886439581985245,20.694586594349172,0.4205219838874593,100
13,278,27622,0.4205219838874593,3.5592719661974908,36.50173932991096,0.4205219838874593,100
13,279,27721,0.4205219838874593,3.140705685412629,25.375559972103222,0.4205219838874593,100
13,280,27820,0.4205219838874593,3.7120129272451607,40.12943960830373,0.4205219838874593,100
13,281,27919,0.4205219838874593,2.8058875525055935,15.094691318887865,0.4205219838874593,100
13,282,28018,0.4205219838874593,3.237209629755958,16.179158230521306,0.4205219838874593,100
13,283,28117,0.4205219838874593,2.824634911372862,18.97987086271825,0.4205219838874593,100
13,284,28216,0.4205219838874593,2.989047653009795,17.14942126028618,0.4205219838874593,100
13,285,28315,0.4205219838874593,2.434939293805861,31.652404017212756,0.4205219838874593,100
13,286,28414,0.4205219838874593,2.6641515283004025,20.647008064219996,0.4205219838874593,100
13,287,28513,0.4205219838874593,2.667433085546955,22.65050490472415,0.4205219838874593,100
13,288,28612,0.4205219838874593,2.703906895747098,20.411423352746553,0.4205219838874593,100
13,289,28711,0.4205219838874593,3.3614487617127624,33.02301631524331,0.4205219838874593,100
13,290,28810,0.4205219838874593,2.998889724344627,28.323459128676063,0.4205219838874593,100
13,291,28909,0.4205219838874593,3.457896341282626,25.631477523767284,0.4205219838874593,100
13,292,29008,0.4205219838874593,2.9285446113681495,14.814657567860039,0.4205219838874593,100
13,293,29107,0.4205219838874593,1.9118932539417188,18.379899284049845,0.4205219838874593,100
13,294,29206,0.4205219838874593,2.6025514141228108,17.266336654844224,0.4205219838874593,100
13,295,29305,0.4205219838874593,3.4923269041324385,31.303762777386623,0.4205219838874593,100
13,296,29404,0.4205219838874593,2.6298620505956363,19.662027472948683,0.4205219838874593,100
13,297,29503,0.4205219838874593,2.9402977515127104,19.78933382199463,0.4205219838874593,100
13,298,29602,0.4205219838874593,2.4727939662538847,14.20450694828856,0.4205219838874593,100
13,299,29701,0.4205219838874593,2.943186282400019,16.41610941196126,0.4205219838874593,100
13,300,29800,0.4205219838874593,3.2041909594528897,22.73493164616489,0.4205219838874593,100
13,301,29899,0.4205219838874593,2.8079853186301627,16.97250724325673,0.4205219838874593,100
13,302,29998,0.4205219838874593,3.110572283400675,23.7023799495592,0.4205219838874593,100
13,303,30097,0.4205219838874593,2.796372622165127,17.973939200142837,0.4205219838874593,100
13,304,30196,0.4205219838874593,2.82028562673947,17.572290124600812,0.4205219838874593,100
13,305,30295,0.4205219838874593,3.345180490667861,32.128378512306455,0.4205219838874593,100
13,306,30394,0.4205219838874593,3.5020457679749795,24.913155434689394,0.4205219838874593,100
13,307,30493,0.4205219838874593,3.0538021467852854,13.81434209593468,0.4205219838874593,100
13,308,30592,0.4205219838874593,3.292886070569816,25.41231835049229,0.4205219838874593,100
13,309,30691,0.4205219838874593,2.5530758151247697,18.953626581344142,0.4205219838874593,100
13,310,30790,0.4205219838874593,2.9266446028212694,20.05492759086679,0.4205219838874593,100
13,311,30889,0.4205219838874593,3.646972793276262,16.468567478149716,0.4205219838874593,100
13,312,30988,0.4205219838874593,3.3512918211339406,29.03957400876313,0.4205219838874593,100
13,313,31087,0.4205219838874593,2.621920767417588,15.67662945427648,0.4205219838874593,100
13,314,31186,0.4205219838874593,2.9845492740695345,26.3543852651686,0.4205219838874593,100
13,315,31285,0.4205219838874593,3.000248432736525,27.072830011073624,0.4205219838874593,100
13,316,31384,0.4205219838874593,2.6946570321174583,14.906028099675408,0.4205219838874593,100
13,317,31483,0.4205219838874593,3.2082364894929607,26.42019953664175,0.4205219838874593,100
13,318,31582,0.4205219838874593,3.868658397838694,23.57018433128427,0.4205219838874593,100
13,319,31681,0.4205219838874593,2.5234135901216415,18.289147400425563,0.4205219838874593,100
13,320,31780,0.4205219838874593,2.4239880779594034,12.543126074020288,0.4205219838874593,100
13,321,31879,0.4205219838874593,2.916710802208836,18.399348378900047,0.4205219838874593,100
13,322,31978,0.4205219838874593,3.8421765775549477,27.07126426157955,0.4205219838874593,100
13,323,32077,0.4205219838874593,3.4510426814189077,26.93885484429594,0.4205219838874593,100
13,324,32176,0.4205219838874593,4.217853573775455,33.52720347417766,0.4205219838874593,100
13,325,32275,0.4205219838874593,3.2696174348026896,18.24496090437784,0.4205219838874593,100
13,326,32374,0.4205219838874593,3.0389413435065764,28.823156267956907,0.4205219838874593,100
13,327,32473,0.4205219838874593,2.689802922334279,14.604458435613822,0.4205219838874593,100
13,328,32572,0.4205219838874593,2.8182246742603128,17.145602685004924,0.4205219838874593,100
13,329,32671,0.4205219838874593,2.89598889351836,20.4260558552893,0.4205219838874593,100
13,330,32770,0.4205219838874593,3.160741034018118,18.464256134414597,0.4205219838874593,100
13,331,32869,0.4205219838874593,3.6558236787656533,30.885210738405423,0.4205219838874593,100
13,332,32968,0.4205219838874593,2.9647103541442035,34.50518750966256,0.4205219838874593,100
13,333,33067,0.4205219838874593,2.972023452817369,18.578233012457044,0.4205219838874593,100
13,334,33166,0.4205219838874593,3.3001941155005783,17.754782764451694,0.4205219838874593,100
13,335,33265,0.4205219838874593,3.0906166667396273,36.688631572779535,0.4205219838874593,100
13,336,33364,0.4205219838874593,3.386901784612129,28.25503805763108,0.4205219838874593,100
13,337,33463,0.4205219838874593,2.893800133197705,17.226383524047467,0.4205219838874593,100
13,338,33562,0.4205219838874593,3.161264523937661,17.778528142022168,0.4205219838874593,100
13,339,33661,0.4205219838874593,2.7928238462204256,18.707401999533833,0.4205219838874593,100
13,340,33760,0.4205219838874593,2.981445235598102,18.104065926688907,0.4205219838874593,100
13,341,33859,0.4205219838874593,2.9715871789253994,33.42985541796908,0.4205219838874593,100
13,342,33958,0.4205219838874593,2.844728829590866,15.267839802078012,0.4205219838874593,100
13,343,34057,0.4205219838874593,3.293307290955278,35.072778364714765,0.4205219838874593,100
13,344,34156,0.4205219838874593,3.0495126484650603,16.138639425305726,0.4205219838874593,100
13,345,34255,0.4205219838874593,3.5804351253804425,19.863705920270824,0.4205219838874593,100
13,346,34354,0.4205219838874593,3.053774859415869,17.686642517433487,0.4205219838874593,100
13,347,34453,0.4205219838874593,2.7356066937006336,14.910980645276037,0.4205219838874593,100
13,348,34552,0.4205219838874593,3.4354559568400385,34.73163195975529,0.4205219838874593,100
13,349,34651,0.4205219838874593,3.387529666802576,21.25260105161752,0.4205219838874593,100
13,350,34750,0.4205219838874593,2.8292190405409445,20.727440622871473,0.4205219838874593,100
13,351,34849,0.4205219838874593,2.7981755427082033,26.04801852627867,0.4205219838874593,100
13,352,34948,0.4205219838874593,2.522421415155962,12.934823214034061,0.4205219838874593,100
13,353,35047,0.4205219838874593,3.3015037737798876,29.220875596311274,0.4205219838874593,100
13,354,35146,0.4205219838874593,3.598697751736189,27.838018342217424,0.4205219838874593,100
13,355,35245,0.4205219838874593,2.797764892773198,18.199749076885244,0.4205219838874593,100
13,356,35344,0.4205219838874593,3.019329341541476,17.447978555125886,0.4205219838874593,100
13,357,35443,0.4205219838874593,3.27531339689234,30.08898153839192,0.4205219838874593,100
13,358,35542,0.4205219838874593,2.920338547621176,17.916011821726066,0.4205219838874593,100
13,359,35641,0.4205219838874593,3.1411967035015054,19.644623139675556,0.4205219838874593,100
13,360,35740,0.4205219838874593,3.712029866095096,24.422029076169288,0.4205219838874593,100
13,361,35839,0.4205219838874593,2.793757498862433,14.85669952893969,0.4205219838874593,100
13,362,35938,0.4205219838874593,3.201441586523547,25.320085279363646,0.4205219838874593,100
13,363,36037,0.4205219838874593,3.527429325101531,21.88007852265987,0.4205219838874593,100
13,364,36136,0.4205219838874593,2.234403352319457,14.336064982712788,0.4205219838874593,100
13,365,36235,0.4205219838874593,2.6531282958000317,16.490586408571723,0.4205219838874593,100
13,366,36334,0.4205219838874593,2.5854036870120156,17.25966412753675,0.4205219838874593,100
13,367,36433,0.4205219838874593,2.7452417110819187,14.66179925635682,0.4205219838874593,100
13,368,36532,0.4205219838874593,3.2771747974627443,15.32370222882608,0.4205219838874593,100
13,369,36631,0.4205219838874593,3.138497660356667,22.428211008489644,0.4205219838874593,100
13,370,36730,0.4205219838874593,2.4317939483673308,18.295671636391717,0.4205219838874593,100
13,371,36829,0.4184292056926402,3.1305382820153738,20.138816746598806,0.4184292056926402,100
13,372,36928,0.4184292056926402,2.743032032668274,17.73548137751885,0.4184292056926402,100
13,373,37027,0.4184292056926402,3.771723790785344,21.98341809667575,0.4184292056926402,100
13,374,37126,0.4184292056926402,2.7529008174424727,13.762764102372252,0.4184292056926402,100
13,375,37225,0.4184292056926402,2.9878494649085288,28.168622387258253,0.4184292056926402,100
13,376,37324,0.4184292056926402,2.86859876134997,14.785365985183676,0.4184292056926402,100
13,377,37423,0.4184292056926402,3.608210956303355,35.48680534569281,0.4184292056926402,100
13,378,37522,0.4184292056926402,4.0282291658778755,36.14534493922404,0.4184292056926402,100
13,379,37621,0.4184292056926402,4.043983756758606,24.471541389717004,0.4184292056926402,100
13,380,37720,0.4184292056926402,3.5727036838353126,25.31159253021401,0.4184292056926402,100
13,381,37819,0.4184292056926402,3.373139716965538,20.55357108139632,0.4184292056926402,100
13,382,37918,0.4184292056926402,2.387485914144423,16.668908603655318,0.4184292056926402,100
13,383,38017,0.4184292056926402,3.169043573513751,17.689994894497868,0.4184292056926402,100
13,384,38116,0.4184292056926402,3.3167221849050406,20.545962185985417,0.4184292056926402,100
13,385,38215,0.4184292056926402,3.353859256603394,21.764742392485868,0.4184292056926402,100
13,386,38314,0.4184292056926402,3.600003777243422,42.61665270253843,0.4184292056926402,100
13,387,38413,0.4184292056926402,2.7807838442940316,19.800554118631535,0.4184292056926402,100
13,388,38512,0.4184292056926402,3.5469133341943255,28.254366309322947,0.4184292056926402,100
13,389,38611,0.4184292056926402,3.3129448442237663,21.743432364988227,0.4184292056926402,100
13,390,38710,0.4184292056926402,3.995496351542954,32.43836958188665,0.4184292056926402,100
13,391,38809,0.4184292056926402,2.746422326864346,18.27310342925215,0.4184292056926402,100
13,392,38908,0.4184292056926402,3.118560720586205,21.925758767577946,0.4184292056926402,100
13,393,39007,0.4184292056926402,3.952091842310637,22.903340248091535,0.4184292056926402,100
13,394,39106,0.4184292056926402,3.3233121865101323,19.10375546353514,0.4184292056926402,100
13,395,39205,0.4184292056926402,3.2619503509987307,38.03868414266714,0.4184292056926402,100
13,396,39304,0.4184292056926402,2.0934699433416184,13.903175872326294,0.4184292056926402,100
13,397,39403,0.4184292056926402,2.8030598373079894,24.349900191515314,0.4184292056926402,100
13,398,39502,0.4184292056926402,3.2231174501670328,31.963732169922007,0.4184292056926402,100
13,399,39601,0.4184292056926402,2.7328174280009625,16.99485304094155,0.4184292056926402,100
13,400,39700,0.4184292056926402,3.076198030998683,26.24286509855196,0.4184292056926402,100
13,401,39799,0.4184292056926402,3.0724559333369883,23.724771133182152,0.4184292056926402,100
13,402,39898,0.4184292056926402,3.7899941968632134,23.555971341543987,0.4184292056926402,100
13,403,39997,0.4184292056926402,3.060125027783865,19.59590840567271,0.4184292056926402,100
13,404,40096,0.4184292056926402,3.2482551162470497,20.959501822521023,0.4184292056926402,100
13,405,40195,0.4184292056926402,3.262728962532534,21.357824007931526,0.4184292056926402,100
13,406,40294,0.4184292056926402,2.880656585587868,21.2245462848052,0.4184292056926402,100
13,407,40393,0.4184292056926402,3.360675020426699,42.02763683533386,0.4184292056926402,100
13,408,40492,0.4184292056926402,3.2049238931362294,23.552363812018456,0.4184292056926402,100
13,409,40591,0.4184292056926402,3.265851787182769,25.613926940059972,0.4184292056926402,100
13,410,40690,0.4184292056926402,3.0475101506980793,26.233588098056888,0.4184292056926402,100
13,411,40789,0.4184292056926402,2.6092139582557605,17.123335443419315,0.4184292056926402,100
13,412,40888,0.4184292056926402,2.7772333168102,13.942055750019547,0.4184292056926402,100
13,413,40987,0.4184292056926402,4.199652816895867,28.96162979393048,0.4184292056926402,100
13,414,41086,0.4184292056926402,2.8736694382733656,18.013167422791575,0.4184292056926402,100
13,415,41185,0.4184292056926402,3.143985433412033,26.212152716747266,0.4184292056926402,100
13,416,41284,0.4184292056926402,3.7228371671187115,32.66229266010351,0.4184292056926402,100
13,417,41383,0.4184292056926402,3.3748909071299664,20.74176590074725,0.4184292056926402,100
13,418,41482,0.4184292056926402,3.3617793430726137,22.53708920395567,0.4184292056926402,100
13,419,41581,0.4184292056926402,2.9781175379737554,12.743287570402346,0.4184292056926402,100
13,420,41680,0.4184292056926402,3.050125592793855,17.151197533104856,0.4184292056926402,100
13,421,41779,0.4184292056926402,3.146180739552055,23.510059783184523,0.4184292056926402,100
13,422,41878,0.4184292056926402,3.4905816759907706,25.36527613433331,0.4184292056926402,100
13,423,41977,0.4184292056926402,3.431236784573221,20.62854088474289,0.4184292056926402,100
13,424,42076,0.3833052261772798,2.8991670973371875,18.718676415272412,0.3833052261772798,100
13,425,42175,0.3833052261772798,3.5867424821482454,32.20261928061462,0.3833052261772798,100
13,426,42274,0.3833052261772798,2.847733224498466,20.977186425343074,0.3833052261772798,100
13,427,42373,0.3833052261772798,3.2913330532579916,15.259501526560255,0.3833052261772798,100
13,428,42472,0.3833052261772798,3.485503344036667,24.0362465180649,0.3833052261772798,100
13,429,42571,0.3833052261772798,3.110458160934554,16.05546319049189,0.3833052261772798,100
13,430,42670,0.3833052261772798,3.2652764951863706,18.396175068406563,0.3833052261772798,100
13,431,42769,0.3833052261772798,2.923956771841418,22.226214705466433,0.3833052261772798,100
13,432,42868,0.3833052261772798,3.001408341499257,19.86330108462149,0.3833052261772798,100
13,433,42967,0.3833052261772798,2.969841636301557,17.523020586897758,0.3833052261772798,100
13,434,43066,0.3833052261772798,2.7345841718235535,29.556743335325923,0.3833052261772798,100
13,435,43165,0.3833052261772798,2.896364018676591,22.588180280248565,0.3833052261772798,100
13,436,43264,0.3833052261772798,3.1140389329153804,21.008117078171274,0.3833052261772798,100
13,437,43363,0.3833052261772798,3.928839582369952,27.856375589425202,0.3833052261772798,100
13,438,43462,0.3833052261772798,3.2720151177120793,24.634649321145552,0.3833052261772798,100
13,439,43561,0.3833052261772798,3.509199675223782,30.45436639998123,0.3833052261772798,100
13,440,43660,0.3833052261772798,3.2110903588985265,16.699542465645084,0.3833052261772798,100
13,441,43759,0.3833052261772798,2.736356334857669,13.582038965304314,0.3833052261772798,100
13,442,43858,0.3833052261772798,3.4188375058988316,24.89916920905313,0.3833052261772798,100
13,443,43957,0.3833052261772798,3.5135939598900388,18.989365414343922,0.3833052261772798,100
13,444,44056,0.3833052261772798,3.2195117040703978,16.670864639696227,0.3833052261772798,100
13,445,44155,0.3833052261772798,2.935397687079541,22.64077134005729,0.3833052261772798,100
13,446,44254,0.3833052261772798,3.1136363524931663,19.88264199693063,0.3833052261772798,100
13,447,44353,0.3833052261772798,2.587097638562322,17.97327656634231,0.3833052261772798,100
13,448,44452,0.3833052261772798,3.3972556047619547,28.109912764543058,0.3833052261772798,100
13,449,44551,0.3833052261772798,2.8029101463103494,18.983163654601004,0.3833052261772798,100
13,450,44650,0.3833052261772798,2.834020469729648,17.738493505597834,0.3833052261772798,100
13,451,44749,0.3833052261772798,2.63033559667226,25.233867472084118,0.3833052261772798,100
13,452,44848,0.3833052261772798,3.2168694238806523,19.087281903946305,0.3833052261772798,100
13,453,44947,0.3833052261772798,3.7991946059248436,31.854574249392993,0.3833052261772798,100
13,454,45046,0.3833052261772798,2.9878460735962347,21.112745307314142,0.3833052261772798,100
13,455,45145,0.3833052261772798,2.9748629502364423,38.45139280151379,0.3833052261772798,100
13,456,45244,0.3833052261772798,2.911628780676685,16.85657174847181,0.3833052261772798,100
13,457,45343,0.3833052261772798,3.2329829142965916,16.19085094739578,0.3833052261772798,100
13,458,45442,0.3833052261772798,3.5072773740534897,30.77976559048983,0.3833052261772798,100
13,459,45541,0.3833052261772798,2.4271937454258325,16.650410556203514,0.3833052261772798,100
13,460,45640,0.3833052261772798,3.376276330284354,27.769806395233505,0.3833052261772798,100
13,461,45739,0.3833052261772798,3.24675928440196,20.119995760538686,0.3833052261772798,100
13,462,45838,0.3833052261772798,2.293256419470711,14.37339622738784,0.3833052261772798,100
13,463,45937,0.3833052261772798,2.7938887987092307,15.387836947904953,0.3833052261772798,100
13,464,46036,0.3833052261772798,3.0794830092937087,14.310407646132015,0.3833052261772798,100
13,465,46135,0.3833052261772798,2.966063624265227,15.854959011118947,0.3833052261772798,100
13,466,46234,0.3833052261772798,3.2103700265181696,19.991858551170168,0.3833052261772798,100
13,467,46333,0.3833052261772798,2.8735533184759516,25.386437872125548,0.3833052261772798,100
13,468,46432,0.3833052261772798,3.0181199123061986,18.016765815428204,0.3833052261772798,100
13,469,46531,0.3833052261772798,2.9900527625088382,20.89090920134386,0.3833052261772798,100
13,470,46630,0.3833052261772798,2.646408804620987,15.138532885764468,0.3833052261772798,100
13,471,46729,0.3833052261772798,3.118525774292969,21.55629344377474,0.3833052261772798,100
13,472,46828,0.3833052261772798,3.204069849195967,23.228711387123244,0.3833052261772798,100
13,473,46927,0.3833052261772798,3.2674168015084057,24.47758356902974,0.3833052261772798,100
13,474,47026,0.3833052261772798,3.4184694404064944,23.851864376017183,0.3833052261772798,100
13,475,47125,0.3833052261772798,3.3675166668712975,23.575645457713343,0.3833052261772798,100
13,476,47224,0.3833052261772798,3.308300210773622,24.19485873166471,0.3833052261772798,100
13,477,47323,0.3833052261772798,3.397278928419807,29.353294401515694,0.3833052261772798,100
13,478,47422,0.3833052261772798,2.1480306282647614,14.953584798662389,0.3833052261772798,100
13,479,47521,0.3833052261772798,2.903261919122333,24.12371030118465,0.3833052261772798,100
13,480,47620,0.3833052261772798,3.031757973421396,17.389970579498158,0.3833052261772798,100
13,481,47719,0.3833052261772798,3.1095409425812655,24.242586345316937,0.3833052261772798,100
13,482,47818,0.3833052261772798,3.5583925492195454,18.6604049217511,0.3833052261772798,100
13,483,47917,0.3833052261772798,3.3409802843106706,25.707007991605032,0.3833052261772798,100
13,484,48016,0.3833052261772798,3.530575684194871,30.524482120602304,0.3833052261772798,100
13,485,48115,0.3833052261772798,2.927174155633602,27.980940669776643,0.3833052261772798,100
13,486,48214,0.3833052261772798,2.499612249881182,17.886911871452373,0.3833052261772798,100
13,487,48313,0.3833052261772798,2.642200111455123,17.534093472980725,0.3833052261772798,100
13,488,48412,0.3833052261772798,3.1974736632007232,20.473035334586637,0.3833052261772798,100
13,489,48511,0.3833052261772798,3.593734915302187,16.005772241547334,0.3833052261772798,100
13,490,48610,0.3833052261772798,3.119858347408029,20.736167999543902,0.3833052261772798,100
13,491,48709,0.3833052261772798,2.5742281450338194,13.248945805198375,0.3833052261772798,100
13,492,48808,0.3833052261772798,2.9606580880397995,27.0404482320702,0.3833052261772798,100
13,493,48907,0.3833052261772798,2.5037782205219448,13.609573890782876,0.3833052261772798,100
13,494,49006,0.3833052261772798,2.391871571638859,21.005485215333284,0.3833052261772798,100
13,495,49105,0.3833052261772798,3.232924225327961,35.057009357462626,0.3833052261772798,100
13,496,49204,0.3833052261772798,2.913473518267486,21.590234796189815,0.3833052261772798,100
13,497,49303,0.3833052261772798,3.1882798376328587,17.135886653603524,0.3833052261772798,100
13,498,49402,0.3833052261772798,2.9844239918836557,24.291292785891127,0.3833052261772798,100
13,499,49501,0.3833052261772798,2.6234238693640686,14.648217988043628,0.3833052261772798,100
13,500,49600,0.3833052261772798,3.604906632119159,23.185576594189172,0.3833052261772798,100
13,501,49699,0.3833052261772798,2.795904165175539,19.58783246020007,0.3833052261772798,100
13,502,49798,0.3833052261772798,3.3181105676352645,19.482077100242982,0.3833052261772798,100
13,503,49897,0.3833052261772798,3.073205094473993,41.63205102156257,0.3833052261772798,100
13,504,49996,0.3833052261772798,2.916910992512307,15.118929879633573,0.3833052261772798,100
13,505,50000,0.3833052261772798,2.552466777927592,12.553453225328,0.3833052261772798,100
14,0,100,169.47600176231404,558.0308180047793,1024.6897999971623,169.47600176231404,100
14,1,199,105.05077090246157,305.5305736342696,591.0139575943479,105.05077090246157,100
14,2,298,27.540990780110505,142.07823748616684,404.7993040253621,27.540990780110505,100
14,3,397,17.336261439335384,72.4060499794933,222.51714892350526,17.336261439335384,100
14,4,496,8.71240852629715,33.876245480601966,127.61112236125975,8.71240852629715,100
14,5,595,3.2329655477341315,17.201533275597992,54.256110677194265,3.2329655477341315,100
14,6,694,1.8326755306106741,11.870831691504755,27.92606211701719,1.8326755306106741,100
14,7,793,0.7595804792820231,8.237399480662322,33.7947629357164,0.7595804792820231,100
14,8,892,0.574521125169487,4.719160746545477,21.051293804221825,0.574521125169487,100
14,9,991,0.4619261002141217,4.852878560961012,48.53828685683266,0.4619261002141217,100
14,10,1090,0.40813009081542473,3.832050529134617,18.173031376847835,0.40813009081542473,100
14,11,1189,0.3331929313650671,4.743784900009367,37.840534898793024,0.3331929313650671,100
14,12,1288,0.3331929313650671,4.1384451465737975,26.87123728501563,0.3331929313650671,100
14,13,1387,0.3331929313650671,3.7835113747699256,17.758831211402295,0.3331929313650671,100
14,14,1486,0.24464318410472752,3.486098574914139,16.413946684632634,0.24464318410472752,100
14,15,1585,0.24464318410472752,4.85053032716661,25.766214621990276,0.24464318410472752,100
14,16,1684,0.24464318410472752,4.476114079627342,24.026360764477197,0.24464318410472752,100
14,17,1783,0.24464318410472752,3.702241303186796,21.425758426503425,0.24464318410472752,100
14,18,1882,0.24464318410472752,4.145234848591882,32.756483929528486,0.24464318410472752,100
14,19,1981,0.24464318410472752,3.7277976941223967,24.322992865279602,0.24464318410472752,100
14,20,2080,0.24464318410472752,3.743458875879958,18.739504726243176,0.24464318410472752,100
14,21,2179,0.24464318410472752,3.5072911403268363,32.592749202868646,0.24464318410472752,100
14,22,2278,0.24464318410472752,3.3465195741200944,17.47401180953642,0.24464318410472752,100
14,23,2377,0.24464318410472752,3.6715883401973524,37.29892625821981,0.24464318410472752,100
14,24,2476,0.24464318410472752,4.3028438655042285,27.933565754928228,0.24464318410472752,100
14,25,2575,0.24464318410472752,3.4292430390060145,25.642757616398075,0.24464318410472752,100
14,26,2674,0.24464318410472752,3.785342046163883,17.4296175430526,0.24464318410472752,100
14,27,2773,0.24464318410472752,3.509038823904764,21.34639987065276,0.24464318410472752,100
14,28,2872,0.24464318410472752,3.3571826335115826,18.981964452772342,0.24464318410472752,100
14,29,2971,0.24464318410472752,4.06968959686588,30.68693730803614,0.24464318410472752,100
14,30,3070,0.24464318410472752,3.487632164730206,41.44562430376395,0.24464318410472752,100
14,31,3169,0.24464318410472752,3.7102443319387595,22.00440199738869,0.24464318410472752,100
14,32,3268,0.24464318410472752,2.734547863839859,18.651526622176508,0.24464318410472752,100
14,33,3367,0.24464318410472752,3.3857799825823838,19.272353995356955,0.24464318410472752,100
14,34,3466,0.24464318410472752,3.408645031221508,20.994456301380808,0.24464318410472752,100
14,35,3565,0.24464318410472752,2.758391071101408,14.938416399366194,0.24464318410472752,100
14,36,3664,0.24464318410472752,3.4987826717363437,19.7845915591382,0.24464318410472752,100
14,37,3763,0.24464318410472752,3.131014675899353,23.977795888403204,0.24464318410472752,100
14,38,3862,0.24464318410472752,3.1006879892846233,17.37866197323315,0.24464318410472752,100
14,39,3961,0.24464318410472752,3.055525453180571,23.14731612266522,0.24464318410472752,100
14,40,4060,0.24464318410472752,3.9436722076518844,20.645062659097004,0.24464318410472752,100
14,41,4159,0.24464318410472752,3.6842738137684647,19.509677699935434,0.24464318410472752,100
14,42,4258,0.24464318410472752,2.7038900398725616,15.414682829036547,0.24464318410472752,100
14,43,4357,0.24464318410472752,3.1731939292278075,19.431074880542216,0.24464318410472752,100
14,44,4456,0.24464318410472752,3.0544342867655114,26.62319915925827,0.24464318410472752,100
14,45,4555,0.24464318410472752,2.822037492676982,19.75959226571499,0.24464318410472752,100
14,46,4654,0.24464318410472752,3.022058479653458,27.30104423372109,0.24464318410472752,100
14,47,4753,0.24464318410472752,3.532693553296415,29.629849811457653,0.24464318410472752,100
14,48,4852,0.24464318410472752,2.604291972882824,26.732695007748752,0.24464318410472752,100
14,49,4951,0.24464318410472752,3.0760706342314093,18.373383340747857,0.24464318410472752,100
14,50,5050,0.24464318410472752,3.4622292043832585,17.857773847487408,0.24464318410472752,100
14,51,5149,0.24464318410472752,3.078380027047325,10.731635480242353,0.24464318410472752,100
14,52,5248,0.24464318410472752,2.794599446104613,41.35277228127123,0.24464318410472752,100
14,53,5347,0.24464318410472752,3.643540005428897,50.93054446603919,0.24464318410472752,100
14,54,5446,0.24464318410472752,2.967819149202122,15.424171141653876,0.24464318410472752,100
14,55,5545,0.24464318410472752,3.8176282654521456,22.330094777098324,0.24464318410472752,100
14,56,5644,0.24464318410472752,3.238147289516209,24.76541233997036,0.24464318410472752,100
14,57,5743,0.24464318410472752,2.60449096622755,14.570683313167441,0.24464318410472752,100
14,58,5842,0.24464318410472752,2.5895694754293945,22.104366699606636,0.24464318410472752,100
14,59,5941,0.24464318410472752,3.1860672680012243,28.527997758667993,0.24464318410472752,100
14,60,6040,0.24464318410472752,3.1512319274892118,16.708191825713314,0.24464318410472752,100
14,61,6139,0.24464318410472752,2.8714168171194183,16.564575713760128,0.24464318410472752,100
14,62,6238,0.24464318410472752,2.8486842936249666,17.315497405899222,0.24464318410472752,100
14,63,6337,0.24464318410472752,3.142547990255012,23.257009682986304,0.24464318410472752,100
14,64,6436,0.24464318410472752,2.5929753938302276,17.695358128810412,0.24464318410472752,100
14,65,6535,0.24464318410472752,3.5565411454308737,29.532874199302842,0.24464318410472752,100
14,66,6634,0.24464318410472752,3.58223611268384,26.26486690532507,0.24464318410472752,100
14,67,6733,0.24464318410472752,2.650732469581139,31.496010722318445,0.24464318410472752,100
14,68,6832,0.24464318410472752,4.164358305620773,36.29386107498367,0.24464318410472752,100
14,69,6931,0.24464318410472752,3.6939251489320397,35.479315191314264,0.24464318410472752,100
14,70,7030,0.24464318410472752,2.6208741142595087,20.719667311079018,0.24464318410472752,100
14,71,7129,0.24464318410472752,2.7818638427544373,19.80379103204452,0.24464318410472752,100
14,72,7228,0.24464318410472752,3.021416691112297,22.349468484963573,0.24464318410472752,100
14,73,7327,0.24464318410472752,2.6029733006122244,17.311852357772157,0.24464318410472752,100
14,74,7426,0.24464318410472752,3.7948239135742035,22.17687461715669,0.24464318410472752,100
14,75,7525,0.24464318410472752,3.910348496923189,23.82191115697715,0.24464318410472752,100
14,76,7624,0.24464318410472752,2.985123454721511,14.609381091935306,0.24464318410472752,100
14,77,7723,0.24464318410472752,3.2795161168694347,29.818751406442754,0.24464318410472752,100
14,78,7822,0.24464318410472752,2.8152336379847354,17.57239633750692,0.24464318410472752,100
14,79,7921,0.24464318410472752,2.631549856658725,20.401441946800933,0.24464318410472752,100
14,80,8020,0.24464318410472752,2.8210445950464793,15.251442912413422,0.24464318410472752,100
14,81,8119,0.24464318410472752,3.6258313065840237,24.26868047755455,0.24464318410472752,100
14,82,8218,0.24464318410472752,3.527496446508306,20.402463416579366,0.24464318410472752,100
14,83,8317,0.24464318410472752,2.831516210664178,23.371198332800773,0.24464318410472752,100
14,84,8416,0.24464318410472752,2.8264169136796733,14.444506702588889,0.24464318410472752,100
14,85,8515,0.24464318410472752,3.1888174306962878,24.096969022976666,0.24464318410472752,100
14,86,8614,0.24464318410472752,3.5087087858756103,25.45377258390081,0.24464318410472752,100
14,87,8713,0.24464318410472752,3.685131194695302,29.772860419356,0.24464318410472752,100
14,88,8812,0.24464318410472752,2.952732156039581,15.75763899432062,0.24464318410472752,100
14,89,8911,0.24464318410472752,2.7881951036901564,21.93761633414303,0.24464318410472752,100
14,90,9010,0.24464318410472752,2.7969017605993804,16.40913167773172,0.24464318410472752,100
14,91,9109,0.24464318410472752,2.427102416968537,21.483762391330067,0.24464318410472752,100
14,92,9208,0.24464318410472752,2.960506102783628,23.265197640848307,0.24464318410472752,100
14,93,9307,0.24464318410472752,2.8160018671670937,18.296503837102367,0.24464318410472752,100
14,94,9406,0.24464318410472752,3.2185007323241517,22.96004106862449,0.24464318410472752,100
14,95,9505,0.24464318410472752,3.294961523420957,21.820854767510507,0.24464318410472752,100
14,96,9604,0.24464318410472752,2.850424998216559,30.410160421458748,0.24464318410472752,100
14,97,9703,0.24464318410472752,2.941225908315665,18.661175538519036,0.24464318410472752,100
14,98,9802,0.24464318410472752,2.2806690197962927,15.19220563438543,0.24464318410472752,100
14,99,9901,0.24464318410472752,2.8716727969330007,19.29138983576522,0.24464318410472752,100
14,100,10000,0.24464318410472752,3.4940075388682605,20.59138202581779,0.24464318410472752,100
14,101,10099,0.24464318410472752,3.5280250844216337,25.876927691944758,0.24464318410472752,100
14,102,10198,0.24464318410472752,3.444894038536315,18.227394220817924,0.24464318410472752,100
14,103,10297,0.24464318410472752,2.7081486980033507,18.718855754653312,0.24464318410472752,100
14,104,10396,0.24464318410472752,3.3210856092354066,25.58548213960322,0.24464318410472752,100
14,105,10495,0.24464318410472752,2.679319853194976,25.92679942731332,0.24464318410472752,100
14,106,10594,0.24464318410472752,3.129695657517603,25.146997082934465,0.24464318410472752,100
14,107,10693,0.24464318410472752,3.487557127272623,26.498787603905573,0.24464318410472752,100
14,108,10792,0.24464318410472752,3.0721797772564305,16.75649484419707,0.24464318410472752,100
14,109,10891,0.24464318410472752,2.8484349901811465,26.056072892467864,0.24464318410472752,100
14,110,10990,0.24464318410472752,3.0153718900853552,19.79352980226759,0.24464318410472752,100
14,111,11089,0.24464318410472752,3.213411855152748,19.096492549455082,0.24464318410472752,100
14,112,11188,0.24464318410472752,2.5612351124155004,17.157606306290795,0.24464318410472752,100
14,113,11287,0.24464318410472752,2.5580378334441294,22.091211215033223,0.24464318410472752,100
14,114,11386,0.24464318410472752,2.8141087960094042,14.210454570748816,0.24464318410472752,100
14,115,11485,0.24464318410472752,2.9661830427303437,17.235955545817223,0.24464318410472752,100
14,116,11584,0.24464318410472752,3.5480912754081517,18.989256971859323,0.24464318410472752,100
14,117,11683,0.24464318410472752,2.919308928245183,15.220888869823062,0.24464318410472752,100
14,118,11782,0.24464318410472752,2.9771834464798905,21.515534763357817,0.24464318410472752,100
14,119,11881,0.24464318410472752,2.6742171707250004,16.03862758909571,0.24464318410472752,100
14,120,11980,0.24464318410472752,2.3887280266883697,13.423432457366221,0.24464318410472752,100
14,121,12079,0.24464318410472752,3.30409731787739,22.9909578360426,0.24464318410472752,100
14,122,12178,0.24464318410472752,3.199173011059592,14.081531298002911,0.24464318410472752,100
14,123,12277,0.24464318410472752,2.7982123188963044,19.623825091525983,0.24464318410472752,100
14,124,12376,0.24464318410472752,3.213266439214041,22.905419409977046,0.24464318410472752,100
14,125,12475,0.24464318410472752,3.911498521383883,42.46517498512139,0.24464318410472752,100
14,126,12574,0.24464318410472752,3.6674838213428504,26.60941288547294,0.24464318410472752,100
14,127,12673,0.24464318410472752,3.5198464258961994,22.365177040891215,0.24464318410472752,100
14,128,12772,0.24464318410472752,3.482566662781121,38.13572927321789,0.24464318410472752,100
14,129,12871,0.24464318410472752,3.713401978511476,33.38262948933188,0.24464318410472752,100
14,130,12970,0.24464318410472752,2.7556781343102785,14.784158008758208,0.24464318410472752,100
14,131,13069,0.24464318410472752,3.1260464721795453,14.869109206182808,0.24464318410472752,100
14,132,13168,0.24464318410472752,3.081078973988095,39.319835851663136,0.24464318410472752,100
14,133,13267,0.24464318410472752,2.298857240036821,11.06671831696119,0.24464318410472752,100
14,134,13366,0.24464318410472752,3.894209111217933,34.07537325259278,0.24464318410472752,100
14,135,13465,0.24464318410472752,3.171643962316214,30.707925384850256,0.24464318410472752,100
14,136,13564,0.24464318410472752,2.6698460271874005,17.913209814909223,0.24464318410472752,100
14,137,13663,0.24464318410472752,3.7307913131126504,15.418370153462368,0.24464318410472752,100
14,138,13762,0.24464318410472752,3.252891505403576,23.124831391598242,0.24464318410472752,100
14,139,13861,0.24464318410472752,3.244105888847268,23.76001703120974,0.24464318410472752,100
14,140,13960,0.24464318410472752,3.282938466535325,25.75388598019683,0.24464318410472752,100
14,141,14059,0.24464318410472752,2.6096824979096476,19.792668006710244,0.24464318410472752,100
14,142,14158,0.24464318410472752,3.067069245123812,20.398604886597088,0.24464318410472752,100
14,143,14257,0.24464318410472752,3.4594614673784823,23.39697080533002,0.24464318410472752,100
14,144,14356,0.24464318410472752,3.92037870360428,26.88535249339597,0.24464318410472752,100
14,145,14455,0.24464318410472752,3.3167462080495618,20.18039454113329,0.24464318410472752,100
14,146,14554,0.24464318410472752,3.2615209242088046,26.915589117885578,0.24464318410472752,100
14,147,14653,0.24464318410472752,3.428589288018786,16.10888154059908,0.24464318410472752,100
14,148,14752,0.24464318410472752,3.3863845813616416,28.640634106423132,0.24464318410472752,100
14,149,14851,0.24464318410472752,2.676529214661895,27.26418956148529,0.24464318410472752,100
14,150,14950,0.24464318410472752,2.868904744737277,14.373811555909715,0.24464318410472752,100
14,151,15049,0.24464318410472752,3.6434746078447637,41.34058471172756,0.24464318410472752,100
14,152,15148,0.24464318410472752,3.0327607726533525,23.821751390239406,0.24464318410472752,100
14,153,15247,0.24464318410472752,2.92039015325658,18.484920106008094,0.24464318410472752,100
14,154,15346,0.24464318410472752,2.9455898475459605,24.60347724893508,0.24464318410472752,100
14,155,15445,0.24464318410472752,2.339639674288546,14.725434869425527,0.24464318410472752,100
14,156,15544,0.24464318410472752,2.844984170566866,15.95354836124094,0.24464318410472752,100
14,157,15643,0.24464318410472752,2.561748206990863,13.101369059064305,0.24464318410472752,100
14,158,15742,0.24464318410472752,2.753543636601725,18.151207017495093,0.24464318410472752,100
14,159,15841,0.24464318410472752,3.348467660220915,22.9468674371047,0.24464318410472752,100
14,160,15940,0.24464318410472752,3.022087108424704,24.319085401506133,0.24464318410472752,100
14,161,16039,0.24464318410472752,2.965947798868116,19.588846649604232,0.24464318410472752,100
14,162,16138,0.24464318410472752,2.90232031371076,22.698863329440286,0.24464318410472752,100
14,163,16237,0.24464318410472752,2.750270677808948,20.07584844639004,0.24464318410472752,100
14,164,16336,0.24464318410472752,2.691906940496969,26.62300763004887,0.24464318410472752,100
14,165,16435,0.24464318410472752,4.011224999454481,26.968499353079284,0.24464318410472752,100
14,166,16534,0.24464318410472752,2.823788685616194,21.238876021991505,0.24464318410472752,100
14,167,16633,0.24464318410472752,2.210123081471772,21.02060898216769,0.24464318410472752,100
14,168,16732,0.24464318410472752,2.517204692030024,21.978859291290426,0.24464318410472752,100
14,169,16831,0.24464318410472752,3.391779793619432,18.188848479740212,0.24464318410472752,100
14,170,16930,0.24464318410472752,3.5147131951526758,30.24629417659652,0.24464318410472752,100
14,171,17029,0.24464318410472752,3.583836618601075,25.073846953602438,0.24464318410472752,100
14,172,17128,0.24464318410472752,3.3954909962741238,12.430501380980925,0.24464318410472752,100
14,173,17227,0.24464318410472752,3.0661203894244555,30.413731506345382,0.24464318410472752,100
14,174,17326,0.24464318410472752,2.6815149686015225,19.15343070090464,0.24464318410472752,100
14,175,17425,0.24464318410472752,3.240916326435732,19.44554391139162,0.24464318410472752,100
14,176,17524,0.24464318410472752,3.499563207051206,21.30749193862755,0.24464318410472752,100
14,177,17623,0.24464318410472752,2.9898632182162688,15.734710772501181,0.24464318410472752,100
14,178,17722,0.24464318410472752,2.678746858789268,21.191022498107635,0.24464318410472752,100
14,179,17821,0.24464318410472752,3.7917190663051787,21.31465792193711,0.24464318410472752,100
14,180,17920,0.24464318410472752,3.440810207444291,15.514475852018633,0.24464318410472752,100
14,181,18019,0.24464318410472752,2.9512944178891267,22.33720872594378,0.24464318410472752,100
14,182,18118,0.24464318410472752,3.650380069891869,26.756820974067587,0.24464318410472752,100
14,183,18217,0.24464318410472752,2.691250505212376,15.738447622475407,0.24464318410472752,100
14,184,18316,0.24464318410472752,2.664653192871459,14.94581757240749,0.24464318410472752,100
14,185,18415,0.24464318410472752,2.912774186092485,20.437698308324038,0.24464318410472752,100
14,186,18514,0.24464318410472752,3.8188478842797666,28.200299082335253,0.24464318410472752,100
14,187,18613,0.24464318410472752,3.2521628241793756,16.292056590142344,0.24464318410472752,100
14,188,18712,0.24464318410472752,3.5425228523016274,20.51758978452518,0.24464318410472752,100
14,189,18811,0.24464318410472752,2.6180257408517127,11.470269687020586,0.24464318410472752,100
14,190,18910,0.24464318410472752,3.47853330676017,21.283150276622287,0.24464318410472752,100
14,191,19009,0.24464318410472752,3.5552476847569725,19.33585010676806,0.24464318410472752,100
14,192,19108,0.24464318410472752,3.586495704242736,25.267791719811076,0.24464318410472752,100
14,193,19207,0.24464318410472752,3.0544678062255475,19.892474408892326,0.24464318410472752,100
14,194,19306,0.24464318410472752,3.2927741668052666,24.68082549082439,0.24464318410472752,100
14,195,19405,0.24464318410472752,3.632880039609663,19.650383659992364,0.24464318410472752,100
14,196,19504,0.24464318410472752,2.393405682673988,26.14133062452282,0.24464318410472752,100
14,197,19603,0.24464318410472752,2.8072090424962735,23.08697400823336,0.24464318410472752,100
14,198,19702,0.24464318410472752,2.8473626796753932,27.66550751942752,0.24464318410472752,100
14,199,19801,0.24464318410472752,2.788763470574861,24.31464720999305,0.24464318410472752,100
14,200,19900,0.24464318410472752,2.947024170781867,25.249854336899986,0.24464318410472752,100
14,201,19999,0.24464318410472752,2.638863960123688,18.315753478692333,0.24464318410472752,100
14,202,20098,0.24464318410472752,3.492549259083087,26.273217242077724,0.24464318410472752,100
14,203,20197,0.24464318410472752,2.995558746573498,18.411055964759022,0.24464318410472752,100
14,204,20296,0.24464318410472752,2.8117442790809792,18.49653953670303,0.24464318410472752,100
14,205,20395,0.24464318410472752,2.653032144954267,25.05399331992241,0.24464318410472752,100
14,206,20494,0.24464318410472752,3.7473364681020764,23.29630925398281,0.24464318410472752,100
14,207,20593,0.24464318410472752,3.308731691313296,28.48629350570933,0.24464318410472752,100
14,208,20692,0.24464318410472752,3.2683570691954973,16.656822927879503,0.24464318410472752,100
14,209,20791,0.24464318410472752,3.5196896545169967,20.972146192621057,0.24464318410472752,100
14,210,20890,0.24464318410472752,2.749889273515216,14.327013219818745,0.24464318410472752,100
14,211,20989,0.24464318410472752,3.0559255969135255,34.05517526628389,0.24464318410472752,100
14,212,21088,0.24464318410472752,3.9625646440882893,26.352179766300885,0.24464318410472752,100
14,213,21187,0.24464318410472752,2.7084715077793255,20.659472508971724,0.24464318410472752,100
14,214,21286,0.24464318410472752,2.4794516268150364,12.60667293693044,0.24464318410472752,100
14,215,21385,0.24464318410472752,3.230272290342413,25.788583175775035,0.24464318410472752,100
14,216,21484,0.24464318410472752,3.14340465011516,35.84314814898476,0.24464318410472752,100
14,217,21583,0.24464318410472752,3.2488028350768503,19.47728377940335,0.24464318410472752,100
14,218,21682,0.24464318410472752,3.0276022185016758,24.105540970305046,0.24464318410472752,100
14,219,21781,0.24464318410472752,3.200421698211352,28.910256186186444,0.24464318410472752,100
14,220,21880,0.24464318410472752,3.4798310581505665,24.20246211148903,0.24464318410472752,100
14,221,21979,0.24464318410472752,2.5993360548425266,20.669662804663325,0.24464318410472752,100
14,222,22078,0.24464318410472752,2.772898302905493,17.650384642762642,0.24464318410472752,100
14,223,22177,0.24464318410472752,3.2864110414449788,33.84339006823197,0.24464318410472752,100
14,224,22276,0.24464318410472752,2.7257390154648813,37.47302351664227,0.24464318410472752,100
14,225,22375,0.24464318410472752,4.038024829799263,19.82842490656671,0.24464318410472752,100
14,226,22474,0.24464318410472752,3.4020075040534237,33.45893048892585,0.24464318410472752,100
14,227,22573,0.24464318410472752,3.0098584308097696,18.103605434268292,0.24464318410472752,100
14,228,22672,0.24464318410472752,3.162417716725203,31.49953685320648,0.24464318410472752,100
14,229,22771,0.24464318410472752,3.252327161128727,16.052728706781657,0.24464318410472752,100
14,230,22870,0.24464318410472752,3.318795802843795,19.33490593276089,0.24464318410472752,100
14,231,22969,0.24464318410472752,2.8845712701409605,15.815661927553752,0.24464318410472752,100
14,232,23068,0.24464318410472752,3.0351809222828336,18.987973037853546,0.24464318410472752,100
14,233,23167,0.24464318410472752,3.4734897646177725,20.525632905678492,0.24464318410472752,100
14,234,23266,0.24464318410472752,4.486779370469794,25.448988080148553,0.24464318410472752,100
14,235,23365,0.24464318410472752,3.37765057864568,21.638216820326978,0.24464318410472752,100
14,236,23464,0.24464318410472752,2.8411062180613538,25.637819465438863,0.24464318410472752,100
14,237,23563,0.24464318410472752,3.110399195259294,19.067521614662176,0.24464318410472752,100
14,238,23662,0.24464318410472752,3.19728049410226,20.150512929786228,0.24464318410472752,100
14,239,23761,0.24464318410472752,4.443444281838539,34.796375616303514,0.24464318410472752,100
14,240,23860,0.24464318410472752,4.019217925690756,30.225984555285184,0.24464318410472752,100
14,241,23959,0.24464318410472752,3.33520809771868,21.61342856385051,0.24464318410472752,100
14,242,24058,0.24464318410472752,2.692621256192149,25.37162734249138,0.24464318410472752,100
14,243,24157,0.24464318410472752,3.758009786551889,44.041719465959524,0.24464318410472752,100
14,244,24256,0.24464318410472752,3.676134636221248,42.431215087400176,0.24464318410472752,100
14,245,24355,0.24464318410472752,2.748471932342257,13.876036672138232,0.24464318410472752,100
14,246,24454,0.24464318410472752,2.894029034711189,13.586504667016518,0.24464318410472752,100
14,247,24553,0.24464318410472752,3.2229022737469197,18.40086668928902,0.24464318410472752,100
14,248,24652,0.24464318410472752,3.187624031464566,22.360262324038956,0.24464318410472752,100
14,249,24751,0.24464318410472752,3.2906117901058423,21.38415351656851,0.24464318410472752,100
14,250,24850,0.24464318410472752,3.168385905183464,26.406560797350085,0.24464318410472752,100
14,251,24949,0.24464318410472752,3.041536611693657,18.9621839378361,0.24464318410472752,100
14,252,25048,0.24464318410472752,3.2081268616389824,19.24697797305336,0.24464318410472752,100
14,253,25147,0.24464318410472752,3.5780213472425224,39.14850643339911,0.24464318410472752,100
14,254,25246,0.24464318410472752,3.488539633520453,17.10391388286061,0.24464318410472752,100
14,255,25345,0.24464318410472752,2.8838474406987813,18.788892222292755,0.24464318410472752,100
14,256,25444,0.24464318410472752,3.2855362305783298,29.44387272051431,0.24464318410472752,100
14,257,25543,0.24464318410472752,3.4567881305278707,25.246367354321908,0.24464318410472752,100
14,258,25642,0.24464318410472752,2.6646429599044246,15.509926410289808,0.24464318410472752,100
14,259,25741,0.24464318410472752,3.2625097230857687,24.3333656230643,0.24464318410472752,100
14,260,25840,0.24464318410472752,2.7938631864156838,20.091480704710634,0.24464318410472752,100
14,261,25939,0.24464318410472752,2.022345324886865,11.85394308160629,0.24464318410472752,100
14,262,26038,0.24464318410472752,2.7475500573692777,35.73451212505144,0.24464318410472752,100
14,263,26137,0.24464318410472752,2.9428930350716573,26.323043415082015,0.24464318410472752,100
14,264,26236,0.24464318410472752,3.607873941201528,26.512286660918992,0.24464318410472752,100
14,265,26335,0.24464318410472752,2.651782760562572,14.081013884020967,0.24464318410472752,100
14,266,26434,0.24464318410472752,3.031069163854962,19.710307087728665,0.24464318410472752,100
14,267,26533,0.24464318410472752,2.644796491361845,37.92616226790362,0.24464318410472752,100
14,268,26632,0.24464318410472752,3.229935937161665,21.512699088582014,0.24464318410472752,100
14,269,26731,0.24464318410472752,2.423957465750253,17.624053365526375,0.24464318410472752,100
14,270,26830,0.24464318410472752,2.536702594312312,16.913944740444272,0.24464318410472752,100
14,271,26929,0.24464318410472752,3.3651546992442674,18.120092520263086,0.24464318410472752,100
14,272,27028,0.24464318410472752,3.4484408931617225,23.385911854795502,0.24464318410472752,100
14,273,27127,0.24464318410472752,3.101486717767727,20.528620589983646,0.24464318410472752,100
14,274,27226,0.24464318410472752,2.825961116555443,17.678196457768188,0.24464318410472752,100
14,275,27325,0.24464318410472752,3.3022969871555987,25.110741813770243,0.24464318410472752,100
14,276,27424,0.24464318410472752,2.7309722695592895,13.869781354877208,0.24464318410472752,100
14,277,27523,0.24464318410472752,2.7664744919874793,20.48309899315085,0.24464318410472752,100
14,278,27622,0.24464318410472752,3.168264382035355,27.896948494128395,0.24464318410472752,100
14,279,27721,0.24464318410472752,2.892683657314605,15.052744854038068,0.24464318410472752,100
14,280,27820,0.24464318410472752,3.384415730437542,29.639268595015807,0.24464318410472752,100
14,281,27919,0.24464318410472752,2.826341065743636,17.81688658118063,0.24464318410472752,100
14,282,28018,0.24464318410472752,2.518009007766558,17.925418361357703,0.24464318410472752,100
14,283,28117,0.24464318410472752,2.837002599053644,18.57604186106548,0.24464318410472752,100
14,284,28216,0.24464318410472752,2.7072582935107032,24.035701403144163,0.24464318410472752,100
14,285,28315,0.24464318410472752,3.325483882203141,32.76514031245027,0.24464318410472752,100
14,286,28414,0.24464318410472752,3.101371847067842,16.09922028610078,0.24464318410472752,100
14,287,28513,0.24464318410472752,2.9245165293261506,34.26132656293258,0.24464318410472752,100
14,288,28612,0.24464318410472752,3.2565918868220955,21.694245824304325,0.24464318410472752,100
14,289,28711,0.24464318410472752,3.151742793893917,25.960785130333825,0.24464318410472752,100
14,290,28810,0.24464318410472752,2.7927557323794865,19.945144005129503,0.24464318410472752,100
14,291,28909,0.24464318410472752,3.305545880383493,21.024030789087927,0.24464318410472752,100
14,292,29008,0.24464318410472752,3.58098641189776,37.9979359229912,0.24464318410472752,100
14,293,29107,0.24464318410472752,3.5038846268210215,30.478156938755873,0.24464318410472752,100
14,294,29206,0.24464318410472752,3.099816817312365,43.71973388914081,0.24464318410472752,100
14,295,29305,0.24464318410472752,2.823003551841724,25.687954575867657,0.24464318410472752,100
14,296,29404,0.24464318410472752,3.9347672294037785,32.11470839058043,0.24464318410472752,100
14,297,29503,0.24464318410472752,2.3137040496621917,14.531322144484331,0.24464318410472752,100
14,298,29602,0.24464318410472752,3.0059178655852827,17.002694246733896,0.24464318410472752,100
14,299,29701,0.24464318410472752,2.621748506616378,19.500672487690835,0.24464318410472752,100
14,300,29800,0.24464318410472752,3.741544331426502,22.721053052978938,0.24464318410472752,100
14,301,29899,0.24464318410472752,3.5144536888725115,21.771924122329377,0.24464318410472752,100
14,302,29998,0.24464318410472752,3.53478661919895,20.082172867351304,0.24464318410472752,100
14,303,30097,0.24464318410472752,2.060606832091039,14.499738402849344,0.24464318410472752,100
14,304,30196,0.24464318410472752,3.3160007440341777,30.06668988222235,0.24464318410472752,100
14,305,30295,0.24464318410472752,3.2106172837707514,15.25966704512131,0.24464318410472752,100
14,306,30394,0.24464318410472752,3.787402167674798,21.29848131907505,0.24464318410472752,100
14,307,30493,0.24464318410472752,3.427213451965898,29.39488982871952,0.24464318410472752,100
14,308,30592,0.24464318410472752,3.0398339784648893,29.839836573592518,0.24464318410472752,100
14,309,30691,0.24464318410472752,3.0659217762644237,17.19838959619167,0.24464318410472752,100
14,310,30790,0.24464318410472752,3.1547677419748994,20.592028796662458,0.24464318410472752,100
14,311,30889,0.24464318410472752,3.2114095516543015,24.944743800666984,0.24464318410472752,100
14,312,30988,0.24464318410472752,2.7622801636967464,30.18636595279527,0.24464318410472752,100
14,313,31087,0.24464318410472752,3.2152713854095607,20.99351481373733,0.24464318410472752,100
14,314,31186,0.24464318410472752,3.176628618307828,28.14486831776248,0.24464318410472752,100
14,315,31285,0.24464318410472752,2.71788890191643,15.949507178211945,0.24464318410472752,100
14,316,31384,0.24464318410472752,3.163452239844509,19.767132768750642,0.24464318410472752,100
14,317,31483,0.24464318410472752,2.6824499148865777,28.35234854281609,0.24464318410472752,100
14,318,31582,0.24464318410472752,3.307829725119056,14.851792985664892,0.24464318410472752,100
14,319,31681,0.24464318410472752,3.354543074859028,40.201855337411075,0.24464318410472752,100
14,320,31780,0.24464318410472752,3.090740423689088,15.910103390165794,0.24464318410472752,100
14,321,31879,0.24464318410472752,3.1771272258204504,17.01124780082293,0.24464318410472752,100
14,322,31978,0.24464318410472752,3.5839457147254756,17.87876618080624,0.24464318410472752,100
14,323,32077,0.24464318410472752,3.05966349108865,21.621834767122813,0.24464318410472752,100
14,324,32176,0.24464318410472752,2.9722761565573075,24.517776339395105,0.24464318410472752,100
14,325,32275,0.24464318410472752,3.267384287411362,31.233734869758358,0.24464318410472752,100
14,326,32374,0.24464318410472752,3.1469172367213782,19.671326901905168,0.24464318410472752,100
14,327,32473,0.24464318410472752,3.4102738138284194,16.17976026250752,0.24464318410472752,100
14,328,32572,0.24464318410472752,3.210268887383983,18.885054335745863,0.24464318410472752,100
14,329,32671,0.24464318410472752,2.7971995948508583,20.569792193520126,0.24464318410472752,100
14,330,32770,0.24464318410472752,3.1074921155092174,32.360305611137136,0.24464318410472752,100
14,331,32869,0.24464318410472752,2.8528777561200593,22.88894085879174,0.24464318410472752,100
14,332,32968,0.24464318410472752,2.711303714071253,17.87795759820404,0.24464318410472752,100
14,333,33067,0.24464318410472752,2.7995186624469195,30.091344691376996,0.24464318410472752,100
14,334,33166,0.24464318410472752,2.2567499023355584,26.843995297974693,0.24464318410472752,100
14,335,33265,0.24464318410472752,3.410140665283316,26.76803215480145,0.24464318410472752,100
14,336,33364,0.24464318410472752,2.9129824781704077,23.715967469268744,0.24464318410472752,100
14,337,33463,0.24464318410472752,3.1084018546012766,34.05016063643245,0.24464318410472752,100
14,338,33562,0.24464318410472752,3.6485723399595065,17.658947835294303,0.24464318410472752,100
14,339,33661,0.24464318410472752,2.5090771899712805,19.076286690546752,0.24464318410472752,100
14,340,33760,0.24464318410472752,2.650245711692146,18.471664705371218,0.24464318410472752,100
14,341,33859,0.24464318410472752,2.643435926436254,27.82075303243447,0.24464318410472752,100
14,342,33958,0.24464318410472752,3.416219103630476,26.364118857336162,0.24464318410472752,100
14,343,34057,0.24464318410472752,3.643839245703699,27.75278355821921,0.24464318410472752,100
14,344,34156,0.24464318410472752,2.7232263236495284,17.311838737169793,0.24464318410472752,100
14,345,34255,0.24464318410472752,3.3333907955163475,29.144539979339736,0.24464318410472752,100
14,346,34354,0.24464318410472752,3.3603437382113195,30.754949839071386,0.24464318410472752,100
14,347,34453,0.24464318410472752,3.382714542120189,17.94595284199596,0.24464318410472752,100
14,348,34552,0.24464318410472752,3.004152428456216,24.422540453901807,0.24464318410472752,100
14,349,34651,0.24464318410472752,2.38535168666793,14.120995602669584,0.24464318410472752,100
14,350,34750,0.24464318410472752,3.431124429824247,22.868878005507685,0.24464318410472752,100
14,351,34849,0.24464318410472752,3.2660865499240463,36.3912555537448,0.24464318410472752,100
14,352,34948,0.24464318410472752,2.83660789949708,21.451592776431884,0.24464318410472752,100
14,353,35047,0.24464318410472752,3.834784312156123,31.846205686881625,0.24464318410472752,100
14,354,35146,0.24464318410472752,2.420850594933333,23.83845363757838,0.24464318410472752,100
14,355,35245,0.24464318410472752,2.3965925004309594,19.37352444158857,0.24464318410472752,100
14,356,35344,0.24464318410472752,3.327706614510382,22.557509538939467,0.24464318410472752,100
14,357,35443,0.24464318410472752,2.705649879133681,17.29980811099898,0.24464318410472752,100
14,358,35542,0.24464318410472752,3.5725285738196852,22.9854551142837,0.24464318410472752,100
14,359,35641,0.24464318410472752,2.748019589967368,13.721944523798832,0.24464318410472752,100
14,360,35740,0.24464318410472752,2.9659960765965865,12.202935100724808,0.24464318410472752,100
14,361,35839,0.24464318410472752,2.940444373923429,21.737198097434856,0.24464318410472752,100
14,362,35938,0.24464318410472752,3.195436902699734,23.791799790768252,0.24464318410472752,100
14,363,36037,0.24464318410472752,3.013602732178361,35.63629422779043,0.24464318410472752,100
14,364,36136,0.24464318410472752,3.2919458466726566,17.520719366404926,0.24464318410472752,100
14,365,36235,0.24464318410472752,3.1422474547743247,24.710324526166566,0.24464318410472752,100
14,366,36334,0.24464318410472752,3.145158963146579,29.50197890221866,0.24464318410472752,100
14,367,36433,0.24464318410472752,2.760188824704999,30.364052142939613,0.24464318410472752,100
14,368,36532,0.24464318410472752,3.0743515433379685,37.14008210306895,0.24464318410472752,100
14,369,36631,0.24464318410472752,2.8572201438720395,22.384395413797073,0.24464318410472752,100
14,370,36730,0.24464318410472752,3.2080204401568273,16.108259983803222,0.24464318410472752,100
14,371,36829,0.24464318410472752,3.2753695416688644,21.654515911448467,0.24464318410472752,100
14,372,36928,0.24464318410472752,3.0063886253185337,19.2941000197216,0.24464318410472752,100
14,373,37027,0.24464318410472752,3.5409370979127095,40.5167690146328,0.24464318410472752,100
14,374,37126,0.24464318410472752,3.009600724742668,21.70298447166074,0.24464318410472752,100
14,375,37225,0.24464318410472752,2.2151901060878143,15.281689541844957,0.24464318410472752,100
14,376,37324,0.24464318410472752,2.7255663814749336,25.81658329742392,0.24464318410472752,100
14,377,37423,0.24464318410472752,3.158724228097617,28.252189824515447,0.24464318410472752,100
14,378,37522,0.24464318410472752,3.0632388772811776,14.515488158532639,0.24464318410472752,100
14,379,37621,0.24464318410472752,3.2911746056895232,17.140185323002093,0.24464318410472752,100
14,380,37720,0.24464318410472752,3.6178811089541068,23.325709490545055,0.24464318410472752,100
14,381,37819,0.24464318410472752,3.169853141900152,22.230808472951768,0.24464318410472752,100
14,382,37918,0.24464318410472752,2.7131780018569382,14.350746914653058,0.24464318410472752,100
14,383,38017,0.24464318410472752,3.7562141957287496,24.13505833056075,0.24464318410472752,100
14,384,38116,0.24464318410472752,3.0889667887818684,23.874019183043874,0.24464318410472752,100
14,385,38215,0.24464318410472752,3.4546478989282328,40.9072736160555,0.24464318410472752,100
14,386,38314,0.24464318410472752,2.6240727149402727,20.000761497233505,0.24464318410472752,100
14,387,38413,0.24464318410472752,3.066627365379627,20.45416509372039,0.24464318410472752,100
14,388,38512,0.24464318410472752,3.178120657342692,21.663056906683003,0.24464318410472752,100
14,389,38611,0.24464318410472752,3.150676253584246,19.742285195132972,0.24464318410472752,100
14,390,38710,0.24464318410472752,3.5845349781090827,19.66887120232855,0.24464318410472752,100
14,391,38809,0.24464318410472752,3.700958428677843,22.48260947507536,0.24464318410472752,100
14,392,38908,0.24464318410472752,3.2220323214686073,22.456316277209403,0.24464318410472752,100
14,393,39007,0.24464318410472752,3.6608455946861107,30.053599601302395,0.24464318410472752,100
14,394,39106,0.24464318410472752,3.0101502017100996,21.254786367804495,0.24464318410472752,100
14,395,39205,0.24464318410472752,2.5253743768565764,14.420623945647867,0.24464318410472752,100
14,396,39304,0.24464318410472752,2.736478626145255,25.414629403213944,0.24464318410472752,100
14,397,39403,0.24464318410472752,3.3786484462556774,19.06085375665139,0.24464318410472752,100
14,398,39502,0.24464318410472752,3.1709377880270186,31.58081781847911,0.24464318410472752,100
14,399,39601,0.24464318410472752,2.8304698590776893,15.12734017077785,0.24464318410472752,100
14,400,39700,0.24464318410472752,3.4922443096038216,24.57570045856751,0.24464318410472752,100
14,401,39799,0.24464318410472752,3.312920557073489,31.388580373637893,0.24464318410472752,100
14,402,39898,0.24464318410472752,3.440275962873194,27.1235892794789,0.24464318410472752,100
14,403,39997,0.24464318410472752,3.1896713309206306,26.631335184485568,0.24464318410472752,100
14,404,40096,0.24464318410472752,3.1251932573397276,23.75192211200318,0.24464318410472752,100
14,405,40195,0.24464318410472752,3.84321709594168,43.76374150272032,0.24464318410472752,100
14,406,40294,0.24464318410472752,2.546496522884985,15.145785263345035,0.24464318410472752,100
14,407,40393,0.24464318410472752,3.0286334307615936,21.152819711111114,0.24464318410472752,100
14,408,40492,0.24464318410472752,3.595299311704614,18.58621971884896,0.24464318410472752,100
14,409,40591,0.24464318410472752,3.282145858236699,17.134764753670076,0.24464318410472752,100
14,410,40690,0.24464318410472752,2.908894891904605,21.168955103165576,0.24464318410472752,100
14,411,40789,0.24464318410472752,3.113745284689198,32.27776608324238,0.24464318410472752,100
14,412,40888,0.24464318410472752,3.5665831998409936,22.9354491771343,0.24464318410472752,100
14,413,40987,0.24464318410472752,3.4281430592101483,22.77667505483448,0.24464318410472752,100
14,414,41086,0.24464318410472752,3.205648509361501,24.591509383422324,0.24464318410472752,100
14,415,41185,0.24464318410472752,3.1075982285747057,19.42037886037469,0.24464318410472752,100
14,416,41284,0.24464318410472752,4.0232287723820885,30.041270171097853,0.24464318410472752,100
14,417,41383,0.24464318410472752,3.439422356758044,17.542146299141738,0.24464318410472752,100
14,418,41482,0.24464318410472752,2.9239657547345126,14.22929147890368,0.24464318410472752,100
14,419,41581,0.24464318410472752,3.497195925521626,25.21329187794687,0.24464318410472752,100
14,420,41680,0.24464318410472752,2.4271956763569573,18.115115363076566,0.24464318410472752,100
14,421,41779,0.24464318410472752,2.684017280781053,22.983807348108826,0.24464318410472752,100
14,422,41878,0.24464318410472752,2.6343480039215326,35.55991169418179,0.24464318410472752,100
14,423,41977,0.24464318410472752,2.6412125387287166,15.676915676385748,0.24464318410472752,100
14,424,42076,0.24464318410472752,2.6254231072670957,12.497689233823031,0.24464318410472752,100
14,425,42175,0.24464318410472752,3.1238594640916024,27.187091191329316,0.24464318410472752,100
14,426,42274,0.24464318410472752,2.8390552885603517,16.733990306695773,0.24464318410472752,100
14,427,42373,0.24464318410472752,3.493320299003551,19.707056638086335,0.24464318410472752,100
14,428,42472,0.24464318410472752,2.907715585799844,24.970005820500408,0.24464318410472752,100
14,429,42571,0.24464318410472752,3.2497432791709455,23.751475865873278,0.24464318410472752,100
14,430,42670,0.24464318410472752,2.9184583012204945,22.399775385400755,0.24464318410472752,100
14,431,42769,0.24464318410472752,3.585889615415852,20.47631447739473,0.24464318410472752,100
14,432,42868,0.24464318410472752,2.9572851741326094,12.234958981374271,0.24464318410472752,100
14,433,42967,0.24464318410472752,2.6814400952383637,25.306279502793974,0.24464318410472752,100
14,434,43066,0.24464318410472752,2.984519822575677,18.42414803692147,0.24464318410472752,100
14,435,43165,0.24464318410472752,2.5794041700075803,16.219197316506847,0.24464318410472752,100
14,436,43264,0.24464318410472752,3.241929816054393,22.056108021022187,0.24464318410472752,100
14,437,43363,0.24464318410472752,3.6369768371519644,34.86331183350802,0.24464318410472752,100
14,438,43462,0.24464318410472752,3.257245800620808,16.766024878755825,0.24464318410472752,100
14,439,43561,0.24464318410472752,3.52741127677725,25.082895105660988,0.24464318410472752,100
14,440,43660,0.24464318410472752,3.0160408521945867,28.8404185614365,0.24464318410472752,100
14,441,43759,0.24464318410472752,3.927013620439041,22.526585871129825,0.24464318410472752,100
14,442,43858,0.24464318410472752,3.640873218960625,18.056515017387348,0.24464318410472752,100
14,443,43957,0.24464318410472752,3.3709103618202727,37.00978830009569,0.24464318410472752,100
14,444,44056,0.24464318410472752,3.325335522087733,35.28299719219284,0.24464318410472752,100
14,445,44155,0.24464318410472752,3.365197191228136,25.568138188959256,0.24464318410472752,100
14,446,44254,0.24464318410472752,3.6400099861197903,17.853591342001575,0.24464318410472752,100
14,447,44353,0.24464318410472752,3.157182406488464,16.24880608773389,0.24464318410472752,100
14,448,44452,0.24464318410472752,3.2668500845250277,21.09447803774484,0.24464318410472752,100
14,449,44551,0.24464318410472752,3.39829145954076,22.750477726667476,0.24464318410472752,100
14,450,44650,0.24464318410472752,2.8405548570850407,18.798968982058916,0.24464318410472752,100
14,451,44749,0.24464318410472752,2.67357639493703,19.562187239357645,0.24464318410472752,100
14,452,44848,0.24464318410472752,2.849888688024157,15.578718021918434,0.24464318410472752,100
14,453,44947,0.24464318410472752,3.103276108466289,13.740019214400872,0.24464318410472752,100
14,454,45046,0.24464318410472752,3.2206811976866367,27.165275578922348,0.24464318410472752,100
14,455,45145,0.24464318410472752,3.953985902194711,28.012956059396082,0.24464318410472752,100
14,456,45244,0.24464318410472752,2.7100725519763786,22.88986419902139,0.24464318410472752,100
14,457,45343,0.24464318410472752,3.299354743480027,45.348531303736635,0.24464318410472752,100
14,458,45442,0.24464318410472752,2.962525181374342,23.25193135282803,0.24464318410472752,100
14,459,45541,0.24464318410472752,2.7799071552849592,14.006376707609096,0.24464318410472752,100
14,460,45640,0.24464318410472752,2.9821742278452557,19.856570963864332,0.24464318410472752,100
14,461,45739,0.24464318410472752,3.49979774488019,21.72827172720998,0.24464318410472752,100
14,462,45838,0.24464318410472752,3.4245974610397663,26.374102905413594,0.24464318410472752,100
14,463,45937,0.24464318410472752,3.08596261114547,23.908112096842864,0.24464318410472752,100
14,464,46036,0.24464318410472752,3.348706743145643,23.722949803702104,0.24464318410472752,100
14,465,46135,0.24464318410472752,2.8755804334193242,28.519193190913732,0.24464318410472752,100
14,466,46234,0.24464318410472752,2.0878669044874623,28.141474954633296,0.24464318410472752,100
14,467,46333,0.24464318410472752,2.784752823530464,11.901410060654989,0.24464318410472752,100
14,468,46432,0.24464318410472752,4.053145734513232,24.84082601490703,0.24464318410472752,100
14,469,46531,0.24464318410472752,3.8164383492979357,25.784081815241414,0.24464318410472752,100
14,470,46630,0.24464318410472752,3.5745780954868382,18.522417012520847,0.24464318410472752,100
14,471,46729,0.24464318410472752,3.4410316699772725,21.06536492044498,0.24464318410472752,100
14,472,46828,0.24464318410472752,3.116417481386462,16.55314499990814,0.24464318410472752,100
14,473,46927,0.24464318410472752,2.9556633705854107,25.30969920776983,0.24464318410472752,100
14,474,47026,0.24464318410472752,3.3928255803439398,25.984731667383556,0.24464318410472752,100
14,475,47125,0.24464318410472752,3.382989482911861,28.590466475539053,0.24464318410472752,100
14,476,47224,0.24464318410472752,2.9289993049064225,13.658885980487218,0.24464318410472752,100
14,477,47323,0.24464318410472752,2.977751967877891,16.787740577663268,0.24464318410472752,100
14,478,47422,0.24464318410472752,3.5453502581333787,24.576864685780574,0.24464318410472752,100
14,479,47521,0.24464318410472752,4.247939303779962,44.95543219010011,0.24464318410472752,100
14,480,47620,0.24464318410472752,2.9309540766548214,17.16540462464441,0.24464318410472752,100
14,481,47719,0.24464318410472752,2.2646325827604303,14.871561728262098,0.24464318410472752,100
14,482,47818,0.24464318410472752,2.7775554579176944,17.511130232219926,0.24464318410472752,100
14,483,47917,0.24464318410472752,3.0736733022579723,17.981754720985904,0.24464318410472752,100
14,484,48016,0.24464318410472752,2.6919810694874995,21.467203018876535,0.24464318410472752,100
14,485,48115,0.24464318410472752,2.9767388539117445,25.645916036267074,0.24464318410472752,100
14,486,48214,0.24464318410472752,3.064817415497793,19.809745446980823,0.24464318410472752,100
14,487,48313,0.24464318410472752,3.1682503457265234,20.47092847989271,0.24464318410472752,100
14,488,48412,0.24464318410472752,2.5685562248220326,13.94338944840763,0.24464318410472752,100
14,489,48511,0.24464318410472752,2.6254666753353373,19.784943104065015,0.24464318410472752,100
14,490,48610,0.24464318410472752,2.9628417933788627,16.659838147959185,0.24464318410472752,100
14,491,48709,0.24464318410472752,3.4578030846533387,34.5457239338441,0.24464318410472752,100
14,492,48808,0.24464318410472752,2.850005113338304,23.143845961873463,0.24464318410472752,100
14,493,48907,0.24464318410472752,2.873397142945622,19.606429616909466,0.24464318410472752,100
14,494,49006,0.24464318410472752,2.8094200487963175,17.19957222660163,0.24464318410472752,100
14,495,49105,0.24464318410472752,2.378030422182143,22.471179081710634,0.24464318410472752,100
14,496,49204,0.24464318410472752,2.5634278193254563,14.991757794725913,0.24464318410472752,100
14,497,49303,0.24464318410472752,3.317008907276949,20.35098649308597,0.24464318410472752,100
14,498,49402,0.24464318410472752,2.780372211050559,27.66764458323522,0.24464318410472752,100
14,499,49501,0.24464318410472752,2.6965164286918495,21.27180217865781,0.24464318410472752,100
14,500,49600,0.24464318410472752,2.5889707078115394,18.53238323498175,0.24464318410472752,100
14,501,49699,0.24464318410472752,3.784484129749879,21.262648289848503,0.24464318410472752,100
14,502,49798,0.24464318410472752,2.6216368255009455,14.92773139062923,0.24464318410472752,100
14,503,49897,0.24464318410472752,3.9819700996218446,27.60137212032113,0.24464318410472752,100
14,504,49996,0.24464318410472752,2.9458060200452834,24.866651272830584,0.24464318410472752,100
14,505,50000,0.24464318410472752,2.2684859439061684,12.281220429110423,0.24464318410472752,100
15,0,100,138.35821214294887,533.6440623078956,977.7339156809794,138.35821214294887,100
15,1,199,101.59200074909938,288.29788025434846,555.4097735182263,101.59200074909938,100
15,2,298,32.15664499117687,146.73690751744525,329.63223484218156,32.15664499117687,100
15,3,397,12.118277674704368,67.59177045523018,149.69687494650148,12.118277674704368,100
15,4,496,7.776229245186597,38.832597383087126,92.60066569897533,7.776229245186597,100
15,5,595,3.2638840096783266,21.05557456769234,64.07415747391558,3.2638840096783266,100
15,6,694,1.546475649186959,12.006724434388477,30.48562268331866,1.546475649186959,100
15,7,793,1.546475649186959,7.943296995491385,20.511343178772133,1.546475649186959,100
15,8,892,1.1981678431476768,6.609874946665076,31.92250852893051,1.1981678431476768,100
15,9,991,0.7719278330821883,5.858481787640593,25.381339729601482,0.7719278330821883,100
15,10,1090,0.7719278330821883,4.893309747712564,20.59545304811861,0.7719278330821883,100
15,11,1189,0.5463376877530095,4.254028023194587,29.021709666965982,0.5463376877530095,100
15,12,1288,0.5463376877530095,3.745085523632394,26.117703913525528,0.5463376877530095,100
15,13,1387,0.5463376877530095,3.9342906233101167,37.548678842653864,0.5463376877530095,100
15,14,1486,0.5463376877530095,3.404571534935871,19.010549379929145,0.5463376877530095,100
15,15,1585,0.5463376877530095,3.332546994998901,17.69144947637155,0.5463376877530095,100
15,16,1684,0.5463376877530095,3.2375989931296285,20.552423951991408,0.5463376877530095,100
15,17,1783,0.5280414099690518,2.489760941083066,18.957887088850686,0.5280414099690518,100
15,18,1882,0.4923851521710373,2.5212602689818757,19.28520524753467,0.4923851521710373,100
15,19,1981,0.4923851521710373,2.209745488597935,19.181877575142277,0.4923851521710373,100
15,20,2080,0.4923851521710373,2.637303926863536,24.090884289598165,0.4923851521710373,100
15,21,2179,0.4923851521710373,2.4380323976903537,16.617965834752336,0.4923851521710373,100
15,22,2278,0.4890833068640472,3.848586479186174,27.010967956762126,0.4890833068640472,100
15,23,2377,0.4890833068640472,2.817114358556247,32.67747449760683,0.4890833068640472,100
15,24,2476,0.4890833068640472,3.5745406229480245,35.61306126726301,0.4890833068640472,100
15,25,2575,0.4890833068640472,3.092956677960112,24.94510166976648,0.4890833068640472,100
15,26,2674,0.4890833068640472,2.942626698782048,29.420674225656192,0.4890833068640472,100
15,27,2773,0.4890833068640472,3.662195613192633,34.25953290819927,0.4890833068640472,100
15,28,2872,0.4890833068640472,3.714744193406279,18.272473402680607,0.4890833068640472,100
15,29,2971,0.4890833068640472,3.5331908704349173,24.966145703823962,0.4890833068640472,100
15,30,3070,0.4890833068640472,2.8451343237569318,20.91528564525287,0.4890833068640472,100
15,31,3169,0.4890833068640472,3.1427778266481248,18.559030040063924,0.4890833068640472,100
15,32,3268,0.4890833068640472,3.0884142790148683,19.05060016114681,0.4890833068640472,100
15,33,3367,0.4890833068640472,2.9935558945014664,20.11442028639755,0.4890833068640472,100
15,34,3466,0.4890833068640472,2.3278637043501798,15.945485237779188,0.4890833068640472,100
15,35,3565,0.4890833068640472,2.487709470280561,16.500556625657772,0.4890833068640472,100
15,36,3664,0.4890833068640472,3.5040852250449723,20.099198244730747,0.4890833068640472,100
15,37,3763,0.4890833068640472,3.5232608606836378,29.312430545439057,0.4890833068640472,100
15,38,3862,0.4890833068640472,2.4069788309048725,13.696263910521303,0.4890833068640472,100
15,39,3961,0.47944972345571363,2.847152867797895,21.073122863475373,0.47944972345571363,100
15,40,4060,0.47944972345571363,3.1354387897534814,18.45264988031245,0.47944972345571363,100
15,41,4159,0.47944972345571363,2.8160985943971513,13.559569022388622,0.47944972345571363,100
15,42,4258,0.47944972345571363,2.7720490046860995,27.622002801330225,0.47944972345571363,100
15,43,4357,0.47944972345571363,2.6952903551003082,18.54720954855429,0.47944972345571363,100
15,44,4456,0.47944972345571363,3.1136725921716426,35.751403610931774,0.47944972345571363,100
15,45,4555,0.47944972345571363,2.7751493825122124,26.225087916460183,0.47944972345571363,100
15,46,4654,0.47944972345571363,3.3547700240969687,21.571831676341375,0.47944972345571363,100
15,47,4753,0.47944972345571363,2.8442769389693585,19.760574716121717,0.47944972345571363,100
15,48,4852,0.47944972345571363,2.7087597749835766,21.580924331456586,0.47944972345571363,100
15,49,4951,0.47944972345571363,3.604109367867165,25.095528370420336,0.47944972345571363,100
15,50,5050,0.47944972345571363,2.482012094238665,15.41936169456219,0.47944972345571363,100
15,51,5149,0.47944972345571363,3.089230378956434,21.59598331175424,0.47944972345571363,100
15,52,5248,0.47944972345571363,3.2221206400726237,19.4652627432985,0.47944972345571363,100
15,53,5347,0.47944972345571363,2.7606680595256377,23.095924044808907,0.47944972345571363,100
15,54,5446,0.47944972345571363,3.1678560439366783,15.029174734189438,0.47944972345571363,100
15,55,5545,0.47944972345571363,2.854139700219924,39.97869255788081,0.47944972345571363,100
15,56,5644,0.47944972345571363,2.563315838312572,15.178533387248455,0.47944972345571363,100
15,57,5743,0.46404949932890327,3.4804217902497356,30.301588750195066,0.46404949932890327,100
15,58,5842,0.46404949932890327,3.0343168956790714,19.910858746869888,0.46404949932890327,100
15,59,5941,0.46404949932890327,3.5008167013662344,37.0684223266811,0.46404949932890327,100
15,60,6040,0.46404949932890327,3.3713217259787585,18.54049557030415,0.46404949932890327,100
15,61,6139,0.46404949932890327,3.034173421150834,25.34550103405732,0.46404949932890327,100
15,62,6238,0.46404949932890327,3.4288622353065064,24.350283815606577,0.46404949932890327,100
15,63,6337,0.46404949932890327,2.7046055224729497,17.034533346547164,0.46404949932890327,100
15,64,6436,0.46404949932890327,3.524809320702047,22.764986932374033,0.46404949932890327,100
15,65,6535,0.46404949932890327,3.5491085059025456,18.980917318556802,0.46404949932890327,100
15,66,6634,0.46404949932890327,2.972386082074148,16.359112832909293,0.46404949932890327,100
15,67,6733,0.46404949932890327,2.942181374944434,24.29062242763528,0.46404949932890327,100
15,68,6832,0.46404949932890327,4.121105626369927,46.32884191870005,0.46404949932890327,100
15,69,6931,0.46404949932890327,3.9225610394846866,25.813534675190596,0.46404949932890327,100
15,70,7030,0.46404949932890327,2.909001835199743,29.418117279970414,0.46404949932890327,100
15,71,7129,0.46404949932890327,3.7914716981160415,27.86091875317839,0.46404949932890327,100
15,72,7228,0.46404949932890327,3.8318818249742734,25.10436314597292,0.46404949932890327,100
15,73,7327,0.46404949932890327,3.588414813589969,46.999415191517954,0.46404949932890327,100
15,74,7426,0.46404949932890327,3.6156295837551697,18.17716826983419,0.46404949932890327,100
15,75,7525,0.46404949932890327,2.9129761118475277,18.905638055597812,0.46404949932890327,100
15,76,7624,0.46404949932890327,2.7251403128266127,18.702597791377347,0.46404949932890327,100
15,77,7723,0.46404949932890327,3.1056894513637685,29.94290265981152,0.46404949932890327,100
15,78,7822,0.46404949932890327,2.5635377366261305,13.501535484376515,0.46404949932890327,100
15,79,7921,0.46404949932890327,3.2402029639081804,29.486374343821378,0.46404949932890327,100
15,80,8020,0.46404949932890327,2.5582924588166303,16.655038526990833,0.46404949932890327,100
15,81,8119,0.46404949932890327,2.6243978046538654,14.972655612652698,0.46404949932890327,100
15,82,8218,0.46404949932890327,2.5727327559232522,16.081954096906095,0.46404949932890327,100
15,83,8317,0.46404949932890327,3.1708528367386375,24.033516484915296,0.46404949932890327,100
15,84,8416,0.46404949932890327,3.228486449514158,18.542137058244684,0.46404949932890327,100
15,85,8515,0.46404949932890327,3.277030486034673,22.30478640752094,0.46404949932890327,100
15,86,8614,0.46404949932890327,2.556323023623819,17.305613304981357,0.46404949932890327,100
15,87,8713,0.46404949932890327,2.800607043643851,17.13012453995782,0.46404949932890327,100
15,88,8812,0.45736988762010145,2.98669051915102,16.805636334685815,0.45736988762010145,100
15,89,8911,0.45736988762010145,2.841453885594073,23.976379834104854,0.45736988762010145,100
15,90,9010,0.45736988762010145,2.693262970946471,20.69749782075733,0.45736988762010145,100
15,91,9109,0.45736988762010145,3.3327674944441377,23.995791438288745,0.45736988762010145,100
15,92,9208,0.45736988762010145,2.7122936426825124,16.111047047738666,0.45736988762010145,100
15,93,9307,0.45736988762010145,3.349836916605799,26.651528024678168,0.45736988762010145,100
15,94,9406,0.45736988762010145,3.119503577477324,26.34219181737651,0.45736988762010145,100
15,95,9505,0.45736988762010145,3.191835344970463,39.83386486175058,0.45736988762010145,100
15,96,9604,0.45736988762010145,3.259088326324081,18.715319544028223,0.45736988762010145,100
15,97,9703,0.45736988762010145,3.1753373929519584,21.076324400761514,0.45736988762010145,100
15,98,9802,0.45736988762010145,3.178154176770289,29.04849574599307,0.45736988762010145,100
15,99,9901,0.45736988762010145,2.538052558373652,15.721282076179882,0.45736988762010145,100
15,100,10000,0.45736988762010145,2.833849989985573,14.345417277495269,0.45736988762010145,100
15,101,10099,0.45736988762010145,3.411147773972549,18.142279297700114,0.45736988762010145,100
15,102,10198,0.45736988762010145,3.300175671768912,30.073247971085017,0.45736988762010145,100
15,103,10297,0.45736988762010145,3.1523916689389644,19.482774236190927,0.45736988762010145,100
15,104,10396,0.45736988762010145,2.7091088502894682,29.944335387238386,0.45736988762010145,100
15,105,10495,0.45736988762010145,3.3816528425423935,26.305681056235805,0.45736988762010145,100
15,106,10594,0.45736988762010145,3.3127927648113977,25.852718858512652,0.45736988762010145,100
15,107,10693,0.45736988762010145,2.7346495536713946,19.526895824586372,0.45736988762010145,100
15,108,10792,0.45736988762010145,3.3701456064560142,28.070785759547356,0.45736988762010145,100
15,109,10891,0.45736988762010145,3.159003828171605,20.354504794670774,0.45736988762010145,100
15,110,10990,0.45736988762010145,3.3719740894411467,31.55761016213222,0.45736988762010145,100
15,111,11089,0.45736988762010145,2.9151232208360414,29.54691885317089,0.45736988762010145,100
15,112,11188,0.45736988762010145,2.7107542276994754,21.585219212845804,0.45736988762010145,100
15,113,11287,0.45736988762010145,2.9532917057125285,25.582537334947553,0.45736988762010145,100
15,114,11386,0.45736988762010145,2.4725384329674545,19.385956416740562,0.45736988762010145,100
15,115,11485,0.45736988762010145,2.945951945279092,19.129906114283255,0.45736988762010145,100
15,116,11584,0.45736988762010145,3.2067263070186054,23.44937473177425,0.45736988762010145,100
15,117,11683,0.45736988762010145,3.3999409015672093,26.68526365408201,0.45736988762010145,100
15,118,11782,0.45736988762010145,2.787327045813346,24.85137564877264,0.45736988762010145,100
15,119,11881,0.45736988762010145,3.2322543815596316,21.059879586651782,0.45736988762010145,100
15,120,11980,0.45736988762010145,3.666538485914854,39.19112240640172,0.45736988762010145,100
15,121,12079,0.45736988762010145,2.7455924091357478,17.981193712776744,0.45736988762010145,100
15,122,12178,0.45736988762010145,2.674078788671728,15.232763863291764,0.45736988762010145,100
15,123,12277,0.45736988762010145,2.765069559148645,22.05726831958205,0.45736988762010145,100
15,124,12376,0.45736988762010145,3.313033321422027,31.757000865909077,0.45736988762010145,100
15,125,12475,0.45736988762010145,3.0644525065337063,20.122702875450635,0.45736988762010145,100
15,126,12574,0.45736988762010145,2.713765081223841,11.748092285666143,0.45736988762010145,100
15,127,12673,0.45736988762010145,2.7932685695152055,15.450074059955117,0.45736988762010145,100
15,128,12772,0.45736988762010145,3.6182647867296067,24.96354410436574,0.45736988762010145,100
15,129,12871,0.45736988762010145,4.269207930990262,37.77251058802801,0.45736988762010145,100
15,130,12970,0.45736988762010145,2.962728281015056,24.82125293151148,0.45736988762010145,100
15,131,13069,0.45736988762010145,3.5142929827011953,33.259594735096854,0.45736988762010145,100
15,132,13168,0.45736988762010145,3.3852665731684755,29.927524289858127,0.45736988762010145,100
15,133,13267,0.45736988762010145,3.117010825764262,32.06395233668374,0.45736988762010145,100
15,134,13366,0.45736988762010145,3.0668963727158083,18.472281134762476,0.45736988762010145,100
15,135,13465,0.45736988762010145,2.6390115045505795,19.030104263369726,0.45736988762010145,100
15,136,13564,0.45736988762010145,3.2017981092019134,34.96158171451695,0.45736988762010145,100
15,137,13663,0.45736988762010145,2.95217620619358,14.788241098115009,0.45736988762010145,100
15,138,13762,0.45736988762010145,3.046079122894909,17.983381430377875,0.45736988762010145,100
15,139,13861,0.45736988762010145,3.2287076963495975,21.999393054122564,0.45736988762010145,100
15,140,13960,0.45736988762010145,2.5636241125353068,15.11576806044583,0.45736988762010145,100
15,141,14059,0.45736988762010145,2.8832069829067057,17.720867458796384,0.45736988762010145,100
15,142,14158,0.45736988762010145,2.7800344747512935,14.638416981391613,0.45736988762010145,100
15,143,14257,0.45736988762010145,2.8154520099859086,15.355415727634897,0.45736988762010145,100
15,144,14356,0.45736988762010145,3.001447058844233,18.64409599633656,0.45736988762010145,100
15,145,14455,0.45736988762010145,2.4996219945005103,13.69783378947021,0.45736988762010145,100
15,146,14554,0.45736988762010145,3.3105935704254934,19.600293430405046,0.45736988762010145,100
15,147,14653,0.45736988762010145,2.9081650866643773,12.910395430185275,0.45736988762010145,100
15,148,14752,0.45736988762010145,3.626645768673687,19.83276309478112,0.45736988762010145,100
15,149,14851,0.45736988762010145,3.1703803664405528,18.705879379519782,0.45736988762010145,100
15,150,14950,0.45736988762010145,2.5085135368333393,22.83947160725388,0.45736988762010145,100
15,151,15049,0.45736988762010145,3.442532562878307,18.08707553462446,0.45736988762010145,100
15,152,15148,0.45736988762010145,2.9636537740234496,23.894952017906757,0.45736988762010145,100
15,153,15247,0.45736988762010145,2.9555137478022955,15.727929565202915,0.45736988762010145,100
15,154,15346,0.45736988762010145,2.700969612205536,29.384240270264904,0.45736988762010145,100
15,155,15445,0.45736988762010145,2.875042164037154,19.391466145173805,0.45736988762010145,100
15,156,15544,0.45736988762010145,3.0497460887330368,24.718441263855702,0.45736988762010145,100
15,157,15643,0.45736988762010145,3.3278738622193784,17.064179218980232,0.45736988762010145,100
15,158,15742,0.45736988762010145,2.5059963270812338,19.50336030811442,0.45736988762010145,100
15,159,15841,0.45736988762010145,2.923331326885571,21.582235315982867,0.45736988762010145,100
15,160,15940,0.45736988762010145,2.8851211125487963,17.617115616868578,0.45736988762010145,100
15,161,16039,0.45736988762010145,2.7761251852159363,22.233121205079765,0.45736988762010145,100
15,162,16138,0.45736988762010145,2.7628524603280535,20.615054787748168,0.45736988762010145,100
15,163,16237,0.45736988762010145,3.435524142116063,24.73726624545563,0.45736988762010145,100
15,164,16336,0.45736988762010145,3.2462839369139855,23.630083265995278,0.45736988762010145,100
15,165,16435,0.45736988762010145,4.04585052362049,24.852935297770784,0.45736988762010145,100
15,166,16534,0.45736988762010145,3.6275827658703266,25.971299320532943,0.45736988762010145,100
15,167,16633,0.45736988762010145,3.0165298312536493,29.58538848567689,0.45736988762010145,100
15,168,16732,0.45736988762010145,2.97099114463558,17.87436017147577,0.45736988762010145,100
15,169,16831,0.45736988762010145,3.16608610618912,19.867276544615407,0.45736988762010145,100
15,170,16930,0.45736988762010145,2.714456490467053,46.376325912928216,0.45736988762010145,100
15,171,17029,0.45736988762010145,2.8839578771556136,18.56543475488614,0.45736988762010145,100
15,172,17128,0.45736988762010145,3.0561182278890873,17.715419555874014,0.45736988762010145,100
15,173,17227,0.45736988762010145,2.798768259106343,20.183458826291492,0.45736988762010145,100
15,174,17326,0.45736988762010145,3.3163213894938135,31.98259096479265,0.45736988762010145,100
15,175,17425,0.45736988762010145,2.812214776535143,26.85855152244335,0.45736988762010145,100
15,176,17524,0.45736988762010145,2.895319195114975,20.01717100744545,0.45736988762010145,100
15,177,17623,0.45736988762010145,2.4780571159445186,12.159882177536156,0.45736988762010145,100
15,178,17722,0.45736988762010145,2.6639029492994877,21.07959791453231,0.45736988762010145,100
15,179,17821,0.45736988762010145,2.9906548678820264,19.430227662895852,0.45736988762010145,100
15,180,17920,0.45736988762010145,3.7210710955502573,30.634245798066033,0.45736988762010145,100
15,181,18019,0.45736988762010145,2.8887670398875738,25.844675592282417,0.45736988762010145,100
15,182,18118,0.45736988762010145,3.5011732472803767,22.459097227019125,0.45736988762010145,100
15,183,18217,0.45736988762010145,2.5449415230291508,14.577291923978581,0.45736988762010145,100
15,184,18316,0.45736988762010145,2.7999615408458336,23.496076963077684,0.45736988762010145,100
15,185,18415,0.45736988762010145,3.1273180847085906,19.683079687399708,0.45736988762010145,100
15,186,18514,0.45736988762010145,3.4292701878194065,19.68124773176094,0.45736988762010145,100
15,187,18613,0.45736988762010145,3.9334391928928123,24.269396058470512,0.45736988762010145,100
15,188,18712,0.4003357314600504,2.7228596839983874,19.999490743338804,0.4003357314600504,100
15,189,18811,0.4003357314600504,2.4310275680810953,19.912826869304027,0.4003357314600504,100
15,190,18910,0.4003357314600504,2.840531561596637,18.120952190288378,0.4003357314600504,100
15,191,19009,0.4003357314600504,3.9358791152068706,34.45542920506402,0.4003357314600504,100
15,192,19108,0.4003357314600504,4.2294984892247625,35.41540596922743,0.4003357314600504,100
15,193,19207,0.4003357314600504,3.8753080759472285,21.11495903898604,0.4003357314600504,100
15,194,19306,0.4003357314600504,2.9760591894877377,23.823621941852583,0.4003357314600504,100
15,195,19405,0.4003357314600504,3.35093619447117,17.976712142755126,0.4003357314600504,100
15,196,19504,0.4003357314600504,3.2964247547776244,28.559245572094174,0.4003357314600504,100
15,197,19603,0.4003357314600504,2.8081422764429806,16.26976843732887,0.4003357314600504,100
15,198,19702,0.4003357314600504,2.992958875320004,15.895746250459771,0.4003357314600504,100
15,199,19801,0.4003357314600504,3.6048431056029693,24.207061935654643,0.4003357314600504,100
15,200,19900,0.4003357314600504,2.7716947079362764,15.126761571371606,0.4003357314600504,100
15,201,19999,0.4003357314600504,3.1564379214511673,23.532719303732378,0.4003357314600504,100
15,202,20098,0.4003357314600504,2.900526549885166,20.38638518612018,0.4003357314600504,100
15,203,20197,0.4003357314600504,3.173424674241527,20.69090183390563,0.4003357314600504,100
15,204,20296,0.4003357314600504,3.190687503706583,23.849177332799965,0.4003357314600504,100
15,205,20395,0.4003357314600504,3.0979182542793238,31.8492918589939,0.4003357314600504,100
15,206,20494,0.4003357314600504,3.141784593380678,18.925764732741087,0.4003357314600504,100
15,207,20593,0.4003357314600504,2.54095923442867,33.2341749230739,0.4003357314600504,100
15,208,20692,0.4003357314600504,2.6623720599692997,25.7330707928731,0.4003357314600504,100
15,209,20791,0.4003357314600504,2.518077192807187,16.39165404964863,0.4003357314600504,100
15,210,20890,0.4003357314600504,3.100974829865288,27.499630325871998,0.4003357314600504,100
15,211,20989,0.4003357314600504,3.429959338545828,28.05344171839873,0.4003357314600504,100
15,212,21088,0.4003357314600504,3.2838875801583884,26.036247918759592,0.4003357314600504,100
15,213,21187,0.4003357314600504,3.701427961145099,20.248204672065466,0.4003357314600504,100
15,214,21286,0.4003357314600504,3.171195067514946,20.742613248188423,0.4003357314600504,100
15,215,21385,0.4003357314600504,3.3818011354073536,28.62014268296481,0.4003357314600504,100
15,216,21484,0.4003357314600504,2.9175619790766594,23.01651057403468,0.4003357314600504,100
15,217,21583,0.4003357314600504,2.8729108402411634,16.631217443233364,0.4003357314600504,100
15,218,21682,0.4003357314600504,2.7219193731514304,16.47736213387812,0.4003357314600504,100
15,219,21781,0.4003357314600504,3.269135829028542,30.336379383088207,0.4003357314600504,100
15,220,21880,0.4003357314600504,3.5587447973043935,19.873985294805596,0.4003357314600504,100
15,221,21979,0.4003357314600504,3.530552934774269,20.728855658432348,0.4003357314600504,100
15,222,22078,0.4003357314600504,3.75917626683391,27.738377992592575,0.4003357314600504,100
15,223,22177,0.4003357314600504,4.49766662410118,32.702610743718495,0.4003357314600504,100
15,224,22276,0.4003357314600504,3.22041900786892,25.446453951181226,0.4003357314600504,100
15,225,22375,0.4003357314600504,3.161364202735719,20.47527358896384,0.4003357314600504,100
15,226,22474,0.4003357314600504,2.4932636665441987,12.315343966844893,0.4003357314600504,100
15,227,22573,0.4003357314600504,3.4987861753800398,29.67000400823196,0.4003357314600504,100
15,228,22672,0.4003357314600504,3.085438476928596,35.91666944295241,0.4003357314600504,100
15,229,22771,0.4003357314600504,2.7858724222308604,15.64917896530911,0.4003357314600504,100
15,230,22870,0.4003357314600504,2.872199505200013,21.92237896312574,0.4003357314600504,100
15,231,22969,0.3773279228675381,3.7764692756359604,26.126939050781214,0.3773279228675381,100
15,232,23068,0.3773279228675381,3.494206437064142,21.641723377858682,0.3773279228675381,100
15,233,23167,0.3773279228675381,3.3061343683028865,20.566841572840676,0.3773279228675381,100
15,234,23266,0.3773279228675381,3.480726601179118,19.430691092229665,0.3773279228675381,100
15,235,23365,0.3773279228675381,2.895232039247486,27.375099619966225,0.3773279228675381,100
15,236,23464,0.3773279228675381,2.9106324955827434,24.222307865995205,0.3773279228675381,100
15,237,23563,0.3773279228675381,2.5975599284640607,13.997895310963544,0.3773279228675381,100
15,238,23662,0.3773279228675381,3.260665543475289,24.521479353398725,0.3773279228675381,100
15,239,23761,0.3773279228675381,3.579510859413618,26.383492482954438,0.3773279228675381,100
15,240,23860,0.3773279228675381,2.4542145774914257,20.533547742119957,0.3773279228675381,100
15,241,23959,0.3773279228675381,2.50094258263687,13.274732759237466,0.3773279228675381,100
15,242,24058,0.3773279228675381,2.2234275771614573,13.038824671880015,0.3773279228675381,100
15,243,24157,0.3773279228675381,3.049984682604748,23.559129199074256,0.3773279228675381,100
15,244,24256,0.3773279228675381,4.1156465026227185,33.783372155928106,0.3773279228675381,100
15,245,24355,0.3773279228675381,2.9119847408292414,20.060489993720232,0.3773279228675381,100
15,246,24454,0.3773279228675381,3.48670463453464,21.164047899716707,0.3773279228675381,100
15,247,24553,0.3773279228675381,3.467569682232973,20.1785655798342,0.3773279228675381,100
15,248,24652,0.3773279228675381,3.7012515304616027,18.531564614770357,0.3773279228675381,100
15,249,24751,0.3773279228675381,3.1108069589640057,17.678048228630175,0.3773279228675381,100
15,250,24850,0.3773279228675381,3.7508053611892707,24.562442326091396,0.3773279228675381,100
15,251,24949,0.3773279228675381,2.6283738795398954,17.445020240454927,0.3773279228675381,100
15,252,25048,0.3773279228675381,2.9438928674578633,24.326387170285535,0.3773279228675381,100
15,253,25147,0.3773279228675381,3.145557839998387,14.178211296141386,0.3773279228675381,100
15,254,25246,0.3773279228675381,2.642197371793411,10.37532864586158,0.3773279228675381,100
15,255,25345,0.3773279228675381,3.3811084111895013,31.4319713268116,0.3773279228675381,100
15,256,25444,0.3773279228675381,3.5419145154310776,19.299838314628857,0.3773279228675381,100
15,257,25543,0.3773279228675381,3.3270189233335663,22.55216547538874,0.3773279228675381,100
15,258,25642,0.3773279228675381,3.4441900100197205,28.380501558359605,0.3773279228675381,100
15,259,25741,0.3773279228675381,2.9485344304019963,15.618891296475002,0.3773279228675381,100
15,260,25840,0.3773279228675381,2.6134568136024456,16.9696222729806,0.3773279228675381,100
15,261,25939,0.3773279228675381,2.9528760089567294,19.727699505046466,0.3773279228675381,100
15,262,26038,0.3773279228675381,3.169473062325538,19.34021110666805,0.3773279228675381,100
15,263,26137,0.3773279228675381,3.6280876827398254,30.590940747654837,0.3773279228675381,100
15,264,26236,0.3773279228675381,3.1471163046166466,25.2485667077714,0.3773279228675381,100
15,265,26335,0.3773279228675381,3.012783361392275,19.07265996761405,0.3773279228675381,100
15,266,26434,0.3773279228675381,3.071591839846098,21.608840111127222,0.3773279228675381,100
15,267,26533,0.3773279228675381,3.072162900806302,18.767435606738584,0.3773279228675381,100
15,268,26632,0.3773279228675381,3.5771814795941004,32.38488250139865,0.3773279228675381,100
15,269,26731,0.3773279228675381,2.6480294651976863,18.844692860350765,0.3773279228675381,100
15,270,26830,0.3773279228675381,2.5907296504773747,13.90553812169425,0.3773279228675381,100
15,271,26929,0.3773279228675381,3.2496406839412386,24.885267929510302,0.3773279228675381,100
15,272,27028,0.3773279228675381,3.6087322978061773,25.65228686843552,0.3773279228675381,100
15,273,27127,0.3773279228675381,2.7220357181144226,20.012487239785383,0.3773279228675381,100
15,274,27226,0.3773279228675381,2.694670607006324,16.428528106985503,0.3773279228675381,100
15,275,27325,0.3773279228675381,3.586877911390591,29.39723316332492,0.3773279228675381,100
15,276,27424,0.3773279228675381,3.397507334852024,22.540172945085644,0.3773279228675381,100
15,277,27523,0.3773279228675381,2.619762428791157,19.968540329008373,0.3773279228675381,100
15,278,27622,0.3773279228675381,2.6397132818519125,22.627719316896737,0.3773279228675381,100
15,279,27721,0.3773279228675381,3.529250065583739,21.88510909466447,0.3773279228675381,100
15,280,27820,0.3773279228675381,4.122049065568401,27.920325282182258,0.3773279228675381,100
15,281,27919,0.3773279228675381,3.040003751585751,20.08405060886638,0.3773279228675381,100
15,282,28018,0.3773279228675381,3.3711997477171365,20.38201162025821,0.3773279228675381,100
15,283,28117,0.3773279228675381,2.937042582235688,17.10197256153233,0.3773279228675381,100
15,284,28216,0.3773279228675381,3.4105123441927336,19.673758562921318,0.3773279228675381,100
15,285,28315,0.3773279228675381,2.911955713399294,21.938160495851726,0.3773279228675381,100
15,286,28414,0.3773279228675381,1.786628831652285,10.816477916290228,0.3773279228675381,100
15,287,28513,0.3773279228675381,2.7651765000827826,26.18610476348676,0.3773279228675381,100
15,288,28612,0.3773279228675381,3.265099894719843,31.745233776766614,0.3773279228675381,100
15,289,28711,0.3773279228675381,2.8247247681882515,19.949404680325213,0.3773279228675381,100
15,290,28810,0.3773279228675381,3.5299008891599017,23.23531644628378,0.3773279228675381,100
15,291,28909,0.3773279228675381,3.7046029886920144,30.102051239349397,0.3773279228675381,100
15,292,29008,0.3773279228675381,2.9558972430624846,17.17891026417804,0.3773279228675381,100
15,293,29107,0.3773279228675381,3.1782577123474876,26.1946590754369,0.3773279228675381,100
15,294,29206,0.3773279228675381,3.070827645480425,18.723549007703237,0.3773279228675381,100
15,295,29305,0.3773279228675381,2.212706487332726,20.826699838132047,0.3773279228675381,100
15,296,29404,0.3773279228675381,3.0009024573120255,26.07389106879626,0.3773279228675381,100
15,297,29503,0.3773279228675381,3.644566003389284,19.418561535561025,0.3773279228675381,100
15,298,29602,0.3773279228675381,3.093492953453136,14.804420238302693,0.3773279228675381,100
15,299,29701,0.3773279228675381,2.691988278520764,29.988908193724818,0.3773279228675381,100
15,300,29800,0.3773279228675381,3.162530643872285,26.132720428250952,0.3773279228675381,100
15,301,29899,0.3773279228675381,3.535763384482782,27.346990519939762,0.3773279228675381,100
15,302,29998,0.3773279228675381,3.2398056620557014,36.57369196489275,0.3773279228675381,100
15,303,30097,0.3773279228675381,3.4929653794094038,35.23329679024583,0.3773279228675381,100
15,304,30196,0.3773279228675381,2.9690864230739806,25.71940768943707,0.3773279228675381,100
15,305,30295,0.3773279228675381,3.769736828587133,38.276135411837075,0.3773279228675381,100
15,306,30394,0.3773279228675381,3.5424164397128646,24.80918723099825,0.3773279228675381,100
15,307,30493,0.3773279228675381,4.0224415289747935,33.48216035399678,0.3773279228675381,100
15,308,30592,0.3773279228675381,2.7287847174528266,11.958967357324944,0.3773279228675381,100
15,309,30691,0.3773279228675381,3.010721053419902,19.76229652831576,0.3773279228675381,100
15,310,30790,0.3773279228675381,2.892042265554724,19.02587524933219,0.3773279228675381,100
15,311,30889,0.3773279228675381,2.637966562060683,20.99098941109855,0.3773279228675381,100
15,312,30988,0.3773279228675381,3.2812203972011456,22.296693332530566,0.3773279228675381,100
15,313,31087,0.3773279228675381,2.9163117389855433,14.708371140108781,0.3773279228675381,100
15,314,31186,0.3773279228675381,2.860189073538621,24.23893702415917,0.3773279228675381,100
15,315,31285,0.3773279228675381,3.13980634886863,30.525584538864013,0.3773279228675381,100
15,316,31384,0.3773279228675381,3.3328954972266858,29.74275746276303,0.3773279228675381,100
15,317,31483,0.3773279228675381,3.1542380995264727,20.279899787455435,0.3773279228675381,100
15,318,31582,0.3773279228675381,2.172906326667952,23.342967843744404,0.3773279228675381,100
15,319,31681,0.3773279228675381,2.6343212132199265,27.049585194659226,0.3773279228675381,100
15,320,31780,0.3773279228675381,3.8191307661419818,28.699890673847992,0.3773279228675381,100
15,321,31879,0.3773279228675381,3.1853135428288937,20.48611366899762,0.3773279228675381,100
15,322,31978,0.3773279228675381,3.3394686096563415,32.454867495493076,0.3773279228675381,100
15,323,32077,0.3773279228675381,3.5131270006624016,13.453718125016177,0.3773279228675381,100
15,324,32176,0.3773279228675381,4.11204930398809,28.295554691973972,0.3773279228675381,100
15,325,32275,0.3773279228675381,3.086368989250567,23.247751319648355,0.3773279228675381,100
15,326,32374,0.3773279228675381,3.073472535600817,28.156622189651763,0.3773279228675381,100
15,327,32473,0.3773279228675381,3.5987597354683043,24.86505901334052,0.3773279228675381,100
15,328,32572,0.37153381354690085,2.847659044209849,14.380112111101198,0.37153381354690085,100
15,329,32671,0.37153381354690085,3.6485293786135027,47.08331915795746,0.37153381354690085,100
15,330,32770,0.37153381354690085,4.047953881409384,22.26184953301921,0.37153381354690085,100
15,331,32869,0.37153381354690085,3.706290059881449,25.974520408687322,0.37153381354690085,100
15,332,32968,0.37153381354690085,3.1793313457490426,17.824795775089708,0.37153381354690085,100
15,333,33067,0.37153381354690085,2.8023049073332142,21.779110115989717,0.37153381354690085,100
15,334,33166,0.37153381354690085,3.1284443288879156,18.301233533906046,0.37153381354690085,100
15,335,33265,0.37153381354690085,3.269217857274043,24.955715992712157,0.37153381354690085,100
15,336,33364,0.37153381354690085,2.862823971792227,21.027679811133257,0.37153381354690085,100
15,337,33463,0.37153381354690085,3.5235807207559873,29.211182201739753,0.37153381354690085,100
15,338,33562,0.37153381354690085,3.9962230500250397,25.41444642265272,0.37153381354690085,100
15,339,33661,0.37153381354690085,3.8335722939563137,28.06215496241981,0.37153381354690085,100
15,340,33760,0.37153381354690085,2.939138253551335,17.88919297141759,0.37153381354690085,100
15,341,33859,0.37153381354690085,3.640227646683012,31.532894594221176,0.37153381354690085,100
15,342,33958,0.37153381354690085,2.826131664903961,20.015974891575798,0.37153381354690085,100
15,343,34057,0.37153381354690085,2.694412525433057,20.763684685618106,0.37153381354690085,100
15,344,34156,0.37153381354690085,2.9211091614289186,16.884753875795575,0.37153381354690085,100
15,345,34255,0.37153381354690085,3.661884405810834,20.124225767760763,0.37153381354690085,100
15,346,34354,0.37153381354690085,2.2684844760517127,24.717793472513446,0.37153381354690085,100
15,347,34453,0.37153381354690085,3.6161916596360886,25.21234546476657,0.37153381354690085,100
15,348,34552,0.37153381354690085,3.066559058238811,18.757219010045333,0.37153381354690085,100
15,349,34651,0.37153381354690085,2.7861269468826584,25.97404296340327,0.37153381354690085,100
15,350,34750,0.37153381354690085,2.89530625255595,19.16620559625864,0.37153381354690085,100
15,351,34849,0.37153381354690085,3.9693726236785403,20.989207225917358,0.37153381354690085,100
15,352,34948,0.37153381354690085,3.057812243261274,17.109091914213252,0.37153381354690085,100
15,353,35047,0.37153381354690085,3.548312479811267,23.550886503400207,0.37153381354690085,100
15,354,35146,0.37153381354690085,3.723347845247604,26.8348504448654,0.37153381354690085,100
15,355,35245,0.37153381354690085,3.0685631103452886,23.304077172545643,0.37153381354690085,100
15,356,35344,0.37153381354690085,3.6052060995511126,15.650656340423435,0.37153381354690085,100
15,357,35443,0.37153381354690085,3.4562629054753615,24.58981511742158,0.37153381354690085,100
15,358,35542,0.37153381354690085,2.9508887810800815,47.29919755161797,0.37153381354690085,100
15,359,35641,0.37153381354690085,3.222551432552146,15.84250565613538,0.37153381354690085,100
15,360,35740,0.37153381354690085,3.7482877891312274,24.67827220107505,0.37153381354690085,100
15,361,35839,0.37153381354690085,3.387685893675174,30.534639210288905,0.37153381354690085,100
15,362,35938,0.37153381354690085,3.3488671763714333,29.37129644515707,0.37153381354690085,100
15,363,36037,0.37153381354690085,3.266474379483405,20.120150239420035,0.37153381354690085,100
15,364,36136,0.37153381354690085,3.015859635555468,20.998168437328335,0.37153381354690085,100
15,365,36235,0.37153381354690085,3.355432074581915,26.81925465226779,0.37153381354690085,100
15,366,36334,0.37153381354690085,3.631109032732171,20.86265892702928,0.37153381354690085,100
15,367,36433,0.37153381354690085,3.323843449393433,19.009452512600276,0.37153381354690085,100
15,368,36532,0.37153381354690085,3.1038374112410723,19.021486876864067,0.37153381354690085,100
15,369,36631,0.37153381354690085,3.9061447610635263,30.515999524351102,0.37153381354690085,100
15,370,36730,0.37153381354690085,3.2609780179905634,20.041161080955856,0.37153381354690085,100
15,371,36829,0.37153381354690085,3.273525155050365,32.36863612411563,0.37153381354690085,100
15,372,36928,0.37153381354690085,3.3311025769797307,27.687056775664754,0.37153381354690085,100
15,373,37027,0.37153381354690085,3.043635995939245,19.159821262579896,0.37153381354690085,100
15,374,37126,0.37153381354690085,2.3828790252331147,18.28492896656976,0.37153381354690085,100
15,375,37225,0.37153381354690085,3.192341266383579,18.962223249662053,0.37153381354690085,100
15,376,37324,0.37153381354690085,3.9033334069695758,24.17297732089018,0.37153381354690085,100
15,377,37423,0.37153381354690085,3.325415847726069,33.27954041655694,0.37153381354690085,100
15,378,37522,0.37153381354690085,3.4232696055759924,24.64694921665825,0.37153381354690085,100
15,379,37621,0.37153381354690085,2.995508753183119,22.1389071033819,0.37153381354690085,100
15,380,37720,0.37153381354690085,3.2736828474814876,21.919853413030907,0.37153381354690085,100
15,381,37819,0.37153381354690085,3.0903795271184196,21.743981219378714,0.37153381354690085,100
15,382,37918,0.37153381354690085,3.1879066606754503,19.328615005811926,0.37153381354690085,100
15,383,38017,0.37153381354690085,2.822973639020983,28.343089143436046,0.37153381354690085,100
15,384,38116,0.37153381354690085,2.9400276829495153,22.508983535150275,0.37153381354690085,100
15,385,38215,0.37153381354690085,3.1597978802613618,32.62792324496586,0.37153381354690085,100
15,386,38314,0.37153381354690085,2.788941430404931,14.922147772312323,0.37153381354690085,100
15,387,38413,0.37153381354690085,2.736116738497208,18.26096801138096,0.37153381354690085,100
15,388,38512,0.37153381354690085,2.7621380777796882,12.579011302797413,0.37153381354690085,100
15,389,38611,0.37153381354690085,3.469515887361636,23.86221124940968,0.37153381354690085,100
15,390,38710,0.37153381354690085,3.4419782001069943,18.50106665474454,0.37153381354690085,100
15,391,38809,0.37153381354690085,2.3484551951529307,26.573355480325862,0.37153381354690085,100
15,392,38908,0.37153381354690085,3.012917985973774,21.39764192512196,0.37153381354690085,100
15,393,39007,0.37153381354690085,3.2902536466954087,20.6966299935273,0.37153381354690085,100
15,394,39106,0.37153381354690085,4.175210065982214,30.98097306297413,0.37153381354690085,100
15,395,39205,0.37153381354690085,3.2538900849677144,20.90839876382627,0.37153381354690085,100
15,396,39304,0.37153381354690085,3.3901653115397403,34.15104714912994,0.37153381354690085,100
15,397,39403,0.37153381354690085,2.819836632376525,18.830300345233415,0.37153381354690085,100
15,398,39502,0.37153381354690085,3.460695419922418,20.35948673678003,0.37153381354690085,100
15,399,39601,0.37153381354690085,2.7722187319173206,16.405142610684685,0.37153381354690085,100
15,400,39700,0.37153381354690085,3.7253843701742904,23.784683903508757,0.37153381354690085,100
15,401,39799,0.37153381354690085,3.4833238666635657,20.692484470573596,0.37153381354690085,100
15,402,39898,0.37153381354690085,3.358994203088695,15.362962971458368,0.37153381354690085,100
15,403,39997,0.37153381354690085,3.319909968842515,16.360829144797492,0.37153381354690085,100
15,404,40096,0.36638453034181323,3.785428999885438,24.812511701632594,0.36638453034181323,100
15,405,40195,0.36638453034181323,3.437901999265587,25.55017973733368,0.36638453034181323,100
15,406,40294,0.36638453034181323,3.408414690932226,24.62604546023943,0.36638453034181323,100
15,407,40393,0.36638453034181323,3.1491231198530985,22.01659655794698,0.36638453034181323,100
15,408,40492,0.3486416131310921,2.806016444738171,19.06055052420766,0.3486416131310921,100
15,409,40591,0.3486416131310921,3.3381755398515423,18.93445747761182,0.3486416131310921,100
15,410,40690,0.3486416131310921,4.070065269078925,30.859137209451685,0.3486416131310921,100
15,411,40789,0.3486416131310921,2.8864660015511547,23.24645856230966,0.3486416131310921,100
15,412,40888,0.3486416131310921,2.5606831003889976,15.157269727347098,0.3486416131310921,100
15,413,40987,0.3486416131310921,3.518145849116107,26.66853208496698,0.3486416131310921,100
15,414,41086,0.3486416131310921,3.339548595668094,29.97384101942737,0.3486416131310921,100
15,415,41185,0.3486416131310921,3.060819273526279,23.84905319265931,0.3486416131310921,100
15,416,41284,0.3486416131310921,3.137335059044553,26.239240397709256,0.3486416131310921,100
15,417,41383,0.3486416131310921,2.9339223280682183,27.706051000597505,0.3486416131310921,100
15,418,41482,0.3486416131310921,3.195905958634894,33.66175818336103,0.3486416131310921,100
15,419,41581,0.3486416131310921,3.2404450366910855,24.997127815403598,0.3486416131310921,100
15,420,41680,0.3486416131310921,3.0795903581114685,20.49155808282518,0.3486416131310921,100
15,421,41779,0.3486416131310921,2.8922824952313517,27.621549682388515,0.3486416131310921,100
15,422,41878,0.3486416131310921,4.224544924607813,38.80985525233729,0.3486416131310921,100
15,423,41977,0.3486416131310921,2.989644608003664,20.47406606664604,0.3486416131310921,100
15,424,42076,0.3486416131310921,2.7753304796193947,16.87618503723979,0.3486416131310921,100
15,425,42175,0.3486416131310921,2.6218857762130314,15.746926212772289,0.3486416131310921,100
15,426,42274,0.3486416131310921,3.268144601561629,26.624711458499302,0.3486416131310921,100
15,427,42373,0.3486416131310921,4.102465981473936,29.52525081373155,0.3486416131310921,100
15,428,42472,0.3486416131310921,2.4434027957274322,14.781714971755445,0.3486416131310921,100
15,429,42571,0.3486416131310921,3.1137980121313182,20.586066873013962,0.3486416131310921,100
15,430,42670,0.3486416131310921,2.2640400403311016,12.731152876980225,0.3486416131310921,100
15,431,42769,0.3486416131310921,3.0104495539808545,19.804419370869045,0.3486416131310921,100
15,432,42868,0.3486416131310921,2.9855426168069505,19.0524035916648,0.3486416131310921,100
15,433,42967,0.3486416131310921,3.1273859259960775,19.280219296305184,0.3486416131310921,100
15,434,43066,0.3486416131310921,2.959156903402794,21.324965007639495,0.3486416131310921,100
15,435,43165,0.3486416131310921,2.760406615910145,17.243493016787777,0.3486416131310921,100
15,436,43264,0.3486416131310921,2.6088788345801417,13.81847971367172,0.3486416131310921,100
15,437,43363,0.3486416131310921,3.931700877044379,23.023042051301964,0.3486416131310921,100
15,438,43462,0.3486416131310921,3.1842523107103795,29.746534414193103,0.3486416131310921,100
15,439,43561,0.3486416131310921,3.253928020382322,32.42072701933532,0.3486416131310921,100
15,440,43660,0.3486416131310921,2.5529968456618404,18.724927555814194,0.3486416131310921,100
15,441,43759,0.3486416131310921,2.09109317372295,12.580722355202653,0.3486416131310921,100
15,442,43858,0.3486416131310921,2.7161290531992837,17.055974616148685,0.3486416131310921,100
15,443,43957,0.3486416131310921,3.5059566139778586,18.797261352382073,0.3486416131310921,100
15,444,44056,0.3486416131310921,2.9518875141593863,32.917125741821565,0.3486416131310921,100
15,445,44155,0.3486416131310921,2.3618242488323458,19.42721510381385,0.3486416131310921,100
15,446,44254,0.3486416131310921,3.082027035032199,33.54224376139115,0.3486416131310921,100
15,447,44353,0.3486416131310921,2.982456790248169,18.946949867942536,0.3486416131310921,100
15,448,44452,0.3486416131310921,3.1622413544377745,32.72910195804188,0.3486416131310921,100
15,449,44551,0.3486416131310921,3.285492467134595,20.46651729506527,0.3486416131310921,100
15,450,44650,0.3486416131310921,2.5831240300677756,20.80677792204558,0.3486416131310921,100
15,451,44749,0.3486416131310921,2.860577926321244,19.688580822919487,0.3486416131310921,100
15,452,44848,0.3486416131310921,3.09906831658636,17.447013220840386,0.3486416131310921,100
15,453,44947,0.3486416131310921,2.3395857282271386,24.68632857346743,0.3486416131310921,100
15,454,45046,0.3486416131310921,3.0777597438560553,25.660365783308876,0.3486416131310921,100
15,455,45145,0.3486416131310921,3.119083506430534,18.52397686781993,0.3486416131310921,100
15,456,45244,0.3486416131310921,3.6134674414827415,21.666254402609763,0.3486416131310921,100
15,457,45343,0.3486416131310921,3.504861861415074,26.29065604943906,0.3486416131310921,100
15,458,45442,0.3486416131310921,2.8155620393652607,16.105495896795205,0.3486416131310921,100
15,459,45541,0.3486416131310921,2.640330270569015,27.835798663500526,0.3486416131310921,100
15,460,45640,0.3486416131310921,3.141578868777584,22.353161776971813,0.3486416131310921,100
15,461,45739,0.3486416131310921,2.4685311791368587,14.685423897097447,0.3486416131310921,100
15,462,45838,0.24022418974150328,3.2864395208611734,41.01039907948803,0.24022418974150328,100
15,463,45937,0.24022418974150328,3.320375354719973,15.640355481510129,0.24022418974150328,100
15,464,46036,0.24022418974150328,3.0087294470406385,29.076019378108562,0.24022418974150328,100
15,465,46135,0.24022418974150328,3.167844571989989,23.840946771314613,0.24022418974150328,100
15,466,46234,0.24022418974150328,3.084654320877962,23.507154220437148,0.24022418974150328,100
15,467,46333,0.24022418974150328,2.9008557814055917,22.55128133700364,0.24022418974150328,100
15,468,46432,0.24022418974150328,3.3670081827207325,27.508619058652922,0.24022418974150328,100
15,469,46531,0.24022418974150328,3.548842580928234,18.469437931982977,0.24022418974150328,100
15,470,46630,0.24022418974150328,3.3323212689486446,21.060487131713508,0.24022418974150328,100
15,471,46729,0.24022418974150328,3.1172039885996248,19.821491590425047,0.24022418974150328,100
15,472,46828,0.24022418974150328,4.097591865117738,35.28218504683772,0.24022418974150328,100
15,473,46927,0.24022418974150328,3.48385207724301,20.40165918874679,0.24022418974150328,100
15,474,47026,0.24022418974150328,3.8383081070626504,29.22999420555616,0.24022418974150328,100
15,475,47125,0.24022418974150328,3.4977818925588826,29.03884235972476,0.24022418974150328,100
15,476,47224,0.24022418974150328,3.055222606251436,21.868428324968686,0.24022418974150328,100
15,477,47323,0.24022418974150328,3.3263353462927485,26.140622808281528,0.24022418974150328,100
15,478,47422,0.24022418974150328,3.6048694244241433,26.533877216520157,0.24022418974150328,100
15,479,47521,0.24022418974150328,3.503054551817197,29.811441299316368,0.24022418974150328,100
15,480,47620,0.24022418974150328,2.887791626103941,18.977660464372057,0.24022418974150328,100
15,481,47719,0.24022418974150328,3.2480701159367196,20.884501451539425,0.24022418974150328,100
15,482,47818,0.24022418974150328,3.111646976565701,16.485996353494976,0.24022418974150328,100
15,483,47917,0.24022418974150328,3.209031971044615,21.199600594659692,0.24022418974150328,100
15,484,48016,0.24022418974150328,2.7240512608773657,13.169660711539487,0.24022418974150328,100
15,485,48115,0.24022418974150328,3.562993906479769,16.007954884736385,0.24022418974150328,100
15,486,48214,0.24022418974150328,2.9011749217557807,17.317541804778124,0.24022418974150328,100
15,487,48313,0.24022418974150328,3.1488408822346576,21.889863555047242,0.24022418974150328,100
15,488,48412,0.24022418974150328,2.522665124915359,17.183414231332712,0.24022418974150328,100
15,489,48511,0.24022418974150328,3.1617297671236675,15.677591339158402,0.24022418974150328,100
15,490,48610,0.24022418974150328,2.960147739826,19.036412077744927,0.24022418974150328,100
15,491,48709,0.24022418974150328,2.9261966059080216,17.26091756089369,0.24022418974150328,100
15,492,48808,0.24022418974150328,2.7961133227860193,18.21273589972543,0.24022418974150328,100
15,493,48907,0.24022418974150328,2.8700408920365343,20.644486484101233,0.24022418974150328,100
15,494,49006,0.24022418974150328,3.195163130793735,28.061065969423996,0.24022418974150328,100
15,495,49105,0.24022418974150328,3.3837502216777335,19.62431058817513,0.24022418974150328,100
15,496,49204,0.24022418974150328,2.8608468082968623,21.374044827263425,0.24022418974150328,100
15,497,49303,0.24022418974150328,3.796093528900041,25.725239015322547,0.24022418974150328,100
15,498,49402,0.24022418974150328,2.8569230060868596,17.347873703920015,0.24022418974150328,100
15,499,49501,0.24022418974150328,3.48702450731616,17.436166013656756,0.24022418974150328,100
15,500,49600,0.24022418974150328,2.922505751066433,19.281282373907676,0.24022418974150328,100
15,501,49699,0.24022418974150328,3.6855901045830017,26.40102200156034,0.24022418974150328,100
15,502,49798,0.24022418974150328,3.5021472756760623,35.684526962355044,0.24022418974150328,100
15,503,49897,0.24022418974150328,3.2204582107133914,20.317004165397282,0.24022418974150328,100
15,504,49996,0.24022418974150328,3.0768938725393853,13.785578946048375,0.24022418974150328,100
15,505,50000,0.24022418974150328,2.6080645070303627,11.215351841914401,0.24022418974150328,100
16,0,100,136.04014043015133,571.9562083935778,1026.0758869060485,136.04014043015133,100
16,1,199,54.04672017640513,287.1930573322967,659.9028780332827,54.04672017640513,100
16,2,298,24.57472139892166,146.10536966562108,324.78615269339355,24.57472139892166,100
16,3,397,24.57472139892166,78.12339710361384,222.56817892142027,24.57472139892166,100
16,4,496,12.156464991714252,41.02980435734367,112.7344934577293,12.156464991714252,100
16,5,595,7.45286573495418,24.138388597252934,70.44416137013265,7.45286573495418,100
16,6,694,5.97007335012157,15.952848618841276,47.10022557681465,5.97007335012157,100
16,7,793,2.4800141941771354,11.86922781968823,30.77070428858672,2.4800141941771354,100
16,8,892,2.0710499700290494,9.164817346953203,32.13029338370116,2.0710499700290494,100
16,9,991,0.6227830165740702,7.876923831276705,27.250405515914768,0.6227830165740702,100
16,10,1090,0.5223811852501801,5.743384681135438,31.74295226660791,0.5223811852501801,100
16,11,1189,0.5075280734211074,4.808339800911747,38.31879303777134,0.5075280734211074,100
16,12,1288,0.5075280734211074,5.0820582358858415,24.724815956504102,0.5075280734211074,100
16,13,1387,0.3077067688255406,4.757680014101149,35.88298061621937,0.3077067688255406,100
16,14,1486,0.3077067688255406,3.895197524808662,38.544526483221745,0.3077067688255406,100
16,15,1585,0.3077067688255406,3.7564815790418233,15.750661236924026,0.3077067688255406,100
16,16,1684,0.3005004269990215,4.528963225594161,19.815052176414923,0.3005004269990215,100
16,17,1783,0.3005004269990215,3.833158985741132,28.87269573715314,0.3005004269990215,100
16,18,1882,0.3005004269990215,4.179394565968786,30.699638642217785,0.3005004269990215,100
16,19,1981,0.3005004269990215,3.7423183763617187,20.056699673128232,0.3005004269990215,100
16,20,2080,0.3005004269990215,3.8662363719358357,46.92079818500834,0.3005004269990215,100
16,21,2179,0.3005004269990215,4.490832224933696,20.463069628032937,0.3005004269990215,100
16,22,2278,0.3005004269990215,4.489311242117235,28.730629721864908,0.3005004269990215,100
16,23,2377,0.3005004269990215,3.7300150144381776,24.362591382159767,0.3005004269990215,100
16,24,2476,0.3005004269990215,3.801434792088338,18.750602906598825,0.3005004269990215,100
16,25,2575,0.3005004269990215,3.5808224122267474,19.962950829590273,0.3005004269990215,100
16,26,2674,0.3005004269990215,4.422728552928197,29.909513540721406,0.3005004269990215,100
16,27,2773,0.3005004269990215,3.8572411305024876,23.786936633169454,0.3005004269990215,100
16,28,2872,0.3005004269990215,4.081802582766876,30.45134423937083,0.3005004269990215,100
16,29,2971,0.3005004269990215,4.008162579508112,32.556456702983716,0.3005004269990215,100
16,30,3070,0.3005004269990215,4.079816496576228,15.668649793125207,0.3005004269990215,100
16,31,3169,0.3005004269990215,3.502814063496103,14.420227811563961,0.3005004269990215,100
16,32,3268,0.3005004269990215,4.011982369201767,23.236903776322336,0.3005004269990215,100
16,33,3367,0.3005004269990215,3.7153730382565597,37.38003051652067,0.3005004269990215,100
16,34,3466,0.3005004269990215,3.6758997355042937,21.868419253021877,0.3005004269990215,100
16,35,3565,0.3005004269990215,3.2060918544328176,19.18995342933141,0.3005004269990215,100
16,36,3664,0.3005004269990215,3.5694110000071237,18.146525158438656,0.3005004269990215,100
16,37,3763,0.3005004269990215,4.646826069503597,32.748174161325196,0.3005004269990215,100
16,38,3862,0.3005004269990215,3.9709528441794335,33.997056651255804,0.3005004269990215,100
16,39,3961,0.3005004269990215,3.8031788835622824,22.209080761725502,0.3005004269990215,100
16,40,4060,0.3005004269990215,3.293327278436647,24.808480476301217,0.3005004269990215,100
16,41,4159,0.3005004269990215,3.0958630735196366,24.77554557310475,0.3005004269990215,100
16,42,4258,0.3005004269990215,3.74988926879162,21.79728899626044,0.3005004269990215,100
16,43,4357,0.3005004269990215,3.621640298943085,49.43420629178993,0.3005004269990215,100
16,44,4456,0.3005004269990215,4.093302284437517,25.35342137212262,0.3005004269990215,100
16,45,4555,0.3005004269990215,3.592585991121754,28.189283744311293,0.3005004269990215,100
16,46,4654,0.3005004269990215,4.127435030706786,43.58682646521938,0.3005004269990215,100
16,47,4753,0.3005004269990215,3.1368208132671946,19.132252690891818,0.3005004269990215,100
16,48,4852,0.3005004269990215,4.025237438732945,30.557037759847155,0.3005004269990215,100
16,49,4951,0.3005004269990215,3.701122004883674,38.536192082735454,0.3005004269990215,100
16,50,5050,0.3005004269990215,3.2927330841844475,21.470760591842353,0.3005004269990215,100
16,51,5149,0.3005004269990215,3.580927653135143,25.793229652192228,0.3005004269990215,100
16,52,5248,0.3005004269990215,3.0513376757577215,16.54952680357141,0.3005004269990215,100
16,53,5347,0.3005004269990215,3.6510045401161606,24.089120566481125,0.3005004269990215,100
16,54,5446,0.3005004269990215,3.5352244603366554,23.701822997137647,0.3005004269990215,100
16,55,5545,0.3005004269990215,3.6080249055646108,15.530227542576162,0.3005004269990215,100
16,56,5644,0.3005004269990215,3.174973233683125,13.81794307718518,0.3005004269990215,100
16,57,5743,0.3005004269990215,2.7967458083063725,23.230253382962758,0.3005004269990215,100
16,58,5842,0.3005004269990215,3.5870635677139746,14.668865508113608,0.3005004269990215,100
16,59,5941,0.3005004269990215,3.0434379350186918,30.36746340650478,0.3005004269990215,100
16,60,6040,0.3005004269990215,2.885843428822855,13.955837770596261,0.3005004269990215,100
16,61,6139,0.3005004269990215,2.6584770066323413,13.214329115073358,0.3005004269990215,100
16,62,6238,0.3005004269990215,3.580917684050277,20.498800906926288,0.3005004269990215,100
16,63,6337,0.3005004269990215,3.0365058369578133,21.280647035332738,0.3005004269990215,100
16,64,6436,0.3005004269990215,3.005273223013142,16.788742090510805,0.3005004269990215,100
16,65,6535,0.3005004269990215,4.336600375986186,32.904682467587094,0.3005004269990215,100
16,66,6634,0.3005004269990215,3.641964327235296,19.459603142201196,0.3005004269990215,100
16,67,6733,0.3005004269990215,3.253932664025858,27.47390439770554,0.3005004269990215,100
16,68,6832,0.3005004269990215,2.952079550453449,17.51122257021822,0.3005004269990215,100
16,69,6931,0.3005004269990215,3.2492990562766138,16.806736865343318,0.3005004269990215,100
16,70,7030,0.3005004269990215,3.129688331685188,21.020677855805285,0.3005004269990215,100
16,71,7129,0.3005004269990215,3.7519101397397376,18.280704034226275,0.3005004269990215,100
16,72,7228,0.3005004269990215,3.4286463338725333,21.61033593889095,0.3005004269990215,100
16,73,7327,0.3005004269990215,3.366173090586621,23.298054981588177,0.3005004269990215,100
16,74,7426,0.3005004269990215,3.0650797611437026,23.73609495190522,0.3005004269990215,100
16,75,7525,0.3005004269990215,2.813825059660297,21.103335420284093,0.3005004269990215,100
16,76,7624,0.3005004269990215,2.6432305720372575,19.109100809711858,0.3005004269990215,100
16,77,7723,0.3005004269990215,3.5179326848239283,20.776894313643293,0.3005004269990215,100
16,78,7822,0.3005004269990215,2.662287305734135,13.368858861068539,0.3005004269990215,100
16,79,7921,0.3005004269990215,2.888410423361462,18.42710759350521,0.3005004269990215,100
16,80,8020,0.3005004269990215,3.0366700714533765,21.915377083147607,0.3005004269990215,100
16,81,8119,0.3005004269990215,3.341125388751976,16.6100962330851,0.3005004269990215,100
16,82,8218,0.3005004269990215,2.9560819156040155,23.532456191644552,0.3005004269990215,100
16,83,8317,0.3005004269990215,2.5307544098864327,17.1146096147658,0.3005004269990215,100
16,84,8416,0.3005004269990215,3.0122835771254297,28.021295560409072,0.3005004269990215,100
16,85,8515,0.3005004269990215,3.0870660931799407,21.4413209190392,0.3005004269990215,100
16,86,8614,0.3005004269990215,3.438018180574801,20.860324659153708,0.3005004269990215,100
16,87,8713,0.3005004269990215,2.885925287499628,12.650935890196155,0.3005004269990215,100
16,88,8812,0.3005004269990215,2.680513041810715,18.462303529857724,0.3005004269990215,100
16,89,8911,0.3005004269990215,2.9819256666673923,16.254985799359048,0.3005004269990215,100
16,90,9010,0.3005004269990215,3.5208979855497144,24.954151049805212,0.3005004269990215,100
16,91,9109,0.3005004269990215,3.1891101083251616,16.65342304188189,0.3005004269990215,100
16,92,9208,0.3005004269990215,3.090923720704418,13.291437471864691,0.3005004269990215,100
16,93,9307,0.3005004269990215,3.3698161088851335,16.463387828322688,0.3005004269990215,100
16,94,9406,0.3005004269990215,2.8383222261341445,13.635783708864402,0.3005004269990215,100
16,95,9505,0.3005004269990215,3.094242532512542,16.617520866495646,0.3005004269990215,100
16,96,9604,0.3005004269990215,3.1271136902119787,12.920526311152752,0.3005004269990215,100
16,97,9703,0.3005004269990215,3.5423937926720788,30.57321852781259,0.3005004269990215,100
16,98,9802,0.3005004269990215,3.0961229929786613,18.693523418366766,0.3005004269990215,100
16,99,9901,0.3005004269990215,3.0108061384715166,28.226107685049808,0.3005004269990215,100
16,100,10000,0.3005004269990215,2.9387099467104862,17.692607999023892,0.3005004269990215,100
16,101,10099,0.3005004269990215,2.6044286862360497,18.907568201324327,0.3005004269990215,100
16,102,10198,0.3005004269990215,3.325237054105567,20.49763744518954,0.3005004269990215,100
16,103,10297,0.3005004269990215,3.0109410938334467,20.30400830983657,0.3005004269990215,100
16,104,10396,0.3005004269990215,2.499781892103355,20.55284138917312,0.3005004269990215,100
16,105,10495,0.3005004269990215,2.914239161767689,25.61929917960266,0.3005004269990215,100
16,106,10594,0.3005004269990215,3.3986183092555065,18.000915132616925,0.3005004269990215,100
16,107,10693,0.3005004269990215,2.4528098925290918,21.11882413995965,0.3005004269990215,100
16,108,10792,0.3005004269990215,3.2091134841294315,22.56461233475857,0.3005004269990215,100
16,109,10891,0.3005004269990215,2.3525340523595664,10.955298851365443,0.3005004269990215,100
16,110,10990,0.3005004269990215,3.670804020483471,19.053076419701398,0.3005004269990215,100
16,111,11089,0.3005004269990215,3.2879991849054817,27.249356980230083,0.3005004269990215,100
16,112,11188,0.3005004269990215,2.835413638143629,22.31497465641368,0.3005004269990215,100
16,113,11287,0.3005004269990215,3.0637997742752288,19.463977520454605,0.3005004269990215,100
16,114,11386,0.3005004269990215,3.8702967594391957,26.94630478539748,0.3005004269990215,100
16,115,11485,0.3005004269990215,3.573453005613104,23.468176699414588,0.3005004269990215,100
16,116,11584,0.3005004269990215,3.28640443417679,45.713419616065906,0.3005004269990215,100
16,117,11683,0.3005004269990215,3.4468565728582905,25.59308949689249,0.3005004269990215,100
16,118,11782,0.3005004269990215,3.130104449074163,22.338442808561194,0.3005004269990215,100
16,119,11881,0.3005004269990215,2.8710556892592076,24.211729749935298,0.3005004269990215,100
16,120,11980,0.3005004269990215,3.020618983836036,36.19626178544511,0.3005004269990215,100
16,121,12079,0.3005004269990215,3.0686944277637336,19.985842624152486,0.3005004269990215,100
16,122,12178,0.3005004269990215,2.8790275983580966,28.63514599040235,0.3005004269990215,100
16,123,12277,0.3005004269990215,3.7490441397333454,22.835051351271883,0.3005004269990215,100
16,124,12376,0.3005004269990215,2.9394668623911375,20.73796147287313,0.3005004269990215,100
16,125,12475,0.3005004269990215,2.422299306588022,20.80274438127081,0.3005004269990215,100
16,126,12574,0.3005004269990215,3.560667873208605,18.349878196529236,0.3005004269990215,100
16,127,12673,0.3005004269990215,3.34340083351951,29.18142380134992,0.3005004269990215,100
16,128,12772,0.3005004269990215,2.9409551207096367,19.24061417039432,0.3005004269990215,100
16,129,12871,0.3005004269990215,2.9738990085706405,31.18110713460008,0.3005004269990215,100
16,130,12970,0.3005004269990215,3.1553614617845303,25.746779877235006,0.3005004269990215,100
16,131,13069,0.3005004269990215,3.0662542507374466,15.128315780332589,0.3005004269990215,100
16,132,13168,0.3005004269990215,3.9110174126717983,39.641940928925685,0.3005004269990215,100
16,133,13267,0.3005004269990215,2.7114126392634255,14.00026068899637,0.3005004269990215,100
16,134,13366,0.3005004269990215,3.1628776080794454,18.745504851459895,0.3005004269990215,100
16,135,13465,0.3005004269990215,2.656448378716904,19.609694980247276,0.3005004269990215,100
16,136,13564,0.3005004269990215,2.9343477350566256,16.97805761018817,0.3005004269990215,100
16,137,13663,0.3005004269990215,3.3976098703893056,21.09337449323827,0.3005004269990215,100
16,138,13762,0.3005004269990215,3.1829199051394266,20.992133660512632,0.3005004269990215,100
16,139,13861,0.3005004269990215,2.769362349108684,14.229868451124288,0.3005004269990215,100
16,140,13960,0.3005004269990215,3.410476436049331,19.767826198518595,0.3005004269990215,100
16,141,14059,0.3005004269990215,3.4237969578214638,27.638502692536843,0.3005004269990215,100
16,142,14158,0.3005004269990215,2.6909313415608,18.006681668835174,0.3005004269990215,100
16,143,14257,0.3005004269990215,3.112915015763677,25.507154098387442,0.3005004269990215,100
16,144,14356,0.3005004269990215,4.414307686361962,27.687410822325134,0.3005004269990215,100
16,145,14455,0.3005004269990215,3.622477779624581,21.2045877929764,0.3005004269990215,100
16,146,14554,0.3005004269990215,3.0835036837428897,17.47505583579734,0.3005004269990215,100
16,147,14653,0.3005004269990215,3.2998659839269853,46.03598076138857,0.3005004269990215,100
16,148,14752,0.3005004269990215,2.664417374902749,19.72773652445687,0.3005004269990215,100
16,149,14851,0.3005004269990215,3.3416482110901313,33.91941401900071,0.3005004269990215,100
16,150,14950,0.3005004269990215,2.951248025836187,20.29727578437646,0.3005004269990215,100
16,151,15049,0.3005004269990215,2.385137627705138,12.598871861356525,0.3005004269990215,100
16,152,15148,0.3005004269990215,3.256566636610562,29.66952781014613,0.3005004269990215,100
16,153,15247,0.3005004269990215,3.0873312337694743,17.078780551858195,0.3005004269990215,100
16,154,15346,0.3005004269990215,3.531651027981846,31.675500468391746,0.3005004269990215,100
16,155,15445,0.3005004269990215,3.3827117216378184,34.343335851608174,0.3005004269990215,100
16,156,15544,0.3005004269990215,3.165586004445615,17.23804145617225,0.3005004269990215,100
16,157,15643,0.3005004269990215,2.8744294232481313,15.5303694343637,0.3005004269990215,100
16,158,15742,0.3005004269990215,3.7714719491433693,26.550438141520978,0.3005004269990215,100
16,159,15841,0.3005004269990215,4.115211487016096,30.413528935926536,0.3005004269990215,100
16,160,15940,0.3005004269990215,2.9256113011012155,24.747014083122693,0.3005004269990215,100
16,161,16039,0.3005004269990215,3.1391177015606195,21.671697803077148,0.3005004269990215,100
16,162,16138,0.3005004269990215,2.8918042058253985,20.175878230547948,0.3005004269990215,100
16,163,16237,0.3005004269990215,2.818007735985427,23.52073869289497,0.3005004269990215,100
16,164,16336,0.3005004269990215,2.663829507596563,16.57659708268273,0.3005004269990215,100
16,165,16435,0.3005004269990215,3.324962435122323,23.28665727006108,0.3005004269990215,100
16,166,16534,0.3005004269990215,2.878676479912839,23.351399462530782,0.3005004269990215,100
16,167,16633,0.3005004269990215,4.045794293100126,23.811609200078482,0.3005004269990215,100
16,168,16732,0.3005004269990215,3.5206870828340406,31.53656123222841,0.3005004269990215,100
16,169,16831,0.3005004269990215,2.6114226921161356,21.447561960117692,0.3005004269990215,100
16,170,16930,0.3005004269990215,3.0909470267384433,27.760043616423246,0.3005004269990215,100
16,171,17029,0.3005004269990215,2.6026514964180065,23.726743587719515,0.3005004269990215,100
16,172,17128,0.3005004269990215,2.689679144212791,24.465496635093395,0.3005004269990215,100
16,173,17227,0.3005004269990215,2.0090773905076236,11.034074742238698,0.3005004269990215,100
16,174,17326,0.3005004269990215,3.057961084221412,20.9434016674397,0.3005004269990215,100
16,175,17425,0.3005004269990215,3.084180464620282,16.76990072507731,0.3005004269990215,100
16,176,17524,0.3005004269990215,3.298553792956321,21.626511914692014,0.3005004269990215,100
16,177,17623,0.3005004269990215,3.5815162541947045,29.906436648242252,0.3005004269990215,100
16,178,17722,0.3005004269990215,3.704937578870189,27.468119532819376,0.3005004269990215,100
16,179,17821,0.3005004269990215,3.071211933687966,30.911169955023304,0.3005004269990215,100
16,180,17920,0.3005004269990215,3.4786956974378462,26.491434841234728,0.3005004269990215,100
16,181,18019,0.3005004269990215,2.9393552674484607,13.819894107722895,0.3005004269990215,100
16,182,18118,0.3005004269990215,2.7859933063700013,25.953768237332003,0.3005004269990215,100
16,183,18217,0.3005004269990215,3.429712502691584,22.816769963090554,0.3005004269990215,100
16,184,18316,0.3005004269990215,3.312019406153208,19.07016758349038,0.3005004269990215,100
16,185,18415,0.3005004269990215,2.837009630933041,18.476504301624765,0.3005004269990215,100
16,186,18514,0.3005004269990215,2.84533024140682,21.341339079467048,0.3005004269990215,100
16,187,18613,0.3005004269990215,3.1445889799701376,19.088065529801135,0.3005004269990215,100
16,188,18712,0.3005004269990215,3.8041111757748145,20.647969176203713,0.3005004269990215,100
16,189,18811,0.3005004269990215,3.3641036719468405,16.55547332758293,0.3005004269990215,100
16,190,18910,0.3005004269990215,3.139235268305518,20.683816823900944,0.3005004269990215,100
16,191,19009,0.3005004269990215,4.496653136336587,44.2166426553592,0.3005004269990215,100
16,192,19108,0.3005004269990215,2.7761117915699964,22.01263360547402,0.3005004269990215,100
16,193,19207,0.3005004269990215,2.95159468288926,24.456102069092907,0.3005004269990215,100
16,194,19306,0.3005004269990215,3.074675295373568,20.601273706150938,0.3005004269990215,100
16,195,19405,0.3005004269990215,3.0243594011084247,25.881632963195546,0.3005004269990215,100
16,196,19504,0.3005004269990215,2.4929891327187934,16.787398141108937,0.3005004269990215,100
16,197,19603,0.3005004269990215,3.6671991338031864,21.299402487034598,0.3005004269990215,100
16,198,19702,0.3005004269990215,3.2719768062105032,21.647787683033002,0.3005004269990215,100
16,199,19801,0.3005004269990215,3.0440650359674803,16.638253369816212,0.3005004269990215,100
16,200,19900,0.3005004269990215,2.299881889696527,13.87711197353876,0.3005004269990215,100
16,201,19999,0.3005004269990215,3.0975094513858816,33.62648828116106,0.3005004269990215,100
16,202,20098,0.3005004269990215,2.9586642299025003,17.45888538707239,0.3005004269990215,100
16,203,20197,0.3005004269990215,3.4755493124424044,21.279604348671437,0.3005004269990215,100
16,204,20296,0.3005004269990215,2.661268680949685,38.729920866126655,0.3005004269990215,100
16,205,20395,0.3005004269990215,2.7432019524295264,16.596057175749102,0.3005004269990215,100
16,206,20494,0.3005004269990215,3.2576883406351502,20.8517648149877,0.3005004269990215,100
16,207,20593,0.3005004269990215,3.0837606355724256,16.9091743436,0.3005004269990215,100
16,208,20692,0.3005004269990215,2.779032747408503,28.679041599125302,0.3005004269990215,100
16,209,20791,0.3005004269990215,3.1746499352482767,32.222536935032565,0.3005004269990215,100
16,210,20890,0.3005004269990215,2.7983003212477695,16.38212437478706,0.3005004269990215,100
16,211,20989,0.3005004269990215,2.8208871401134865,22.328417919994685,0.3005004269990215,100
16,212,21088,0.3005004269990215,3.0852176560774227,34.01353981759554,0.3005004269990215,100
16,213,21187,0.3005004269990215,2.3983900708916894,25.18276276789158,0.3005004269990215,100
16,214,21286,0.3005004269990215,3.1042073456917696,27.165921373587935,0.3005004269990215,100
16,215,21385,0.3005004269990215,3.016374857029541,25.004033186195098,0.3005004269990215,100
16,216,21484,0.3005004269990215,2.990311848522324,14.449423091927995,0.3005004269990215,100
16,217,21583,0.3005004269990215,2.8883549917510436,19.12514590418212,0.3005004269990215,100
16,218,21682,0.3005004269990215,2.9208304789642905,21.271906319362607,0.3005004269990215,100
16,219,21781,0.3005004269990215,3.271044567902811,33.19128313354336,0.3005004269990215,100
16,220,21880,0.3005004269990215,3.3282331461602634,30.821039610267455,0.3005004269990215,100
16,221,21979,0.3005004269990215,2.6555275202683157,19.20171991668985,0.3005004269990215,100
16,222,22078,0.3005004269990215,3.2708400530625013,25.19588566966445,0.3005004269990215,100
16,223,22177,0.3005004269990215,3.0914832208224032,15.759365595955304,0.3005004269990215,100
16,224,22276,0.3005004269990215,2.597175149481682,25.93572955056227,0.3005004269990215,100
16,225,22375,0.3005004269990215,3.1122125961700893,21.10185747739618,0.3005004269990215,100
16,226,22474,0.3005004269990215,2.514570570056193,16.66965832499594,0.3005004269990215,100
16,227,22573,0.3005004269990215,2.9033248582362354,24.55439151291796,0.3005004269990215,100
16,228,22672,0.3005004269990215,3.362019858446082,18.47212375751416,0.3005004269990215,100
16,229,22771,0.3005004269990215,3.0815396583826096,22.02251233760952,0.3005004269990215,100
16,230,22870,0.3005004269990215,2.515620344074586,16.430136639440686,0.3005004269990215,100
16,231,22969,0.3005004269990215,3.2041294845351764,15.416319146851801,0.3005004269990215,100
16,232,23068,0.3005004269990215,3.4556032362252727,22.21800937786387,0.3005004269990215,100
16,233,23167,0.3005004269990215,2.8120584070648675,16.33563379775498,0.3005004269990215,100
16,234,23266,0.3005004269990215,4.000657739320534,41.8941823667317,0.3005004269990215,100
16,235,23365,0.3005004269990215,3.4026046777020587,21.993554548392996,0.3005004269990215,100
16,236,23464,0.3005004269990215,3.468625720497402,37.20620616055266,0.3005004269990215,100
16,237,23563,0.3005004269990215,3.068491654523413,21.408299387740787,0.3005004269990215,100
16,238,23662,0.3005004269990215,3.549668497755813,33.48487577538995,0.3005004269990215,100
16,239,23761,0.3005004269990215,3.527571713402634,17.64229296270227,0.3005004269990215,100
16,240,23860,0.3005004269990215,3.259957519518865,23.983053795543608,0.3005004269990215,100
16,241,23959,0.3005004269990215,3.041155729807407,25.124477442111832,0.3005004269990215,100
16,242,24058,0.3005004269990215,2.7983926806668835,15.385793492702533,0.3005004269990215,100
16,243,24157,0.3005004269990215,3.51604782790421,24.35077588881957,0.3005004269990215,100
16,244,24256,0.3005004269990215,3.5412442046057153,24.05823288368417,0.3005004269990215,100
16,245,24355,0.3005004269990215,3.177293798280658,20.398707093893954,0.3005004269990215,100
16,246,24454,0.3005004269990215,3.4843708509443623,17.872946262162404,0.3005004269990215,100
16,247,24553,0.3005004269990215,2.6393773544702412,30.891235982699058,0.3005004269990215,100
16,248,24652,0.3005004269990215,3.159370019388419,20.746691168627482,0.3005004269990215,100
16,249,24751,0.3005004269990215,3.7269390506971174,24.389176071162357,0.3005004269990215,100
16,250,24850,0.3005004269990215,2.8345677257474553,19.19447315079445,0.3005004269990215,100
16,251,24949,0.3005004269990215,2.7230187173932427,17.855501203725325,0.3005004269990215,100
16,252,25048,0.3005004269990215,2.5950623441719523,22.75381271577862,0.3005004269990215,100
16,253,25147,0.3005004269990215,2.912035039033538,27.627462735474637,0.3005004269990215,100
16,254,25246,0.3005004269990215,2.6162877106991846,19.346784167279825,0.3005004269990215,100
16,255,25345,0.3005004269990215,2.8919287617259575,21.93420833313337,0.3005004269990215,100
16,256,25444,0.3005004269990215,2.9765093291176026,24.90985222098306,0.3005004269990215,100
16,257,25543,0.3005004269990215,2.7680717369356067,19.20522224086871,0.3005004269990215,100
16,258,25642,0.3005004269990215,3.3039494949398773,19.456191201104645,0.3005004269990215,100
16,259,25741,0.3005004269990215,2.7238657680469847,20.962883350103873,0.3005004269990215,100
16,260,25840,0.3005004269990215,3.4233894623002827,26.569307875710127,0.3005004269990215,100
16,261,25939,0.3005004269990215,2.975590459971199,16.601147788461,0.3005004269990215,100
16,262,26038,0.3005004269990215,3.1349946377365745,29.905670757037704,0.3005004269990215,100
16,263,26137,0.3005004269990215,3.8099731181936223,18.280290512900443,0.3005004269990215,100
16,264,26236,0.3005004269990215,3.434237498403073,15.84230979939005,0.3005004269990215,100
16,265,26335,0.3005004269990215,2.759583520666654,18.636899443903914,0.3005004269990215,100
16,266,26434,0.3005004269990215,2.447703025013335,20.107928465513318,0.3005004269990215,100
16,267,26533,0.3005004269990215,3.523549790124323,20.485536428755992,0.3005004269990215,100
16,268,26632,0.3005004269990215,2.878758286436508,16.65846567455886,0.3005004269990215,100
16,269,26731,0.3005004269990215,3.0908059258352956,30.10037042888342,0.3005004269990215,100
16,270,26830,0.3005004269990215,2.861000096291974,30.580168699921817,0.3005004269990215,100
16,271,26929,0.3005004269990215,2.930260982193794,26.92196534938073,0.3005004269990215,100
16,272,27028,0.3005004269990215,3.6966763058404046,26.504227589164685,0.3005004269990215,100
16,273,27127,0.3005004269990215,3.4548989944654243,28.966980900898537,0.3005004269990215,100
16,274,27226,0.3005004269990215,2.6630122612527827,18.85419827728933,0.3005004269990215,100
16,275,27325,0.3005004269990215,3.7672899770600936,45.46000842149786,0.3005004269990215,100
16,276,27424,0.3005004269990215,3.5175958190023278,18.706445176042372,0.3005004269990215,100
16,277,27523,0.3005004269990215,3.6926822473842225,25.043130721077528,0.3005004269990215,100
16,278,27622,0.3005004269990215,2.8293958300235844,17.072290610491677,0.3005004269990215,100
16,279,27721,0.3005004269990215,2.633861928285274,25.109862296804593,0.3005004269990215,100
16,280,27820,0.3005004269990215,3.381691400059834,23.26240316553662,0.3005004269990215,100
16,281,27919,0.3005004269990215,3.5854507723464026,21.969724314615117,0.3005004269990215,100
16,282,28018,0.3005004269990215,3.080157852932792,18.290754303569067,0.3005004269990215,100
16,283,28117,0.3005004269990215,3.781087772594409,24.523471257013778,0.3005004269990215,100
16,284,28216,0.3005004269990215,2.948207865768257,28.6285603668899,0.3005004269990215,100
16,285,28315,0.3005004269990215,4.111951999919553,43.94319033361029,0.3005004269990215,100
16,286,28414,0.3005004269990215,3.1792723552490134,25.721684509548368,0.3005004269990215,100
16,287,28513,0.3005004269990215,3.7776327781683414,30.976750138226247,0.3005004269990215,100
16,288,28612,0.3005004269990215,2.9493469170752666,16.963874624537038,0.3005004269990215,100
16,289,28711,0.3005004269990215,2.8354794034008086,30.990928800785852,0.3005004269990215,100
16,290,28810,0.3005004269990215,2.8523454993995654,21.61822488032341,0.3005004269990215,100
16,291,28909,0.3005004269990215,2.626593443020366,15.857853940630818,0.3005004269990215,100
16,292,29008,0.3005004269990215,3.076933261055934,21.4486001526731,0.3005004269990215,100
16,293,29107,0.3005004269990215,4.099383689681893,24.67891365917064,0.3005004269990215,100
16,294,29206,0.3005004269990215,3.369123189276993,21.180630053837127,0.3005004269990215,100
16,295,29305,0.3005004269990215,3.6894848280991552,23.32385097864689,0.3005004269990215,100
16,296,29404,0.3005004269990215,3.4606395271101706,15.183749046679955,0.3005004269990215,100
16,297,29503,0.3005004269990215,3.095414331756328,19.673942540057393,0.3005004269990215,100
16,298,29602,0.3005004269990215,3.321951891104519,19.253532279268466,0.3005004269990215,100
16,299,29701,0.3005004269990215,3.2633639839605717,23.440268522438032,0.3005004269990215,100
16,300,29800,0.3005004269990215,3.756498900544908,20.234722352926596,0.3005004269990215,100
16,301,29899,0.3005004269990215,3.156898965631378,24.19041990379607,0.3005004269990215,100
16,302,29998,0.3005004269990215,3.4812663935859716,27.641146977083046,0.3005004269990215,100
16,303,30097,0.3005004269990215,3.4739482303929194,22.846324105890872,0.3005004269990215,100
16,304,30196,0.3005004269990215,3.5290462403892913,19.971175935849644,0.3005004269990215,100
16,305,30295,0.3005004269990215,3.907178042707306,16.624418760368986,0.3005004269990215,100
16,306,30394,0.3005004269990215,3.339813835769633,21.446008376932774,0.3005004269990215,100
16,307,30493,0.3005004269990215,3.4143203366179047,22.4875104203278,0.3005004269990215,100
16,308,30592,0.3005004269990215,3.364100212129041,23.005826218662065,0.3005004269990215,100
16,309,30691,0.3005004269990215,3.0708090322935093,19.842237558875766,0.3005004269990215,100
16,310,30790,0.3005004269990215,3.341140576300245,20.1198572646787,0.3005004269990215,100
16,311,30889,0.3005004269990215,2.1309007817403325,13.385536618898433,0.3005004269990215,100
16,312,30988,0.3005004269990215,3.038238701911577,24.660426131690304,0.3005004269990215,100
16,313,31087,0.3005004269990215,3.3434780491942444,19.593689697750875,0.3005004269990215,100
16,314,31186,0.3005004269990215,3.029899249901515,17.857159608351697,0.3005004269990215,100
16,315,31285,0.3005004269990215,2.92888987462044,20.12220741462726,0.3005004269990215,100
16,316,31384,0.3005004269990215,3.137464897280657,18.21012425754993,0.3005004269990215,100
16,317,31483,0.3005004269990215,3.756335957535425,29.92186624024786,0.3005004269990215,100
16,318,31582,0.3005004269990215,3.6007845661611615,23.104972241803758,0.3005004269990215,100
16,319,31681,0.3005004269990215,3.8689010062054514,22.386772673473708,0.3005004269990215,100
16,320,31780,0.3005004269990215,2.950116328919916,21.812235517257445,0.3005004269990215,100
16,321,31879,0.3005004269990215,2.7913799005092006,24.372263004531387,0.3005004269990215,100
16,322,31978,0.3005004269990215,2.821611976947578,19.297561137073888,0.3005004269990215,100
16,323,32077,0.3005004269990215,2.897154606392441,17.93686799623403,0.3005004269990215,100
16,324,32176,0.3005004269990215,3.545111255634274,19.255409187778476,0.3005004269990215,100
16,325,32275,0.3005004269990215,3.4817702174984855,37.06173262443468,0.3005004269990215,100
16,326,32374,0.3005004269990215,3.285113753915597,17.275062190083307,0.3005004269990215,100
16,327,32473,0.3005004269990215,3.3507514670432954,29.17091472610991,0.3005004269990215,100
16,328,32572,0.3005004269990215,3.371367247824161,18.35589092414313,0.3005004269990215,100
16,329,32671,0.3005004269990215,2.4240995456920458,13.575349337901274,0.3005004269990215,100
16,330,32770,0.3005004269990215,3.5024597763523593,25.480907020914852,0.3005004269990215,100
16,331,32869,0.3005004269990215,2.729937065447014,16.97540644485979,0.3005004269990215,100
16,332,32968,0.3005004269990215,3.0399133974729353,20.36772987479276,0.3005004269990215,100
16,333,33067,0.3005004269990215,2.8566939596061154,16.768320863846323,0.3005004269990215,100
16,334,33166,0.3005004269990215,3.4028551250725747,25.61745553799886,0.3005004269990215,100
16,335,33265,0.3005004269990215,2.7695314399356086,18.37374793609839,0.3005004269990215,100
16,336,33364,0.3005004269990215,3.080459626630626,16.707998278908182,0.3005004269990215,100
16,337,33463,0.3005004269990215,2.975388247729398,15.420825002253109,0.3005004269990215,100
16,338,33562,0.3005004269990215,3.5925427033770774,29.85326481022197,0.3005004269990215,100
16,339,33661,0.3005004269990215,3.588290794155993,19.584030234795108,0.3005004269990215,100
16,340,33760,0.3005004269990215,3.0787831046653555,28.329776982876936,0.3005004269990215,100
16,341,33859,0.3005004269990215,2.7193173397889416,17.68919178801511,0.3005004269990215,100
16,342,33958,0.3005004269990215,3.279776264726037,19.284963838690462,0.3005004269990215,100
16,343,34057,0.3005004269990215,2.6107648985998413,15.557979435380496,0.3005004269990215,100
16,344,34156,0.3005004269990215,3.991556080888972,32.14374096605887,0.3005004269990215,100
16,345,34255,0.3005004269990215,3.089293198477991,26.113916893190666,0.3005004269990215,100
16,346,34354,0.3005004269990215,3.2686846942391146,36.400408265383355,0.3005004269990215,100
16,347,34453,0.3005004269990215,3.1307841202246864,17.557330668099638,0.3005004269990215,100
16,348,34552,0.3005004269990215,3.513084665170008,27.50501212214519,0.3005004269990215,100
16,349,34651,0.3005004269990215,3.5374805698371357,35.37161767010628,0.3005004269990215,100
16,350,34750,0.3005004269990215,3.182924763812781,19.27971887293223,0.3005004269990215,100
16,351,34849,0.3005004269990215,3.801800383625405,19.898429427565524,0.3005004269990215,100
16,352,34948,0.3005004269990215,2.6684493641520977,15.658423214731785,0.3005004269990215,100
16,353,35047,0.3005004269990215,2.6386747565163846,22.413033970923134,0.3005004269990215,100
16,354,35146,0.3005004269990215,2.949470636241187,13.985063282609067,0.3005004269990215,100
16,355,35245,0.3005004269990215,2.693014681162685,25.512818741311122,0.3005004269990215,100
16,356,35344,0.3005004269990215,3.600202240656775,19.80144700574323,0.3005004269990215,100
16,357,35443,0.3005004269990215,3.143053871583597,23.687887283905134,0.3005004269990215,100
16,358,35542,0.3005004269990215,3.0012627956709803,18.102070254550803,0.3005004269990215,100
16,359,35641,0.3005004269990215,3.4340169356945807,18.450113956841474,0.3005004269990215,100
16,360,35740,0.3005004269990215,3.025355704930251,27.57587872896653,0.3005004269990215,100
16,361,35839,0.3005004269990215,3.0866007227644756,25.68445636274562,0.3005004269990215,100
16,362,35938,0.3005004269990215,2.505714187532021,14.706489091182464,0.3005004269990215,100
16,363,36037,0.3005004269990215,3.3435072446644023,27.52711832824328,0.3005004269990215,100
16,364,36136,0.3005004269990215,3.5342785605798968,32.1032491685048,0.3005004269990215,100
16,365,36235,0.3005004269990215,3.242225537677462,28.355062204757303,0.3005004269990215,100
16,366,36334,0.3005004269990215,2.624814631861903,15.589539667598686,0.3005004269990215,100
16,367,36433,0.3005004269990215,2.885055251654365,20.37195942866062,0.3005004269990215,100
16,368,36532,0.3005004269990215,2.9785098021745764,27.976562899450727,0.3005004269990215,100
16,369,36631,0.3005004269990215,3.58859511313285,41.55073208875052,0.3005004269990215,100
16,370,36730,0.3005004269990215,3.230167046603701,26.239957645258354,0.3005004269990215,100
16,371,36829,0.3005004269990215,3.2875353186562797,16.306553317557317,0.3005004269990215,100
16,372,36928,0.3005004269990215,3.0952059697622345,22.169351230479176,0.3005004269990215,100
16,373,37027,0.3005004269990215,3.126084164919369,19.832286827503253,0.3005004269990215,100
16,374,37126,0.3005004269990215,3.1028890449218727,20.99730229805844,0.3005004269990215,100
16,375,37225,0.3005004269990215,3.006196611308506,14.528014962807957,0.3005004269990215,100
16,376,37324,0.3005004269990215,3.8528591410293047,30.979684492012225,0.3005004269990215,100
16,377,37423,0.3005004269990215,2.847288195153952,20.226929597720577,0.3005004269990215,100
16,378,37522,0.3005004269990215,3.1964662037395097,20.539699246283444,0.3005004269990215,100
16,379,37621,0.3005004269990215,3.722271117202924,22.685329463270094,0.3005004269990215,100
16,380,37720,0.3005004269990215,3.723532786171624,39.33027820224744,0.3005004269990215,100
16,381,37819,0.3005004269990215,3.2961829302367085,25.01495734406308,0.3005004269990215,100
16,382,37918,0.3005004269990215,3.456075305555493,23.814780551719064,0.3005004269990215,100
16,383,38017,0.3005004269990215,3.4931128375678693,20.792421127526318,0.3005004269990215,100
16,384,38116,0.3005004269990215,2.951826875916778,16.964446781374825,0.3005004269990215,100
16,385,38215,0.3005004269990215,3.5644136602945222,21.618007236257075,0.3005004269990215,100
16,386,38314,0.3005004269990215,2.913099162583703,36.716979115850314,0.3005004269990215,100
16,387,38413,0.3005004269990215,2.9249801103206896,16.858856172302087,0.3005004269990215,100
16,388,38512,0.3005004269990215,2.4834411188447887,22.185028218300584,0.3005004269990215,100
16,389,38611,0.3005004269990215,3.408542353052385,19.111658724901552,0.3005004269990215,100
16,390,38710,0.3005004269990215,3.2341749940226636,23.396565335652063,0.3005004269990215,100
16,391,38809,0.3005004269990215,2.4860964030548787,20.287735826936192,0.3005004269990215,100
16,392,38908,0.3005004269990215,3.312590134911927,17.23091934256565,0.3005004269990215,100
16,393,39007,0.3005004269990215,2.75064905611939,30.01565597852536,0.3005004269990215,100
16,394,39106,0.3005004269990215,3.1830810779359915,21.760665994054655,0.3005004269990215,100
16,395,39205,0.3005004269990215,2.868840223522097,18.027371167355458,0.3005004269990215,100
16,396,39304,0.3005004269990215,2.693421896292803,24.72395323041493,0.3005004269990215,100
16,397,39403,0.3005004269990215,3.0870348811754487,13.306907705012506,0.3005004269990215,100
16,398,39502,0.3005004269990215,3.1410729134523088,37.023965875396335,0.3005004269990215,100
16,399,39601,0.3005004269990215,3.224536995262697,19.903140697125355,0.3005004269990215,100
16,400,39700,0.3005004269990215,3.311660816384062,23.282877876913563,0.3005004269990215,100
16,401,39799,0.3005004269990215,3.832549972576452,23.467795712611156,0.3005004269990215,100
16,402,39898,0.3005004269990215,2.658512250153558,16.797304023763044,0.3005004269990215,100
16,403,39997,0.3005004269990215,3.6788682022967554,16.620662796174738,0.3005004269990215,100
16,404,40096,0.3005004269990215,3.4173978683873116,28.034029814824976,0.3005004269990215,100
16,405,40195,0.3005004269990215,3.260330948563834,26.130261172536404,0.3005004269990215,100
16,406,40294,0.3005004269990215,3.365733450623454,25.585064294753554,0.3005004269990215,100
16,407,40393,0.3005004269990215,4.7738824478556765,35.11757087691126,0.3005004269990215,100
16,408,40492,0.3005004269990215,3.1262302633923493,20.76851125236601,0.3005004269990215,100
16,409,40591,0.3005004269990215,3.3045148989637987,23.57296759867649,0.3005004269990215,100
16,410,40690,0.3005004269990215,3.5126098354362454,35.79107006444078,0.3005004269990215,100
16,411,40789,0.3005004269990215,2.8614275209751203,15.429003925993861,0.3005004269990215,100
16,412,40888,0.3005004269990215,3.2672379015712796,17.52104704092911,0.3005004269990215,100
16,413,40987,0.3005004269990215,3.0241826223685826,17.794299846061104,0.3005004269990215,100
16,414,41086,0.3005004269990215,2.3298051842187717,12.270195489558919,0.3005004269990215,100
16,415,41185,0.3005004269990215,2.9337437372369233,20.94157418381491,0.3005004269990215,100
16,416,41284,0.3005004269990215,4.00553762445868,21.965396416432842,0.3005004269990215,100
16,417,41383,0.3005004269990215,2.9239451030873145,15.846951607654935,0.3005004269990215,100
16,418,41482,0.3005004269990215,2.8523579005173496,16.417363792420527,0.3005004269990215,100
16,419,41581,0.3005004269990215,3.3960331305765745,29.788612235186545,0.3005004269990215,100
16,420,41680,0.3005004269990215,3.037886141746819,17.778647148737612,0.3005004269990215,100
16,421,41779,0.3005004269990215,3.0765247212301134,21.617988532501524,0.3005004269990215,100
16,422,41878,0.3005004269990215,3.9581323117385843,28.24694442521482,0.3005004269990215,100
16,423,41977,0.3005004269990215,2.8299705770381474,21.83486707674535,0.3005004269990215,100
16,424,42076,0.3005004269990215,3.232230678989373,27.710069018016437,0.3005004269990215,100
16,425,42175,0.3005004269990215,3.1793260747439893,22.660390168999132,0.3005004269990215,100
16,426,42274,0.3005004269990215,2.905515993631165,20.67248364124278,0.3005004269990215,100
16,427,42373,0.3005004269990215,2.719900059544404,22.486520916905565,0.3005004269990215,100
16,428,42472,0.3005004269990215,2.7903657871640974,19.83413116204793,0.3005004269990215,100
16,429,42571,0.3005004269990215,3.0148199326090945,20.49866279092574,0.3005004269990215,100
16,430,42670,0.3005004269990215,3.0046769138876135,21.514918561659766,0.3005004269990215,100
16,431,42769,0.3005004269990215,3.36181665892687,23.566860377343264,0.3005004269990215,100
16,432,42868,0.3005004269990215,2.8034506940083976,20.9936319286305,0.3005004269990215,100
16,433,42967,0.3005004269990215,3.234695160505421,29.450265532963588,0.3005004269990215,100
16,434,43066,0.3005004269990215,3.1267055077397674,21.54867925889313,0.3005004269990215,100
16,435,43165,0.3005004269990215,2.9864076388433403,35.35079290475535,0.3005004269990215,100
16,436,43264,0.3005004269990215,3.106821609029642,21.236012813455343,0.3005004269990215,100
16,437,43363,0.3005004269990215,3.0658122409404815,22.734868056893678,0.3005004269990215,100
16,438,43462,0.3005004269990215,3.5300572705009343,22.173248086719212,0.3005004269990215,100
16,439,43561,0.3005004269990215,3.209953111089693,16.972649931179408,0.3005004269990215,100
16,440,43660,0.3005004269990215,3.713000262989975,33.596873715934734,0.3005004269990215,100
16,441,43759,0.3005004269990215,2.987163642333006,19.272521630389427,0.3005004269990215,100
16,442,43858,0.3005004269990215,2.9647803772053147,22.208048765828256,0.3005004269990215,100
16,443,43957,0.3005004269990215,3.416250901670655,21.405069565700718,0.3005004269990215,100
16,444,44056,0.3005004269990215,3.125652428762073,17.82345543880765,0.3005004269990215,100
16,445,44155,0.3005004269990215,3.0682141336850695,20.750199883466212,0.3005004269990215,100
16,446,44254,0.3005004269990215,3.2959813193339538,14.43584651153269,0.3005004269990215,100
16,447,44353,0.3005004269990215,2.758702508461159,19.55816251778627,0.3005004269990215,100
16,448,44452,0.3005004269990215,3.5886508242675275,26.080577901148914,0.3005004269990215,100
16,449,44551,0.3005004269990215,3.923645273624365,20.147405410576475,0.3005004269990215,100
16,450,44650,0.3005004269990215,4.663654970295853,34.171854832562445,0.3005004269990215,100
16,451,44749,0.3005004269990215,3.357166994770931,21.29683188223254,0.3005004269990215,100
16,452,44848,0.3005004269990215,3.0215718540310554,26.844400287647932,0.3005004269990215,100
16,453,44947,0.3005004269990215,3.283975113484075,17.317907416504802,0.3005004269990215,100
16,454,45046,0.3005004269990215,3.8482375668766284,16.44975900548711,0.3005004269990215,100
16,455,45145,0.3005004269990215,3.3453229626245506,27.039112418258938,0.3005004269990215,100
16,456,45244,0.3005004269990215,3.243795924518152,31.241760764030403,0.3005004269990215,100
16,457,45343,0.3005004269990215,3.226095836657956,25.750672124739786,0.3005004269990215,100
16,458,45442,0.3005004269990215,3.3656185540824897,20.747134679012746,0.3005004269990215,100
16,459,45541,0.3005004269990215,3.3567094299766467,21.69810427267124,0.3005004269990215,100
16,460,45640,0.3005004269990215,3.417016747636392,27.647780752379816,0.3005004269990215,100
16,461,45739,0.3005004269990215,3.6827315294142555,35.499325858028094,0.3005004269990215,100
16,462,45838,0.3005004269990215,3.2722411403660008,21.630470506941116,0.3005004269990215,100
16,463,45937,0.3005004269990215,4.001235421560173,25.806717682272932,0.3005004269990215,100
16,464,46036,0.3005004269990215,3.4700613289614015,23.5092883200281,0.3005004269990215,100
16,465,46135,0.3005004269990215,2.6605232973577246,18.65904466166297,0.3005004269990215,100
16,466,46234,0.3005004269990215,3.1535332236445486,21.40929032155779,0.3005004269990215,100
16,467,46333,0.3005004269990215,3.500282575225883,27.20648229617489,0.3005004269990215,100
16,468,46432,0.3005004269990215,3.6404442346134944,33.00703779193635,0.3005004269990215,100
16,469,46531,0.3005004269990215,3.477451382835723,28.94165063750264,0.3005004269990215,100
16,470,46630,0.3005004269990215,4.0656091460300345,25.809330071908704,0.3005004269990215,100
16,471,46729,0.3005004269990215,4.359464871215535,28.72292891870798,0.3005004269990215,100
16,472,46828,0.3005004269990215,3.4780619834068482,25.22907654441282,0.3005004269990215,100
16,473,46927,0.3005004269990215,3.5245310852164975,17.786886447467786,0.3005004269990215,100
16,474,47026,0.3005004269990215,3.156521518198001,20.693968062204608,0.3005004269990215,100
16,475,47125,0.3005004269990215,2.6688030610586795,13.56017335312475,0.3005004269990215,100
16,476,47224,0.3005004269990215,3.2566277638557635,23.342229500752076,0.3005004269990215,100
16,477,47323,0.3005004269990215,3.413650709863621,15.42451293646936,0.3005004269990215,100
16,478,47422,0.3005004269990215,3.3519460951676656,18.534012494480027,0.3005004269990215,100
16,479,47521,0.3005004269990215,2.9753120596816625,30.84586794997253,0.3005004269990215,100
16,480,47620,0.3005004269990215,2.4573341403102997,29.275909635075973,0.3005004269990215,100
16,481,47719,0.3005004269990215,3.059060826826224,13.68327254193789,0.3005004269990215,100
16,482,47818,0.3005004269990215,3.42359527021583,22.129449701947763,0.3005004269990215,100
16,483,47917,0.3005004269990215,3.796319561516412,17.964147885985348,0.3005004269990215,100
16,484,48016,0.3005004269990215,3.122614132730861,31.668150517276334,0.3005004269990215,100
16,485,48115,0.3005004269990215,3.27467738241699,18.7677621266855,0.3005004269990215,100
16,486,48214,0.3005004269990215,3.493720006209409,22.748527492768225,0.3005004269990215,100
16,487,48313,0.3005004269990215,3.0277811623905007,14.868281347238712,0.3005004269990215,100
16,488,48412,0.3005004269990215,2.907343886560656,17.057754530201294,0.3005004269990215,100
16,489,48511,0.3005004269990215,2.7900839381667892,17.781223436885178,0.3005004269990215,100
16,490,48610,0.3005004269990215,3.4209836983086346,31.040342000561854,0.3005004269990215,100
16,491,48709,0.3005004269990215,3.095496637023876,15.232105179794603,0.3005004269990215,100
16,492,48808,0.3005004269990215,3.2481894414086123,26.191815697978058,0.3005004269990215,100
16,493,48907,0.3005004269990215,3.1316274891206803,22.646628376749547,0.3005004269990215,100
16,494,49006,0.3005004269990215,3.1819873077658793,15.39074945043221,0.3005004269990215,100
16,495,49105,0.3005004269990215,2.440758471795825,11.48715465570559,0.3005004269990215,100
16,496,49204,0.3005004269990215,2.7748068456619053,17.0315447234477,0.3005004269990215,100
16,497,49303,0.3005004269990215,3.0662461748697707,13.130049520659417,0.3005004269990215,100
16,498,49402,0.3005004269990215,2.876123336051295,14.283485778531983,0.3005004269990215,100
16,499,49501,0.3005004269990215,2.959780351623031,24.05621880330826,0.3005004269990215,100
16,500,49600,0.3005004269990215,2.9390286258971425,19.35125431247143,0.3005004269990215,100
16,501,49699,0.3005004269990215,3.56348835422499,26.596153183117032,0.3005004269990215,100
16,502,49798,0.3005004269990215,3.1180807765103875,41.60497086082374,0.3005004269990215,100
16,503,49897,0.3005004269990215,3.6989408549937663,28.25028005358027,0.3005004269990215,100
16,504,49996,0.3005004269990215,3.5519945498289065,36.33782709071495,0.3005004269990215,100
16,505,50000,0.3005004269990215,2.7824253569052497,17.731379641554064,0.3005004269990215,100
17,0,100,114.41346823182761,546.0795840793485,1052.57746023035,114.41346823182761,100
17,1,199,54.54461910968526,276.0456428327896,734.7299630706594,54.54461910968526,100
17,2,298,7.805161408695252,116.98179457074782,341.849006113987,7.805161408695252,100
17,3,397,7.805161408695252,56.709094287805335,165.97084387394045,7.805161408695252,100
17,4,496,6.137101926726564,28.460455190774987,70.79751707660101,6.137101926726564,100
17,5,595,5.5651889089560065,18.635473610569417,97.53754473335079,5.5651889089560065,100
17,6,694,4.233578756696033,12.009950273440374,30.201170899808393,4.233578756696033,100
17,7,793,3.131051808312246,9.298613953733364,26.570869499465914,3.131051808312246,100
17,8,892,1.1911981521437536,6.759455286093893,22.388864929847543,1.1911981521437536,100
17,9,991,0.743701146883281,5.290736400564896,23.168690564121086,0.743701146883281,100
17,10,1090,0.7423447316967937,4.5689031480943525,27.197949741682336,0.7423447316967937,100
17,11,1189,0.6079672682874201,3.171271838571046,15.36384930223976,0.6079672682874201,100
17,12,1288,0.5398217315589959,4.099003650338134,38.921597669666944,0.5398217315589959,100
17,13,1387,0.5398217315589959,2.8085090064714255,18.00487463793231,0.5398217315589959,100
17,14,1486,0.4978191873857629,3.113247662142749,16.56184242677343,0.4978191873857629,100
17,15,1585,0.4978191873857629,3.1537266459242286,16.79012092988585,0.4978191873857629,100
17,16,1684,0.4956472393382194,2.7597851071077195,14.113896218669426,0.4956472393382194,100
17,17,1783,0.4956472393382194,3.232129952807503,23.565882428029873,0.4956472393382194,100
17,18,1882,0.4956472393382194,3.68040932579373,28.85337374527887,0.4956472393382194,100
17,19,1981,0.4405197472912524,3.171565544067566,25.01133998922578,0.4405197472912524,100
17,20,2080,0.4405197472912524,3.209442435847713,19.428209132291425,0.4405197472912524,100
17,21,2179,0.4405197472912524,4.172955048840809,30.500115624710624,0.4405197472912524,100
17,22,2278,0.4405197472912524,3.2520017398159276,21.27915196639696,0.4405197472912524,100
17,23,2377,0.4405197472912524,3.392332410807514,22.443150771598035,0.4405197472912524,100
17,24,2476,0.4405197472912524,3.0865797963122605,21.992385003502992,0.4405197472912524,100
17,25,2575,0.4405197472912524,2.9223108835624276,23.8126627470945,0.4405197472912524,100
17,26,2674,0.4405197472912524,2.6579781121087387,14.802081222862626,0.4405197472912524,100
17,27,2773,0.4405197472912524,3.1867928461434967,25.72922403303219,0.4405197472912524,100
17,28,2872,0.4405197472912524,3.7401279284573277,32.440725075953566,0.4405197472912524,100
17,29,2971,0.4405197472912524,3.071040942481896,19.010820252587532,0.4405197472912524,100
17,30,3070,0.4405197472912524,3.1390884417686973,21.563618594778195,0.4405197472912524,100
17,31,3169,0.4405197472912524,2.942420005822241,16.748153783451308,0.4405197472912524,100
17,32,3268,0.4405197472912524,3.4919183953113078,28.520558542480618,0.4405197472912524,100
17,33,3367,0.4405197472912524,2.743458338974082,20.04515408124937,0.4405197472912524,100
17,34,3466,0.4405197472912524,3.2624012681451786,27.00382971220933,0.4405197472912524,100
17,35,3565,0.4405197472912524,3.0756646708206556,22.67927888301843,0.4405197472912524,100
17,36,3664,0.4405197472912524,3.595318307877709,38.08453198980157,0.4405197472912524,100
17,37,3763,0.4405197472912524,2.8120105613823023,14.055089922392773,0.4405197472912524,100
17,38,3862,0.4405197472912524,3.2092418692072,27.599394014092002,0.4405197472912524,100
17,39,3961,0.4405197472912524,2.2924334235409742,14.235426879519533,0.4405197472912524,100
17,40,4060,0.4405197472912524,3.973995014977683,30.240743716504674,0.4405197472912524,100
17,41,4159,0.4405197472912524,4.025061218263684,33.80309674706346,0.4405197472912524,100
17,42,4258,0.4405197472912524,3.3792240619567315,35.295324427719024,0.4405197472912524,100
17,43,4357,0.4405197472912524,2.718401622914155,20.964461773691134,0.4405197472912524,100
17,44,4456,0.4405197472912524,2.7783011505955324,19.254330278529345,0.4405197472912524,100
17,45,4555,0.4405197472912524,2.9965999960738814,16.565437175556916,0.4405197472912524,100
17,46,4654,0.4405197472912524,2.5198373673779226,20.869327244162236,0.4405197472912524,100
17,47,4753,0.4405197472912524,2.9663149396373525,33.34140038362447,0.4405197472912524,100
17,48,4852,0.4405197472912524,3.502026534288599,24.83071214237945,0.4405197472912524,100
17,49,4951,0.4405197472912524,2.926479171645539,12.883371412765534,0.4405197472912524,100
17,50,5050,0.4405197472912524,3.298026375518035,34.910009716098294,0.4405197472912524,100
17,51,5149,0.4405197472912524,3.0286073710356174,22.578705003040273,0.4405197472912524,100
17,52,5248,0.4245849399793789,3.313978439892688,28.880624562419364,0.4245849399793789,100
17,53,5347,0.4245849399793789,3.1616593994112296,23.725062118111893,0.4245849399793789,100
17,54,5446,0.4245849399793789,3.810633087812758,26.10959703770305,0.4245849399793789,100
17,55,5545,0.4245849399793789,3.761914076732414,21.941630542027074,0.4245849399793789,100
17,56,5644,0.4245849399793789,3.7711293369479484,30.128886081209075,0.4245849399793789,100
17,57,5743,0.4245849399793789,2.9277483604027794,13.87022363164698,0.4245849399793789,100
17,58,5842,0.4245849399793789,3.497218543632132,27.639865261859313,0.4245849399793789,100
17,59,5941,0.4245849399793789,2.6356197147371216,19.012811006313935,0.4245849399793789,100
17,60,6040,0.4245849399793789,3.0628263997944964,21.00314156583287,0.4245849399793789,100
17,61,6139,0.4245849399793789,2.387597553956511,12.175733616785301,0.4245849399793789,100
17,62,6238,0.4245849399793789,2.209572154143917,11.871118492943943,0.4245849399793789,100
17,63,6337,0.4245849399793789,2.982806964902607,21.276590669059374,0.4245849399793789,100
17,64,6436,0.4245849399793789,3.1104707226004105,23.936123781990368,0.4245849399793789,100
17,65,6535,0.4245849399793789,2.7213056504597866,23.601736314278867,0.4245849399793789,100
17,66,6634,0.4245849399793789,2.7165943057470257,16.52221228305376,0.4245849399793789,100
17,67,6733,0.4245849399793789,3.5385265491340827,24.471136747760706,0.4245849399793789,100
17,68,6832,0.42355775635085796,3.0252119508801423,16.708051999411612,0.42355775635085796,100
17,69,6931,0.42355775635085796,2.980520680636948,22.41048439198586,0.42355775635085796,100
17,70,7030,0.42355775635085796,2.533795585064388,19.418256479097362,0.42355775635085796,100
17,71,7129,0.42355775635085796,2.354559793957662,13.793024848738186,0.42355775635085796,100
17,72,7228,0.42355775635085796,2.8474190140844784,20.149577303001056,0.42355775635085796,100
17,73,7327,0.42355775635085796,3.4768076849151934,18.10018236780043,0.42355775635085796,100
17,74,7426,0.42355775635085796,3.6010520629033436,24.492640682359365,0.42355775635085796,100
17,75,7525,0.42355775635085796,3.1982583583059125,19.984397098628467,0.42355775635085796,100
17,76,7624,0.42355775635085796,3.11238053959415,20.97456473556081,0.42355775635085796,100
17,77,7723,0.42355775635085796,3.0942434934618124,21.22471282143501,0.42355775635085796,100
17,78,7822,0.42355775635085796,2.910233816676311,19.852076701321604,0.42355775635085796,100
17,79,7921,0.42355775635085796,3.1644288305802544,22.747703998810636,0.42355775635085796,100
17,80,8020,0.42355775635085796,2.6924942558100815,16.966442637967035,0.42355775635085796,100
17,81,8119,0.42355775635085796,2.745290620577324,19.19155141166622,0.42355775635085796,100
17,82,8218,0.42355775635085796,3.005991942460597,19.924289404572942,0.42355775635085796,100
17,83,8317,0.42355775635085796,3.0260277647522056,23.009609206098904,0.42355775635085796,100
17,84,8416,0.42355775635085796,3.50869376036016,33.940657924230706,0.42355775635085796,100
17,85,8515,0.42355775635085796,3.460788108946594,20.22470847001437,0.42355775635085796,100
17,86,8614,0.42355775635085796,2.539273676942468,17.253318408340206,0.42355775635085796,100
17,87,8713,0.40611947233933937,3.186552603974814,18.840046218829134,0.40611947233933937,100
17,88,8812,0.40611947233933937,2.876256831415006,22.982405914493352,0.40611947233933937,100
17,89,8911,0.40611947233933937,2.8727336662044043,19.92498934348803,0.40611947233933937,100
17,90,9010,0.40611947233933937,3.611685751853,24.446003552252407,0.40611947233933937,100
17,91,9109,0.40611947233933937,3.4434096089977984,27.94679308490099,0.40611947233933937,100
17,92,9208,0.40611947233933937,3.718650034386824,28.69741661527262,0.40611947233933937,100
17,93,9307,0.40611947233933937,3.05150798253582,19.270769082151297,0.40611947233933937,100
17,94,9406,0.40611947233933937,3.159266566156049,31.635160993351636,0.40611947233933937,100
17,95,9505,0.40611947233933937,3.1507598952021505,18.199111983117614,0.40611947233933937,100
17,96,9604,0.40611947233933937,2.9929672119173834,33.79696414648134,0.40611947233933937,100
17,97,9703,0.40611947233933937,3.2974504698927887,21.005640416019265,0.40611947233933937,100
17,98,9802,0.40611947233933937,3.163833739324389,22.275309210198408,0.40611947233933937,100
17,99,9901,0.40611947233933937,4.551704516478522,23.351533738460947,0.40611947233933937,100
17,100,10000,0.40611947233933937,3.483131898875806,32.62199281994534,0.40611947233933937,100
17,101,10099,0.40611947233933937,3.457524917263924,30.360432448957404,0.40611947233933937,100
17,102,10198,0.40611947233933937,3.307961349753441,21.139636454492518,0.40611947233933937,100
17,103,10297,0.40611947233933937,3.2219067147605203,43.50878086538373,0.40611947233933937,100
17,104,10396,0.40611947233933937,4.038318950843165,33.509305467600846,0.40611947233933937,100
17,105,10495,0.40611947233933937,3.5586602807195438,21.925208874004156,0.40611947233933937,100
17,106,10594,0.40611947233933937,3.741171180700312,31.519520972061002,0.40611947233933937,100
17,107,10693,0.40611947233933937,3.5187307491892064,33.92642876740231,0.40611947233933937,100
17,108,10792,0.40611947233933937,3.147927843445334,23.379225019018378,0.40611947233933937,100
17,109,10891,0.40611947233933937,3.1545123486052646,16.512355485681933,0.40611947233933937,100
17,110,10990,0.40611947233933937,3.5105412778695575,20.06820026774878,0.40611947233933937,100
17,111,11089,0.40611947233933937,2.929228024579879,21.595904375691198,0.40611947233933937,100
17,112,11188,0.40611947233933937,3.0121128390053893,16.28522773144546,0.40611947233933937,100
17,113,11287,0.40611947233933937,2.6679226007588763,17.70861298809118,0.40611947233933937,100
17,114,11386,0.40611947233933937,3.41345940080811,25.746722610939354,0.40611947233933937,100
17,115,11485,0.40611947233933937,3.5742339990543406,17.250886683127874,0.40611947233933937,100
17,116,11584,0.40611947233933937,3.7789063484414425,29.375264593499008,0.40611947233933937,100
17,117,11683,0.40611947233933937,3.2227138085287983,31.952735430164037,0.40611947233933937,100
17,118,11782,0.40611947233933937,3.443744905358902,24.614828478428596,0.40611947233933937,100
17,119,11881,0.40611947233933937,3.6724153662706387,18.676231233743376,0.40611947233933937,100
17,120,11980,0.40611947233933937,3.107425936490871,25.835946726858207,0.40611947233933937,100
17,121,12079,0.40611947233933937,2.5449169938890357,17.591193859475553,0.40611947233933937,100
17,122,12178,0.40611947233933937,3.0469103168193015,17.63896709631174,0.40611947233933937,100
17,123,12277,0.40611947233933937,3.2410309524841443,19.11950833142315,0.40611947233933937,100
17,124,12376,0.40611947233933937,4.010547917915315,32.405845587337545,0.40611947233933937,100
17,125,12475,0.40611947233933937,3.414512525966166,23.729174510753168,0.40611947233933937,100
17,126,12574,0.40611947233933937,2.5078938374779103,12.62072506067676,0.40611947233933937,100
17,127,12673,0.40611947233933937,2.845039104663341,20.571070928119884,0.40611947233933937,100
17,128,12772,0.40611947233933937,3.1371434723650573,29.67331467205582,0.40611947233933937,100
17,129,12871,0.40611947233933937,3.1905480821958365,15.792033986671006,0.40611947233933937,100
17,130,12970,0.40611947233933937,2.819489198049107,15.576653005498468,0.40611947233933937,100
17,131,13069,0.40611947233933937,2.6360584054833764,17.07430336303547,0.40611947233933937,100
17,132,13168,0.40611947233933937,3.388452164380567,23.927116716819157,0.40611947233933937,100
17,133,13267,0.40611947233933937,3.2911968250485906,20.42039356432787,0.40611947233933937,100
17,134,13366,0.40611947233933937,3.8699258233839915,21.17370769781983,0.40611947233933937,100
17,135,13465,0.40611947233933937,2.727652510752841,14.96296687581513,0.40611947233933937,100
17,136,13564,0.40611947233933937,3.2489388721281096,23.165017037974025,0.40611947233933937,100
17,137,13663,0.40611947233933937,3.44964305303044,21.94622681441865,0.40611947233933937,100
17,138,13762,0.40611947233933937,2.734937438973115,14.890853615167432,0.40611947233933937,100
17,139,13861,0.40611947233933937,3.528516120622123,33.53243609480889,0.40611947233933937,100
17,140,13960,0.40611947233933937,3.6595140678920357,19.741710619278646,0.40611947233933937,100
17,141,14059,0.40611947233933937,2.781827398914968,16.442577385907775,0.40611947233933937,100
17,142,14158,0.40611947233933937,3.394810394145435,24.168409642891024,0.40611947233933937,100
17,143,14257,0.40611947233933937,2.359924672574233,12.676220754267515,0.40611947233933937,100
17,144,14356,0.40611947233933937,2.636635702471978,23.961474395793164,0.40611947233933937,100
17,145,14455,0.40611947233933937,3.280251928936604,19.55289615031446,0.40611947233933937,100
17,146,14554,0.40611947233933937,3.4135502885837194,23.401035385707328,0.40611947233933937,100
17,147,14653,0.40611947233933937,3.299305999328684,20.892469180626406,0.40611947233933937,100
17,148,14752,0.40611947233933937,3.047716289560424,20.306016900930512,0.40611947233933937,100
17,149,14851,0.40611947233933937,3.2360355963481764,20.560880644943094,0.40611947233933937,100
17,150,14950,0.40611947233933937,3.3581590507576538,23.62861386880269,0.40611947233933937,100
17,151,15049,0.40611947233933937,3.1497152682908696,17.83553127315743,0.40611947233933937,100
17,152,15148,0.40611947233933937,3.3814574885273565,18.872165271476014,0.40611947233933937,100
17,153,15247,0.40611947233933937,4.12874417999512,37.46497219502881,0.40611947233933937,100
17,154,15346,0.40611947233933937,2.882450440721819,20.380052374570116,0.40611947233933937,100
17,155,15445,0.40611947233933937,3.044503707699386,21.1053221307408,0.40611947233933937,100
17,156,15544,0.40611947233933937,3.189663751184994,26.465147757148596,0.40611947233933937,100
17,157,15643,0.40611947233933937,3.2229661201683246,34.80293914030303,0.40611947233933937,100
17,158,15742,0.40611947233933937,3.4666591960287665,24.512212293575224,0.40611947233933937,100
17,159,15841,0.40611947233933937,3.3163815423678837,22.686407538091387,0.40611947233933937,100
17,160,15940,0.40611947233933937,3.474063055053981,21.551654002292093,0.40611947233933937,100
17,161,16039,0.40611947233933937,2.7885526876786826,20.54198232662507,0.40611947233933937,100
17,162,16138,0.40611947233933937,2.8216407002872854,27.84722488578827,0.40611947233933937,100
17,163,16237,0.40611947233933937,3.071611476992306,22.829600135685922,0.40611947233933937,100
17,164,16336,0.40611947233933937,2.9211922767567775,17.75876384189742,0.40611947233933937,100
17,165,16435,0.40611947233933937,2.747477239043597,15.66859249828552,0.40611947233933937,100
17,166,16534,0.40611947233933937,3.2632834538154065,27.69971318597183,0.40611947233933937,100
17,167,16633,0.40611947233933937,2.7080417459543096,18.236356350416308,0.40611947233933937,100
17,168,16732,0.40611947233933937,2.972832477492186,32.51016724503779,0.40611947233933937,100
17,169,16831,0.40611947233933937,2.7025854667125926,25.156139902553075,0.40611947233933937,100
17,170,16930,0.40611947233933937,2.0572165749913722,12.786082873561146,0.40611947233933937,100
17,171,17029,0.40611947233933937,2.626928615982679,23.118836334296248,0.40611947233933937,100
17,172,17128,0.40611947233933937,2.965753480956983,19.710472102849906,0.40611947233933937,100
17,173,17227,0.40611947233933937,3.042764560182097,20.733714427751636,0.40611947233933937,100
17,174,17326,0.40611947233933937,3.30891938070258,16.509047602500235,0.40611947233933937,100
17,175,17425,0.40611947233933937,3.017745734174672,16.004202357817924,0.40611947233933937,100
17,176,17524,0.40611947233933937,2.621310414542405,18.05808561540071,0.40611947233933937,100
17,177,17623,0.40611947233933937,2.738733194832256,14.938062513569806,0.40611947233933937,100
17,178,17722,0.40611947233933937,3.2340246115589424,18.432100395010934,0.40611947233933937,100
17,179,17821,0.40611947233933937,3.1023511895184686,25.634982724008154,0.40611947233933937,100
17,180,17920,0.40611947233933937,2.4786612085348865,22.91157136720835,0.40611947233933937,100
17,181,18019,0.40611947233933937,2.8444867052462968,19.38880392926694,0.40611947233933937,100
17,182,18118,0.40611947233933937,2.6579882559468406,24.304992804163106,0.40611947233933937,100
17,183,18217,0.40611947233933937,2.635279117444025,14.536923700345298,0.40611947233933937,100
17,184,18316,0.40611947233933937,2.8875640751821305,17.501149525368707,0.40611947233933937,100
17,185,18415,0.40611947233933937,2.631172005364608,21.653538896556814,0.40611947233933937,100
17,186,18514,0.40611947233933937,2.6083745716160895,19.19759053774282,0.40611947233933937,100
17,187,18613,0.40611947233933937,2.780251827811268,16.740803110818835,0.40611947233933937,100
17,188,18712,0.40611947233933937,2.4951116969904694,16.01977019630218,0.40611947233933937,100
17,189,18811,0.40611947233933937,2.4434790105915862,26.636766774084496,0.40611947233933937,100
17,190,18910,0.40611947233933937,2.534157065431386,17.646520129349113,0.40611947233933937,100
17,191,19009,0.40611947233933937,3.0949261265901664,22.456815461489597,0.40611947233933937,100
17,192,19108,0.40611947233933937,3.1432874733542024,18.855009224033047,0.40611947233933937,100
17,193,19207,0.40611947233933937,3.182429811351337,21.034975376892405,0.40611947233933937,100
17,194,19306,0.40611947233933937,2.7024504809513377,17.300359497756787,0.40611947233933937,100
17,195,19405,0.40611947233933937,3.64000692735613,25.993663276632535,0.40611947233933937,100
17,196,19504,0.40611947233933937,3.7467050546164846,34.32427034603342,0.40611947233933937,100
17,197,19603,0.40611947233933937,2.7328119654052356,20.903015281639966,0.40611947233933937,100
17,198,19702,0.40611947233933937,2.633564221920007,20.759337239143562,0.40611947233933937,100
17,199,19801,0.40611947233933937,3.995170336120351,36.22062820523342,0.40611947233933937,100
17,200,19900,0.40611947233933937,3.522017147402131,26.798677559581314,0.40611947233933937,100
17,201,19999,0.40611947233933937,2.7336381075527867,17.11146740960102,0.40611947233933937,100
17,202,20098,0.40611947233933937,3.6365212894364554,40.30537846335546,0.40611947233933937,100
17,203,20197,0.40611947233933937,3.1549252097141034,20.649128510198032,0.40611947233933937,100
17,204,20296,0.40611947233933937,3.3762629944365887,20.354941006509364,0.40611947233933937,100
17,205,20395,0.40611947233933937,2.536971286054289,23.304563320975447,0.40611947233933937,100
17,206,20494,0.40611947233933937,2.857998341348903,13.719208231367798,0.40611947233933937,100
17,207,20593,0.40611947233933937,2.5371974113242044,16.97976247812137,0.40611947233933937,100
17,208,20692,0.40611947233933937,2.4509442450306533,13.496053619036074,0.40611947233933937,100
17,209,20791,0.40611947233933937,2.7241773567763867,14.9795606820392,0.40611947233933937,100
17,210,20890,0.40611947233933937,2.5781542969879876,16.76452237681724,0.40611947233933937,100
17,211,20989,0.40611947233933937,4.089755214838537,22.996080349495827,0.40611947233933937,100
17,212,21088,0.40611947233933937,2.839116217446724,18.875219402585635,0.40611947233933937,100
17,213,21187,0.40611947233933937,2.544214896666471,19.714929342601728,0.40611947233933937,100
17,214,21286,0.40611947233933937,3.1446395162672003,18.862723233615103,0.40611947233933937,100
17,215,21385,0.40611947233933937,3.3665669559091516,28.3443949783974,0.40611947233933937,100
17,216,21484,0.40611947233933937,3.4891032340795465,37.210445282422825,0.40611947233933937,100
17,217,21583,0.40611947233933937,2.420956371784191,16.504410701359,0.40611947233933937,100
17,218,21682,0.40611947233933937,3.410430850218223,28.582099820871715,0.40611947233933937,100
17,219,21781,0.40611947233933937,3.420461385874869,25.864414659556445,0.40611947233933937,100
17,220,21880,0.40611947233933937,3.3768614894178826,25.597804115426047,0.40611947233933937,100
17,221,21979,0.40611947233933937,2.750544880126203,12.562889685451832,0.40611947233933937,100
17,222,22078,0.40611947233933937,3.3100667654875626,28.50163375140545,0.40611947233933937,100
17,223,22177,0.40611947233933937,2.9672546101003148,19.88680502337186,0.40611947233933937,100
17,224,22276,0.40611947233933937,2.6871921282926277,25.81642375384679,0.40611947233933937,100
17,225,22375,0.40611947233933937,2.774379231700583,19.79572213700384,0.40611947233933937,100
17,226,22474,0.40611947233933937,2.634160771022797,18.862604889471193,0.40611947233933937,100
17,227,22573,0.31698714446873644,2.5941713056588793,15.879257324696004,0.31698714446873644,100
17,228,22672,0.31698714446873644,3.066687794772782,21.82819961221193,0.31698714446873644,100
17,229,22771,0.31698714446873644,2.6617746299072307,24.72236681510447,0.31698714446873644,100
17,230,22870,0.31698714446873644,2.8231663146369295,20.014174676401698,0.31698714446873644,100
17,231,22969,0.31698714446873644,2.471105921300802,21.584742919155488,0.31698714446873644,100
17,232,23068,0.31698714446873644,2.5768015138157705,19.4140310625452,0.31698714446873644,100
17,233,23167,0.31698714446873644,3.086055303474753,18.618141041995166,0.31698714446873644,100
17,234,23266,0.31698714446873644,2.899597812433042,29.970870920448,0.31698714446873644,100
17,235,23365,0.31698714446873644,2.9600626819197187,21.90727436532593,0.31698714446873644,100
17,236,23464,0.31698714446873644,3.8280668733294516,25.762291552674526,0.31698714446873644,100
17,237,23563,0.31698714446873644,3.0795657498763584,21.244639307773674,0.31698714446873644,100
17,238,23662,0.31698714446873644,3.9174391169225804,29.323966321768545,0.31698714446873644,100
17,239,23761,0.31698714446873644,3.0401515718670824,17.260692097894506,0.31698714446873644,100
17,240,23860,0.31698714446873644,3.2169976097018336,21.905120877607864,0.31698714446873644,100
17,241,23959,0.31698714446873644,3.339763582996247,16.479970964836724,0.31698714446873644,100
17,242,24058,0.31698714446873644,2.6590599188925994,15.941288439513098,0.31698714446873644,100
17,243,24157,0.31698714446873644,3.343752448821994,19.66820967996393,0.31698714446873644,100
17,244,24256,0.31698714446873644,3.3041348386732845,24.779985525972183,0.31698714446873644,100
17,245,24355,0.31698714446873644,2.670570041416197,19.857483765534578,0.31698714446873644,100
17,246,24454,0.31698714446873644,3.3769502893840517,27.476976050368666,0.31698714446873644,100
17,247,24553,0.31698714446873644,3.728890204378965,22.7357330905914,0.31698714446873644,100
17,248,24652,0.31698714446873644,4.3538663673623,43.32014038439981,0.31698714446873644,100
17,249,24751,0.31698714446873644,3.2892390006503796,26.818224487308083,0.31698714446873644,100
17,250,24850,0.31698714446873644,4.278952377352417,20.684383239613886,0.31698714446873644,100
17,251,24949,0.31698714446873644,3.6274912061399185,34.87019951177089,0.31698714446873644,100
17,252,25048,0.31698714446873644,3.7341366675007417,32.02647860065117,0.31698714446873644,100
17,253,25147,0.31698714446873644,2.945354833112467,16.130758285951494,0.31698714446873644,100
17,254,25246,0.31698714446873644,2.8953507530479863,45.80050143930979,0.31698714446873644,100
17,255,25345,0.31698714446873644,2.9719057791346324,19.742033762253293,0.31698714446873644,100
17,256,25444,0.31698714446873644,3.5247877828760092,27.29199880700042,0.31698714446873644,100
17,257,25543,0.31698714446873644,2.9965960605045208,22.28956828450391,0.31698714446873644,100
17,258,25642,0.31698714446873644,3.0326025176456386,17.82814576581948,0.31698714446873644,100
17,259,25741,0.31698714446873644,3.240475941605253,37.770196745934506,0.31698714446873644,100
17,260,25840,0.31698714446873644,3.290417403500573,21.926021465541034,0.31698714446873644,100
17,261,25939,0.31698714446873644,3.3045897702798026,18.90147527199114,0.31698714446873644,100
17,262,26038,0.31698714446873644,3.9085047852500154,24.41422975426981,0.31698714446873644,100
17,263,26137,0.31698714446873644,2.6086042972764316,15.085410921376802,0.31698714446873644,100
17,264,26236,0.31698714446873644,3.596560911300892,25.882170690646895,0.31698714446873644,100
17,265,26335,0.31698714446873644,3.370679888241305,36.24457202062508,0.31698714446873644,100
17,266,26434,0.31698714446873644,3.1570549515105717,28.90409847825782,0.31698714446873644,100
17,267,26533,0.31698714446873644,3.257182855701727,21.425447985709027,0.31698714446873644,100
17,268,26632,0.31698714446873644,3.3043423486022556,17.928860061246674,0.31698714446873644,100
17,269,26731,0.31698714446873644,3.418929688119734,21.719923908893417,0.31698714446873644,100
17,270,26830,0.31698714446873644,3.516895642045243,43.41351588189801,0.31698714446873644,100
17,271,26929,0.31698714446873644,2.9979591045125655,22.620130177167564,0.31698714446873644,100
17,272,27028,0.31698714446873644,2.9884873528093774,22.39986523734729,0.31698714446873644,100
17,273,27127,0.31698714446873644,2.243096207419864,14.767152955702647,0.31698714446873644,100
17,274,27226,0.31698714446873644,3.197734271274253,30.7735158841065,0.31698714446873644,100
17,275,27325,0.31698714446873644,3.6743806576198796,19.59595562026573,0.31698714446873644,100
17,276,27424,0.31698714446873644,3.6902074109376444,34.36377496358803,0.31698714446873644,100
17,277,27523,0.31698714446873644,3.4016698952646,29.91589186839814,0.31698714446873644,100
17,278,27622,0.31698714446873644,3.5318638181414017,16.709751084440295,0.31698714446873644,100
17,279,27721,0.31698714446873644,2.681348755631725,13.468366451057975,0.31698714446873644,100
17,280,27820,0.31698714446873644,3.093027418436478,19.243295753893634,0.31698714446873644,100
17,281,27919,0.31698714446873644,2.633266113775253,20.85014112970103,0.31698714446873644,100
17,282,28018,0.31698714446873644,2.824842443005395,17.048691710527834,0.31698714446873644,100
17,283,28117,0.31698714446873644,3.0758876125226253,38.09908603446001,0.31698714446873644,100
17,284,28216,0.31698714446873644,3.981212150984825,31.718665667052722,0.31698714446873644,100
17,285,28315,0.31698714446873644,2.067815869390003,10.439136851680622,0.31698714446873644,100
17,286,28414,0.31698714446873644,3.238664420491662,23.342993576980174,0.31698714446873644,100
17,287,28513,0.31698714446873644,3.418977744034555,24.882254223844452,0.31698714446873644,100
17,288,28612,0.31698714446873644,3.1522560715310304,25.441285762820318,0.31698714446873644,100
17,289,28711,0.31698714446873644,2.7091440721644062,20.760104798917148,0.31698714446873644,100
17,290,28810,0.31698714446873644,2.6666027727883543,19.18282209019244,0.31698714446873644,100
17,291,28909,0.31698714446873644,2.983903206442734,19.57916533019597,0.31698714446873644,100
17,292,29008,0.31698714446873644,2.5710958817003813,17.85623184042586,0.31698714446873644,100
17,293,29107,0.31698714446873644,3.117196703391847,37.525533072389216,0.31698714446873644,100
17,294,29206,0.31698714446873644,2.9444341375187837,21.368390088339495,0.31698714446873644,100
17,295,29305,0.31698714446873644,3.0038612485002587,16.528788859117125,0.31698714446873644,100
17,296,29404,0.31698714446873644,2.9932614415519767,19.324869475813614,0.31698714446873644,100
17,297,29503,0.31698714446873644,3.1997895733692934,33.79636020548665,0.31698714446873644,100
17,298,29602,0.31698714446873644,2.370009503112667,22.360826206028474,0.31698714446873644,100
17,299,29701,0.31698714446873644,2.8207084022890303,25.92527998587485,0.31698714446873644,100
17,300,29800,0.31698714446873644,3.001912489865212,28.14339650653007,0.31698714446873644,100
17,301,29899,0.31698714446873644,3.5091926676172474,24.28803016190961,0.31698714446873644,100
17,302,29998,0.31698714446873644,2.8075959128780306,18.19673173108722,0.31698714446873644,100
17,303,30097,0.31698714446873644,3.316349354489297,35.36254781747058,0.31698714446873644,100
17,304,30196,0.31698714446873644,3.398624659437562,21.277023526928833,0.31698714446873644,100
17,305,30295,0.31698714446873644,3.6746340280351917,16.438352207188604,0.31698714446873644,100
17,306,30394,0.31698714446873644,3.7653866827497025,47.75616701203247,0.31698714446873644,100
17,307,30493,0.31698714446873644,3.796496974763467,18.25739038382656,0.31698714446873644,100
17,308,30592,0.31698714446873644,3.5017073995278776,16.79801391503256,0.31698714446873644,100
17,309,30691,0.31698714446873644,3.2067685809221222,21.132701661733922,0.31698714446873644,100
17,310,30790,0.31698714446873644,2.714061818602633,13.523224624858406,0.31698714446873644,100
17,311,30889,0.31698714446873644,3.507720236079557,29.73460063241661,0.31698714446873644,100
17,312,30988,0.31698714446873644,3.5923204950868763,19.45233484349202,0.31698714446873644,100
17,313,31087,0.31698714446873644,3.0414108722221926,18.073340513722925,0.31698714446873644,100
17,314,31186,0.31698714446873644,2.492923478246942,15.534440500966205,0.31698714446873644,100
17,315,31285,0.31698714446873644,3.2478967395722385,19.931061934078112,0.31698714446873644,100
17,316,31384,0.31698714446873644,3.408654410024275,29.484134749344378,0.31698714446873644,100
17,317,31483,0.31698714446873644,3.4266568703790417,48.074694294783754,0.31698714446873644,100
17,318,31582,0.31698714446873644,3.188471212343469,20.663809619351145,0.31698714446873644,100
17,319,31681,0.31698714446873644,3.4533166568764218,35.96617005271823,0.31698714446873644,100
17,320,31780,0.31698714446873644,3.6002618659750754,36.602728880225335,0.31698714446873644,100
17,321,31879,0.31698714446873644,3.397152444253391,16.858499902600126,0.31698714446873644,100
17,322,31978,0.31698714446873644,2.7420821135178928,28.869129609273607,0.31698714446873644,100
17,323,32077,0.31698714446873644,2.60047311487408,14.439944877394248,0.31698714446873644,100
17,324,32176,0.31698714446873644,2.9005903419347847,16.414608542536232,0.31698714446873644,100
17,325,32275,0.31698714446873644,3.815428504944558,27.925924523306,0.31698714446873644,100
17,326,32374,0.31698714446873644,2.8842015908297323,19.80670044675714,0.31698714446873644,100
17,327,32473,0.31698714446873644,2.7560986960638543,15.149815870945135,0.31698714446873644,100
17,328,32572,0.31698714446873644,2.836950109088447,16.178772671232043,0.31698714446873644,100
17,329,32671,0.31698714446873644,3.249045438982599,22.52485319301272,0.31698714446873644,100
17,330,32770,0.31698714446873644,3.440196991741904,33.02251870834877,0.31698714446873644,100
17,331,32869,0.31698714446873644,3.8374180498791644,35.29809775467442,0.31698714446873644,100
17,332,32968,0.31698714446873644,3.4964519238148735,24.510501464603763,0.31698714446873644,100
17,333,33067,0.31698714446873644,4.286645082541825,32.97725049639847,0.31698714446873644,100
17,334,33166,0.31698714446873644,3.6825866625192076,28.050636615838215,0.31698714446873644,100
17,335,33265,0.31698714446873644,2.951511965496762,17.37336422371078,0.31698714446873644,100
17,336,33364,0.31698714446873644,2.757039673181703,16.90927280637857,0.31698714446873644,100
17,337,33463,0.31698714446873644,2.992467609244436,18.036068051464618,0.31698714446873644,100
17,338,33562,0.31698714446873644,2.473647177942475,14.49670100286883,0.31698714446873644,100
17,339,33661,0.31698714446873644,3.081754635236335,16.94681829304154,0.31698714446873644,100
17,340,33760,0.31698714446873644,3.2868711944446223,32.643989246054,0.31698714446873644,100
17,341,33859,0.31698714446873644,2.7075060364644377,24.424549479201126,0.31698714446873644,100
17,342,33958,0.31698714446873644,2.890160564946354,19.759108526682557,0.31698714446873644,100
17,343,34057,0.31698714446873644,3.5452091497408666,34.08504808948379,0.31698714446873644,100
17,344,34156,0.31698714446873644,3.43972289350062,23.02045340722255,0.31698714446873644,100
17,345,34255,0.31698714446873644,2.632570343146708,15.981083014545657,0.31698714446873644,100
17,346,34354,0.31698714446873644,2.594193521900597,16.993513143426348,0.31698714446873644,100
17,347,34453,0.31698714446873644,2.4523990082397833,20.55289558842086,0.31698714446873644,100
17,348,34552,0.31698714446873644,3.3182445588296003,33.01410957634912,0.31698714446873644,100
17,349,34651,0.31698714446873644,3.137243056085087,21.480845455137924,0.31698714446873644,100
17,350,34750,0.31698714446873644,2.751471005107805,15.446927881630335,0.31698714446873644,100
17,351,34849,0.31698714446873644,3.322384366496387,25.177825364294733,0.31698714446873644,100
17,352,34948,0.31698714446873644,3.080115013329932,30.840645129496167,0.31698714446873644,100
17,353,35047,0.31698714446873644,2.795232668510248,16.935551927159864,0.31698714446873644,100
17,354,35146,0.31698714446873644,3.286891712264001,27.808734135073426,0.31698714446873644,100
17,355,35245,0.31698714446873644,2.7240848396510584,23.511072147104137,0.31698714446873644,100
17,356,35344,0.31698714446873644,2.909548886960033,15.276689590608216,0.31698714446873644,100
17,357,35443,0.31698714446873644,2.2473144846123283,11.827843491828839,0.31698714446873644,100
17,358,35542,0.31698714446873644,2.9385009233888577,28.08227247537848,0.31698714446873644,100
17,359,35641,0.31698714446873644,2.8498810112518207,21.771986974875496,0.31698714446873644,100
17,360,35740,0.31698714446873644,3.1078542810715994,24.99313694209861,0.31698714446873644,100
17,361,35839,0.31698714446873644,2.897188357112363,14.809961746826648,0.31698714446873644,100
17,362,35938,0.31698714446873644,2.857547844848881,13.009680073596321,0.31698714446873644,100
17,363,36037,0.31698714446873644,3.3365051638522307,17.77170567578309,0.31698714446873644,100
17,364,36136,0.31698714446873644,2.935644572469785,13.612384376143785,0.31698714446873644,100
17,365,36235,0.31698714446873644,2.9253451645754556,19.69129041247023,0.31698714446873644,100
17,366,36334,0.31698714446873644,3.4049948510820296,25.26169745904217,0.31698714446873644,100
17,367,36433,0.31698714446873644,3.0209772611887953,18.047416624138677,0.31698714446873644,100
17,368,36532,0.31698714446873644,2.9012615967339603,20.20407285473501,0.31698714446873644,100
17,369,36631,0.31698714446873644,3.4602665427442014,26.89797951006327,0.31698714446873644,100
17,370,36730,0.31698714446873644,3.2485882709589564,28.20866802534087,0.31698714446873644,100
17,371,36829,0.31698714446873644,3.6577168917546725,32.928416955084266,0.31698714446873644,100
17,372,36928,0.31698714446873644,3.968762166873613,25.31585636986756,0.31698714446873644,100
17,373,37027,0.31698714446873644,3.846203052695644,30.29877454888179,0.31698714446873644,100
17,374,37126,0.31698714446873644,2.762327718577495,12.163466927160314,0.31698714446873644,100
17,375,37225,0.31698714446873644,2.565021861993898,20.99400766316775,0.31698714446873644,100
17,376,37324,0.31698714446873644,3.0028313427254494,16.75241340569194,0.31698714446873644,100
17,377,37423,0.31698714446873644,3.222536347794453,32.33278127911055,0.31698714446873644,100
17,378,37522,0.31698714446873644,2.91629921068952,24.682484243585037,0.31698714446873644,100
17,379,37621,0.31698714446873644,2.6898953843977944,20.407756219848107,0.31698714446873644,100
17,380,37720,0.31698714446873644,3.6712699111975673,36.42493236463583,0.31698714446873644,100
17,381,37819,0.31698714446873644,3.1321308233439065,24.56782081284028,0.31698714446873644,100
17,382,37918,0.31698714446873644,3.195295550823356,22.690541330517217,0.31698714446873644,100
17,383,38017,0.31698714446873644,3.2428770875451005,25.788537368154802,0.31698714446873644,100
17,384,38116,0.31698714446873644,3.5595390933280004,22.678396929960876,0.31698714446873644,100
17,385,38215,0.31698714446873644,2.9274991117619837,26.746621641222536,0.31698714446873644,100
17,386,38314,0.31698714446873644,3.5595586681644114,22.54176856612347,0.31698714446873644,100
17,387,38413,0.31698714446873644,2.9462653225025677,18.100198969608208,0.31698714446873644,100
17,388,38512,0.31698714446873644,3.7111815520642177,21.74021819944568,0.31698714446873644,100
17,389,38611,0.31698714446873644,4.2209203080801965,37.66332871129561,0.31698714446873644,100
17,390,38710,0.31698714446873644,2.7987434850549313,12.876422091101752,0.31698714446873644,100
17,391,38809,0.31698714446873644,3.1026041569134435,20.90955048398402,0.31698714446873644,100
17,392,38908,0.31698714446873644,3.5554521249304343,18.53387517939076,0.31698714446873644,100
17,393,39007,0.31698714446873644,3.0746167897861967,21.278208861694274,0.31698714446873644,100
17,394,39106,0.31698714446873644,3.300566768904838,28.798426118215755,0.31698714446873644,100
17,395,39205,0.31698714446873644,3.6474812910668066,23.00668273249947,0.31698714446873644,100
17,396,39304,0.31698714446873644,2.8454944893971486,23.535380864019533,0.31698714446873644,100
17,397,39403,0.31698714446873644,2.931959498691393,22.68832866256864,0.31698714446873644,100
17,398,39502,0.31698714446873644,3.054972150876226,22.240473462514505,0.31698714446873644,100
17,399,39601,0.31698714446873644,3.065722384960895,24.76234347630613,0.31698714446873644,100
17,400,39700,0.31698714446873644,2.7970874736881286,22.89103510929717,0.31698714446873644,100
17,401,39799,0.31698714446873644,2.8243043239525933,21.54622221456768,0.31698714446873644,100
17,402,39898,0.31698714446873644,2.875390886215613,17.266499655993535,0.31698714446873644,100
17,403,39997,0.31698714446873644,2.630166190922752,11.335262220650812,0.31698714446873644,100
17,404,40096,0.31698714446873644,2.4851157134520725,16.042971039762087,0.31698714446873644,100
17,405,40195,0.31698714446873644,3.1690357012311456,19.939990128576678,0.31698714446873644,100
17,406,40294,0.31698714446873644,3.70622235296307,27.508136373454647,0.31698714446873644,100
17,407,40393,0.31698714446873644,3.295244102817003,21.986897337516073,0.31698714446873644,100
17,408,40492,0.31698714446873644,3.2832193964301073,22.572380447264596,0.31698714446873644,100
17,409,40591,0.31698714446873644,3.734611723205218,17.027335154572093,0.31698714446873644,100
17,410,40690,0.31698714446873644,3.537712449977337,24.13563563993318,0.31698714446873644,100
17,411,40789,0.31698714446873644,3.1969612699585337,17.598617008479344,0.31698714446873644,100
17,412,40888,0.31698714446873644,3.1150809376481168,14.683245829046708,0.31698714446873644,100
17,413,40987,0.31698714446873644,3.269775515359395,22.27797901255343,0.31698714446873644,100
17,414,41086,0.31698714446873644,3.3859380555087806,30.617995713738914,0.31698714446873644,100
17,415,41185,0.31698714446873644,2.6705951178472804,22.18885671790432,0.31698714446873644,100
17,416,41284,0.31698714446873644,3.1259123844579397,20.061883347911152,0.31698714446873644,100
17,417,41383,0.31698714446873644,2.940580875622189,21.78450218633058,0.31698714446873644,100
17,418,41482,0.31698714446873644,3.089168978641001,26.706894410053106,0.31698714446873644,100
17,419,41581,0.31698714446873644,2.888055744862156,22.150339854876087,0.31698714446873644,100
17,420,41680,0.31698714446873644,3.0928722955899786,14.95263179161731,0.31698714446873644,100
17,421,41779,0.31698714446873644,3.85333867085435,39.127727115924884,0.31698714446873644,100
17,422,41878,0.31698714446873644,2.998808558896148,16.25066095434186,0.31698714446873644,100
17,423,41977,0.31698714446873644,3.5404175677472294,27.554021476487364,0.31698714446873644,100
17,424,42076,0.31698714446873644,3.871192680872798,35.143501877608855,0.31698714446873644,100
17,425,42175,0.31698714446873644,2.68151893356965,32.68572611420209,0.31698714446873644,100
17,426,42274,0.31698714446873644,3.1553998938238057,16.927304013863328,0.31698714446873644,100
17,427,42373,0.31698714446873644,3.067855565557619,27.246208494876466,0.31698714446873644,100
17,428,42472,0.31698714446873644,3.6734851529698664,22.519193839124387,0.31698714446873644,100
17,429,42571,0.31698714446873644,3.6058685989508974,30.506211803054445,0.31698714446873644,100
17,430,42670,0.31698714446873644,2.982975877270218,16.48982937512948,0.31698714446873644,100
17,431,42769,0.31698714446873644,2.6928475370452007,16.396754326736765,0.31698714446873644,100
17,432,42868,0.31698714446873644,3.3620917743678325,24.97710622714314,0.31698714446873644,100
17,433,42967,0.31698714446873644,2.9515467955984223,21.992106225276647,0.31698714446873644,100
17,434,43066,0.31698714446873644,3.8156407876203944,25.868817524503054,0.31698714446873644,100
17,435,43165,0.31698714446873644,2.977666628971358,14.681620882666142,0.31698714446873644,100
17,436,43264,0.31698714446873644,2.9678263840680286,27.12311903358084,0.31698714446873644,100
17,437,43363,0.31698714446873644,3.6192383689369314,21.597340007312642,0.31698714446873644,100
17,438,43462,0.31698714446873644,3.086834379425761,16.442429080590337,0.31698714446873644,100
17,439,43561,0.31698714446873644,2.9837755993520614,19.003750449475447,0.31698714446873644,100
17,440,43660,0.31698714446873644,2.934615625830803,20.107988332939488,0.31698714446873644,100
17,441,43759,0.31698714446873644,3.5187836471160456,24.588282480054865,0.31698714446873644,100
17,442,43858,0.31698714446873644,3.13243780376115,15.81092168247532,0.31698714446873644,100
17,443,43957,0.31698714446873644,2.938303236492379,22.053709734244723,0.31698714446873644,100
17,444,44056,0.31698714446873644,2.8135252395088646,16.530463530660448,0.31698714446873644,100
17,445,44155,0.31698714446873644,2.875549175912426,32.185358936974055,0.31698714446873644,100
17,446,44254,0.31698714446873644,3.4051339469952944,29.399871264397433,0.31698714446873644,100
17,447,44353,0.31698714446873644,2.8936654287290473,15.320620887231623,0.31698714446873644,100
17,448,44452,0.31698714446873644,3.352452878627796,33.331439915521045,0.31698714446873644,100
17,449,44551,0.31698714446873644,3.5606598011688213,26.279152674397288,0.31698714446873644,100
17,450,44650,0.31698714446873644,2.743386090538624,20.50212862424369,0.31698714446873644,100
17,451,44749,0.31698714446873644,3.323362390257298,23.329102622329074,0.31698714446873644,100
17,452,44848,0.31698714446873644,2.7612505778077083,18.833422867655337,0.31698714446873644,100
17,453,44947,0.31698714446873644,3.6058253610675512,22.432139051014584,0.31698714446873644,100
17,454,45046,0.31698714446873644,2.8281993989328384,28.71805118730932,0.31698714446873644,100
17,455,45145,0.31698714446873644,2.6590498483190843,23.826848485723016,0.31698714446873644,100
17,456,45244,0.31698714446873644,3.223772861457568,20.4712310796138,0.31698714446873644,100
17,457,45343,0.31698714446873644,2.6809992915195555,17.293544307967217,0.31698714446873644,100
17,458,45442,0.31698714446873644,3.1175641447043567,16.218926334649687,0.31698714446873644,100
17,459,45541,0.31698714446873644,2.886625344548893,30.67582502483553,0.31698714446873644,100
17,460,45640,0.31698714446873644,3.979900828367903,30.78493761140316,0.31698714446873644,100
17,461,45739,0.31698714446873644,3.1384571320387296,17.6555190376343,0.31698714446873644,100
17,462,45838,0.31698714446873644,2.86051477423352,26.187400321324766,0.31698714446873644,100
17,463,45937,0.31698714446873644,3.1806677025922365,21.029337768131345,0.31698714446873644,100
17,464,46036,0.31698714446873644,2.4855231606408377,24.213101831856395,0.31698714446873644,100
17,465,46135,0.31698714446873644,4.076145194504206,33.62644394861108,0.31698714446873644,100
17,466,46234,0.31698714446873644,3.4969925739707084,36.83631204419851,0.31698714446873644,100
17,467,46333,0.31698714446873644,3.0127818467767105,25.14872423346079,0.31698714446873644,100
17,468,46432,0.31698714446873644,2.771228849674568,18.44511851136352,0.31698714446873644,100
17,469,46531,0.31698714446873644,2.7475136984977753,37.928775168635305,0.31698714446873644,100
17,470,46630,0.31698714446873644,2.7972130151072223,18.669607634857908,0.31698714446873644,100
17,471,46729,0.31698714446873644,3.8670576756629584,32.89861360403042,0.31698714446873644,100
17,472,46828,0.31698714446873644,3.0429453683361247,28.84486861845563,0.31698714446873644,100
17,473,46927,0.31698714446873644,2.4359981789019622,13.880713932340203,0.31698714446873644,100
17,474,47026,0.31698714446873644,3.1774005268547585,22.816065436958063,0.31698714446873644,100
17,475,47125,0.31698714446873644,3.4742423030292144,20.088666840527793,0.31698714446873644,100
17,476,47224,0.31698714446873644,3.4052086190459767,18.609197104280593,0.31698714446873644,100
17,477,47323,0.31698714446873644,3.1532359708111857,16.352745960884363,0.31698714446873644,100
17,478,47422,0.31698714446873644,2.9440041613190324,24.79990424338588,0.31698714446873644,100
17,479,47521,0.31698714446873644,2.8910162598201516,23.849021438125053,0.31698714446873644,100
17,480,47620,0.31698714446873644,3.7773147831085936,31.657166572966265,0.31698714446873644,100
17,481,47719,0.31698714446873644,3.2031339857662924,22.054407411986226,0.31698714446873644,100
17,482,47818,0.31698714446873644,2.948482379031258,22.232214480947285,0.31698714446873644,100
17,483,47917,0.31698714446873644,3.269181903061287,22.470628253024632,0.31698714446873644,100
17,484,48016,0.31698714446873644,3.4659626098248073,40.73999645163632,0.31698714446873644,100
17,485,48115,0.31698714446873644,2.8716521103720822,25.679893243926635,0.31698714446873644,100
17,486,48214,0.31698714446873644,3.119799246033935,33.79847637381306,0.31698714446873644,100
17,487,48313,0.31698714446873644,2.554553573721927,20.197489389537907,0.31698714446873644,100
17,488,48412,0.31698714446873644,3.139700381976985,22.560195533573474,0.31698714446873644,100
17,489,48511,0.31698714446873644,3.7143921062228986,32.18489463113421,0.31698714446873644,100
17,490,48610,0.31698714446873644,4.076345092245357,35.74865140584073,0.31698714446873644,100
17,491,48709,0.31698714446873644,3.1738702053650973,24.600403695711293,0.31698714446873644,100
17,492,48808,0.31698714446873644,3.419934221383903,25.391187934682684,0.31698714446873644,100
17,493,48907,0.31698714446873644,3.2662622159934602,25.506206956441133,0.31698714446873644,100
17,494,49006,0.31698714446873644,4.173409378194854,34.370723256285615,0.31698714446873644,100
17,495,49105,0.31698714446873644,2.5656839314895112,16.208225140933628,0.31698714446873644,100
17,496,49204,0.31698714446873644,2.5706947068781294,15.227218945548028,0.31698714446873644,100
17,497,49303,0.31698714446873644,3.075516783114411,18.092838447053047,0.31698714446873644,100
17,498,49402,0.31698714446873644,2.7685204609820584,24.379962083282432,0.31698714446873644,100
17,499,49501,0.31698714446873644,3.056979696493297,20.206030594748814,0.31698714446873644,100
17,500,49600,0.31698714446873644,3.2796186684603823,36.01594415996271,0.31698714446873644,100
17,501,49699,0.31698714446873644,3.570719430328337,21.957222500579036,0.31698714446873644,100
17,502,49798,0.31698714446873644,3.4698744835706505,20.510962112186412,0.31698714446873644,100
17,503,49897,0.31698714446873644,3.6450402123992682,21.659360429045616,0.31698714446873644,100
17,504,49996,0.31698714446873644,2.321885060499446,14.505805000784747,0.31698714446873644,100
17,505,50000,0.31698714446873644,1.8544454354640507,9.496529695201602,0.31698714446873644,100
18,0,100,181.6441162120737,579.3769743120404,1057.2066906040006,181.6441162120737,100
18,1,199,77.14525526255112,320.9349329870236,763.1184941745654,77.14525526255112,100
18,2,298,27.710042133862853,133.47358791625015,446.27215748214115,27.710042133862853,100
18,3,397,17.69720537813636,69.79791963432288,178.70284522116978,17.69720537813636,100
18,4,496,10.862007396740667,36.9226034002634,76.86360943091053,10.862007396740667,100
18,5,595,7.795538010432141,21.919955381972205,47.041243414800114,7.795538010432141,100
18,6,694,6.8489556765941275,14.452468959446383,35.80084089623206,6.8489556765941275,100
18,7,793,3.444032401589972,11.26052237684396,33.168929248501016,3.444032401589972,100
18,8,892,2.977347846249418,9.709662958674528,33.21348913228275,2.977347846249418,100
18,9,991,1.497306639667122,7.119399939728668,24.780900519329624,1.497306639667122,100
18,10,1090,0.6516704397469563,6.183897819363282,39.61289025392498,0.6516704397469563,100
18,11,1189,0.6516704397469563,5.639408487221425,29.23372108218172,0.6516704397469563,100
18,12,1288,0.5710736449193361,4.211846639206157,24.427525053739917,0.5710736449193361,100
18,13,1387,0.47476086133515855,4.055617811236815,28.3048764986626,0.47476086133515855,100
18,14,1486,0.47476086133515855,3.492367445596912,18.388395514284053,0.47476086133515855,100
18,15,1585,0.47476086133515855,4.104664126734031,25.918541640894844,0.47476086133515855,100
18,16,1684,0.47476086133515855,3.438222784949616,17.943769820733138,0.47476086133515855,100
18,17,1783,0.47476086133515855,3.14982604407523,16.256495879588808,0.47476086133515855,100
18,18,1882,0.47476086133515855,2.983916194668719,15.326338668253737,0.47476086133515855,100
18,19,1981,0.47476086133515855,2.575314552286516,16.235230076011028,0.47476086133515855,100
18,20,2080,0.47476086133515855,3.7084951278711498,22.170144349787755,0.47476086133515855,100
18,21,2179,0.47476086133515855,3.765495374742185,35.10885574402221,0.47476086133515855,100
18,22,2278,0.47476086133515855,3.512132851999289,23.025305392346954,0.47476086133515855,100
18,23,2377,0.47476086133515855,3.4418548574284547,29.129762305751274,0.47476086133515855,100
18,24,2476,0.47476086133515855,2.9070954345006843,16.024928077956844,0.47476086133515855,100
18,25,2575,0.47476086133515855,2.9812986851444543,19.72190381525103,0.47476086133515855,100
18,26,2674,0.47476086133515855,2.9959349268863225,34.51410233473499,0.47476086133515855,100
18,27,2773,0.47476086133515855,3.6433434488048295,28.315703980487235,0.47476086133515855,100
18,28,2872,0.47476086133515855,3.6001287962365085,27.176352912652643,0.47476086133515855,100
18,29,2971,0.47476086133515855,3.2504680531285692,21.35299474510237,0.47476086133515855,100
18,30,3070,0.47476086133515855,3.2033689333082833,27.788982845883716,0.47476086133515855,100
18,31,3169,0.47476086133515855,4.032014678162307,30.496902933873343,0.47476086133515855,100
18,32,3268,0.47476086133515855,2.9570463957299697,29.927413826010355,0.47476086133515855,100
18,33,3367,0.47476086133515855,3.9586238876289674,23.45891339162562,0.47476086133515855,100
18,34,3466,0.47476086133515855,3.180584715859488,22.765951591620958,0.47476086133515855,100
18,35,3565,0.47476086133515855,3.5842393668364765,22.174089582097317,0.47476086133515855,100
18,36,3664,0.47476086133515855,3.6538668029755916,21.395976541676344,0.47476086133515855,100
18,37,3763,0.47476086133515855,3.2676675838935063,21.82255738860218,0.47476086133515855,100
18,38,3862,0.47476086133515855,3.633705312682385,29.80330641619213,0.47476086133515855,100
18,39,3961,0.47476086133515855,3.414389219914986,21.50727218394768,0.47476086133515855,100
18,40,4060,0.45931165157365805,3.427466964968778,17.165588465335667,0.45931165157365805,100
18,41,4159,0.45931165157365805,3.500943376681515,22.77048557027596,0.45931165157365805,100
18,42,4258,0.45931165157365805,2.642229991973329,14.552774844177401,0.45931165157365805,100
18,43,4357,0.45931165157365805,2.999190070402786,13.553954854466397,0.45931165157365805,100
18,44,4456,0.45931165157365805,3.2426121836337365,28.512845084934536,0.45931165157365805,100
18,45,4555,0.45931165157365805,2.8864582443581255,18.862481542153482,0.45931165157365805,100
18,46,4654,0.45931165157365805,3.094516574176136,22.926992006389384,0.45931165157365805,100
18,47,4753,0.45931165157365805,3.1921362277683256,22.26486300087777,0.45931165157365805,100
18,48,4852,0.45931165157365805,3.041888873330612,12.371799015292144,0.45931165157365805,100
18,49,4951,0.45931165157365805,2.930766705214845,33.78535987274203,0.45931165157365805,100
18,50,5050,0.45931165157365805,3.606846218487807,35.295914692471705,0.45931165157365805,100
18,51,5149,0.45931165157365805,3.137857600640793,21.276139227862995,0.45931165157365805,100
18,52,5248,0.45931165157365805,3.181002214918608,24.981402989964746,0.45931165157365805,100
18,53,5347,0.45931165157365805,2.595840387571956,18.319298441097192,0.45931165157365805,100
18,54,5446,0.45931165157365805,3.057918067471123,32.03148034584564,0.45931165157365805,100
18,55,5545,0.45931165157365805,2.8961705659584567,17.551461829639106,0.45931165157365805,100
18,56,5644,0.45931165157365805,2.8480868492380598,21.588312272995566,0.45931165157365805,100
18,57,5743,0.45931165157365805,3.11679158618902,18.28039399251097,0.45931165157365805,100
18,58,5842,0.45931165157365805,2.899528527415316,21.485981640536206,0.45931165157365805,100
18,59,5941,0.45931165157365805,3.559337924815461,34.141822367313665,0.45931165157365805,100
18,60,6040,0.45931165157365805,2.4568963599264744,20.560973506958117,0.45931165157365805,100
18,61,6139,0.45931165157365805,3.0334253824859645,21.028308231583328,0.45931165157365805,100
18,62,6238,0.45931165157365805,2.969891780523345,19.49292074842318,0.45931165157365805,100
18,63,6337,0.45931165157365805,2.923900196398715,16.83264933696499,0.45931165157365805,100
18,64,6436,0.45931165157365805,3.052703761923732,19.6286741986703,0.45931165157365805,100
18,65,6535,0.45931165157365805,3.2550146143242715,19.335531202324436,0.45931165157365805,100
18,66,6634,0.45931165157365805,4.040292285338592,19.18455336455964,0.45931165157365805,100
18,67,6733,0.45931165157365805,2.935951841216103,20.244401447265346,0.45931165157365805,100
18,68,6832,0.45931165157365805,3.6745637377332216,22.803160352395036,0.45931165157365805,100
18,69,6931,0.45931165157365805,2.7981625916997865,28.914497678999766,0.45931165157365805,100
18,70,7030,0.45931165157365805,2.786106425819612,16.375440283737948,0.45931165157365805,100
18,71,7129,0.45931165157365805,3.2893166299013297,22.23520930719223,0.45931165157365805,100
18,72,7228,0.45931165157365805,3.0538093499363153,18.960593285481398,0.45931165157365805,100
18,73,7327,0.4474790871465706,2.485062319064981,17.84753810970995,0.4474790871465706,100
18,74,7426,0.4474790871465706,3.107106195403108,18.30989625936473,0.4474790871465706,100
18,75,7525,0.4474790871465706,2.961026429877558,22.08207432896903,0.4474790871465706,100
18,76,7624,0.4474790871465706,2.9566500842815198,27.584033816231546,0.4474790871465706,100
18,77,7723,0.4474790871465706,3.3664511998449895,27.20480567885912,0.4474790871465706,100
18,78,7822,0.4474790871465706,2.4204294258275536,18.566479202124782,0.4474790871465706,100
18,79,7921,0.4474790871465706,3.511336519333878,25.8222039119325,0.4474790871465706,100
18,80,8020,0.4474790871465706,3.2906536536826847,30.196273676425466,0.4474790871465706,100
18,81,8119,0.3667367491867024,3.005617345387258,20.551654504259442,0.3667367491867024,100
18,82,8218,0.3667367491867024,3.5062074091243534,35.75389774710679,0.3667367491867024,100
18,83,8317,0.3667367491867024,4.00852968611567,27.595713392925852,0.3667367491867024,100
18,84,8416,0.3667367491867024,3.310879059557125,22.25389657240311,0.3667367491867024,100
18,85,8515,0.3667367491867024,3.248692405681705,18.169368905505443,0.3667367491867024,100
18,86,8614,0.3667367491867024,2.729583847981114,16.551292032639115,0.3667367491867024,100
18,87,8713,0.3667367491867024,3.721715667442766,23.58670889127052,0.3667367491867024,100
18,88,8812,0.3667367491867024,3.371759970254605,35.48096188810282,0.3667367491867024,100
18,89,8911,0.3667367491867024,2.8979310671072773,17.258180008930328,0.3667367491867024,100
18,90,9010,0.3667367491867024,3.0907695789128304,16.662309985198043,0.3667367491867024,100
18,91,9109,0.3667367491867024,3.6482019978021323,28.47248523156398,0.3667367491867024,100
18,92,9208,0.3667367491867024,3.2240527541242194,22.26181374213892,0.3667367491867024,100
18,93,9307,0.3667367491867024,3.1888506560430683,18.851637125320895,0.3667367491867024,100
18,94,9406,0.3667367491867024,2.7359582754160687,21.71264871649336,0.3667367491867024,100
18,95,9505,0.3667367491867024,3.050418665944869,26.25440130000581,0.3667367491867024,100
18,96,9604,0.3667367491867024,2.9860557788611466,15.271894482274837,0.3667367491867024,100
18,97,9703,0.3667367491867024,3.4307837133888937,23.259079466619806,0.3667367491867024,100
18,98,9802,0.3667367491867024,3.009802542335765,13.525099697066757,0.3667367491867024,100
18,99,9901,0.3667367491867024,2.9107721283869314,14.37208673789821,0.3667367491867024,100
18,100,10000,0.3667367491867024,3.351644357415458,21.401938809701104,0.3667367491867024,100
18,101,10099,0.3667367491867024,2.9765189614474674,14.29075157148127,0.3667367491867024,100
18,102,10198,0.3667367491867024,3.255516623701872,19.584618643809,0.3667367491867024,100
18,103,10297,0.3667367491867024,3.9868436854690033,25.003253134210667,0.3667367491867024,100
18,104,10396,0.3667367491867024,2.309567575979451,12.131095853267771,0.3667367491867024,100
18,105,10495,0.3667367491867024,3.223501416329281,20.002715677009252,0.3667367491867024,100
18,106,10594,0.3667367491867024,3.1811032029187825,16.95541829863525,0.3667367491867024,100
18,107,10693,0.3667367491867024,3.494051087489243,25.299699059651115,0.3667367491867024,100
18,108,10792,0.3667367491867024,3.847175806434381,23.395537239775457,0.3667367491867024,100
18,109,10891,0.3667367491867024,3.136211550032128,22.072374970611605,0.3667367491867024,100
18,110,10990,0.3667367491867024,3.4107664905672435,29.358193077583437,0.3667367491867024,100
18,111,11089,0.3667367491867024,2.7776839404084974,18.156033768845365,0.3667367491867024,100
18,112,11188,0.36673674918669474,2.9945216816474427,22.7461297140943,0.36673674918669474,100
18,113,11287,0.36673674918669474,3.2514616158088927,19.005045037440073,0.36673674918669474,100
18,114,11386,0.36673674918669474,2.6597030596239257,17.77542234350597,0.36673674918669474,100
18,115,11485,0.36673674918669474,3.028543938541635,32.4029138085762,0.36673674918669474,100
18,116,11584,0.36673674918669474,3.2554455472260786,22.21133815743342,0.36673674918669474,100
18,117,11683,0.36673674918669474,2.9292212063731853,17.032481587992216,0.36673674918669474,100
18,118,11782,0.36673674918669474,2.9898798366664225,18.18909320100922,0.36673674918669474,100
18,119,11881,0.36673674918669474,3.5207764061988276,22.435432979908583,0.36673674918669474,100
18,120,11980,0.36673674918669474,3.3408205779286173,22.986492709208864,0.36673674918669474,100
18,121,12079,0.36673674918669474,3.481247416230999,26.286749674291038,0.36673674918669474,100
18,122,12178,0.36673674918669474,3.097301100782797,17.36668974860988,0.36673674918669474,100
18,123,12277,0.36673674918669474,3.111892964126183,15.217387128266218,0.36673674918669474,100
18,124,12376,0.36673674918669474,3.3966894845788387,20.64328501583335,0.36673674918669474,100
18,125,12475,0.36673674918669474,2.514626439362856,23.15337545720882,0.36673674918669474,100
18,126,12574,0.36673674918669474,2.7858148047495392,32.54543192347879,0.36673674918669474,100
18,127,12673,0.36673674918669474,3.096589519447865,17.28809737573044,0.36673674918669474,100
18,128,12772,0.36673674918669474,3.616013909625721,22.3372479700354,0.36673674918669474,100
18,129,12871,0.36673674918669474,3.001690146282122,26.76225963775176,0.36673674918669474,100
18,130,12970,0.36673674918669474,3.040307411609896,28.485226517056315,0.36673674918669474,100
18,131,13069,0.36673674918669474,2.9931319684576563,19.958130296664077,0.36673674918669474,100
18,132,13168,0.36673674918669474,3.2827905950641885,15.872097054400724,0.36673674918669474,100
18,133,13267,0.36673674918669474,3.25881436550532,28.698998531498322,0.36673674918669474,100
18,134,13366,0.36673674918669474,3.0436130177816643,17.8668284625956,0.36673674918669474,100
18,135,13465,0.36673674918669474,2.9633312859088488,20.121316327970764,0.36673674918669474,100
18,136,13564,0.36673674918669474,2.116366461523614,13.910586708793453,0.36673674918669474,100
18,137,13663,0.36673674918669474,2.7686269765246823,13.266351664918409,0.36673674918669474,100
18,138,13762,0.36673674918669474,2.8286536465195864,24.13476469659424,0.36673674918669474,100
18,139,13861,0.36673674918669474,3.2300978977153756,26.237202586343045,0.36673674918669474,100
18,140,13960,0.36673674918669474,3.2322042004201474,31.176601502851717,0.36673674918669474,100
18,141,14059,0.36673674918669474,3.509239717431452,22.39302188967532,0.36673674918669474,100
18,142,14158,0.36673674918669474,3.1133043640757996,19.22018998376614,0.36673674918669474,100
18,143,14257,0.36673674918669474,2.8323428617522155,24.071071683164405,0.36673674918669474,100
18,144,14356,0.36673674918669474,2.9518511427877776,24.56303808560984,0.36673674918669474,100
18,145,14455,0.36673674918669474,3.1560752377531758,22.19410654944827,0.36673674918669474,100
18,146,14554,0.36673674918669474,2.7792797418060413,19.462655349947408,0.36673674918669474,100
18,147,14653,0.36673674918669474,3.6636898675904477,18.577934716545897,0.36673674918669474,100
18,148,14752,0.36673674918669474,3.3547995739029135,18.107300096231825,0.36673674918669474,100
18,149,14851,0.36673674918669474,2.7938195584586665,26.481005739866465,0.36673674918669474,100
18,150,14950,0.36673674918669474,2.179731992730946,11.940525747824669,0.36673674918669474,100
18,151,15049,0.36673674918669474,2.3873992388280625,19.113310404107178,0.36673674918669474,100
18,152,15148,0.36673674918669474,3.527939653199466,25.978835869305488,0.36673674918669474,100
18,153,15247,0.36673674918669474,2.8291590487747493,21.940741142088083,0.36673674918669474,100
18,154,15346,0.36673674918669474,4.436666032915724,26.82232846513526,0.36673674918669474,100
18,155,15445,0.36673674918669474,2.9270430243991465,13.580951907926869,0.36673674918669474,100
18,156,15544,0.36673674918669474,3.5795094517746366,31.432898163812364,0.36673674918669474,100
18,157,15643,0.36673674918669474,2.7608521042176295,14.533316586606812,0.36673674918669474,100
18,158,15742,0.36673674918669474,2.9310242002184466,17.489519385949944,0.36673674918669474,100
18,159,15841,0.36673674918669474,2.4794885793947503,21.877922600866,0.36673674918669474,100
18,160,15940,0.36673674918669474,3.0959534959647983,18.867575458722005,0.36673674918669474,100
18,161,16039,0.36673674918669474,4.080970732870985,20.450582800137656,0.36673674918669474,100
18,162,16138,0.36673674918669474,2.840004337144667,25.12535913117396,0.36673674918669474,100
18,163,16237,0.36673674918669474,2.857493400242613,21.113805301512375,0.36673674918669474,100
18,164,16336,0.36673674918669474,3.405195988063564,26.755803730014396,0.36673674918669474,100
18,165,16435,0.36673674918669474,2.565351562757178,25.733819788437277,0.36673674918669474,100
18,166,16534,0.36673674918669474,3.00519232794694,17.74733552719052,0.36673674918669474,100
18,167,16633,0.36673674918669474,2.7773938894410652,21.48400156474634,0.36673674918669474,100
18,168,16732,0.36673674918669474,4.1790991141054095,25.655831004062176,0.36673674918669474,100
18,169,16831,0.35021972770423604,3.4359966036536864,23.648070537400663,0.35021972770423604,100
18,170,16930,0.35021972770423604,3.2190205364690896,25.7729763393786,0.35021972770423604,100
18,171,17029,0.35021972770423604,3.086383118409046,18.38523960809609,0.35021972770423604,100
18,172,17128,0.35021972770423604,3.6463975551077312,28.708398685748172,0.35021972770423604,100
18,173,17227,0.35021972770423604,3.108505190651729,16.75067980658316,0.35021972770423604,100
18,174,17326,0.35021972770423604,3.3018869627752405,25.412949952198822,0.35021972770423604,100
18,175,17425,0.35021972770423604,3.5520278919137973,38.63294054660666,0.35021972770423604,100
18,176,17524,0.35021972770423604,2.965586951785444,19.722268846751263,0.35021972770423604,100
18,177,17623,0.35021972770423604,3.1947780091089815,24.406092308191795,0.35021972770423604,100
18,178,17722,0.35021972770423604,3.1284017408771763,17.831736376741386,0.35021972770423604,100
18,179,17821,0.35021972770423604,3.1373512747686596,27.51309487753631,0.35021972770423604,100
18,180,17920,0.35021972770423604,3.8687866055513123,23.411474547452176,0.35021972770423604,100
18,181,18019,0.35021972770423604,3.1825177059329635,28.42711218455939,0.35021972770423604,100
18,182,18118,0.35021972770423604,3.6475490708916767,24.791144147291778,0.35021972770423604,100
18,183,18217,0.35021972770423604,3.4506741975101844,31.612160415444166,0.35021972770423604,100
18,184,18316,0.35021972770423604,4.161608299997098,39.43736992218173,0.35021972770423604,100
18,185,18415,0.35021972770423604,3.5137847905852664,19.630729047649325,0.35021972770423604,100
18,186,18514,0.35021972770423604,2.822977855647503,30.540721432960733,0.35021972770423604,100
18,187,18613,0.35021972770423604,2.787674543575209,18.933891180182496,0.35021972770423604,100
18,188,18712,0.35021972770423604,2.9848059226513737,27.730760769710653,0.35021972770423604,100
18,189,18811,0.35021972770423604,2.4894869289678767,16.329282080638222,0.35021972770423604,100
18,190,18910,0.35021972770423604,2.2004365843863773,19.796242852194723,0.35021972770423604,100
18,191,19009,0.35021972770423604,3.104237485270257,40.70899975683,0.35021972770423604,100
18,192,19108,0.35021972770423604,2.9246416151319097,22.22326989367237,0.35021972770423604,100
18,193,19207,0.35021972770423604,2.5861410826597506,26.079306858738747,0.35021972770423604,100
18,194,19306,0.35021972770423604,3.371798424256211,37.2188035705809,0.35021972770423604,100
18,195,19405,0.35021972770423604,3.097534174226431,26.685232015793684,0.35021972770423604,100
18,196,19504,0.35021972770423604,2.9676308435944487,19.430386028774784,0.35021972770423604,100
18,197,19603,0.35021972770423604,2.974026708850364,19.090084221137154,0.35021972770423604,100
18,198,19702,0.35021972770423604,3.288789822209209,38.310031369859665,0.35021972770423604,100
18,199,19801,0.35021972770423604,3.1361158701552494,21.55130569185102,0.35021972770423604,100
18,200,19900,0.35021972770423604,2.706758558740582,13.991276659326772,0.35021972770423604,100
18,201,19999,0.35021972770423604,3.065242510579367,15.736358318453128,0.35021972770423604,100
18,202,20098,0.35021972770423604,3.5466333042260785,33.83602872686508,0.35021972770423604,100
18,203,20197,0.35021972770423604,3.3747768734073333,27.82331047545673,0.35021972770423604,100
18,204,20296,0.35021972770423604,3.5178184873804472,25.72289628291646,0.35021972770423604,100
18,205,20395,0.35021972770423604,3.8398734031882333,30.77653110536711,0.35021972770423604,100
18,206,20494,0.35021972770423604,3.287169858872897,24.84618341715527,0.35021972770423604,100
18,207,20593,0.35021972770423604,3.009881453277635,17.443679378560695,0.35021972770423604,100
18,208,20692,0.35021972770423604,3.186804514629849,19.23618708436571,0.35021972770423604,100
18,209,20791,0.35021972770423604,3.338307021136379,16.846550161064417,0.35021972770423604,100
18,210,20890,0.35021972770423604,3.0687024292203886,21.066468058836296,0.35021972770423604,100
18,211,20989,0.35021972770423604,2.744491799964867,19.305238810764767,0.35021972770423604,100
18,212,21088,0.35021972770423604,3.2117146385315647,12.061354172381115,0.35021972770423604,100
18,213,21187,0.35021972770423604,3.6139251615429613,20.992006383194706,0.35021972770423604,100
18,214,21286,0.35021972770423604,4.072230791909686,29.581630165964874,0.35021972770423604,100
18,215,21385,0.35021972770423604,3.367828848541087,18.29875232896259,0.35021972770423604,100
18,216,21484,0.35021972770423604,2.8552971945301318,20.137806656854597,0.35021972770423604,100
18,217,21583,0.35021972770423604,3.125688297338318,25.048385832236697,0.35021972770423604,100
18,218,21682,0.35021972770423604,2.6494241763203483,17.059007283215145,0.35021972770423604,100
18,219,21781,0.35021972770423604,2.5270911730416357,17.830850529636876,0.35021972770423604,100
18,220,21880,0.35021972770423604,2.408655552943374,13.74180912028022,0.35021972770423604,100
18,221,21979,0.35021972770423604,2.6803135733495633,15.015784849238793,0.35021972770423604,100
18,222,22078,0.35021972770423604,3.002977559083792,25.17633924768056,0.35021972770423604,100
18,223,22177,0.35021972770423604,2.542023385924506,18.71317978015349,0.35021972770423604,100
18,224,22276,0.35021972770423604,3.258369071884353,19.57762129144086,0.35021972770423604,100
18,225,22375,0.35021972770423604,3.6731427636037135,21.392347664454665,0.35021972770423604,100
18,226,22474,0.35021972770423604,3.0393028088492455,25.642724100715196,0.35021972770423604,100
18,227,22573,0.35021972770423604,3.5187274090958143,19.45992488649829,0.35021972770423604,100
18,228,22672,0.35021972770423604,3.0479281480157745,30.542502116983464,0.35021972770423604,100
18,229,22771,0.35021972770423604,2.861360251696307,20.421095677207248,0.35021972770423604,100
18,230,22870,0.35021972770423604,3.2598676725288502,22.005337900541875,0.35021972770423604,100
18,231,22969,0.35021972770423604,3.469876678354915,22.10215942601461,0.35021972770423604,100
18,232,23068,0.35021972770423604,3.2287962847070855,26.315303554022954,0.35021972770423604,100
18,233,23167,0.35021972770423604,3.9324194335294784,29.261260535835124,0.35021972770423604,100
18,234,23266,0.35021972770423604,2.9275830532155322,19.448852676653928,0.35021972770423604,100
18,235,23365,0.35021972770423604,3.329252802208614,22.37984853412734,0.35021972770423604,100
18,236,23464,0.35021972770423604,3.6123265880317046,17.786319130660473,0.35021972770423604,100
18,237,23563,0.35021972770423604,3.204620260145691,23.446149415330606,0.35021972770423604,100
18,238,23662,0.35021972770423604,3.6669749651135772,19.175994427887986,0.35021972770423604,100
18,239,23761,0.35021972770423604,3.8700996149844737,26.878428336981994,0.35021972770423604,100
18,240,23860,0.35021972770423604,3.036514095183482,26.073215005988153,0.35021972770423604,100
18,241,23959,0.35021972770423604,3.470613460913985,19.743052214361686,0.35021972770423604,100
18,242,24058,0.35021972770423604,4.016133017069968,25.132864977256006,0.35021972770423604,100
18,243,24157,0.35021972770423604,2.603595068834446,16.18050351780838,0.35021972770423604,100
18,244,24256,0.35021972770423604,3.0006074800604265,18.226987775648155,0.35021972770423604,100
18,245,24355,0.35021972770423604,3.6066593682727275,21.59970404041055,0.35021972770423604,100
18,246,24454,0.35021972770423604,3.173292896962873,16.11027348132813,0.35021972770423604,100
18,247,24553,0.35021972770423604,2.4252167805443863,21.00491747717126,0.35021972770423604,100
18,248,24652,0.35021972770423604,2.3365260580268576,11.11478279759638,0.35021972770423604,100
18,249,24751,0.35021972770423604,2.9080492146001946,21.187656287744776,0.35021972770423604,100
18,250,24850,0.35021972770423604,3.664204445914647,31.590598771712937,0.35021972770423604,100
18,251,24949,0.35021972770423604,2.4832409175592156,14.530049225894487,0.35021972770423604,100
18,252,25048,0.35021972770423604,2.8941921254237646,17.27278697415394,0.35021972770423604,100
18,253,25147,0.35021972770423604,3.2972269264240723,37.47089764064132,0.35021972770423604,100
18,254,25246,0.35021972770423604,2.481618810917224,28.42425884588165,0.35021972770423604,100
18,255,25345,0.35021972770423604,2.482079535865889,24.246790754873246,0.35021972770423604,100
18,256,25444,0.35021972770423604,3.418471956840644,22.366254552319816,0.35021972770423604,100
18,257,25543,0.35021972770423604,2.830291829177629,19.66928149668994,0.35021972770423604,100
18,258,25642,0.35021972770423604,2.903861827981115,18.849745542315436,0.35021972770423604,100
18,259,25741,0.35021972770423604,2.887607840910797,26.23468674198683,0.35021972770423604,100
18,260,25840,0.35021972770423604,3.141845470348024,17.4517559116178,0.35021972770423604,100
18,261,25939,0.35021972770423604,2.5501840637086475,19.524024346401298,0.35021972770423604,100
18,262,26038,0.35021972770423604,3.1712410157180977,20.04302314370731,0.35021972770423604,100
18,263,26137,0.35021972770423604,2.644925412024514,17.819409869792405,0.35021972770423604,100
18,264,26236,0.35021972770423604,3.3627606674647463,17.801865602241243,0.35021972770423604,100
18,265,26335,0.35021972770423604,2.624905595541354,19.433974730711334,0.35021972770423604,100
18,266,26434,0.35021972770423604,3.1728767903286035,23.22004876909166,0.35021972770423604,100
18,267,26533,0.35021972770423604,2.3492461899398136,13.214158690261506,0.35021972770423604,100
18,268,26632,0.35021972770423604,2.7869624127215555,28.03874274835886,0.35021972770423604,100
18,269,26731,0.35021972770423604,3.2779106714098383,17.930498602830856,0.35021972770423604,100
18,270,26830,0.35021972770423604,3.502340580886294,27.55232690428219,0.35021972770423604,100
18,271,26929,0.35021972770423604,2.616990845807499,19.208165343664767,0.35021972770423604,100
18,272,27028,0.35021972770423604,3.3264617349507506,27.083429842260188,0.35021972770423604,100
18,273,27127,0.35021972770423604,3.2033480878837186,21.395123897565135,0.35021972770423604,100
18,274,27226,0.35021972770423604,3.275177556586909,23.74723821223708,0.35021972770423604,100
18,275,27325,0.35021972770423604,3.2902454456248504,22.063979859299497,0.35021972770423604,100
18,276,27424,0.35021972770423604,2.7632510663964474,18.77809134017669,0.35021972770423604,100
18,277,27523,0.35021972770423604,2.7634213706845174,26.00062303091715,0.35021972770423604,100
18,278,27622,0.35021972770423604,3.4643063339635978,24.12698056977659,0.35021972770423604,100
18,279,27721,0.35021972770423604,3.5855908759663664,17.15373188934253,0.35021972770423604,100
18,280,27820,0.35021972770423604,2.914539902423658,15.310033450179233,0.35021972770423604,100
18,281,27919,0.35021972770423604,3.101833734828723,17.350759820806335,0.35021972770423604,100
18,282,28018,0.35021972770423604,3.425455250997154,16.775334895893565,0.35021972770423604,100
18,283,28117,0.35021972770423604,3.5523497125162904,16.010611164853977,0.35021972770423604,100
18,284,28216,0.35021972770423604,3.309627045292932,31.308079471923993,0.35021972770423604,100
18,285,28315,0.35021972770423604,3.4110597988154443,31.73562674504997,0.35021972770423604,100
18,286,28414,0.35021972770423604,3.0217451692714135,27.734439193371337,0.35021972770423604,100
18,287,28513,0.35021972770423604,3.309370287469294,21.71353647656082,0.35021972770423604,100
18,288,28612,0.35021972770423604,3.0186447668689755,16.04216907566671,0.35021972770423604,100
18,289,28711,0.35021972770423604,2.814806138693055,18.65208473160593,0.35021972770423604,100
18,290,28810,0.35021972770423604,2.8448563474635216,12.832338040372887,0.35021972770423604,100
18,291,28909,0.35021972770423604,3.4659636600306807,20.94008984382336,0.35021972770423604,100
18,292,29008,0.35021972770423604,3.359148097161523,18.3380605066373,0.35021972770423604,100
18,293,29107,0.35021972770423604,2.9455636068776054,15.858965771524964,0.35021972770423604,100
18,294,29206,0.35021972770423604,3.599665566334209,21.064288576924085,0.35021972770423604,100
18,295,29305,0.35021972770423604,2.539517203266548,26.934442171603894,0.35021972770423604,100
18,296,29404,0.35021972770423604,3.3582193007321983,24.744645356502904,0.35021972770423604,100
18,297,29503,0.35021972770423604,3.295023170834362,44.34636671039052,0.35021972770423604,100
18,298,29602,0.35021972770423604,2.7089212629269683,11.469397637831593,0.35021972770423604,100
18,299,29701,0.35021972770423604,3.5329290908567623,36.6015526132936,0.35021972770423604,100
18,300,29800,0.35021972770423604,3.3905922850249635,22.737052637074687,0.35021972770423604,100
18,301,29899,0.35021972770423604,3.4222055124244872,43.54786652381977,0.35021972770423604,100
18,302,29998,0.35021972770423604,2.4720741896921643,15.380605124807476,0.35021972770423604,100
18,303,30097,0.35021972770423604,3.362425954600945,16.205626568842106,0.35021972770423604,100
18,304,30196,0.35021972770423604,2.8503978321092727,21.93735784884136,0.35021972770423604,100
18,305,30295,0.35021972770423604,3.9625667066776873,28.08203913832142,0.35021972770423604,100
18,306,30394,0.35021972770423604,2.550099630224485,19.968965603486705,0.35021972770423604,100
18,307,30493,0.35021972770423604,3.128471375358115,24.658716526011503,0.35021972770423604,100
18,308,30592,0.35021972770423604,3.5634763048306866,18.696408460124477,0.35021972770423604,100
18,309,30691,0.35021972770423604,3.6348970332086457,21.466958799821537,0.35021972770423604,100
18,310,30790,0.35021972770423604,3.2529111287311734,28.985864420249477,0.35021972770423604,100
18,311,30889,0.35021972770423604,4.0735642929721205,34.172504591602966,0.35021972770423604,100
18,312,30988,0.35021972770423604,3.2234333775824546,22.6807612409687,0.35021972770423604,100
18,313,31087,0.35021972770423604,3.361769160554781,15.208461585660642,0.35021972770423604,100
18,314,31186,0.35021972770423604,3.710220599191155,24.76432934438586,0.35021972770423604,100
18,315,31285,0.35021972770423604,3.3850242194799147,19.262722366346722,0.35021972770423604,100
18,316,31384,0.35021972770423604,3.8508369904526467,24.254121416721883,0.35021972770423604,100
18,317,31483,0.35021972770423604,3.6499878769140173,22.4093695612125,0.35021972770423604,100
18,318,31582,0.35021972770423604,2.611562175271595,15.004090211486627,0.35021972770423604,100
18,319,31681,0.35021972770423604,3.205024119136329,33.38155020222504,0.35021972770423604,100
18,320,31780,0.35021972770423604,2.4089199661281198,21.579143949298793,0.35021972770423604,100
18,321,31879,0.35021972770423604,2.602805145954568,16.951860327138977,0.35021972770423604,100
18,322,31978,0.35021972770423604,3.8549499614085345,23.706032323884873,0.35021972770423604,100
18,323,32077,0.35021972770423604,3.2148862032773984,28.76267896246104,0.35021972770423604,100
18,324,32176,0.35021972770423604,2.429240316237399,20.144011095099792,0.35021972770423604,100
18,325,32275,0.35021972770423604,3.026423048299378,33.57307486924374,0.35021972770423604,100
18,326,32374,0.35021972770423604,3.233912803484468,15.911924242392402,0.35021972770423604,100
18,327,32473,0.35021972770423604,3.592287841363334,25.120482375812458,0.35021972770423604,100
18,328,32572,0.35021972770423604,3.791452026817887,39.181585063603265,0.35021972770423604,100
18,329,32671,0.35021972770423604,3.3747506820091853,25.792224803023203,0.35021972770423604,100
18,330,32770,0.35021972770423604,2.756051219225573,14.120566687352403,0.35021972770423604,100
18,331,32869,0.35021972770423604,2.4430740623736753,12.936302605609841,0.35021972770423604,100
18,332,32968,0.35021972770423604,4.13722667006721,26.637133596721178,0.35021972770423604,100
18,333,33067,0.35021972770423604,3.2273607012671426,18.13632218663744,0.35021972770423604,100
18,334,33166,0.35021972770423604,3.3015391045547546,30.810710950043752,0.35021972770423604,100
18,335,33265,0.35021972770423604,3.013038643380175,18.167709344335304,0.35021972770423604,100
18,336,33364,0.35021972770423604,3.630422580789469,19.668598090849873,0.35021972770423604,100
18,337,33463,0.35021972770423604,3.053529270031328,18.82635826914757,0.35021972770423604,100
18,338,33562,0.35021972770423604,3.5940098209128104,29.804917151463677,0.35021972770423604,100
18,339,33661,0.35021972770423604,3.7527952316029625,21.710996995859777,0.35021972770423604,100
18,340,33760,0.35021972770423604,2.462001698902743,20.974772477456963,0.35021972770423604,100
18,341,33859,0.35021972770423604,3.213122889291359,34.73573134357433,0.35021972770423604,100
18,342,33958,0.35021972770423604,3.740261966033442,28.61705343214963,0.35021972770423604,100
18,343,34057,0.35021972770423604,3.7788268439223676,29.993285129421,0.35021972770423604,100
18,344,34156,0.35021972770423604,3.34160929702725,24.492476209722497,0.35021972770423604,100
18,345,34255,0.35021972770423604,3.53232049563826,20.284779960562993,0.35021972770423604,100
18,346,34354,0.35021972770423604,3.2703090669065706,29.762510103018105,0.35021972770423604,100
18,347,34453,0.35021972770423604,3.1358445268738437,16.01580129052125,0.35021972770423604,100
18,348,34552,0.35021972770423604,3.4190481697104644,20.775061664583067,0.35021972770423604,100
18,349,34651,0.35021972770423604,2.8680170070616255,19.66605219796588,0.35021972770423604,100
18,350,34750,0.35021972770423604,2.9982582725852156,13.864762553233078,0.35021972770423604,100
18,351,34849,0.35021972770423604,2.5505027755727934,19.35164980797754,0.35021972770423604,100
18,352,34948,0.35021972770423604,3.030199274890984,15.751757371605798,0.35021972770423604,100
18,353,35047,0.35021972770423604,3.726343705131898,29.630351848276554,0.35021972770423604,100
18,354,35146,0.35021972770423604,3.188143139281915,21.41425520376199,0.35021972770423604,100
18,355,35245,0.35021972770423604,3.231576843162457,28.767565315753647,0.35021972770423604,100
18,356,35344,0.35021972770423604,3.0251332694804294,24.094387244333166,0.35021972770423604,100
18,357,35443,0.35021972770423604,2.514716105326905,26.816029490628633,0.35021972770423604,100
18,358,35542,0.35021972770423604,3.332391540213028,21.42903190347363,0.35021972770423604,100
18,359,35641,0.35021972770423604,3.829485424911827,18.93494039105527,0.35021972770423604,100
18,360,35740,0.35021972770423604,3.4633332752582344,17.28186028708663,0.35021972770423604,100
18,361,35839,0.35021972770423604,3.837108197326975,31.86451703309571,0.35021972770423604,100
18,362,35938,0.35021972770423604,3.570925176230312,20.422864559406673,0.35021972770423604,100
18,363,36037,0.35021972770423604,2.642633010180616,16.346131993038707,0.35021972770423604,100
18,364,36136,0.35021972770423604,3.117668193791808,22.304536366065697,0.35021972770423604,100
18,365,36235,0.35021972770423604,3.4225870096442628,19.477381482308967,0.35021972770423604,100
18,366,36334,0.35021972770423604,3.287358096196869,24.76346392211666,0.35021972770423604,100
18,367,36433,0.35021972770423604,3.2496515044492758,19.943796793545868,0.35021972770423604,100
18,368,36532,0.35021972770423604,3.538946103347874,20.935522972331157,0.35021972770423604,100
18,369,36631,0.35021972770423604,2.801749147712099,20.026258780241402,0.35021972770423604,100
18,370,36730,0.35021972770423604,2.8606814159582576,14.369867667837573,0.35021972770423604,100
18,371,36829,0.35021972770423604,3.4872091447760467,22.65419452704896,0.35021972770423604,100
18,372,36928,0.35021972770423604,2.5513423985988304,17.00735297742555,0.35021972770423604,100
18,373,37027,0.35021972770423604,2.988218312321702,41.72849655597344,0.35021972770423604,100
18,374,37126,0.35021972770423604,3.021535953778648,28.027937336635205,0.35021972770423604,100
18,375,37225,0.35021972770423604,2.9700785728372807,35.51566094820357,0.35021972770423604,100
18,376,37324,0.35021972770423604,3.031238686042093,20.05917564953512,0.35021972770423604,100
18,377,37423,0.35021972770423604,3.087235536945085,19.565792013302282,0.35021972770423604,100
18,378,37522,0.35021972770423604,3.3265659194980173,20.174886092615708,0.35021972770423604,100
18,379,37621,0.35021972770423604,3.026170050190891,15.486576781952909,0.35021972770423604,100
18,380,37720,0.35021972770423604,3.025931282681067,21.874245635208414,0.35021972770423604,100
18,381,37819,0.35021972770423604,3.2342435635866065,21.154694952261302,0.35021972770423604,100
18,382,37918,0.35021972770423604,3.4131283431509525,30.508369371727518,0.35021972770423604,100
18,383,38017,0.35021972770423604,4.455671705918701,27.586326446436647,0.35021972770423604,100
18,384,38116,0.35021972770423604,2.678752625255965,21.65181863382974,0.35021972770423604,100
18,385,38215,0.35021972770423604,3.3416122489500744,27.75401924320555,0.35021972770423604,100
18,386,38314,0.35021972770423604,2.6727259385887634,20.670979083919928,0.35021972770423604,100
18,387,38413,0.35021972770423604,3.4214765441616533,19.93056882276011,0.35021972770423604,100
18,388,38512,0.35021972770423604,2.8151620203090135,18.950801978811214,0.35021972770423604,100
18,389,38611,0.35021972770423604,2.7100881638722485,20.541110420216466,0.35021972770423604,100
18,390,38710,0.35021972770423604,3.0587734507680664,18.02866784940677,0.35021972770423604,100
18,391,38809,0.35021972770423604,3.8111672300473276,34.067738636751486,0.35021972770423604,100
18,392,38908,0.35021972770423604,3.472880350733407,24.121124730084524,0.35021972770423604,100
18,393,39007,0.35021972770423604,2.9527615989807985,19.072417583850925,0.35021972770423604,100
18,394,39106,0.35021972770423604,3.1201336982649908,16.791082780207766,0.35021972770423604,100
18,395,39205,0.35021972770423604,3.28090802304203,27.10979174957033,0.35021972770423604,100
18,396,39304,0.35021972770423604,3.0333057943946926,17.90721555883414,0.35021972770423604,100
18,397,39403,0.35021972770423604,2.8310852357607015,30.15591829912491,0.35021972770423604,100
18,398,39502,0.35021972770423604,3.759747668734349,32.43675904873598,0.35021972770423604,100
18,399,39601,0.35021972770423604,3.6654427275949346,27.83636012706919,0.35021972770423604,100
18,400,39700,0.35021972770423604,2.6654455452474934,24.60391299466689,0.35021972770423604,100
18,401,39799,0.35021972770423604,4.03639474485352,31.0507122949637,0.35021972770423604,100
18,402,39898,0.35021972770423604,3.1585501440121906,16.694756715735355,0.35021972770423604,100
18,403,39997,0.35021972770423604,2.5089462293292275,30.241826821398906,0.35021972770423604,100
18,404,40096,0.35021972770423604,2.9529493580708346,17.218481941403223,0.35021972770423604,100
18,405,40195,0.35021972770423604,3.4600022426489883,26.954940892160124,0.35021972770423604,100
18,406,40294,0.35021972770423604,3.822782563081964,25.953958217893543,0.35021972770423604,100
18,407,40393,0.35021972770423604,3.594705402015318,25.702497498380843,0.35021972770423604,100
18,408,40492,0.35021972770423604,3.2928578778276254,17.45766042500838,0.35021972770423604,100
18,409,40591,0.35021972770423604,3.571179446408246,36.54581186160412,0.35021972770423604,100
18,410,40690,0.35021972770423604,2.69118733488102,21.006203339614125,0.35021972770423604,100
18,411,40789,0.35021972770423604,3.7057079504732275,18.952585475772345,0.35021972770423604,100
18,412,40888,0.35021972770423604,2.4905389791589196,13.416907396643033,0.35021972770423604,100
18,413,40987,0.35021972770423604,3.240634247800847,28.618685675358847,0.35021972770423604,100
18,414,41086,0.35021972770423604,3.2088096370437866,12.520509864291247,0.35021972770423604,100
18,415,41185,0.35021972770423604,3.045735179836845,14.30602182399425,0.35021972770423604,100
18,416,41284,0.35021972770423604,2.773896258949354,22.290132753738067,0.35021972770423604,100
18,417,41383,0.35021972770423604,3.464407515605604,30.968919455951507,0.35021972770423604,100
18,418,41482,0.35021972770423604,3.359606192905214,23.438166417292557,0.35021972770423604,100
18,419,41581,0.35021972770423604,2.7539030418718737,19.908532630039474,0.35021972770423604,100
18,420,41680,0.35021972770423604,2.101954628749233,10.081919565074555,0.35021972770423604,100
18,421,41779,0.35021972770423604,2.8110664946419646,21.66091997460485,0.35021972770423604,100
18,422,41878,0.35021972770423604,2.8883526803029027,17.326637992463716,0.35021972770423604,100
18,423,41977,0.35021972770423604,3.1043813073108986,19.018029610065263,0.35021972770423604,100
18,424,42076,0.35021972770423604,3.7321841942430805,46.65701999982024,0.35021972770423604,100
18,425,42175,0.35021972770423604,3.2045521429844923,18.76113381437206,0.35021972770423604,100
18,426,42274,0.35021972770423604,3.3581011197541204,19.113172015064272,0.35021972770423604,100
18,427,42373,0.35021972770423604,3.4954819208882886,24.439903630131052,0.35021972770423604,100
18,428,42472,0.35021972770423604,2.960814649147055,22.372742095443947,0.35021972770423604,100
18,429,42571,0.35021972770423604,3.0281675187458847,16.825355637896415,0.35021972770423604,100
18,430,42670,0.35021972770423604,3.9678193547623692,20.570012779729527,0.35021972770423604,100
18,431,42769,0.35021972770423604,3.443645777996341,28.403751950913126,0.35021972770423604,100
18,432,42868,0.35021972770423604,3.15852103317646,23.24449248019438,0.35021972770423604,100
18,433,42967,0.35021972770423604,2.880597268086469,21.275661474400305,0.35021972770423604,100
18,434,43066,0.35021972770423604,3.428769867941119,20.359401794964498,0.35021972770423604,100
18,435,43165,0.35021972770423604,2.948806742707265,17.207944946414205,0.35021972770423604,100
18,436,43264,0.35021972770423604,3.9618658139030645,29.022769464743007,0.35021972770423604,100
18,437,43363,0.35021972770423604,2.2517667286870893,19.77532097321824,0.35021972770423604,100
18,438,43462,0.35021972770423604,3.285864865308162,28.104656246416063,0.35021972770423604,100
18,439,43561,0.35021972770423604,2.9802573818928164,20.505743805178735,0.35021972770423604,100
18,440,43660,0.35021972770423604,3.1171509368672825,25.421399799535028,0.35021972770423604,100
18,441,43759,0.35021972770423604,3.5396812528630908,29.32379486269013,0.35021972770423604,100
18,442,43858,0.35021972770423604,3.192473274791044,17.63673709483161,0.35021972770423604,100
18,443,43957,0.35021972770423604,2.8066500432284203,23.434516357304954,0.35021972770423604,100
18,444,44056,0.35021972770423604,3.2385971655439993,23.189462843883526,0.35021972770423604,100
18,445,44155,0.35021972770423604,3.780374532226685,30.334514734899823,0.35021972770423604,100
18,446,44254,0.35021972770423604,3.1838516370027956,26.80102579170555,0.35021972770423604,100
18,447,44353,0.35021972770423604,2.9784748724795738,24.98879773416156,0.35021972770423604,100
18,448,44452,0.35021972770423604,2.8701695689599918,14.588610127566286,0.35021972770423604,100
18,449,44551,0.35021972770423604,3.646587856546737,21.920288761681515,0.35021972770423604,100
18,450,44650,0.35021972770423604,3.956222242641727,37.9018509068735,0.35021972770423604,100
18,451,44749,0.35021972770423604,3.0400093949038824,27.30772563306999,0.35021972770423604,100
18,452,44848,0.35021972770423604,3.295436557992426,28.971554472698582,0.35021972770423604,100
18,453,44947,0.35021972770423604,3.014686907053264,26.596280620350676,0.35021972770423604,100
18,454,45046,0.35021972770423604,3.372676355482867,21.864413626963604,0.35021972770423604,100
18,455,45145,0.35021972770423604,3.100081379774766,20.984421382800672,0.35021972770423604,100
18,456,45244,0.35021972770423604,3.0782692488452765,22.258297648388115,0.35021972770423604,100
18,457,45343,0.35021972770423604,3.685047009306253,21.556286042398682,0.35021972770423604,100
18,458,45442,0.35021972770423604,4.411516883865467,41.14961034244104,0.35021972770423604,100
18,459,45541,0.35021972770423604,3.5271513812617226,37.30935828279603,0.35021972770423604,100
18,460,45640,0.35021972770423604,3.456692294709744,29.483347544668916,0.35021972770423604,100
18,461,45739,0.35021972770423604,3.3657610597659873,24.22478698093972,0.35021972770423604,100
18,462,45838,0.35021972770423604,3.2325648143931947,26.168298001425693,0.35021972770423604,100
18,463,45937,0.35021972770423604,2.890001411919153,22.664430105172745,0.35021972770423604,100
18,464,46036,0.35021972770423604,3.2325763590670245,18.505350995920832,0.35021972770423604,100
18,465,46135,0.35021972770423604,2.3917387503928076,18.24539572562531,0.35021972770423604,100
18,466,46234,0.35021972770423604,3.120362563249503,30.256544105912486,0.35021972770423604,100
18,467,46333,0.35021972770423604,2.7314437679503185,28.298946785340668,0.35021972770423604,100
18,468,46432,0.35021972770423604,2.7668182589493124,24.81933609851831,0.35021972770423604,100
18,469,46531,0.35021972770423604,3.983454563890324,28.12449056995268,0.35021972770423604,100
18,470,46630,0.35021972770423604,2.9896020122314635,21.67032954260361,0.35021972770423604,100
18,471,46729,0.35021972770423604,2.805160090951083,15.66645957825169,0.35021972770423604,100
18,472,46828,0.35021972770423604,3.0011992049498684,19.0837584696475,0.35021972770423604,100
18,473,46927,0.35021972770423604,3.0634008484661295,17.227986546056254,0.35021972770423604,100
18,474,47026,0.35021972770423604,3.163513363891375,21.115546482578168,0.35021972770423604,100
18,475,47125,0.35021972770423604,3.0984428281789387,25.729974049625238,0.35021972770423604,100
18,476,47224,0.35021972770423604,3.4867223483960315,28.652947026763865,0.35021972770423604,100
18,477,47323,0.35021972770423604,3.0334767832572074,20.27145438840918,0.35021972770423604,100
18,478,47422,0.35021972770423604,2.5243324181092515,14.839150532258339,0.35021972770423604,100
18,479,47521,0.35021972770423604,2.8342351237269456,22.795436927244374,0.35021972770423604,100
18,480,47620,0.35021972770423604,3.485124644766001,18.293166644717175,0.35021972770423604,100
18,481,47719,0.35021972770423604,3.3331247277582183,20.33246023809937,0.35021972770423604,100
18,482,47818,0.35021972770423604,3.5910580868764637,18.16959355188787,0.35021972770423604,100
18,483,47917,0.35021972770423604,4.289744591338205,40.18665648642996,0.35021972770423604,100
18,484,48016,0.35021972770423604,3.2727032248490953,19.53233042260498,0.35021972770423604,100
18,485,48115,0.35021972770423604,2.9453004504920637,20.80149672839869,0.35021972770423604,100
18,486,48214,0.35021972770423604,3.4893901799427516,34.458863283401655,0.35021972770423604,100
18,487,48313,0.35021972770423604,3.1243745073608262,19.693886831946187,0.35021972770423604,100
18,488,48412,0.35021972770423604,3.4287489071583845,21.71228216096502,0.35021972770423604,100
18,489,48511,0.35021972770423604,3.0314729922161607,18.968807124215996,0.35021972770423604,100
18,490,48610,0.35021972770423604,3.1355919130614427,19.872806122313673,0.35021972770423604,100
18,491,48709,0.35021972770423604,3.4205041306044794,24.058522466796923,0.35021972770423604,100
18,492,48808,0.35021972770423604,2.3967451335820615,14.245859267829601,0.35021972770423604,100
18,493,48907,0.35021972770423604,3.1200536007009885,31.87973562382543,0.35021972770423604,100
18,494,49006,0.35021972770423604,2.5406520175699807,17.12543964374414,0.35021972770423604,100
18,495,49105,0.35021972770423604,3.694957830543186,29.562554091720905,0.35021972770423604,100
18,496,49204,0.35021972770423604,3.1672655829741814,32.63245559264669,0.35021972770423604,100
18,497,49303,0.35021972770423604,3.59041197156349,24.0547127414064,0.35021972770423604,100
18,498,49402,0.35021972770423604,3.301933152233594,38.59442996879324,0.35021972770423604,100
18,499,49501,0.35021972770423604,2.6914316141226613,34.186137132145305,0.35021972770423604,100
18,500,49600,0.35021972770423604,2.863624732685273,31.98287743893615,0.35021972770423604,100
18,501,49699,0.35021972770423604,2.779862531784479,20.888541760306477,0.35021972770423604,100
18,502,49798,0.35021972770423604,2.7652150241754065,14.472194274211308,0.35021972770423604,100
18,503,49897,0.35021972770423604,3.035602808426371,23.17391682772206,0.35021972770423604,100
18,504,49996,0.35021972770423604,2.588447161507854,19.24139522155715,0.35021972770423604,100
18,505,50000,0.35021972770423604,2.1107799699872603,11.627098037114088,0.35021972770423604,100
19,0,100,124.86267745681913,553.5592357511589,962.2574633462538,124.86267745681913,100
19,1,199,59.50494519473078,275.4239651237378,634.4159785068656,59.50494519473078,100
19,2,298,33.126721019379495,122.980795199342,460.02125580201636,33.126721019379495,100
19,3,397,11.74668076216091,58.21348998279774,176.95935714770604,11.74668076216091,100
19,4,496,5.353980197723696,34.955295066267446,93.59113202718206,5.353980197723696,100
19,5,595,2.8953813098667793,18.4761135948493,55.58069138485809,2.8953813098667793,100
19,6,694,2.4100868992185647,10.18211392801292,46.58737823673808,2.4100868992185647,100
19,7,793,1.8755367084861903,7.140873183436779,25.720571791646197,1.8755367084861903,100
19,8,892,1.2847168326966556,5.864576324437939,55.815662453592786,1.2847168326966556,100
19,9,991,0.6146854959543726,4.595065625972083,23.339190467715913,0.6146854959543726,100
19,10,1090,0.6146854959543726,3.6875979342007144,19.311052987936787,0.6146854959543726,100
19,11,1189,0.6146854959543726,3.661365236671038,22.09042493342389,0.6146854959543726,100
19,12,1288,0.5310838487849339,4.375349517545561,28.618436531176265,0.5310838487849339,100
19,13,1387,0.5238871148005998,3.2433645237799986,10.908375269577888,0.5238871148005998,100
19,14,1486,0.49593785988537675,3.530106281101973,25.867188163870917,0.49593785988537675,100
19,15,1585,0.49593785988537675,3.362170283399016,21.15113584942426,0.49593785988537675,100
19,16,1684,0.49593785988537675,4.273549419874213,26.72640455765293,0.49593785988537675,100
19,17,1783,0.49593785988537675,3.105204682644336,30.882552982521428,0.49593785988537675,100
19,18,1882,0.49593785988537675,3.5054778239051827,21.213700111597724,0.49593785988537675,100
19,19,1981,0.49593785988537675,2.5101723601063295,20.59050624197622,0.49593785988537675,100
19,20,2080,0.49593785988537675,2.695306610881104,24.874619475396287,0.49593785988537675,100
19,21,2179,0.49593785988537675,3.347937057021387,19.304954749488466,0.49593785988537675,100
19,22,2278,0.49593785988537675,2.8483848743629196,19.367590786557088,0.49593785988537675,100
19,23,2377,0.49593785988537675,3.5130510401139277,16.700830073715665,0.49593785988537675,100
19,24,2476,0.49593785988537675,3.600709434849024,25.841520582584568,0.49593785988537675,100
19,25,2575,0.49593785988537675,2.438376540539776,10.983024210038892,0.49593785988537675,100
19,26,2674,0.49593785988537675,3.005674432585417,22.620422859573903,0.49593785988537675,100
19,27,2773,0.44361156179269207,2.906599441095504,25.721802746804777,0.44361156179269207,100
19,28,2872,0.44361156179269207,2.9148265541612046,18.9028264391657,0.44361156179269207,100
19,29,2971,0.44361156179269207,3.4571567267539747,32.33525710782973,0.44361156179269207,100
19,30,3070,0.44361156179269207,3.3127253803773673,25.839209222416606,0.44361156179269207,100
19,31,3169,0.44361156179269207,3.197383520296766,26.740687572250625,0.44361156179269207,100
19,32,3268,0.44361156179269207,3.26852867160251,23.977365760855385,0.44361156179269207,100
19,33,3367,0.44361156179269207,3.0364056522647234,24.35006675368747,0.44361156179269207,100
19,34,3466,0.44361156179269207,2.8637080885004154,16.90174855758261,0.44361156179269207,100
19,35,3565,0.44361156179269207,3.4144704485457775,34.73978024407758,0.44361156179269207,100
19,36,3664,0.44361156179269207,2.7607126173278242,16.640267140397743,0.44361156179269207,100
19,37,3763,0.44361156179269207,3.434907575137266,26.85151327598979,0.44361156179269207,100
19,38,3862,0.44361156179269207,3.2354854137085063,28.535696914104793,0.44361156179269207,100
19,39,3961,0.44361156179269207,3.4123323962592127,22.51885517463563,0.44361156179269207,100
19,40,4060,0.40317535319682163,3.7726480353829404,22.433219666286814,0.40317535319682163,100
19,41,4159,0.40317535319682163,2.631080365390961,17.236272911451344,0.40317535319682163,100
19,42,4258,0.40317535319682163,3.009451677920993,15.47045645789388,0.40317535319682163,100
19,43,4357,0.40317535319682163,3.170309711507141,34.241933455629,0.40317535319682163,100
19,44,4456,0.40317535319682163,3.1573384498964243,32.43459665197557,0.40317535319682163,100
19,45,4555,0.40317535319682163,3.5356132110649066,17.881584815750866,0.40317535319682163,100
19,46,4654,0.40317535319682163,2.9338919548368896,13.887054452686723,0.40317535319682163,100
19,47,4753,0.40317535319682163,2.6961503577929617,18.21289805907213,0.40317535319682163,100
19,48,4852,0.40317535319682163,3.393263704021444,19.02484655809744,0.40317535319682163,100
19,49,4951,0.40317535319682163,3.9398148393615524,25.034128391507803,0.40317535319682163,100
19,50,5050,0.40317535319682163,3.1660937113267322,27.463237627451786,0.40317535319682163,100
19,51,5149,0.40317535319682163,3.155530443104468,19.826528573503026,0.40317535319682163,100
19,52,5248,0.40317535319682163,3.5317002986513564,37.43971121672967,0.40317535319682163,100
19,53,5347,0.40317535319682163,2.631044876301287,26.334674405140092,0.40317535319682163,100
19,54,5446,0.40317535319682163,2.965342756722318,18.91768162489937,0.40317535319682163,100
19,55,5545,0.40317535319682163,3.008287261323779,17.808045250349213,0.40317535319682163,100
19,56,5644,0.40317535319682163,2.815173109694249,26.766551842164457,0.40317535319682163,100
19,57,5743,0.40317535319682163,3.2251342020938387,20.028522427554066,0.40317535319682163,100
19,58,5842,0.40317535319682163,3.2509729831031104,19.87704422437003,0.40317535319682163,100
19,59,5941,0.40317535319682163,2.7994806569847253,15.029616253477593,0.40317535319682163,100
19,60,6040,0.40317535319682163,3.1904932918979356,24.69105914137418,0.40317535319682163,100
19,61,6139,0.40317535319682163,3.540715606413969,19.237227723944805,0.40317535319682163,100
19,62,6238,0.40317535319682163,3.1359577848913656,23.649672837801326,0.40317535319682163,100
19,63,6337,0.40317535319682163,3.2280714519582068,27.18522914264254,0.40317535319682163,100
19,64,6436,0.40317535319682163,3.6549940041426305,34.589987211169365,0.40317535319682163,100
19,65,6535,0.40317535319682163,3.3862573267025873,23.858052050069034,0.40317535319682163,100
19,66,6634,0.40317535319682163,3.6372544019194857,24.092655565827744,0.40317535319682163,100
19,67,6733,0.40317535319682163,2.8972843928774448,14.386624103385413,0.40317535319682163,100
19,68,6832,0.40317535319682163,3.099399310709254,23.298701709143888,0.40317535319682163,100
19,69,6931,0.40317535319682163,3.890734946915339,24.101513338277364,0.40317535319682163,100
19,70,7030,0.40317535319682163,2.875132216739172,23.31017296823003,0.40317535319682163,100
19,71,7129,0.40317535319682163,3.2803367981607168,19.842850826177568,0.40317535319682163,100
19,72,7228,0.40317535319682163,2.862924460166789,27.54762188591162,0.40317535319682163,100
19,73,7327,0.40317535319682163,3.7508000773404166,28.151462063628742,0.40317535319682163,100
19,74,7426,0.40317535319682163,3.8933063915595505,34.449209394085614,0.40317535319682163,100
19,75,7525,0.40317535319682163,3.686781027375497,19.27715648107587,0.40317535319682163,100
19,76,7624,0.40317535319682163,2.476267667071679,12.854664624542218,0.40317535319682163,100
19,77,7723,0.40317535319682163,2.848923385197322,21.698446671836752,0.40317535319682163,100
19,78,7822,0.40317535319682163,3.3982611931049695,29.397690609889764,0.40317535319682163,100
19,79,7921,0.40317535319682163,3.2642020138442986,21.360654814720203,0.40317535319682163,100
19,80,8020,0.40317535319682163,3.09054739160756,17.23472881882374,0.40317535319682163,100
19,81,8119,0.40317535319682163,3.66146430421849,33.077580197900204,0.40317535319682163,100
19,82,8218,0.40317535319682163,3.216126905862044,21.376278108291096,0.40317535319682163,100
19,83,8317,0.40317535319682163,2.655022952833393,16.123256835535173,0.40317535319682163,100
19,84,8416,0.40317535319682163,2.6453763776774206,16.36803971927158,0.40317535319682163,100
19,85,8515,0.40317535319682163,2.758644998663903,16.56098013686098,0.40317535319682163,100
19,86,8614,0.40317535319682163,3.480646775758045,26.938175234777063,0.40317535319682163,100
19,87,8713,0.40317535319682163,3.0079325932771996,18.948556610209664,0.40317535319682163,100
19,88,8812,0.40317535319682163,2.5721210486621997,13.076826244804275,0.40317535319682163,100
19,89,8911,0.40317535319682163,3.2792967935283706,20.419790080404198,0.40317535319682163,100
19,90,9010,0.40317535319682163,2.9412780862747043,29.079096182812417,0.40317535319682163,100
19,91,9109,0.40317535319682163,2.768814334099885,15.301102996782454,0.40317535319682163,100
19,92,9208,0.40317535319682163,3.3351476602616557,21.24150728518478,0.40317535319682163,100
19,93,9307,0.40317535319682163,3.2338675485280635,25.444844068950392,0.40317535319682163,100
19,94,9406,0.40317535319682163,3.2101963143315833,18.996743039001323,0.40317535319682163,100
19,95,9505,0.40317535319682163,3.6796405256172604,30.98902705656397,0.40317535319682163,100
19,96,9604,0.40317535319682163,3.836204334823382,36.53518129166215,0.40317535319682163,100
19,97,9703,0.40317535319682163,3.5151180589241373,28.654930605410993,0.40317535319682163,100
19,98,9802,0.40317535319682163,2.8897521503579453,23.819436546569097,0.40317535319682163,100
19,99,9901,0.40317535319682163,2.8738744649061827,19.501207122399926,0.40317535319682163,100
19,100,10000,0.40317535319682163,3.2445431126393087,19.116005788197725,0.40317535319682163,100
19,101,10099,0.40317535319682163,3.1481494604726006,23.57185886599752,0.40317535319682163,100
19,102,10198,0.40317535319682163,3.243134610690426,25.225771168292365,0.40317535319682163,100
19,103,10297,0.40317535319682163,3.4923499473150867,39.86175814015513,0.40317535319682163,100
19,104,10396,0.40317535319682163,2.715929470538553,21.533457502407153,0.40317535319682163,100
19,105,10495,0.40317535319682163,2.5730982513049008,23.45298413630051,0.40317535319682163,100
19,106,10594,0.40317535319682163,3.5257507328688575,26.722342530965324,0.40317535319682163,100
19,107,10693,0.40317535319682163,2.9548242794301576,30.725907294859045,0.40317535319682163,100
19,108,10792,0.40317535319682163,3.61157189294553,28.759538158128265,0.40317535319682163,100
19,109,10891,0.40317535319682163,3.114320256410187,21.849026062886352,0.40317535319682163,100
19,110,10990,0.40317535319682163,3.386478725889091,34.66654957909702,0.40317535319682163,100
19,111,11089,0.40317535319682163,3.0438677683919275,16.080580919486373,0.40317535319682163,100
19,112,11188,0.40317535319682163,3.0896903055971365,22.32948435191598,0.40317535319682163,100
19,113,11287,0.40317535319682163,3.4941079012575296,37.66337837603653,0.40317535319682163,100
19,114,11386,0.40317535319682163,3.183111119805078,18.701993758464493,0.40317535319682163,100
19,115,11485,0.40317535319682163,3.674852182019031,26.238581990449426,0.40317535319682163,100
19,116,11584,0.40317535319682163,2.6587728065289387,15.072887288228797,0.40317535319682163,100
19,117,11683,0.40317535319682163,2.803209527307735,16.420649114640042,0.40317535319682163,100
19,118,11782,0.40317535319682163,3.107529181608551,34.11583814542419,0.40317535319682163,100
19,119,11881,0.3762630159871577,3.4342293876597245,23.746820941389988,0.3762630159871577,100
19,120,11980,0.3762630159871577,3.328514003736042,50.029604201975914,0.3762630159871577,100
19,121,12079,0.3762630159871577,2.532076697630694,26.40569632313512,0.3762630159871577,100
19,122,12178,0.3762630159871577,3.16735471329202,15.491969529025395,0.3762630159871577,100
19,123,12277,0.3762630159871577,2.982056647603309,23.00060571658922,0.3762630159871577,100
19,124,12376,0.3762630159871577,2.958756623862458,15.811675595484097,0.3762630159871577,100
19,125,12475,0.3762630159871577,3.1422485011156716,25.74959531860505,0.3762630159871577,100
19,126,12574,0.3762630159871577,2.436867477973226,18.132846912436566,0.3762630159871577,100
19,127,12673,0.3762630159871577,2.719801467785627,16.466050627296994,0.3762630159871577,100
19,128,12772,0.3762630159871577,2.598476266126013,16.598410016345326,0.3762630159871577,100
19,129,12871,0.3762630159871577,2.824373782537758,14.924003786581485,0.3762630159871577,100
19,130,12970,0.3762630159871577,3.482134891330669,18.388678598378316,0.3762630159871577,100
19,131,13069,0.3762630159871577,3.0898504782610146,20.587545175899532,0.3762630159871577,100
19,132,13168,0.3762630159871577,2.7985081772661955,17.01692054416034,0.3762630159871577,100
19,133,13267,0.3762630159871577,2.845664764035447,16.689787806265972,0.3762630159871577,100
19,134,13366,0.3762630159871577,2.854863605168153,18.489822746235895,0.3762630159871577,100
19,135,13465,0.3762630159871577,2.921105660094773,23.296649319840558,0.3762630159871577,100
19,136,13564,0.3762630159871577,2.4064456524945697,36.298880566893516,0.3762630159871577,100
19,137,13663,0.3762630159871577,3.4706785278774195,26.376337911967305,0.3762630159871577,100
19,138,13762,0.3762630159871577,2.824202878393806,19.489085473381316,0.3762630159871577,100
19,139,13861,0.3762630159871577,2.775203732172996,24.20493270866881,0.3762630159871577,100
19,140,13960,0.3762630159871577,3.012634394009836,23.961814189532262,0.3762630159871577,100
19,141,14059,0.3419635145851132,3.0913925630094377,20.244629574652155,0.3419635145851132,100
19,142,14158,0.3419635145851132,3.2425484414142187,21.53701961243825,0.3419635145851132,100
19,143,14257,0.3419635145851132,3.5711439541069443,21.173412009368214,0.3419635145851132,100
19,144,14356,0.306241446039593,3.2215420880863848,23.549126001487362,0.306241446039593,100
19,145,14455,0.306241446039593,3.2737616311074116,21.710489648241488,0.306241446039593,100
19,146,14554,0.306241446039593,3.381212736427047,23.849875827765725,0.306241446039593,100
19,147,14653,0.306241446039593,3.147719321176687,21.391427337569834,0.306241446039593,100
19,148,14752,0.306241446039593,3.4394834529791387,22.354362936517965,0.306241446039593,100
19,149,14851,0.306241446039593,3.469972746966326,35.86057229363249,0.306241446039593,100
19,150,14950,0.306241446039593,3.4913434466357107,18.286989129636257,0.306241446039593,100
19,151,15049,0.306241446039593,4.221625686890569,30.490479493383855,0.306241446039593,100
19,152,15148,0.306241446039593,3.38894343503254,15.870084709274238,0.306241446039593,100
19,153,15247,0.306241446039593,2.9925207425375557,25.5742964718826,0.306241446039593,100
19,154,15346,0.306241446039593,3.3368331455380327,28.010933720574766,0.306241446039593,100
19,155,15445,0.306241446039593,3.113737623932681,21.00830273501345,0.306241446039593,100
19,156,15544,0.306241446039593,3.533311437309334,18.384427650472507,0.306241446039593,100
19,157,15643,0.306241446039593,3.351971955821402,25.185829705016562,0.306241446039593,100
19,158,15742,0.306241446039593,2.8061073632944895,22.266584985302224,0.306241446039593,100
19,159,15841,0.306241446039593,3.157585675241877,22.289277658301035,0.306241446039593,100
19,160,15940,0.306241446039593,3.2449736346351727,21.02960433832512,0.306241446039593,100
19,161,16039,0.306241446039593,2.4318308156293353,24.13703067126591,0.306241446039593,100
19,162,16138,0.306241446039593,2.40395583626031,14.47955716696414,0.306241446039593,100
19,163,16237,0.306241446039593,2.9657326960711963,20.218712701973324,0.306241446039593,100
19,164,16336,0.306241446039593,3.214475758110333,19.776990969739217,0.306241446039593,100
19,165,16435,0.306241446039593,3.414162696272443,37.3121108185571,0.306241446039593,100
19,166,16534,0.306241446039593,2.499862356514661,21.531118283659417,0.306241446039593,100
19,167,16633,0.306241446039593,2.820855364403622,28.05947230515092,0.306241446039593,100
19,168,16732,0.306241446039593,2.748909387632371,15.460645474103421,0.306241446039593,100
19,169,16831,0.306241446039593,2.700602646471557,34.51088062731344,0.306241446039593,100
19,170,16930,0.306241446039593,2.872942798834364,18.698134369239582,0.306241446039593,100
19,171,17029,0.306241446039593,2.907565524648602,23.138346626887852,0.306241446039593,100
19,172,17128,0.306241446039593,2.865301970608917,17.948293600510407,0.306241446039593,100
19,173,17227,0.306241446039593,2.7468588029429126,35.901777994298826,0.306241446039593,100
19,174,17326,0.306241446039593,2.496379240962507,23.544376646943554,0.306241446039593,100
19,175,17425,0.306241446039593,2.511543931013068,12.290810162552804,0.306241446039593,100
19,176,17524,0.306241446039593,2.9349535974382364,16.763623375392687,0.306241446039593,100
19,177,17623,0.306241446039593,2.5683987167324203,15.762863535345323,0.306241446039593,100
19,178,17722,0.306241446039593,4.056147038079864,31.907527321208537,0.306241446039593,100
19,179,17821,0.306241446039593,3.5754832889171815,30.68387355508814,0.306241446039593,100
19,180,17920,0.306241446039593,3.7102056442229627,31.93595878915975,0.306241446039593,100
19,181,18019,0.306241446039593,3.474642155771553,28.75573298259727,0.306241446039593,100
19,182,18118,0.306241446039593,2.7877057797013807,16.494047210143783,0.306241446039593,100
19,183,18217,0.306241446039593,3.3330939521483436,30.016892579856815,0.306241446039593,100
19,184,18316,0.306241446039593,2.7969354741177552,21.052663988869092,0.306241446039593,100
19,185,18415,0.306241446039593,3.212904584945061,18.43232591896322,0.306241446039593,100
19,186,18514,0.306241446039593,2.5493175128625856,18.211244347370016,0.306241446039593,100
19,187,18613,0.306241446039593,3.3173264578635298,19.199081556662268,0.306241446039593,100
19,188,18712,0.306241446039593,2.748183406530182,20.232985607456904,0.306241446039593,100
19,189,18811,0.306241446039593,3.5973997004059335,21.582005085847303,0.306241446039593,100
19,190,18910,0.306241446039593,3.214732838925616,21.44918391096893,0.306241446039593,100
19,191,19009,0.306241446039593,2.8591624828444453,17.94023331909608,0.306241446039593,100
19,192,19108,0.306241446039593,3.897427454381693,33.26138842740898,0.306241446039593,100
19,193,19207,0.306241446039593,3.340722590517509,32.06563178631423,0.306241446039593,100
19,194,19306,0.306241446039593,3.702626819680458,16.950093894807406,0.306241446039593,100
19,195,19405,0.306241446039593,3.1032552904796713,22.099850628205427,0.306241446039593,100
19,196,19504,0.306241446039593,2.697548792303475,25.275770234682096,0.306241446039593,100
19,197,19603,0.306241446039593,2.5598983250107636,17.453311969532702,0.306241446039593,100
19,198,19702,0.306241446039593,3.674764472623701,41.481013633669406,0.306241446039593,100
19,199,19801,0.306241446039593,3.1383732030949982,24.175751952777887,0.306241446039593,100
19,200,19900,0.306241446039593,3.1438322702558246,21.313450426284028,0.306241446039593,100
19,201,19999,0.306241446039593,2.592518029503381,12.715196500388405,0.306241446039593,100
19,202,20098,0.306241446039593,3.212602570745636,28.102840039372197,0.306241446039593,100
19,203,20197,0.306241446039593,3.233164216207153,29.565032932995223,0.306241446039593,100
19,204,20296,0.306241446039593,3.1375066850495936,22.297365814890476,0.306241446039593,100
19,205,20395,0.306241446039593,2.5050451250760797,15.770396267510613,0.306241446039593,100
19,206,20494,0.306241446039593,2.8257753668298644,19.89930682924988,0.306241446039593,100
19,207,20593,0.306241446039593,3.384199613432518,17.716682637987734,0.306241446039593,100
19,208,20692,0.306241446039593,3.1975445220256415,25.110481096780266,0.306241446039593,100
19,209,20791,0.306241446039593,2.515363088243507,20.739912137093874,0.306241446039593,100
19,210,20890,0.306241446039593,2.791915177452868,15.683373442879963,0.306241446039593,100
19,211,20989,0.306241446039593,2.9665951123399923,32.43049324317044,0.306241446039593,100
19,212,21088,0.306241446039593,3.1459609679736587,24.178481280711797,0.306241446039593,100
19,213,21187,0.306241446039593,2.968344124108752,26.17981526261348,0.306241446039593,100
19,214,21286,0.306241446039593,2.617980991153167,17.003335843661358,0.306241446039593,100
19,215,21385,0.306241446039593,3.079064312202238,19.592699528912515,0.306241446039593,100
19,216,21484,0.306241446039593,2.8658753732008337,13.281093734750183,0.306241446039593,100
19,217,21583,0.306241446039593,2.802562437796053,15.9155171727648,0.306241446039593,100
19,218,21682,0.306241446039593,3.1886451196303955,31.28094647870981,0.306241446039593,100
19,219,21781,0.306241446039593,3.4135451126002248,26.985893557534936,0.306241446039593,100
19,220,21880,0.306241446039593,3.7396045562730773,30.89213066799452,0.306241446039593,100
19,221,21979,0.306241446039593,3.4118685374080213,19.456972617184984,0.306241446039593,100
19,222,22078,0.306241446039593,2.906237100344023,16.325185942878562,0.306241446039593,100
19,223,22177,0.306241446039593,2.614694096589172,17.456438921848633,0.306241446039593,100
19,224,22276,0.306241446039593,3.397815175877201,26.603045918602486,0.306241446039593,100
19,225,22375,0.306241446039593,3.236286154582666,26.45797035207159,0.306241446039593,100
19,226,22474,0.306241446039593,3.2576702180391717,21.287152530801983,0.306241446039593,100
19,227,22573,0.306241446039593,3.594249152704216,23.406652637101367,0.306241446039593,100
19,228,22672,0.306241446039593,3.3071831460756944,22.920399592823145,0.306241446039593,100
19,229,22771,0.306241446039593,3.460698795684564,21.33806092603738,0.306241446039593,100
19,230,22870,0.306241446039593,3.367993703089017,25.381246134264433,0.306241446039593,100
19,231,22969,0.306241446039593,3.4264436332395616,42.68533229008857,0.306241446039593,100
19,232,23068,0.306241446039593,3.6796070757549986,29.97029082589874,0.306241446039593,100
19,233,23167,0.306241446039593,3.1886396851981416,33.17948481727805,0.306241446039593,100
19,234,23266,0.306241446039593,2.9624806784674815,16.814204653145275,0.306241446039593,100
19,235,23365,0.306241446039593,3.764812865868476,19.730151203792893,0.306241446039593,100
19,236,23464,0.306241446039593,2.166861484580278,14.560384662934892,0.306241446039593,100
19,237,23563,0.306241446039593,3.1726204428263536,27.79406423779589,0.306241446039593,100
19,238,23662,0.306241446039593,2.7295088579498827,25.4311708130884,0.306241446039593,100
19,239,23761,0.306241446039593,3.951369457571074,31.0459318535439,0.306241446039593,100
19,240,23860,0.306241446039593,3.80017035623696,21.461560995632134,0.306241446039593,100
19,241,23959,0.306241446039593,3.1333496515749077,16.86369244341503,0.306241446039593,100
19,242,24058,0.306241446039593,2.5097428411496097,18.212615669120446,0.306241446039593,100
19,243,24157,0.306241446039593,2.815518202801075,17.895438779271405,0.306241446039593,100
19,244,24256,0.306241446039593,2.98042939195664,21.36788416444667,0.306241446039593,100
19,245,24355,0.306241446039593,2.4456273449885355,18.07243499211688,0.306241446039593,100
19,246,24454,0.306241446039593,3.0494319854991585,15.92499403920796,0.306241446039593,100
19,247,24553,0.306241446039593,3.507648340307509,21.33971473933847,0.306241446039593,100
19,248,24652,0.306241446039593,3.2376173284196086,21.97356707261596,0.306241446039593,100
19,249,24751,0.306241446039593,3.086557625007073,32.555794739876646,0.306241446039593,100
19,250,24850,0.306241446039593,3.8830709931810445,41.93797988532024,0.306241446039593,100
19,251,24949,0.306241446039593,3.9183048463011443,36.51703353816402,0.306241446039593,100
19,252,25048,0.306241446039593,3.7377137855486193,36.58163887407901,0.306241446039593,100
19,253,25147,0.306241446039593,2.988789433008942,19.966060157216873,0.306241446039593,100
19,254,25246,0.306241446039593,3.4469204184170037,23.345843537882573,0.306241446039593,100
19,255,25345,0.306241446039593,3.8305589950021135,19.109563566193483,0.306241446039593,100
19,256,25444,0.306241446039593,3.0782554163349904,21.214847832157552,0.306241446039593,100
19,257,25543,0.306241446039593,3.6726081047489236,30.476711889329167,0.306241446039593,100
19,258,25642,0.306241446039593,3.139816150296265,20.00938031474183,0.306241446039593,100
19,259,25741,0.306241446039593,3.171484115392754,25.02950004637121,0.306241446039593,100
19,260,25840,0.306241446039593,3.140890864041406,23.189804098894243,0.306241446039593,100
19,261,25939,0.306241446039593,3.0423005017508467,23.43886283485166,0.306241446039593,100
19,262,26038,0.306241446039593,3.390120851356915,22.84085938252476,0.306241446039593,100
19,263,26137,0.306241446039593,2.8519741075482608,15.892759634452254,0.306241446039593,100
19,264,26236,0.306241446039593,3.2305628192632923,21.56411733751119,0.306241446039593,100
19,265,26335,0.306241446039593,4.333885074579408,38.781803883750655,0.306241446039593,100
19,266,26434,0.306241446039593,4.0322206213747345,24.48262727443301,0.306241446039593,100
19,267,26533,0.306241446039593,3.5063961099262553,25.548148471600104,0.306241446039593,100
19,268,26632,0.306241446039593,3.390869994153267,18.144574923932748,0.306241446039593,100
19,269,26731,0.306241446039593,3.5389285275296727,25.26958880504519,0.306241446039593,100
19,270,26830,0.306241446039593,3.262313036606894,17.071466965632546,0.306241446039593,100
19,271,26929,0.306241446039593,3.425516633100473,21.959954461050057,0.306241446039593,100
19,272,27028,0.306241446039593,3.9789395909306773,23.150389530111305,0.306241446039593,100
19,273,27127,0.306241446039593,4.050460321119109,34.825144446196376,0.306241446039593,100
19,274,27226,0.306241446039593,3.513467527821794,24.463899975278537,0.306241446039593,100
19,275,27325,0.306241446039593,3.6256867865509053,28.94803524061346,0.306241446039593,100
19,276,27424,0.306241446039593,3.2622807228003836,21.460148451291083,0.306241446039593,100
19,277,27523,0.306241446039593,2.861059365339213,17.30703463228297,0.306241446039593,100
19,278,27622,0.306241446039593,3.426751883352071,32.39475268114837,0.306241446039593,100
19,279,27721,0.306241446039593,2.7242211752639167,23.12297017291438,0.306241446039593,100
19,280,27820,0.306241446039593,2.997475114383267,16.93919661744956,0.306241446039593,100
19,281,27919,0.306241446039593,2.965094125259851,19.083971080933104,0.306241446039593,100
19,282,28018,0.306241446039593,2.8885754387060554,16.939665660148663,0.306241446039593,100
19,283,28117,0.306241446039593,2.8294828737833013,20.680816161669636,0.306241446039593,100
19,284,28216,0.306241446039593,3.4025654857924725,35.34200400939153,0.306241446039593,100
19,285,28315,0.306241446039593,3.566046201745936,30.162900675167617,0.306241446039593,100
19,286,28414,0.306241446039593,2.830902175734077,18.08016996142629,0.306241446039593,100
19,287,28513,0.306241446039593,3.017303361491625,21.890022630339097,0.306241446039593,100
19,288,28612,0.306241446039593,3.173509746560569,19.8138036402302,0.306241446039593,100
19,289,28711,0.306241446039593,3.3748149976337163,23.447802196975804,0.306241446039593,100
19,290,28810,0.306241446039593,2.601649537818549,16.344130663405906,0.306241446039593,100
19,291,28909,0.306241446039593,3.5430688524891774,22.577245485581653,0.306241446039593,100
19,292,29008,0.306241446039593,2.8952764474471477,18.3800548807907,0.306241446039593,100
19,293,29107,0.306241446039593,3.605491802250338,49.93254222162095,0.306241446039593,100
19,294,29206,0.306241446039593,3.3121263821875275,19.328296090507244,0.306241446039593,100
19,295,29305,0.306241446039593,3.65921735549308,38.049842208439856,0.306241446039593,100
19,296,29404,0.306241446039593,2.9314719732027754,16.5460446163981,0.306241446039593,100
19,297,29503,0.306241446039593,3.8571400991927245,23.22312411932234,0.306241446039593,100
19,298,29602,0.306241446039593,3.078131802821098,22.694032141555642,0.306241446039593,100
19,299,29701,0.306241446039593,2.7481921080067884,12.042169109805286,0.306241446039593,100
19,300,29800,0.306241446039593,3.0272811766819374,25.22000728954728,0.306241446039593,100
19,301,29899,0.306241446039593,2.9934169521246394,18.513307457152564,0.306241446039593,100
19,302,29998,0.306241446039593,2.8462929691391214,18.604031415264775,0.306241446039593,100
19,303,30097,0.306241446039593,3.091843233920585,18.713009182234217,0.306241446039593,100
19,304,30196,0.306241446039593,2.918052143738954,20.343015161060922,0.306241446039593,100
19,305,30295,0.306241446039593,2.9738189359156983,19.499012936556078,0.306241446039593,100
19,306,30394,0.306241446039593,3.47694566029203,21.116147489489613,0.306241446039593,100
19,307,30493,0.306241446039593,2.92574009620314,27.034977937271684,0.306241446039593,100
19,308,30592,0.306241446039593,3.0927088925642403,18.17455691514466,0.306241446039593,100
19,309,30691,0.306241446039593,3.1190878662291506,25.15958758660947,0.306241446039593,100
19,310,30790,0.306241446039593,3.1112730979478416,26.747873357290928,0.306241446039593,100
19,311,30889,0.306241446039593,3.143890557544866,27.799139140130638,0.306241446039593,100
19,312,30988,0.306241446039593,3.0416884617522313,15.022224178826368,0.306241446039593,100
19,313,31087,0.306241446039593,2.4453172800028566,12.208971396624946,0.306241446039593,100
19,314,31186,0.306241446039593,2.6749147367878856,24.638617721484074,0.306241446039593,100
19,315,31285,0.306241446039593,4.263777153770299,39.13788053366124,0.306241446039593,100
19,316,31384,0.306241446039593,3.5236005361339022,35.86755565446629,0.306241446039593,100
19,317,31483,0.306241446039593,3.2590542487554917,21.615593843359832,0.306241446039593,100
19,318,31582,0.306241446039593,3.2488782211882437,19.053695654034662,0.306241446039593,100
19,319,31681,0.306241446039593,2.7355210077721104,14.003859750488004,0.306241446039593,100
19,320,31780,0.306241446039593,3.3173663435206113,19.819341969814154,0.306241446039593,100
19,321,31879,0.306241446039593,3.7497101416010605,30.277996268707142,0.306241446039593,100
19,322,31978,0.306241446039593,2.4562405512748544,15.97739397569525,0.306241446039593,100
19,323,32077,0.306241446039593,2.717195861553864,17.339348210170623,0.306241446039593,100
19,324,32176,0.306241446039593,3.9435132597069544,25.624912230161133,0.306241446039593,100
19,325,32275,0.306241446039593,3.1489086943142635,21.1829109565349,0.306241446039593,100
19,326,32374,0.306241446039593,3.2410518717235073,24.51802347211637,0.306241446039593,100
19,327,32473,0.306241446039593,3.4958057605908364,21.99640684987063,0.306241446039593,100
19,328,32572,0.306241446039593,3.082291388667305,15.321984453685733,0.306241446039593,100
19,329,32671,0.306241446039593,2.577733760196158,14.363309977590927,0.306241446039593,100
19,330,32770,0.306241446039593,3.052197168747837,22.176197090910296,0.306241446039593,100
19,331,32869,0.306241446039593,3.0619845699243964,23.334821171602655,0.306241446039593,100
19,332,32968,0.306241446039593,3.6661509087724267,19.94114933517366,0.306241446039593,100
19,333,33067,0.306241446039593,2.7591018122956377,29.7377786340922,0.306241446039593,100
19,334,33166,0.306241446039593,3.306164451507629,26.713752180021515,0.306241446039593,100
19,335,33265,0.306241446039593,2.0963754659179674,9.953314486761517,0.306241446039593,100
19,336,33364,0.306241446039593,3.107447657182372,14.359202700527876,0.306241446039593,100
19,337,33463,0.306241446039593,3.1568395719961786,20.62147965099333,0.306241446039593,100
19,338,33562,0.306241446039593,2.5779433269183443,16.65018229765844,0.306241446039593,100
19,339,33661,0.306241446039593,2.604570299557302,12.22667254542733,0.306241446039593,100
19,340,33760,0.306241446039593,2.7459964834104382,26.111870380549384,0.306241446039593,100
19,341,33859,0.306241446039593,3.2712566258663145,16.14147189194331,0.306241446039593,100
19,342,33958,0.306241446039593,2.5970999835436936,20.037218786182812,0.306241446039593,100
19,343,34057,0.306241446039593,2.9869535835899326,27.99450691614415,0.306241446039593,100
19,344,34156,0.306241446039593,3.0829175871889465,30.88100537379842,0.306241446039593,100
19,345,34255,0.306241446039593,2.609786286535546,22.373120543156237,0.306241446039593,100
19,346,34354,0.306241446039593,2.7493127421039194,20.074779765538654,0.306241446039593,100
19,347,34453,0.306241446039593,2.9990450994215383,16.34485790152676,0.306241446039593,100
19,348,34552,0.306241446039593,3.5241768437030885,25.647303898494666,0.306241446039593,100
19,349,34651,0.306241446039593,3.6686316598001185,21.183136655503912,0.306241446039593,100
19,350,34750,0.306241446039593,2.7505747486365255,14.742915127535902,0.306241446039593,100
19,351,34849,0.306241446039593,3.334343606220194,37.248843160603336,0.306241446039593,100
19,352,34948,0.306241446039593,3.0299067553998382,19.953420477054998,0.306241446039593,100
19,353,35047,0.306241446039593,3.671490393572266,20.383234933477226,0.306241446039593,100
19,354,35146,0.306241446039593,3.3542876966338366,22.654499506943026,0.306241446039593,100
19,355,35245,0.306241446039593,3.449501132449609,37.79487387179876,0.306241446039593,100
19,356,35344,0.306241446039593,3.882047234371588,33.13913321597066,0.306241446039593,100
19,357,35443,0.306241446039593,2.9236387750464825,20.626915934990695,0.306241446039593,100
19,358,35542,0.306241446039593,3.2775907171076972,26.432555644211014,0.306241446039593,100
19,359,35641,0.306241446039593,3.0688142180097246,27.717895868326792,0.306241446039593,100
19,360,35740,0.306241446039593,2.1162351106078656,15.861375148175505,0.306241446039593,100
19,361,35839,0.306241446039593,2.570663083588542,23.352664626005218,0.306241446039593,100
19,362,35938,0.306241446039593,3.719635379264163,20.909195843119832,0.306241446039593,100
19,363,36037,0.306241446039593,3.0596833103457173,22.156673886870806,0.306241446039593,100
19,364,36136,0.306241446039593,2.709147156120106,32.037999623534546,0.306241446039593,100
19,365,36235,0.306241446039593,2.7897713121987193,16.866380671371555,0.306241446039593,100
19,366,36334,0.306241446039593,3.36194425154716,22.06853001068802,0.306241446039593,100
19,367,36433,0.306241446039593,3.5429804685906294,44.19847958463104,0.306241446039593,100
19,368,36532,0.306241446039593,3.1150958509294786,17.654275496660897,0.306241446039593,100
19,369,36631,0.306241446039593,3.3047981491410408,23.466780544509874,0.306241446039593,100
19,370,36730,0.306241446039593,3.3525724060796183,27.58774394436057,0.306241446039593,100
19,371,36829,0.306241446039593,2.427880866018328,24.102932529219267,0.306241446039593,100
19,372,36928,0.306241446039593,2.684970177577024,22.060282518949325,0.306241446039593,100
19,373,37027,0.306241446039593,2.5048288822685496,14.072765471917023,0.306241446039593,100
19,374,37126,0.306241446039593,3.1688584165051394,19.92209754639957,0.306241446039593,100
19,375,37225,0.306241446039593,2.6937753962939746,16.58936083583682,0.306241446039593,100
19,376,37324,0.306241446039593,3.0123877132420556,24.131498356438406,0.306241446039593,100
19,377,37423,0.306241446039593,2.8511761577934567,19.28946059374897,0.306241446039593,100
19,378,37522,0.306241446039593,3.6399016717624466,17.720587346855403,0.306241446039593,100
19,379,37621,0.306241446039593,2.8271669570118383,19.245983616968772,0.306241446039593,100
19,380,37720,0.306241446039593,2.9968183774828656,16.632684750714198,0.306241446039593,100
19,381,37819,0.306241446039593,2.92778592525712,25.657454124668703,0.306241446039593,100
19,382,37918,0.306241446039593,2.6913938166622864,18.984500340407063,0.306241446039593,100
19,383,38017,0.306241446039593,2.770272071100618,15.498206450078303,0.306241446039593,100
19,384,38116,0.306241446039593,2.7497473204357026,19.672596443418538,0.306241446039593,100
19,385,38215,0.306241446039593,3.4843559968497293,28.07033039242088,0.306241446039593,100
19,386,38314,0.306241446039593,3.1802115456159514,23.749527279365882,0.306241446039593,100
19,387,38413,0.306241446039593,2.9937412999844217,33.70842080524105,0.306241446039593,100
19,388,38512,0.306241446039593,3.404130196680263,29.22461346623732,0.306241446039593,100
19,389,38611,0.306241446039593,3.294910461037381,22.320885935271935,0.306241446039593,100
19,390,38710,0.306241446039593,3.362073894026524,28.877401201458493,0.306241446039593,100
19,391,38809,0.306241446039593,2.781079718705026,17.60608504378011,0.306241446039593,100
19,392,38908,0.306241446039593,2.979074770183507,30.78508062305169,0.306241446039593,100
19,393,39007,0.306241446039593,3.001558132644352,29.090304261593946,0.306241446039593,100
19,394,39106,0.306241446039593,3.3121064773329594,22.254983501466143,0.306241446039593,100
19,395,39205,0.306241446039593,2.692195401370002,16.518599333673375,0.306241446039593,100
19,396,39304,0.306241446039593,2.691770361053003,33.200162316484004,0.306241446039593,100
19,397,39403,0.306241446039593,2.7635901426535456,21.862164155996954,0.306241446039593,100
19,398,39502,0.306241446039593,3.2520283334165345,23.70047014097646,0.306241446039593,100
19,399,39601,0.306241446039593,3.1756013301265953,16.1303713397948,0.306241446039593,100
19,400,39700,0.306241446039593,2.8526154179645995,20.36651772151389,0.306241446039593,100
19,401,39799,0.306241446039593,2.659100772910416,18.161058461182254,0.306241446039593,100
19,402,39898,0.306241446039593,3.0397503936218597,19.573074220635377,0.306241446039593,100
19,403,39997,0.306241446039593,3.3426970494373807,30.088950083153193,0.306241446039593,100
19,404,40096,0.306241446039593,3.5383320442700894,32.05929568841628,0.306241446039593,100
19,405,40195,0.306241446039593,3.2061776779774944,16.531111037581393,0.306241446039593,100
19,406,40294,0.306241446039593,2.940465891287829,27.01605319829728,0.306241446039593,100
19,407,40393,0.306241446039593,3.6560483751041004,23.922374708515132,0.306241446039593,100
19,408,40492,0.306241446039593,3.617237797717924,18.62811225479073,0.306241446039593,100
19,409,40591,0.306241446039593,3.2367270237958206,21.5549451171007,0.306241446039593,100
19,410,40690,0.306241446039593,2.9683904277750734,20.31076037505792,0.306241446039593,100
19,411,40789,0.306241446039593,2.9167450534509443,18.721967351639552,0.306241446039593,100
19,412,40888,0.306241446039593,3.2740217060117924,32.167449458663945,0.306241446039593,100
19,413,40987,0.306241446039593,2.3958109515497505,14.688480164237003,0.306241446039593,100
19,414,41086,0.306241446039593,2.506190041278995,16.727653964593408,0.306241446039593,100
19,415,41185,0.306241446039593,3.2343027073529034,22.276574071895933,0.306241446039593,100
19,416,41284,0.306241446039593,4.309264589117432,25.52889025536563,0.306241446039593,100
19,417,41383,0.306241446039593,3.8892103048606197,27.25629721559919,0.306241446039593,100
19,418,41482,0.306241446039593,3.562266167842345,22.606800504659798,0.306241446039593,100
19,419,41581,0.306241446039593,3.7395726579022255,20.702427443252365,0.306241446039593,100
19,420,41680,0.306241446039593,2.897320333255205,21.181316006048508,0.306241446039593,100
19,421,41779,0.306241446039593,3.107576269069532,19.79105068623397,0.306241446039593,100
19,422,41878,0.306241446039593,2.6926758645063114,19.058663580680047,0.306241446039593,100
19,423,41977,0.306241446039593,2.6140599366527293,12.88487978708189,0.306241446039593,100
19,424,42076,0.306241446039593,2.904039372668638,18.048688050130426,0.306241446039593,100
19,425,42175,0.306241446039593,2.8923765058456756,20.53920983396084,0.306241446039593,100
19,426,42274,0.306241446039593,2.74235100921192,16.627602921060927,0.306241446039593,100
19,427,42373,0.306241446039593,3.2107361609586373,26.25396069715399,0.306241446039593,100
19,428,42472,0.306241446039593,3.2603412490820833,20.67426105146239,0.306241446039593,100
19,429,42571,0.306241446039593,3.655679213398362,20.24913772122485,0.306241446039593,100
19,430,42670,0.306241446039593,2.7432363164421387,15.887259491344825,0.306241446039593,100
19,431,42769,0.306241446039593,3.0733134007618244,13.871326729889754,0.306241446039593,100
19,432,42868,0.306241446039593,3.3219093765255194,16.967124674146035,0.306241446039593,100
19,433,42967,0.306241446039593,2.996746122738425,18.53411211607021,0.306241446039593,100
19,434,43066,0.306241446039593,2.2303784488728335,17.056769983501496,0.306241446039593,100
19,435,43165,0.306241446039593,3.357662281770427,15.06648579846481,0.306241446039593,100
19,436,43264,0.306241446039593,3.5113904424547924,30.946142138148062,0.306241446039593,100
19,437,43363,0.306241446039593,3.2820918031263573,16.958217704644632,0.306241446039593,100
19,438,43462,0.306241446039593,3.2892078444055004,22.56065784836664,0.306241446039593,100
19,439,43561,0.306241446039593,3.852193861248419,23.658413829759997,0.306241446039593,100
19,440,43660,0.306241446039593,3.259352688406092,23.894932598909303,0.306241446039593,100
19,441,43759,0.306241446039593,3.726442695871158,31.55214954085677,0.306241446039593,100
19,442,43858,0.306241446039593,3.1465084394479272,14.176044864860762,0.306241446039593,100
19,443,43957,0.306241446039593,3.486054910461832,37.87871436123626,0.306241446039593,100
19,444,44056,0.306241446039593,3.3992915349948105,22.9822065434282,0.306241446039593,100
19,445,44155,0.306241446039593,2.7085831324141196,27.86154837380591,0.306241446039593,100
19,446,44254,0.306241446039593,2.5575045883505974,20.806433629118562,0.306241446039593,100
19,447,44353,0.2959199120991214,2.9117171478846933,17.245943440102465,0.2959199120991214,100
19,448,44452,0.2959199120991214,3.2525470323948316,28.30873942012677,0.2959199120991214,100
19,449,44551,0.2959199120991214,3.333598932033413,27.590071197622738,0.2959199120991214,100
19,450,44650,0.2959199120991214,4.138580002063807,30.526867057761155,0.2959199120991214,100
19,451,44749,0.2959199120991214,3.1983972408240344,20.016676304911524,0.2959199120991214,100
19,452,44848,0.2959199120991214,3.6096180678497087,36.032839533484164,0.2959199120991214,100
19,453,44947,0.2959199120991214,3.653554159058442,34.341061066849136,0.2959199120991214,100
19,454,45046,0.2959199120991214,3.183713188725312,16.64383122687522,0.2959199120991214,100
19,455,45145,0.2959199120991214,3.035648248884927,20.68393338116955,0.2959199120991214,100
19,456,45244,0.2959199120991214,2.8844087307975377,38.28199725316431,0.2959199120991214,100
19,457,45343,0.2959199120991214,2.49664550292179,14.997911101421726,0.2959199120991214,100
19,458,45442,0.2959199120991214,3.141926859810505,20.297167928519023,0.2959199120991214,100
19,459,45541,0.2959199120991214,3.2051221197174584,26.26515143825393,0.2959199120991214,100
19,460,45640,0.2959199120991214,3.5034201286196156,31.92301301964109,0.2959199120991214,100
19,461,45739,0.2959199120991214,3.1531284749642143,16.804182480125192,0.2959199120991214,100
19,462,45838,0.2959199120991214,2.999164120612715,35.45374544282463,0.2959199120991214,100
19,463,45937,0.2959199120991214,4.5113917803084895,38.32595571632877,0.2959199120991214,100
19,464,46036,0.2959199120991214,3.433132706001381,27.341463466505235,0.2959199120991214,100
19,465,46135,0.2959199120991214,2.7955545051373383,17.376635075278543,0.2959199120991214,100
19,466,46234,0.2959199120991214,3.7541773780346794,30.25155840078247,0.2959199120991214,100
19,467,46333,0.2959199120991214,3.137536310801476,16.052694788500105,0.2959199120991214,100
19,468,46432,0.2959199120991214,2.63295640361742,18.46854527870328,0.2959199120991214,100
19,469,46531,0.2959199120991214,3.5629759949211,19.3773498531573,0.2959199120991214,100
19,470,46630,0.2959199120991214,3.5303304707870256,17.956594166637917,0.2959199120991214,100
19,471,46729,0.2959199120991214,3.6682394511114302,21.031625324619537,0.2959199120991214,100
19,472,46828,0.2959199120991214,3.3011369643760635,33.35588552182675,0.2959199120991214,100
19,473,46927,0.2959199120991214,3.0151727629025533,18.148783191614864,0.2959199120991214,100
19,474,47026,0.2959199120991214,2.686998717302537,20.60247678360279,0.2959199120991214,100
19,475,47125,0.2959199120991214,3.406707398985398,26.74987069894358,0.2959199120991214,100
19,476,47224,0.2959199120991214,3.1542165747956368,26.049944314133327,0.2959199120991214,100
19,477,47323,0.2959199120991214,3.2226466038838875,16.87195616377807,0.2959199120991214,100
19,478,47422,0.2959199120991214,2.7059207205313185,15.873341564387191,0.2959199120991214,100
19,479,47521,0.2959199120991214,2.9520271080365976,29.287908198912426,0.2959199120991214,100
19,480,47620,0.2959199120991214,2.7477064498613037,19.51507393967277,0.2959199120991214,100
19,481,47719,0.2959199120991214,2.97079712147919,31.82597572635614,0.2959199120991214,100
19,482,47818,0.2959199120991214,3.4416554991666612,24.82559626457673,0.2959199120991214,100
19,483,47917,0.2959199120991214,3.1403677861608332,21.646839262133224,0.2959199120991214,100
19,484,48016,0.2959199120991214,3.5477041010782875,22.895369594376476,0.2959199120991214,100
19,485,48115,0.2959199120991214,2.6859334469472973,16.854966765584464,0.2959199120991214,100
19,486,48214,0.2959199120991214,3.2277492619848647,21.429226534628672,0.2959199120991214,100
19,487,48313,0.2959199120991214,3.0711738854001105,19.860935187763285,0.2959199120991214,100
19,488,48412,0.2959199120991214,3.954705180347658,20.24712884706221,0.2959199120991214,100
19,489,48511,0.2959199120991214,3.357692224201252,26.319885120316822,0.2959199120991214,100
19,490,48610,0.2959199120991214,2.9939469780976196,19.60908978608523,0.2959199120991214,100
19,491,48709,0.2959199120991214,2.843050926182406,20.49335894224269,0.2959199120991214,100
19,492,48808,0.2959199120991214,3.032905106725055,17.660254765868316,0.2959199120991214,100
19,493,48907,0.2959199120991214,2.8179872151475784,15.707180479942295,0.2959199120991214,100
19,494,49006,0.2959199120991214,2.4036397693135716,14.100722381923337,0.2959199120991214,100
19,495,49105,0.2959199120991214,2.0821297190916996,16.109541796156293,0.2959199120991214,100
19,496,49204,0.2959199120991214,2.6244776472075184,19.330643578421093,0.2959199120991214,100
19,497,49303,0.2959199120991214,3.2100912992256796,34.19688624401204,0.2959199120991214,100
19,498,49402,0.2959199120991214,3.0389513954367064,20.781425357780567,0.2959199120991214,100
19,499,49501,0.2959199120991214,3.6865289859764783,17.706781316325493,0.2959199120991214,100
19,500,49600,0.2959199120991214,3.430600558822239,31.663560420055667,0.2959199120991214,100
19,501,49699,0.2959199120991214,3.3469123808328276,25.00697610592461,0.2959199120991214,100
19,502,49798,0.2959199120991214,3.0885681533374547,21.52540657378929,0.2959199120991214,100
19,503,49897,0.2959199120991214,3.322685661477308,16.452453381873802,0.2959199120991214,100
19,504,49996,0.2959199120991214,2.614015173022241,15.542862985232267,0.2959199120991214,100
19,505,50000,0.2959199120991214,2.296217746619556,7.431472236139366,0.2959199120991214,100
