seed,generation,evaluation_count,best_fitness,mean_fitness,worst_fitness,global_best_fitness,population_size
0,0,100,105.18287338498219,556.5971848381811,1330.7672885852494,105.18287338498219,100
0,1,199,90.52730713501273,285.655398581048,667.9289090800094,90.52730713501273,100
0,2,298,25.10754181656484,131.68645457605018,346.4107278718078,25.10754181656484,100
0,3,397,9.683621482332333,60.62044085675563,196.0544550973537,9.683621482332333,100
0,4,496,4.162705157367455,35.193608871074645,127.61627599034205,4.162705157367455,100
0,5,595,3.6005415985544,29.37775212914825,155.07074753042855,3.6005415985544,100
0,6,694,3.3317711426427437,22.874180723298483,140.42534108012782,3.3317711426427437,100
0,7,793,1.7131397266547532,16.775828080826262,72.58308638255146,1.7131397266547532,100
0,8,892,1.285828331766047,12.823163099193616,134.7085852212806,1.285828331766047,100
0,9,991,1.2454447985979105,10.593228627495476,50.476804729509446,1.2454447985979105,100
0,10,1090,1.2454447985979105,13.0891320528931,91.02224959584802,1.2454447985979105,100
0,11,1189,0.9971129235048355,12.063426794658378,76.2655811728294,0.9971129235048355,100
0,12,1288,0.9971129235048355,11.65269138815651,97.72795517865839,0.9971129235048355,100
0,13,1387,0.7720981752096187,7.5723669248453405,46.98902362933607,0.7720981752096187,100
0,14,1486,0.7343224853177777,8.329240057042858,75.71449991482818,0.7343224853177777,100
0,15,1585,0.7128159459267492,12.735439679215398,105.76192220769687,0.7128159459267492,100
0,16,1684,0.6474482387749705,12.106744676591731,90.4841301376002,0.6474482387749705,100
0,17,1783,0.6474482387749705,7.69283144667563,68.6815513050253,0.6474482387749705,100
0,18,1882,0.5752119369297395,10.118261970570105,94.19137979446513,0.5752119369297395,100
0,19,1981,0.5752119369297395,11.078148420802497,98.52681820159856,0.5752119369297395,100
0,20,2080,0.5752119369297395,12.15552372107158,102.51501590820811,0.5752119369297395,100
0,21,2179,0.5665212094112309,9.85527223477585,63.82031837956355,0.5665212094112309,100
0,22,2278,0.5522527732954563,13.051204164820124,107.64027345747513,0.5522527732954563,100
0,23,2377,0.5079765680089499,10.716803560715936,104.38228631177711,0.5079765680089499,100
0,24,2476,0.4849057686382987,10.058717827896261,94.43014072817316,0.4849057686382987,100
0,25,2575,0.4849057686382987,8.509789958826394,109.8222819054642,0.4849057686382987,100
0,26,2674,0.4849057686382987,12.137731288745975,81.11453402648955,0.4849057686382987,100
0,27,2773,0.4849057686382987,10.627010289996772,84.24908935960391,0.4849057686382987,100
0,28,2872,0.4849057686382987,13.83875723674883,100.3466661469691,0.4849057686382987,100
0,29,2971,0.4849057686382987,13.90901481689965,100.11386057068393,0.4849057686382987,100
0,30,3070,0.4849057686382987,15.117878265148137,103.50297752308869,0.4849057686382987,100
0,31,3169,0.4849057686382987,11.72851146832391,106.01754248261682,0.4849057686382987,100
0,32,3268,0.4849057686382987,13.416135248536154,75.89586465018448,0.4849057686382987,100
0,33,3367,0.4849057686382987,10.246646719951833,84.95047309104159,0.4849057686382987,100
0,34,3466,0.4849057686382987,11.3182644595687,56.94382097441002,0.4849057686382987,100
0,35,3565,0.4849057686382987,9.224621618040658,69.82245015177192,0.4849057686382987,100
0,36,3664,0.4849057686382987,11.092642993863569,97.78720494899642,0.4849057686382987,100
0,37,3763,0.4849057686382987,9.734618249639484,69.06193451250029,0.4849057686382987,100
0,38,3862,0.4849057686382987,10.69541023594204,65.0041420298285,0.4849057686382987,100
0,39,3961,0.4849057686382987,10.702498658399811,117.07353692641706,0.4849057686382987,100
0,40,4060,0.4849057686382987,10.796433750121734,79.00903500809376,0.4849057686382987,100
0,41,4159,0.4849057686382987,10.962248995657738,92.18000258433142,0.4849057686382987,100
0,42,4258,0.4849057686382987,8.28140560441909,72.501945503401,0.4849057686382987,100
0,43,4357,0.4849057686382987,8.959767190102479,97.7512956773029,0.4849057686382987,100
0,44,4456,0.4849057686382987,11.404912934085758,61.560298335735325,0.4849057686382987,100
0,45,4555,0.4849057686382987,12.506530307061967,85.29383476133158,0.4849057686382987,100
0,46,4654,0.4849057686382987,10.768741376606354,57.543203390181255,0.4849057686382987,100
0,47,4753,0.4849057686382987,12.152269621239244,163.1771119801143,0.4849057686382987,100
0,48,4852,0.4849057686382987,8.387251965754592,51.511241836924334,0.4849057686382987,100
0,49,4951,0.4849057686382987,9.377640202139224,110.11669423883289,0.4849057686382987,100
0,50,5050,0.4849057686382987,11.574879943359788,78.32633671339372,0.4849057686382987,100
0,51,5149,0.4849057686382987,10.03124026131373,74.58753106545345,0.4849057686382987,100
0,52,5248,0.4849057686382987,11.175853412978443,162.3968101953269,0.4849057686382987,100
0,53,5347,0.4849057686382987,11.400266591356571,145.23581902383148,0.4849057686382987,100
0,54,5446,0.4849057686382987,11.60159701608493,114.52480475946197,0.4849057686382987,100
0,55,5545,0.4849057686382987,9.750335786343976,82.73308320194431,0.4849057686382987,100
0,56,5644,0.4849057686382987,9.194820126593278,107.17228307591611,0.4849057686382987,100
0,57,5743,0.4849057686382987,9.81138600727281,81.72288858756959,0.4849057686382987,100
0,58,5842,0.4849057686382987,9.942644046445357,63.434019437281655,0.4849057686382987,100
0,59,5941,0.4849057686382987,9.960657840886784,88.11493590488273,0.4849057686382987,100
0,60,6040,0.4849057686382987,10.142313135952453,87.0728694560513,0.4849057686382987,100
0,61,6139,0.47442323036133366,9.167694574007804,97.19343002314743,0.47442323036133366,100
0,62,6238,0.47442323036133366,8.743175777044392,56.5667208237928,0.47442323036133366,100
0,63,6337,0.47442323036133366,12.970456410564518,72.0413424084065,0.47442323036133366,100
0,64,6436,0.47442323036133366,11.328892848510572,117.7571301819477,0.47442323036133366,100
0,65,6535,0.47442323036133366,12.628480353251227,159.36842728687844,0.47442323036133366,100
0,66,6634,0.47442323036133366,12.414581265741244,90.28566681930857,0.47442323036133366,100
0,67,6733,0.47442323036133366,10.379166950962293,108.39780367768424,0.47442323036133366,100
0,68,6832,0.47442323036133366,9.524459316089558,67.95881931942496,0.47442323036133366,100
0,69,6931,0.47442323036133366,12.477395463471455,134.44477248333527,0.47442323036133366,100
0,70,7030,0.47442323036133366,12.25485841386232,98.7029553601214,0.47442323036133366,100
0,71,7129,0.47442323036133366,9.164904466674596,89.32525615540263,0.47442323036133366,100
0,72,7228,0.47442323036133366,9.1693755227478,64.07547448190448,0.47442323036133366,100
0,73,7327,0.47442323036133366,8.90517388495941,99.47208905758731,0.47442323036133366,100
0,74,7426,0.47442323036133366,10.288321096892023,92.25377161108783,0.47442323036133366,100
0,75,7525,0.47442323036133366,13.131756238734958,77.95434852630639,0.47442323036133366,100
0,76,7624,0.47442323036133366,13.521707923343378,82.34851577200769,0.47442323036133366,100
0,77,7723,0.47442323036133366,11.712634818422229,91.08897499983325,0.47442323036133366,100
0,78,7822,0.47442323036133366,11.013218725206466,98.49066458301822,0.47442323036133366,100
0,79,7921,0.47442323036133366,9.51700215172392,93.8134215512835,0.47442323036133366,100
0,80,8020,0.47442323036133366,11.194488577579827,98.279073727192,0.47442323036133366,100
0,81,8119,0.47442323036133366,11.737100185203984,133.82082509473037,0.47442323036133366,100
0,82,8218,0.47442323036133366,10.264240478552471,101.33185325596645,0.47442323036133366,100
0,83,8317,0.47442323036133366,11.197712375058481,60.48351290593959,0.47442323036133366,100
0,84,8416,0.47442323036133366,9.931780726602701,56.86260906750954,0.47442323036133366,100
0,85,8515,0.47442323036133366,10.174651335087242,92.71266780809766,0.47442323036133366,100
0,86,8614,0.47442323036133366,12.42991273049277,130.08014782682244,0.47442323036133366,100
0,87,8713,0.47442323036133366,11.720172358277798,141.71634674603115,0.47442323036133366,100
0,88,8812,0.47442323036133366,11.824518493244092,141.87290213183653,0.47442323036133366,100
0,89,8911,0.47442323036133366,13.679784083069867,144.62408826040792,0.47442323036133366,100
0,90,9010,0.47442323036133366,12.211844596078937,93.63141189528135,0.47442323036133366,100
0,91,9109,0.47442323036133366,11.296516220618999,81.88825918885001,0.47442323036133366,100
0,92,9208,0.4335487675090455,9.851501817312668,73.77867653644569,0.4335487675090455,100
0,93,9307,0.4335487675090455,10.84951546260439,66.26937786744232,0.4335487675090455,100
0,94,9406,0.4335487675090455,9.08978129021738,73.98877425065137,0.4335487675090455,100
0,95,9505,0.4335487675090455,9.06330469587208,96.23174106551748,0.4335487675090455,100
0,96,9604,0.4335487675090455,11.49563355765573,62.97659775054508,0.4335487675090455,100
0,97,9703,0.4335487675090455,10.704403481600961,69.09526728468718,0.4335487675090455,100
0,98,9802,0.4335487675090455,10.533050279478694,78.66550402007019,0.4335487675090455,100
0,99,9901,0.4335487675090455,9.720247796277311,102.7555135178837,0.4335487675090455,100
0,100,10000,0.4335487675090455,11.046447131234231,111.90211616171979,0.4335487675090455,100
0,101,10099,0.4335487675090455,8.067905229301424,79.39335932999576,0.4335487675090455,100
0,102,10198,0.4335487675090455,11.082445845726339,157.26559700941195,0.4335487675090455,100
0,103,10297,0.4335487675090455,11.613272649697489,90.93174819482267,0.4335487675090455,100
0,104,10396,0.4335487675090455,13.297328483706995,91.80093977470177,0.4335487675090455,100
0,105,10495,0.4335487675090455,12.35268711589741,95.15037322555796,0.4335487675090455,100
0,106,10594,0.4335487675090455,13.540973668079005,118.77023102640554,0.4335487675090455,100
0,107,10693,0.4335487675090455,11.20840075920284,67.18721917323954,0.4335487675090455,100
0,108,10792,0.4335487675090455,14.136058796971186,97.54315572913477,0.4335487675090455,100
0,109,10891,0.4335487675090455,9.280181892851209,57.68180145630092,0.4335487675090455,100
0,110,10990,0.4335487675090455,9.905741467868285,93.9090385285763,0.4335487675090455,100
0,111,11089,0.4335487675090455,11.088956042671798,92.58591513551575,0.4335487675090455,100
0,112,11188,0.4335487675090455,9.578755159244716,86.25049621556037,0.4335487675090455,100
0,113,11287,0.4335487675090455,11.66061962543831,72.67480202137114,0.4335487675090455,100
0,114,11386,0.4335487675090455,10.122047382034047,161.67333625662442,0.4335487675090455,100
0,115,11485,0.4335487675090455,11.84185939412581,86.70787251084973,0.4335487675090455,100
0,116,11584,0.4335487675090455,11.939466811942404,107.83935349240622,0.4335487675090455,100
0,117,11683,0.4335487675090455,10.529897197259144,91.02866337381458,0.4335487675090455,100
0,118,11782,0.4335487675090455,10.255357645048724,82.02491290630657,0.4335487675090455,100
0,119,11881,0.4335487675090455,7.695620556526567,73.37727717325356,0.4335487675090455,100
0,120,11980,0.4335487675090455,10.436125587518541,61.23178221584913,0.4335487675090455,100
0,121,12079,0.4335487675090455,9.92333007557514,49.38326737174178,0.4335487675090455,100
0,122,12178,0.4335487675090455,10.628280725154504,67.04900960229665,0.4335487675090455,100
0,123,12277,0.4335487675090455,11.747890695973068,71.33794651719465,0.4335487675090455,100
0,124,12376,0.4335487675090455,11.923200167558456,151.90110302488935,0.4335487675090455,100
0,125,12475,0.4335487675090455,10.91441506583771,71.40440802560742,0.4335487675090455,100
0,126,12574,0.4335487675090455,9.85175531344242,59.47276597327442,0.4335487675090455,100
0,127,12673,0.4335487675090455,10.485484904742295,144.85478396077488,0.4335487675090455,100
0,128,12772,0.4335487675090455,10.662064919415698,80.04980774429336,0.4335487675090455,100
0,129,12871,0.4335487675090455,11.136074564887119,102.166538426013,0.4335487675090455,100
0,130,12970,0.4335487675090455,7.585097657018629,63.94801541021166,0.4335487675090455,100
0,131,13069,0.4335487675090455,10.212689679111767,78.5199734363755,0.4335487675090455,100
0,132,13168,0.4335487675090455,13.700595456184796,112.74484003183669,0.4335487675090455,100
0,133,13267,0.39798636623090927,10.792904037467936,79.034731509653,0.39798636623090927,100
0,134,13366,0.39798636623090927,10.97915734705091,93.55187861833573,0.39798636623090927,100
0,135,13465,0.39798636623090927,12.412924010965524,96.35289411264169,0.39798636623090927,100
0,136,13564,0.39798636623090927,8.164148717713486,67.40939765458606,0.39798636623090927,100
0,137,13663,0.39798636623090927,10.916553142172736,92.32461460783307,0.39798636623090927,100
0,138,13762,0.39798636623090927,8.226646160272088,49.829396264024545,0.39798636623090927,100
0,139,13861,0.39798636623090927,9.763983966358994,111.19482150315622,0.39798636623090927,100
0,140,13960,0.39798636623090927,11.524192858980467,99.51480273538942,0.39798636623090927,100
0,141,14059,0.39798636623090927,13.515669203623132,145.89682656047088,0.39798636623090927,100
0,142,14158,0.39798636623090927,9.01478538760686,69.48872577839448,0.39798636623090927,100
0,143,14257,0.39798636623090927,10.77454474015141,88.4722268606108,0.39798636623090927,100
0,144,14356,0.39798636623090927,13.503768845280415,115.04472144767122,0.39798636623090927,100
0,145,14455,0.39798636623090927,11.518867571629226,69.49215930930134,0.39798636623090927,100
0,146,14554,0.39798636623090927,8.346740404692685,63.95241703583037,0.39798636623090927,100
0,147,14653,0.39798636623090927,10.674003732145707,105.8180277386966,0.39798636623090927,100
0,148,14752,0.39798636623090927,12.707016013959628,107.36672785844917,0.39798636623090927,100
0,149,14851,0.39798636623090927,12.934963671051849,95.85359088654897,0.39798636623090927,100
0,150,14950,0.39798636623090927,14.238105102931742,108.4826605628802,0.39798636623090927,100
0,151,15049,0.39798636623090927,10.173635140370356,98.03985175018248,0.39798636623090927,100
0,152,15148,0.39798636623090927,11.322835931469657,114.61435651008885,0.39798636623090927,100
0,153,15247,0.39798636623090927,10.681027383530104,62.46277570342572,0.39798636623090927,100
0,154,15346,0.39798636623090927,12.999686926119427,87.04370054726613,0.39798636623090927,100
0,155,15445,0.39798636623090927,11.86615710942408,105.96325835598562,0.39798636623090927,100
0,156,15544,0.39798636623090927,9.597195621957592,52.47235412684952,0.39798636623090927,100
0,157,15643,0.39798636623090927,12.20353067566601,113.633507063167,0.39798636623090927,100
0,158,15742,0.39798636623090927,12.414415851044588,153.5367858956891,0.39798636623090927,100
0,159,15841,0.39798636623090927,8.597642443965679,86.36429602390002,0.39798636623090927,100
0,160,15940,0.39798636623090927,12.04209382129287,141.12473204033543,0.39798636623090927,100
0,161,16039,0.39798636623090927,11.305956936064874,80.09382091218531,0.39798636623090927,100
0,162,16138,0.39798636623090927,11.473309775115997,72.82113226593948,0.39798636623090927,100
0,163,16237,0.39798636623090927,11.892211375932392,92.20498554318567,0.39798636623090927,100
0,164,16336,0.39798636623090927,11.689054117769398,57.67851177307699,0.39798636623090927,100
0,165,16435,0.39798636623090927,12.57658683086223,80.85969535521349,0.39798636623090927,100
0,166,16534,0.39798636623090927,13.386987416753257,84.13154892097367,0.39798636623090927,100
0,167,16633,0.39798636623090927,10.089245432849145,74.12818765147271,0.39798636623090927,100
0,168,16732,0.39798636623090927,12.573265103560976,91.59944398727379,0.39798636623090927,100
0,169,16831,0.39798636623090927,10.752006026975366,67.1037508781918,0.39798636623090927,100
0,170,16930,0.39798636623090927,10.574113043807637,124.47822004920684,0.39798636623090927,100
0,171,17029,0.39798636623090927,8.148223150972116,66.90173722911223,0.39798636623090927,100
0,172,17128,0.39798636623090927,11.391533446621604,67.5603030497931,0.39798636623090927,100
0,173,17227,0.39798636623090927,7.636486479656113,71.20090557634416,0.39798636623090927,100
0,174,17326,0.39798636623090927,9.914272271153479,99.62573310383308,0.39798636623090927,100
0,175,17425,0.39798636623090927,8.331350115576447,65.86446726940142,0.39798636623090927,100
0,176,17524,0.39798636623090927,12.268281435330772,117.36796715262349,0.39798636623090927,100
0,177,17623,0.39798636623090927,8.645260095883161,79.25085148764917,0.39798636623090927,100
0,178,17722,0.39798636623090927,10.409028528731545,96.21609496704373,0.39798636623090927,100
0,179,17821,0.39798636623090927,12.149714153010414,89.27006448994914,0.39798636623090927,100
0,180,17920,0.39798636623090927,13.795923749801691,140.97772183488456,0.39798636623090927,100
0,181,18019,0.39798636623090927,14.996637032366959,101.70928694817292,0.39798636623090927,100
0,182,18118,0.39798636623090927,10.564852675665113,94.61931448651829,0.39798636623090927,100
0,183,18217,0.39798636623090927,12.43519251411648,136.62002182734122,0.39798636623090927,100
0,184,18316,0.39798636623090927,7.2309210028409066,43.136693686975,0.39798636623090927,100
0,185,18415,0.39798636623090927,11.386661839949163,96.28443813489612,0.39798636623090927,100
0,186,18514,0.39798636623090927,10.542609119356014,93.02934544602911,0.39798636623090927,100
0,187,18613,0.39798636623090927,8.04987953758666,48.44596425831725,0.39798636623090927,100
0,188,18712,0.39798636623090927,11.701622926523674,91.9122349301954,0.39798636623090927,100
0,189,18811,0.39798636623090927,11.885572496652891,100.31663382071683,0.39798636623090927,100
0,190,18910,0.39798636623090927,13.845207875250019,84.26476163219657,0.39798636623090927,100
0,191,19009,0.39798636623090927,13.883892650582972,82.17748271461701,0.39798636623090927,100
0,192,19108,0.39798636623090927,9.996373341086768,64.51036011916834,0.39798636623090927,100
0,193,19207,0.39798636623090927,12.305130832692457,75.24221033664874,0.39798636623090927,100
0,194,19306,0.39798636623090927,9.824479346567603,64.48899708016913,0.39798636623090927,100
0,195,19405,0.39798636623090927,11.866547054148935,93.82892886659741,0.39798636623090927,100
0,196,19504,0.39798636623090927,11.60591390780648,74.44771386108862,0.39798636623090927,100
0,197,19603,0.39798636623090927,12.663570285400235,162.65455046154287,0.39798636623090927,100
0,198,19702,0.39798636623090927,13.415160137049549,111.79116337921253,0.39798636623090927,100
0,199,19801,0.39798636623090927,10.663481792385898,66.76095132904588,0.39798636623090927,100
0,200,19900,0.39798636623090927,10.42873704307227,75.89887496928293,0.39798636623090927,100
0,201,19999,0.39798636623090927,9.316874890477349,70.41172568438883,0.39798636623090927,100
0,202,20098,0.39798636623090927,13.183660473338584,87.66476121923925,0.39798636623090927,100
0,203,20197,0.39798636623090927,15.227358867256504,99.26813396676508,0.39798636623090927,100
0,204,20296,0.39798636623090927,10.639402867574523,113.13203656396256,0.39798636623090927,100
0,205,20395,0.39798636623090927,10.710867873691143,75.35635863087701,0.39798636623090927,100
0,206,20494,0.39798636623090927,11.883801115664834,75.04384275881245,0.39798636623090927,100
0,207,20593,0.39798636623090927,12.686121105558055,103.42062274254278,0.39798636623090927,100
0,208,20692,0.39798636623090927,9.503771819088344,59.73115950840338,0.39798636623090927,100
0,209,20791,0.39798636623090927,10.860303958707407,111.83322939978322,0.39798636623090927,100
0,210,20890,0.39798636623090927,13.51266014597712,70.90202434714175,0.39798636623090927,100
0,211,20989,0.39798636623090927,11.663317195239458,78.95471366150427,0.39798636623090927,100
0,212,21088,0.39798636623090927,11.055615593356913,76.8188981192264,0.39798636623090927,100
0,213,21187,0.39798636623090927,10.638355805469613,81.52701255202216,0.39798636623090927,100
0,214,21286,0.39798636623090927,7.867913247912362,52.498223462627784,0.39798636623090927,100
0,215,21385,0.39798636623090927,9.189054641304494,119.38127023341518,0.39798636623090927,100
0,216,21484,0.39798636623090927,10.63721593955887,89.68614933144902,0.39798636623090927,100
0,217,21583,0.39798636623090927,10.059860125364166,156.51356452814974,0.39798636623090927,100
0,218,21682,0.39798636623090927,12.629562152161734,79.6846762117905,0.39798636623090927,100
0,219,21781,0.39798636623090927,12.600341865761916,117.73472667484575,0.39798636623090927,100
0,220,21880,0.39798636623090927,9.73589017385509,99.41957465151489,0.39798636623090927,100
0,221,21979,0.39798636623090927,12.006408413203882,110.3663200537293,0.39798636623090927,100
0,222,22078,0.39798636623090927,11.297194696343167,84.56649723933963,0.39798636623090927,100
0,223,22177,0.39798636623090927,8.373421385717661,55.82022150123105,0.39798636623090927,100
0,224,22276,0.39798636623090927,9.430552816291295,90.97723684891366,0.39798636623090927,100
0,225,22375,0.39798636623090927,8.883206571726086,101.64178216258631,0.39798636623090927,100
0,226,22474,0.39798636623090927,11.848112519364024,74.02149923478208,0.39798636623090927,100
0,227,22573,0.39798636623090927,11.824891910137275,118.98436816452244,0.39798636623090927,100
0,228,22672,0.39798636623090927,9.937100044357793,96.59823756832769,0.39798636623090927,100
0,229,22771,0.39798636623090927,12.385681225162465,74.56136792308679,0.39798636623090927,100
0,230,22870,0.39798636623090927,15.174071608993431,135.7178755501883,0.39798636623090927,100
0,231,22969,0.39798636623090927,14.262025208765237,115.98098763363669,0.39798636623090927,100
0,232,23068,0.39798636623090927,10.13373253317548,82.74410131013876,0.39798636623090927,100
0,233,23167,0.39798636623090927,10.071926097510557,80.02179225166535,0.39798636623090927,100
0,234,23266,0.39798636623090927,13.710202102874682,112.83574946641686,0.39798636623090927,100
0,235,23365,0.39798636623090927,9.635592514008056,77.51366027150463,0.39798636623090927,100
0,236,23464,0.39798636623090927,11.725660404832759,95.04073763723449,0.39798636623090927,100
0,237,23563,0.39798636623090927,8.556138064031504,48.90721331275365,0.39798636623090927,100
0,238,23662,0.39798636623090927,12.726204328440629,83.47330116171015,0.39798636623090927,100
0,239,23761,0.39798636623090927,11.923691951030253,64.79296596248277,0.39798636623090927,100
0,240,23860,0.39798636623090927,10.953647704557703,75.73219083063354,0.39798636623090927,100
0,241,23959,0.39798636623090927,10.284826245097017,86.5467555034325,0.39798636623090927,100
0,242,24058,0.39798636623090927,12.34926370052259,102.90308582549619,0.39798636623090927,100
0,243,24157,0.39798636623090927,13.109122155594434,102.61400774085168,0.39798636623090927,100
0,244,24256,0.39798636623090927,9.799418064427567,62.77887424169393,0.39798636623090927,100
0,245,24355,0.39798636623090927,10.835126961387045,69.64240911347815,0.39798636623090927,100
0,246,24454,0.39798636623090927,13.271562871401994,116.86380059327776,0.39798636623090927,100
0,247,24553,0.39798636623090927,13.597794691590465,65.30960012105689,0.39798636623090927,100
0,248,24652,0.39798636623090927,11.41612842814212,86.70198038514232,0.39798636623090927,100
0,249,24751,0.39798636623090927,9.967275352132791,61.45216786563628,0.39798636623090927,100
0,250,24850,0.39798636623090927,11.139822586689013,86.43344995802424,0.39798636623090927,100
0,251,24949,0.39798636623090927,10.261782490674948,98.50356406379181,0.39798636623090927,100
0,252,25048,0.39798636623090927,7.831857732674259,96.94503245931719,0.39798636623090927,100
0,253,25147,0.39798636623090927,9.312900611906382,105.36801867973682,0.39798636623090927,100
0,254,25246,0.39798636623090927,7.951849294956524,83.18663495036628,0.39798636623090927,100
0,255,25345,0.39798636623090927,9.97787264790182,87.87624670059441,0.39798636623090927,100
0,256,25444,0.39798636623090927,9.356197378953821,104.1693967956312,0.39798636623090927,100
0,257,25543,0.39798636623090927,10.900223786449253,76.45989184188406,0.39798636623090927,100
0,258,25642,0.39798636623090927,11.24969013384546,73.94680762932265,0.39798636623090927,100
0,259,25741,0.39798636623090927,11.116826116673474,66.54618620374492,0.39798636623090927,100
0,260,25840,0.39798636623090927,13.037417962708732,88.0849982181937,0.39798636623090927,100
0,261,25939,0.39798636623090927,13.23227634542106,126.92438824912584,0.39798636623090927,100
0,262,26038,0.39798636623090927,7.909363910430766,52.80304284135317,0.39798636623090927,100
0,263,26137,0.39798636623090927,8.847814187805515,54.58251330370944,0.39798636623090927,100
0,264,26236,0.39798636623090927,12.041751794016793,80.9642572140354,0.39798636623090927,100
0,265,26335,0.39798636623090927,12.013916298190178,102.08402867384423,0.39798636623090927,100
0,266,26434,0.39798636623090927,13.515917574302048,104.65638395512002,0.39798636623090927,100
0,267,26533,0.39798636623090927,11.677803501450105,65.78268767837227,0.39798636623090927,100
0,268,26632,0.39798636623090927,7.638538584719854,61.208378835604954,0.39798636623090927,100
0,269,26731,0.39798636623090927,11.024261024246563,97.05807043704132,0.39798636623090927,100
0,270,26830,0.39798636623090927,12.191089912866572,122.99282990077614,0.39798636623090927,100
0,271,26929,0.39798636623090927,15.94787738482856,122.71160144881095,0.39798636623090927,100
0,272,27028,0.39798636623090927,10.000478751847078,86.21544039968119,0.39798636623090927,100
0,273,27127,0.39798636623090927,11.486781235412929,84.63896182398906,0.39798636623090927,100
0,274,27226,0.39798636623090927,9.04963585932242,76.10291284478461,0.39798636623090927,100
0,275,27325,0.39798636623090927,11.215955360322353,93.62946242687943,0.39798636623090927,100
0,276,27424,0.39798636623090927,9.883613940666766,75.101941416154,0.39798636623090927,100
0,277,27523,0.39798636623090927,10.192376606093658,81.6124604404445,0.39798636623090927,100
0,278,27622,0.39798636623090927,13.24047794086967,100.51062309747671,0.39798636623090927,100
0,279,27721,0.39798636623090927,12.10227939488299,83.0223215219252,0.39798636623090927,100
0,280,27820,0.39798636623090927,10.423139803118069,77.72273306040066,0.39798636623090927,100
0,281,27919,0.39798636623090927,9.360665338838801,69.47784598367939,0.39798636623090927,100
0,282,28018,0.39798636623090927,10.952387134615336,146.81596948706448,0.39798636623090927,100
0,283,28117,0.39798636623090927,12.41782230833484,113.54894915616293,0.39798636623090927,100
0,284,28216,0.39798636623090927,12.994229228159032,98.61593951615419,0.39798636623090927,100
0,285,28315,0.39798636623090927,16.993487508070622,76.94738208275574,0.39798636623090927,100
0,286,28414,0.39798636623090927,13.295989490252959,110.04723820755936,0.39798636623090927,100
0,287,28513,0.39798636623090927,9.473471853587304,70.61140722617851,0.39798636623090927,100
0,288,28612,0.39798636623090927,12.319818803391605,136.28851357124796,0.39798636623090927,100
0,289,28711,0.39798636623090927,10.44615869516179,56.704291857151674,0.39798636623090927,100
0,290,28810,0.39798636623090927,15.241478236884637,100.61704211903707,0.39798636623090927,100
0,291,28909,0.3697137494751274,9.148830213290232,57.22551171277617,0.3697137494751274,100
0,292,29008,0.3697137494751274,11.56520879823763,97.82825163375175,0.3697137494751274,100
0,293,29107,0.3697137494751274,11.340987823178114,91.8152449760599,0.3697137494751274,100
0,294,29206,0.3697137494751274,11.643416918883927,115.73196367228009,0.3697137494751274,100
0,295,29305,0.3697137494751274,9.058854291050277,109.70146588319342,0.3697137494751274,100
0,296,29404,0.3697137494751274,8.859064206770325,63.469521639092775,0.3697137494751274,100
0,297,29503,0.3697137494751274,9.916488311307674,106.14808426140524,0.3697137494751274,100
0,298,29602,0.3697137494751274,11.472181713391777,62.99788488509017,0.3697137494751274,100
0,299,29701,0.3697137494751274,10.425246245386004,117.08666341460689,0.3697137494751274,100
0,300,29800,0.3697137494751274,12.863953642739846,95.74300561785111,0.3697137494751274,100
0,301,29899,0.3697137494751274,11.55323659702376,76.19715524077999,0.3697137494751274,100
0,302,29998,0.3697137494751274,8.066486697358023,67.54110599167194,0.3697137494751274,100
0,303,30097,0.3697137494751274,10.729269435912107,60.55090993108622,0.3697137494751274,100
0,304,30196,0.3697137494751274,9.794646953774603,96.04122936294284,0.3697137494751274,100
0,305,30295,0.3697137494751274,8.708458733701503,54.29680735838224,0.3697137494751274,100
0,306,30394,0.3697137494751274,14.217782856747187,144.04561390555162,0.3697137494751274,100
0,307,30493,0.3697137494751274,11.046621742009886,59.19473732223716,0.3697137494751274,100
0,308,30592,0.3697137494751274,8.94545736460534,50.97031097215342,0.3697137494751274,100
0,309,30691,0.3697137494751274,9.765237354348427,71.91120175019202,0.3697137494751274,100
0,310,30790,0.3697137494751274,13.3389600509863,118.81179422326348,0.3697137494751274,100
0,311,30889,0.3697137494751274,8.317004334438222,65.49834538436785,0.3697137494751274,100
0,312,30988,0.3697137494751274,10.388329801939419,86.13127274711219,0.3697137494751274,100
0,313,31087,0.3697137494751274,13.232518878000324,81.43533405865836,0.3697137494751274,100
0,314,31186,0.3697137494751274,14.900447738522196,107.82298179326985,0.3697137494751274,100
0,315,31285,0.3697137494751274,8.303999081222196,63.972653541994205,0.3697137494751274,100
0,316,31384,0.3697137494751274,12.064059390866047,74.09685928849059,0.3697137494751274,100
0,317,31483,0.3697137494751274,12.257949549933121,90.81006852349164,0.3697137494751274,100
0,318,31582,0.3697137494751274,11.617986966767313,85.67653291327518,0.3697137494751274,100
0,319,31681,0.3697137494751274,9.413481692267675,43.542517577888646,0.3697137494751274,100
0,320,31780,0.3697137494751274,9.070328081052827,88.55854085042985,0.3697137494751274,100
0,321,31879,0.3697137494751274,8.519080387105449,72.32676492257285,0.3697137494751274,100
0,322,31978,0.3697137494751274,10.777017973897564,80.98258529267062,0.3697137494751274,100
0,323,32077,0.3697137494751274,10.34093438298492,54.31684279031559,0.3697137494751274,100
0,324,32176,0.3697137494751274,10.103248495689762,91.43773025071681,0.3697137494751274,100
0,325,32275,0.3697137494751274,10.468217622246057,115.44439344524653,0.3697137494751274,100
0,326,32374,0.3697137494751274,11.497228332209254,80.3374000324249,0.3697137494751274,100
0,327,32473,0.3697137494751274,10.843915493706398,85.05237614908658,0.3697137494751274,100
0,328,32572,0.3697137494751274,11.095961623990739,59.47166426989391,0.3697137494751274,100
0,329,32671,0.3697137494751274,12.967188598070843,73.99770523006194,0.3697137494751274,100
0,330,32770,0.3697137494751274,14.65279077872575,152.30912236598385,0.3697137494751274,100
0,331,32869,0.3697137494751274,11.284724473016716,59.737043427271175,0.3697137494751274,100
0,332,32968,0.3697137494751274,8.4225751934776,73.72184605788661,0.3697137494751274,100
0,333,33067,0.3697137494751274,10.281967439961214,75.48329846790905,0.3697137494751274,100
0,334,33166,0.3697137494751274,11.480086730549171,121.94562683171243,0.3697137494751274,100
0,335,33265,0.3697137494751274,9.901961859871268,72.39121391108318,0.3697137494751274,100
0,336,33364,0.3697137494751274,12.474517663118473,73.82492676579965,0.3697137494751274,100
0,337,33463,0.3697137494751274,14.08505759220837,106.34745412498037,0.3697137494751274,100
0,338,33562,0.3697137494751274,14.092890527893807,150.08883607486075,0.3697137494751274,100
0,339,33661,0.3697137494751274,14.075560638961894,90.80069042784419,0.3697137494751274,100
0,340,33760,0.3697137494751274,16.142718447402718,87.54987810566824,0.3697137494751274,100
0,341,33859,0.3697137494751274,12.57454659383038,62.86705414877237,0.3697137494751274,100
0,342,33958,0.3697137494751274,8.786057844616913,49.07671206104528,0.3697137494751274,100
0,343,34057,0.3697137494751274,12.759616920093068,157.14822493772886,0.3697137494751274,100
0,344,34156,0.3697137494751274,10.178590594289329,54.34137039730083,0.3697137494751274,100
0,345,34255,0.3697137494751274,10.789801652139529,78.42734382432849,0.3697137494751274,100
0,346,34354,0.3697137494751274,11.25628235789624,71.70005298838826,0.3697137494751274,100
0,347,34453,0.3697137494751274,10.046368804482293,82.79834147862884,0.3697137494751274,100
0,348,34552,0.3697137494751274,9.565853482579577,73.23689748575705,0.3697137494751274,100
0,349,34651,0.3697137494751274,12.91481633731596,99.03265107832668,0.3697137494751274,100
0,350,34750,0.3697137494751274,10.897840153165207,74.77202288384771,0.3697137494751274,100
0,351,34849,0.3697137494751274,12.33487799189297,91.69237763627183,0.3697137494751274,100
0,352,34948,0.3697137494751274,9.99837210468122,69.14714947029627,0.3697137494751274,100
0,353,35047,0.3697137494751274,12.285070094737163,91.81929633380774,0.3697137494751274,100
0,354,35146,0.3697137494751274,13.02011522780683,145.08595351974571,0.3697137494751274,100
0,355,35245,0.3697137494751274,10.769107821740876,74.73119261661755,0.3697137494751274,100
0,356,35344,0.3697137494751274,9.533533284603399,140.14254559139246,0.3697137494751274,100
0,357,35443,0.3697137494751274,12.523029940172442,130.78403536637003,0.3697137494751274,100
0,358,35542,0.3697137494751274,11.967170373410827,112.61004156686883,0.3697137494751274,100
0,359,35641,0.3697137494751274,8.473509446723334,61.81790226692732,0.3697137494751274,100
0,360,35740,0.3697137494751274,9.546586026449173,51.99112892078258,0.3697137494751274,100
0,361,35839,0.3697137494751274,8.919525424929141,71.98911081813195,0.3697137494751274,100
0,362,35938,0.3697137494751274,8.60377855989476,65.32851888591269,0.3697137494751274,100
0,363,36037,0.3697137494751274,11.502888507710734,99.52874037720846,0.3697137494751274,100
0,364,36136,0.3697137494751274,12.603472889628357,109.5104593388518,0.3697137494751274,100
0,365,36235,0.3697137494751274,13.956704900910424,106.65850160836365,0.3697137494751274,100
0,366,36334,0.3697137494751274,11.993453396834184,70.90909414561698,0.3697137494751274,100
0,367,36433,0.3697137494751274,12.477401018173287,104.91232958385372,0.3697137494751274,100
0,368,36532,0.3697137494751274,10.288336722332424,94.83619565592033,0.3697137494751274,100
0,369,36631,0.3697137494751274,11.326253633794163,79.50530447858989,0.3697137494751274,100
0,370,36730,0.3697137494751274,9.68171907197079,57.20647956207014,0.3697137494751274,100
0,371,36829,0.3697137494751274,11.959790701456019,126.1960725385605,0.3697137494751274,100
0,372,36928,0.3697137494751274,12.97154879178149,120.8709541959621,0.3697137494751274,100
0,373,37027,0.3697137494751274,8.739343757196027,80.90531582131455,0.3697137494751274,100
0,374,37126,0.3697137494751274,9.19013291154109,82.33506271713125,0.3697137494751274,100
0,375,37225,0.3697137494751274,9.73493943295362,71.28668194031104,0.3697137494751274,100
0,376,37324,0.3697137494751274,9.600033996246253,71.47569639260675,0.3697137494751274,100
0,377,37423,0.3697137494751274,14.031792250176865,158.44043321735876,0.3697137494751274,100
0,378,37522,0.3697137494751274,9.763891428475258,89.89620037846973,0.3697137494751274,100
0,379,37621,0.3697137494751274,11.13147844340534,157.88990906830765,0.3697137494751274,100
0,380,37720,0.3697137494751274,11.88475544234176,81.98336540449951,0.3697137494751274,100
0,381,37819,0.3697137494751274,10.792594374391053,75.89985590980379,0.3697137494751274,100
0,382,37918,0.3697137494751274,9.966702575905236,69.22269247765021,0.3697137494751274,100
0,383,38017,0.3697137494751274,8.254037190853683,50.21678212199911,0.3697137494751274,100
0,384,38116,0.3697137494751274,11.37423253361367,122.63212907263939,0.3697137494751274,100
0,385,38215,0.3697137494751274,9.941005440898287,109.34186871036474,0.3697137494751274,100
0,386,38314,0.3697137494751274,12.752803670324793,64.51455294874509,0.3697137494751274,100
0,387,38413,0.3697137494751274,10.754904078196175,94.96024167460662,0.3697137494751274,100
0,388,38512,0.3697137494751274,11.154440447677139,72.38706540195138,0.3697137494751274,100
0,389,38611,0.3697137494751274,13.426653157301724,78.70772550866236,0.3697137494751274,100
0,390,38710,0.3697137494751274,11.306098589067249,99.25796344467594,0.3697137494751274,100
0,391,38809,0.3697137494751274,11.914487330613031,142.24812647640482,0.3697137494751274,100
0,392,38908,0.3697137494751274,10.342730754868116,67.43077920708588,0.3697137494751274,100
0,393,39007,0.3697137494751274,10.564109159356446,74.93495778755363,0.3697137494751274,100
0,394,39106,0.3697137494751274,9.94810455199784,79.86020527968213,0.3697137494751274,100
0,395,39205,0.3697137494751274,12.417806816669652,97.95696792607971,0.3697137494751274,100
0,396,39304,0.3697137494751274,12.761665154697619,138.82732093308394,0.3697137494751274,100
0,397,39403,0.3697137494751274,10.568149475700379,79.02197367070016,0.3697137494751274,100
0,398,39502,0.3697137494751274,9.295881160422248,62.62782332577957,0.3697137494751274,100
0,399,39601,0.3697137494751274,12.196587081990948,85.30955622855359,0.3697137494751274,100
0,400,39700,0.3697137494751274,11.565324944135195,122.32415840194128,0.3697137494751274,100
0,401,39799,0.3697137494751274,12.4821715141981,134.50579759614504,0.3697137494751274,100
0,402,39898,0.3697137494751274,8.635128016149933,49.493618777060256,0.3697137494751274,100
0,403,39997,0.3697137494751274,11.111348062421524,83.28471514868075,0.3697137494751274,100
0,404,40096,0.3697137494751274,10.225390868352223,44.37221453883007,0.3697137494751274,100
0,405,40195,0.3697137494751274,10.866004949007186,108.25242142534428,0.3697137494751274,100
0,406,40294,0.3697137494751274,11.231390628565357,98.88052427332836,0.3697137494751274,100
0,407,40393,0.3697137494751274,14.370987133768047,86.83944878050195,0.3697137494751274,100
0,408,40492,0.3697137494751274,11.68260174668506,116.99387583453777,0.3697137494751274,100
0,409,40591,0.36115379116973373,11.938843734653613,90.71571302515024,0.36115379116973373,100
0,410,40690,0.36115379116973373,11.141358283896587,70.24740875974265,0.36115379116973373,100
0,411,40789,0.36115379116973373,10.085090356319789,71.93126123682303,0.36115379116973373,100
0,412,40888,0.36115379116973373,10.14959036168213,75.59924678392983,0.36115379116973373,100
0,413,40987,0.36115379116973373,11.498316781726423,108.04545031041118,0.36115379116973373,100
0,414,41086,0.36115379116973373,13.14507367508845,76.82404298868416,0.36115379116973373,100
0,415,41185,0.36115379116973373,13.025912319529978,123.33734991372998,0.36115379116973373,100
0,416,41284,0.36115379116973373,11.47968643229053,94.17074750524053,0.36115379116973373,100
0,417,41383,0.36115379116973373,11.750125414461383,114.18255393265864,0.36115379116973373,100
0,418,41482,0.36115379116973373,11.1649080924534,102.55261129729394,0.36115379116973373,100
0,419,41581,0.36115379116973373,14.142434545337322,113.8474809106477,0.36115379116973373,100
0,420,41680,0.36115379116973373,10.29759705671236,58.41042613382378,0.36115379116973373,100
0,421,41779,0.36115379116973373,10.93648109205583,87.50091896464446,0.36115379116973373,100
0,422,41878,0.36115379116973373,10.324675896328502,72.54216690831109,0.36115379116973373,100
0,423,41977,0.36115379116973373,10.293546279919513,93.6636276038549,0.36115379116973373,100
0,424,42076,0.36115379116973373,9.172534375462039,71.80829821164309,0.36115379116973373,100
0,425,42175,0.36115379116973373,9.917127454389082,71.20242326332281,0.36115379116973373,100
0,426,42274,0.36115379116973373,10.053930510437963,83.50412086326769,0.36115379116973373,100
0,427,42373,0.36115379116973373,9.19606501643115,55.10756959305229,0.36115379116973373,100
0,428,42472,0.36115379116973373,10.9465838011323,65.31877524966106,0.36115379116973373,100
0,429,42571,0.36115379116973373,11.80616018613507,91.29233440900195,0.36115379116973373,100
0,430,42670,0.36115379116973373,12.288355977797696,68.64940291474934,0.36115379116973373,100
0,431,42769,0.36115379116973373,11.36323515880612,65.44036676996033,0.36115379116973373,100
0,432,42868,0.36115379116973373,13.313588540638943,82.48010419942419,0.36115379116973373,100
0,433,42967,0.36115379116973373,10.26424237341082,64.36399714989037,0.36115379116973373,100
0,434,43066,0.36115379116973373,11.745201808135613,139.84361992043227,0.36115379116973373,100
0,435,43165,0.36115379116973373,11.588239848457597,75.58935157029738,0.36115379116973373,100
0,436,43264,0.36115379116973373,11.25823492835433,78.68779583630672,0.36115379116973373,100
0,437,43363,0.36115379116973373,13.003393916121478,97.20427637006212,0.36115379116973373,100
0,438,43462,0.36115379116973373,12.426391159722462,114.92753769572185,0.36115379116973373,100
0,439,43561,0.36115379116973373,9.47290696298984,63.728390639721695,0.36115379116973373,100
0,440,43660,0.36115379116973373,9.691961558143428,70.11973881756604,0.36115379116973373,100
0,441,43759,0.36115379116973373,9.498912149881118,69.89679660746322,0.36115379116973373,100
0,442,43858,0.36115379116973373,9.768284766683722,72.58560286054151,0.36115379116973373,100
0,443,43957,0.36115379116973373,9.934082046421336,51.4100916814229,0.36115379116973373,100
0,444,44056,0.36115379116973373,8.209681050882038,85.65074732443121,0.36115379116973373,100
0,445,44155,0.36115379116973373,7.3820199373672715,77.19127636119308,0.36115379116973373,100
0,446,44254,0.36115379116973373,10.029108012687754,89.52894445541142,0.36115379116973373,100
0,447,44353,0.36115379116973373,8.672618202185467,61.226732279323244,0.36115379116973373,100
0,448,44452,0.36115379116973373,10.608349165900655,72.11322821356961,0.36115379116973373,100
0,449,44551,0.36115379116973373,14.26906782662044,98.84175847812932,0.36115379116973373,100
0,450,44650,0.36115379116973373,12.162152983276723,85.68028704291858,0.36115379116973373,100
0,451,44749,0.36115379116973373,14.282876336640511,95.23170414501186,0.36115379116973373,100
0,452,44848,0.36115379116973373,10.819324929661967,67.08450010600899,0.36115379116973373,100
0,453,44947,0.36115379116973373,11.966530620988612,82.76167238137057,0.36115379116973373,100
0,454,45046,0.36115379116973373,14.430952610430696,146.48923976520823,0.36115379116973373,100
0,455,45145,0.36115379116973373,13.365525879773577,102.6297237372172,0.36115379116973373,100
0,456,45244,0.36115379116973373,9.285460815745857,97.79031079862143,0.36115379116973373,100
0,457,45343,0.36115379116973373,10.769407520660229,149.27628298751898,0.36115379116973373,100
0,458,45442,0.36115379116973373,9.267520054157163,90.88392176628516,0.36115379116973373,100
0,459,45541,0.36115379116973373,12.134014921990024,98.46559350001941,0.36115379116973373,100
0,460,45640,0.36115379116973373,10.31288705573328,104.9902259112667,0.36115379116973373,100
0,461,45739,0.36115379116973373,10.23329694952589,104.10949915040187,0.36115379116973373,100
0,462,45838,0.36115379116973373,9.806852491816242,59.85395795389593,0.36115379116973373,100
0,463,45937,0.36115379116973373,11.825961749605263,83.80826668754128,0.36115379116973373,100
0,464,46036,0.36115379116973373,11.991270150032122,98.07524063662576,0.36115379116973373,100
0,465,46135,0.36115379116973373,13.589283178393414,168.42959705355347,0.36115379116973373,100
0,466,46234,0.36115379116973373,12.550324004371811,92.04228181454032,0.36115379116973373,100
0,467,46333,0.36115379116973373,9.41624047879201,74.19217628669327,0.36115379116973373,100
0,468,46432,0.36115379116973373,9.017416285345691,83.48786161669993,0.36115379116973373,100
0,469,46531,0.36115379116973373,11.302708282625504,72.03780866363195,0.36115379116973373,100
0,470,46630,0.36115379116973373,11.148039054848962,77.0615359795548,0.36115379116973373,100
0,471,46729,0.36115379116973373,10.919378950158336,123.98095963564668,0.36115379116973373,100
0,472,46828,0.36115379116973373,11.906363753851144,86.94719634040396,0.36115379116973373,100
0,473,46927,0.36115379116973373,13.062410799691975,94.9320074803225,0.36115379116973373,100
0,474,47026,0.36115379116973373,10.517935158763867,56.056718066709614,0.36115379116973373,100
0,475,47125,0.36115379116973373,11.693205031336333,100.27096589650954,0.36115379116973373,100
0,476,47224,0.36115379116973373,10.541769089136672,68.53000682394698,0.36115379116973373,100
0,477,47323,0.36115379116973373,10.028095750926656,56.218884426280994,0.36115379116973373,100
0,478,47422,0.36115379116973373,14.23467599407524,250.45329290591692,0.36115379116973373,100
0,479,47521,0.36115379116973373,14.473835199471203,101.68228505640613,0.36115379116973373,100
0,480,47620,0.36115379116973373,11.652511305297162,81.76523716645134,0.36115379116973373,100
0,481,47719,0.36115379116973373,9.704471281690752,96.7094533113627,0.36115379116973373,100
0,482,47818,0.36115379116973373,11.718697487508363,63.36007895027481,0.36115379116973373,100
0,483,47917,0.36115379116973373,10.499604471215557,101.07124895273614,0.36115379116973373,100
0,484,48016,0.36115379116973373,12.621801648150985,90.15070491431277,0.36115379116973373,100
0,485,48115,0.36115379116973373,10.328975642498062,65.07623567608098,0.36115379116973373,100
0,486,48214,0.36115379116973373,13.776001541080756,91.82072718440726,0.36115379116973373,100
0,487,48313,0.36115379116973373,12.497623687221049,126.98155162522622,0.36115379116973373,100
0,488,48412,0.36115379116973373,10.947597467575845,85.35427121003751,0.36115379116973373,100
0,489,48511,0.36115379116973373,10.201879689280734,67.53405521424196,0.36115379116973373,100
0,490,48610,0.36115379116973373,11.16855736914047,102.04520554968613,0.36115379116973373,100
0,491,48709,0.36115379116973373,12.043120433094549,101.66142506993386,0.36115379116973373,100
0,492,48808,0.36115379116973373,12.771245001403825,61.098885473002035,0.36115379116973373,100
0,493,48907,0.36115379116973373,11.698868091258364,77.50311669436431,0.36115379116973373,100
0,494,49006,0.36115379116973373,11.867592674975903,96.48082872289321,0.36115379116973373,100
0,495,49105,0.36115379116973373,10.448474548704656,54.32701600562866,0.36115379116973373,100
0,496,49204,0.36115379116973373,10.705239913093715,106.93210249655364,0.36115379116973373,100
0,497,49303,0.36115379116973373,11.761676349557717,129.27647075051448,0.36115379116973373,100
0,498,49402,0.36115379116973373,10.698431944129982,78.26029571645138,0.36115379116973373,100
0,499,49501,0.36115379116973373,12.80024261339784,85.44931523279321,0.36115379116973373,100
0,500,49600,0.36115379116973373,11.749560817851666,57.421322011461776,0.36115379116973373,100
0,501,49699,0.36115379116973373,11.01965692546222,66.90852751619137,0.36115379116973373,100
0,502,49798,0.36115379116973373,11.39762725649805,146.70313078699866,0.36115379116973373,100
0,503,49897,0.36115379116973373,11.779275325092353,84.03009291730682,0.36115379116973373,100
0,504,49996,0.36115379116973373,10.060063927862652,58.86859131316638,0.36115379116973373,100
0,505,50000,0.36115379116973373,8.531999860064689,43.63248255108259,0.36115379116973373,100
1,0,100,93.90916723153865,547.2167634643768,1060.252996170198,93.90916723153865,100
1,1,199,39.725053619781434,254.06033990135117,643.3338076746434,39.725053619781434,100
1,2,298,17.908871842345153,101.6230824121082,484.92380847752685,17.908871842345153,100
1,3,397,3.4116553801459433,46.42907058482747,144.92527265929272,3.4116553801459433,100
1,4,496,3.4116553801459433,28.82129718905951,162.52482522074996,3.4116553801459433,100
1,5,595,3.1778488368847357,21.451881593783853,104.49634186816652,3.1778488368847357,100
1,6,694,3.1778488368847357,17.274715377193257,136.76764386371482,3.1778488368847357,100
1,7,793,1.8940242940666931,14.473745442463787,85.02789266632968,1.8940242940666931,100
1,8,892,0.5914562320753494,15.198182888749402,183.5037005988258,0.5914562320753494,100
1,9,991,0.5914562320753494,15.253362730802515,159.28065076003486,0.5914562320753494,100
1,10,1090,0.5914562320753494,14.90338455238833,126.765832434302,0.5914562320753494,100
1,11,1189,0.5914562320753494,13.337951344639844,83.56546882546289,0.5914562320753494,100
1,12,1288,0.48049720919738603,12.202429970335183,62.196932354430125,0.48049720919738603,100
1,13,1387,0.48049720919738603,10.62161015867134,62.18162008732646,0.48049720919738603,100
1,14,1486,0.48049720919738603,12.67484454988537,72.55913859989708,0.48049720919738603,100
1,15,1585,0.48049720919738603,13.920497988725359,84.22189739827537,0.48049720919738603,100
1,16,1684,0.48049720919738603,12.185338870271849,124.75701311780935,0.48049720919738603,100
1,17,1783,0.48049720919738603,10.496991419219192,75.83468346798146,0.48049720919738603,100
1,18,1882,0.48049720919738603,11.940521950924621,90.162782051486,0.48049720919738603,100
1,19,1981,0.47459421688687387,11.557839757084919,98.63899958488854,0.47459421688687387,100
1,20,2080,0.47459421688687387,11.477802341203015,108.93962169775901,0.47459421688687387,100
1,21,2179,0.47459421688687387,8.945796559053768,76.12981990646831,0.47459421688687387,100
1,22,2278,0.47459421688687387,9.549138792536581,72.44542795152402,0.47459421688687387,100
1,23,2377,0.47459421688687387,9.299393359381634,80.79365069249938,0.47459421688687387,100
1,24,2476,0.47459421688687387,9.502988258858243,60.54450314624159,0.47459421688687387,100
1,25,2575,0.47459421688687387,10.858189640365968,105.57441726016097,0.47459421688687387,100
1,26,2674,0.47459421688687387,10.98036230488741,117.55867372483786,0.47459421688687387,100
1,27,2773,0.47459421688687387,9.067047257902985,120.66862235703172,0.47459421688687387,100
1,28,2872,0.47459421688687387,10.031011475689006,72.36242549420565,0.47459421688687387,100
1,29,2971,0.4650086377814252,10.842631311399439,63.4906723793169,0.4650086377814252,100
1,30,3070,0.4650086377814252,11.300838755011087,87.3022114329486,0.4650086377814252,100
1,31,3169,0.43575767067093313,13.78048572918564,97.4900839613293,0.43575767067093313,100
1,32,3268,0.43575767067093313,10.39889993378244,73.86875416511062,0.43575767067093313,100
1,33,3367,0.43575767067093313,11.876020912010615,80.74435854461846,0.43575767067093313,100
1,34,3466,0.43575767067093313,11.531314335328307,78.96769609737822,0.43575767067093313,100
1,35,3565,0.43575767067093313,11.828680712256105,79.74189888867451,0.43575767067093313,100
1,36,3664,0.43575767067093313,11.809682930636328,86.27130583561423,0.43575767067093313,100
1,37,3763,0.43575767067093313,12.992727462329013,138.16598068427376,0.43575767067093313,100
1,38,3862,0.43575767067093313,12.41354869838024,87.11961727445497,0.43575767067093313,100
1,39,3961,0.43575767067093313,11.534984441391684,107.76834672689581,0.43575767067093313,100
1,40,4060,0.4081269527828387,11.364781977687041,138.6940056132736,0.4081269527828387,100
1,41,4159,0.4081269527828387,10.613824269838396,67.77148334158531,0.4081269527828387,100
1,42,4258,0.4081269527828387,11.191907474119171,95.77846712931003,0.4081269527828387,100
1,43,4357,0.4081269527828387,11.142164246418321,141.28940432897662,0.4081269527828387,100
1,44,4456,0.4081269527828387,12.204654152347848,78.9266716205259,0.4081269527828387,100
1,45,4555,0.4081269527828387,11.407849417918785,86.0258478834898,0.4081269527828387,100
1,46,4654,0.4081269527828387,11.657614028856926,95.19397622431781,0.4081269527828387,100
1,47,4753,0.34941854395992394,11.976512104778864,101.20742264114689,0.34941854395992394,100
1,48,4852,0.34941854395992394,8.354865876087837,56.65580527860484,0.34941854395992394,100
1,49,4951,0.34941854395992394,7.623582341783263,53.92827717666242,0.34941854395992394,100
1,50,5050,0.34941854395992394,10.379080591591121,112.99971072545839,0.34941854395992394,100
1,51,5149,0.34941854395992394,11.318645169810665,70.296493153561,0.34941854395992394,100
1,52,5248,0.34941854395992394,9.800195355148498,65.8292599830794,0.34941854395992394,100
1,53,5347,0.34941854395992394,13.313318673354134,99.0089963981523,0.34941854395992394,100
1,54,5446,0.34941854395992394,11.014806199326092,70.85611879752412,0.34941854395992394,100
1,55,5545,0.3399865607735757,13.172791496426374,81.53011477726143,0.3399865607735757,100
1,56,5644,0.3399865607735757,10.256945905258517,74.20844773029343,0.3399865607735757,100
1,57,5743,0.3399865607735757,12.740682779780535,78.9613582419496,0.3399865607735757,100
1,58,5842,0.3399865607735757,9.881283080845838,77.02997264237773,0.3399865607735757,100
1,59,5941,0.3399865607735757,10.757376698342851,139.85356125901305,0.3399865607735757,100
1,60,6040,0.3399865607735757,12.358613227934876,122.94981440616233,0.3399865607735757,100
1,61,6139,0.3399865607735757,14.979597336243181,117.86382254655095,0.3399865607735757,100
1,62,6238,0.3399865607735757,11.991728016875634,87.10937676431675,0.3399865607735757,100
1,63,6337,0.3399865607735757,9.097550385378705,62.67417897132466,0.3399865607735757,100
1,64,6436,0.3399865607735757,10.75267419635682,135.75750179025874,0.3399865607735757,100
1,65,6535,0.3399865607735757,10.287567686453718,57.1277787742695,0.3399865607735757,100
1,66,6634,0.3399865607735757,14.548157619040103,123.71524346767833,0.3399865607735757,100
1,67,6733,0.3399865607735757,12.472899995585776,85.99099053094001,0.3399865607735757,100
1,68,6832,0.3399865607735757,12.969246923709573,80.44337039656224,0.3399865607735757,100
1,69,6931,0.3399865607735757,10.485798983254725,86.10423412884211,0.3399865607735757,100
1,70,7030,0.3399865607735757,12.171343846970288,83.04983145456217,0.3399865607735757,100
1,71,7129,0.3399865607735757,15.731742413922454,110.48038419593499,0.3399865607735757,100
1,72,7228,0.3399865607735757,12.939211444851871,105.10906598543761,0.3399865607735757,100
1,73,7327,0.3399865607735757,10.068858178618571,57.27792058987969,0.3399865607735757,100
1,74,7426,0.3399865607735757,10.4929375639619,69.51995338220918,0.3399865607735757,100
1,75,7525,0.3399865607735757,13.359894789793719,117.91211463858696,0.3399865607735757,100
1,76,7624,0.3399865607735757,10.323277017512705,87.80685187300168,0.3399865607735757,100
1,77,7723,0.3399865607735757,11.768308547863763,120.53881533940906,0.3399865607735757,100
1,78,7822,0.3399865607735757,9.195723633285375,58.48984297289156,0.3399865607735757,100
1,79,7921,0.3399865607735757,11.486360785042502,109.92845240362965,0.3399865607735757,100
1,80,8020,0.3399865607735757,11.631769259734988,92.63599731864781,0.3399865607735757,100
1,81,8119,0.3399865607735757,12.677489510727387,111.32839334396068,0.3399865607735757,100
1,82,8218,0.3399865607735757,12.74848754287334,90.84986434258326,0.3399865607735757,100
1,83,8317,0.3399865607735757,12.370489142442732,68.89180050154934,0.3399865607735757,100
1,84,8416,0.3399865607735757,11.662835217420259,98.79345307714568,0.3399865607735757,100
1,85,8515,0.3399865607735757,16.24719210428605,107.46504092227133,0.3399865607735757,100
1,86,8614,0.3399865607735757,15.075616547849883,100.11506923239551,0.3399865607735757,100
1,87,8713,0.3399865607735757,12.995155723482235,104.59307561429793,0.3399865607735757,100
1,88,8812,0.3399865607735757,10.521706201007134,89.82048941115654,0.3399865607735757,100
1,89,8911,0.3399865607735757,11.28220044047496,103.76451704441098,0.3399865607735757,100
1,90,9010,0.3399865607735757,13.630665263862666,105.37701631032175,0.3399865607735757,100
1,91,9109,0.3399865607735757,12.233968779871331,113.21304568027634,0.3399865607735757,100
1,92,9208,0.3399865607735757,12.758975363476168,145.25894796137845,0.3399865607735757,100
1,93,9307,0.3399865607735757,11.627468373417663,85.70239888093103,0.3399865607735757,100
1,94,9406,0.3399865607735757,10.29567563229301,70.13201376304438,0.3399865607735757,100
1,95,9505,0.3399865607735757,14.375331217923742,111.48381906157854,0.3399865607735757,100
1,96,9604,0.3399865607735757,15.747617148785913,133.01134783516375,0.3399865607735757,100
1,97,9703,0.3399865607735757,12.348827726433438,94.74016414410045,0.3399865607735757,100
1,98,9802,0.3399865607735757,9.915295077808064,78.12194630939403,0.3399865607735757,100
1,99,9901,0.3399865607735757,10.671116435565018,119.7039377028597,0.3399865607735757,100
1,100,10000,0.3399865607735757,11.157445403991833,97.18357113054373,0.3399865607735757,100
1,101,10099,0.3399865607735757,10.932465852668786,66.24919986240859,0.3399865607735757,100
1,102,10198,0.3399865607735757,9.344194274183169,104.68702862884031,0.3399865607735757,100
1,103,10297,0.3399865607735757,10.662987750398777,77.62727358149314,0.3399865607735757,100
1,104,10396,0.3399865607735757,10.964589169972248,89.16823684278363,0.3399865607735757,100
1,105,10495,0.3399865607735757,9.713409744483867,52.8643007916057,0.3399865607735757,100
1,106,10594,0.3399865607735757,9.433899838813446,101.13886179707227,0.3399865607735757,100
1,107,10693,0.3399865607735757,11.566716403211064,91.80499025626143,0.3399865607735757,100
1,108,10792,0.3399865607735757,12.219961733660899,113.39424475075698,0.3399865607735757,100
1,109,10891,0.3399865607735757,13.341583825449009,53.62930987721146,0.3399865607735757,100
1,110,10990,0.3399865607735757,11.286654403676275,92.42505110124358,0.3399865607735757,100
1,111,11089,0.3399865607735757,12.707347005485808,110.33036477435247,0.3399865607735757,100
1,112,11188,0.3399865607735757,12.181932803056094,112.33439459138457,0.3399865607735757,100
1,113,11287,0.3399865607735757,9.708644932111309,66.54646385471946,0.3399865607735757,100
1,114,11386,0.3399865607735757,9.036459338070399,91.53387313205675,0.3399865607735757,100
1,115,11485,0.3399865607735757,11.799771923058337,86.45578841814944,0.3399865607735757,100
1,116,11584,0.3399865607735757,8.12134288533955,61.69225757120208,0.3399865607735757,100
1,117,11683,0.3399865607735757,11.192674295627407,89.95342358666359,0.3399865607735757,100
1,118,11782,0.3399865607735757,9.105381222409754,99.19290826915675,0.3399865607735757,100
1,119,11881,0.3399865607735757,13.242867107683852,147.75759874549507,0.3399865607735757,100
1,120,11980,0.3399865607735757,13.367956621294002,79.15716967233396,0.3399865607735757,100
1,121,12079,0.3399865607735757,12.727748691998748,89.87084565767724,0.3399865607735757,100
1,122,12178,0.3399865607735757,9.122057090601594,52.826294710284024,0.3399865607735757,100
1,123,12277,0.3399865607735757,7.314713522037022,44.234799002588744,0.3399865607735757,100
1,124,12376,0.3399865607735757,11.380789380823478,64.98618444993829,0.3399865607735757,100
1,125,12475,0.3399865607735757,13.230573061420433,115.7700094188169,0.3399865607735757,100
1,126,12574,0.3399865607735757,11.902409145829965,144.10077089938528,0.3399865607735757,100
1,127,12673,0.3399865607735757,13.763289402940673,83.65630814675923,0.3399865607735757,100
1,128,12772,0.3399865607735757,12.578017916479507,63.12023455338112,0.3399865607735757,100
1,129,12871,0.3399865607735757,12.707419077379887,105.90143359834894,0.3399865607735757,100
1,130,12970,0.3399865607735757,12.569949725924328,71.26038547606207,0.3399865607735757,100
1,131,13069,0.3399865607735757,12.435923935817387,135.84462427971005,0.3399865607735757,100
1,132,13168,0.3399865607735757,10.942277421424432,88.82285817040594,0.3399865607735757,100
1,133,13267,0.3399865607735757,15.637100072262944,99.74606096538136,0.3399865607735757,100
1,134,13366,0.3399865607735757,9.969242600341309,74.60921121311799,0.3399865607735757,100
1,135,13465,0.3399865607735757,10.296497592964535,75.18979397301253,0.3399865607735757,100
1,136,13564,0.3399865607735757,11.974388926178975,109.63726480498535,0.3399865607735757,100
1,137,13663,0.3399865607735757,10.821841318447598,138.60547448566035,0.3399865607735757,100
1,138,13762,0.3399865607735757,9.18933906910799,125.54037104526834,0.3399865607735757,100
1,139,13861,0.3399865607735757,9.982151324145711,94.3580650839915,0.3399865607735757,100
1,140,13960,0.3399865607735757,11.090691489940168,100.95464591682178,0.3399865607735757,100
1,141,14059,0.3399865607735757,9.945797414548577,72.62137966701204,0.3399865607735757,100
1,142,14158,0.3399865607735757,10.729984659222515,84.97659115799769,0.3399865607735757,100
1,143,14257,0.3399865607735757,9.789548241215241,127.87930440583428,0.3399865607735757,100
1,144,14356,0.3399865607735757,11.175220752626881,125.93147392888542,0.3399865607735757,100
1,145,14455,0.3399865607735757,9.881377808470402,60.78111650667493,0.3399865607735757,100
1,146,14554,0.3399865607735757,8.713827819764838,59.36318991176487,0.3399865607735757,100
1,147,14653,0.3399865607735757,10.365839549699112,102.02365895973807,0.3399865607735757,100
1,148,14752,0.3399865607735757,11.19796408826244,141.66351656933134,0.3399865607735757,100
1,149,14851,0.3399865607735757,13.180615565597106,97.04597599010285,0.3399865607735757,100
1,150,14950,0.3399865607735757,11.275728380095003,100.25569799146233,0.3399865607735757,100
1,151,15049,0.3399865607735757,8.572984010281598,52.21100493743296,0.3399865607735757,100
1,152,15148,0.3399865607735757,11.383218766901571,87.98653060422811,0.3399865607735757,100
1,153,15247,0.3399865607735757,6.9362272959740325,49.480489074524684,0.3399865607735757,100
1,154,15346,0.3399865607735757,12.861662420736616,152.61892654561404,0.3399865607735757,100
1,155,15445,0.3399865607735757,12.359557304417997,122.14766656816148,0.3399865607735757,100
1,156,15544,0.3399865607735757,9.3452131890148,75.86408663928559,0.3399865607735757,100
1,157,15643,0.3399865607735757,13.620404727683137,125.15323942420424,0.3399865607735757,100
1,158,15742,0.3399865607735757,12.334317635277266,81.62097852656647,0.3399865607735757,100
1,159,15841,0.3399865607735757,12.250888719417619,125.60430954842435,0.3399865607735757,100
1,160,15940,0.3399865607735757,12.18953308739532,141.44336710766885,0.3399865607735757,100
1,161,16039,0.3399865607735757,10.273777916919187,71.27920033826429,0.3399865607735757,100
1,162,16138,0.3399865607735757,11.347409407898272,93.15914618873352,0.3399865607735757,100
1,163,16237,0.3399865607735757,13.735291763318019,79.24371249173063,0.3399865607735757,100
1,164,16336,0.3399865607735757,9.853439633849082,91.15650244670863,0.3399865607735757,100
1,165,16435,0.3399865607735757,11.697260940953662,69.26968881295765,0.3399865607735757,100
1,166,16534,0.3399865607735757,10.924546698760869,115.36442281360046,0.3399865607735757,100
1,167,16633,0.3399865607735757,9.883388614206876,97.35127993327794,0.3399865607735757,100
1,168,16732,0.3399865607735757,13.54784831576253,164.33481862114195,0.3399865607735757,100
1,169,16831,0.3399865607735757,9.137048366308028,63.355974237422345,0.3399865607735757,100
1,170,16930,0.3399865607735757,11.456996139304504,67.73560618112083,0.3399865607735757,100
1,171,17029,0.3399865607735757,11.695109431709819,73.6776668401983,0.3399865607735757,100
1,172,17128,0.3399865607735757,9.997553983519255,121.84739371963582,0.3399865607735757,100
1,173,17227,0.3399865607735757,8.463508820289894,66.35890621130415,0.3399865607735757,100
1,174,17326,0.3399865607735757,11.119265416322575,118.87972690432447,0.3399865607735757,100
1,175,17425,0.3399865607735757,10.092061908155168,63.563069104146685,0.3399865607735757,100
1,176,17524,0.3399865607735757,15.189278380809508,81.06291268093696,0.3399865607735757,100
1,177,17623,0.3399865607735757,11.226799676363289,56.20219654885473,0.3399865607735757,100
1,178,17722,0.3399865607735757,10.178582501944913,59.470430817426546,0.3399865607735757,100
1,179,17821,0.3399865607735757,10.900591994402866,108.15945213916515,0.3399865607735757,100
1,180,17920,0.3399865607735757,11.854232802960457,81.16211362578643,0.3399865607735757,100
1,181,18019,0.3399865607735757,11.161522372982882,110.95875610426724,0.3399865607735757,100
1,182,18118,0.3399865607735757,9.68732190968504,96.53187812242307,0.3399865607735757,100
1,183,18217,0.3399865607735757,9.725222850125311,82.34524030232203,0.3399865607735757,100
1,184,18316,0.3399865607735757,9.412909285934447,56.6393358020932,0.3399865607735757,100
1,185,18415,0.3399865607735757,10.920578921950739,85.36224351465138,0.3399865607735757,100
1,186,18514,0.3399865607735757,11.295830641231088,90.97872565192286,0.3399865607735757,100
1,187,18613,0.3399865607735757,14.27712438978757,88.39537123368981,0.3399865607735757,100
1,188,18712,0.3399865607735757,12.6889817457857,77.85035040803164,0.3399865607735757,100
1,189,18811,0.3399865607735757,11.626473961947156,87.10484398082048,0.3399865607735757,100
1,190,18910,0.3399865607735757,12.855631134004657,120.55546506571511,0.3399865607735757,100
1,191,19009,0.3399865607735757,10.766104424404158,66.30473423913865,0.3399865607735757,100
1,192,19108,0.3399865607735757,12.598924857653305,68.37408830219744,0.3399865607735757,100
1,193,19207,0.3399865607735757,15.325567801065583,101.80068071566998,0.3399865607735757,100
1,194,19306,0.2977197444830845,11.629435945663399,59.2522152630643,0.2977197444830845,100
1,195,19405,0.2977197444830845,11.689527264848756,63.875751359915725,0.2977197444830845,100
1,196,19504,0.2977197444830845,10.709029847505922,56.94671734574316,0.2977197444830845,100
1,197,19603,0.2977197444830845,10.839703541443841,74.59756741937055,0.2977197444830845,100
1,198,19702,0.2977197444830845,9.53075450740706,69.26369405312613,0.2977197444830845,100
1,199,19801,0.2977197444830845,9.277314732646305,45.62651122707533,0.2977197444830845,100
1,200,19900,0.2977197444830845,10.764800460386297,80.58869766880179,0.2977197444830845,100
1,201,19999,0.2977197444830845,10.748764909863347,141.9465509065272,0.2977197444830845,100
1,202,20098,0.2977197444830845,9.821903908325723,54.742392073697744,0.2977197444830845,100
1,203,20197,0.2977197444830845,9.643918658154014,89.88455420628718,0.2977197444830845,100
1,204,20296,0.2977197444830845,8.013559281564909,50.388432033707744,0.2977197444830845,100
1,205,20395,0.2977197444830845,12.387391784814199,102.11809965393051,0.2977197444830845,100
1,206,20494,0.2977197444830845,11.014043458129988,75.01163553474079,0.2977197444830845,100
1,207,20593,0.2977197444830845,11.874696383596952,93.88866433097172,0.2977197444830845,100
1,208,20692,0.2977197444830845,14.433956237213653,113.98510509508336,0.2977197444830845,100
1,209,20791,0.2977197444830845,13.783592744014538,88.74064056270515,0.2977197444830845,100
1,210,20890,0.2977197444830845,10.0464866203172,67.87944181121237,0.2977197444830845,100
1,211,20989,0.2977197444830845,8.747314606410791,56.714356673374944,0.2977197444830845,100
1,212,21088,0.2977197444830845,12.674357875654946,97.52626211269029,0.2977197444830845,100
1,213,21187,0.2977197444830845,10.204320346563138,65.01533133047603,0.2977197444830845,100
1,214,21286,0.2977197444830845,12.523166923430257,89.39564924540662,0.2977197444830845,100
1,215,21385,0.2977197444830845,12.194305069246719,80.61663242656469,0.2977197444830845,100
1,216,21484,0.2977197444830845,13.345104277667026,79.13598606437573,0.2977197444830845,100
1,217,21583,0.2977197444830845,10.705016410415265,86.10543874526023,0.2977197444830845,100
1,218,21682,0.2977197444830845,9.518924997378756,97.00919230525157,0.2977197444830845,100
1,219,21781,0.2977197444830845,12.131210207302459,125.33587103471442,0.2977197444830845,100
1,220,21880,0.2977197444830845,10.476403964424101,60.860302220334034,0.2977197444830845,100
1,221,21979,0.2977197444830845,8.604409981778682,86.70798280949788,0.2977197444830845,100
1,222,22078,0.2977197444830845,11.392042927562526,72.50289091300863,0.2977197444830845,100
1,223,22177,0.2977197444830845,10.946089722995994,86.85933365656969,0.2977197444830845,100
1,224,22276,0.2977197444830845,10.470196078363514,53.59702625637031,0.2977197444830845,100
1,225,22375,0.2977197444830845,12.368263663778945,76.20549426882499,0.2977197444830845,100
1,226,22474,0.2977197444830845,12.684596034085635,88.50458082769515,0.2977197444830845,100
1,227,22573,0.2977197444830845,11.426118241800808,112.55133967413528,0.2977197444830845,100
1,228,22672,0.2977197444830845,13.419951678012191,86.30247632681157,0.2977197444830845,100
1,229,22771,0.2977197444830845,9.903485904570813,76.97608615611762,0.2977197444830845,100
1,230,22870,0.2977197444830845,8.876806963302162,61.13066684637533,0.2977197444830845,100
1,231,22969,0.2977197444830845,12.088230037291932,140.882590501338,0.2977197444830845,100
1,232,23068,0.2977197444830845,13.078429554970878,80.86647241262456,0.2977197444830845,100
1,233,23167,0.2977197444830845,9.990983660764417,111.19339871478016,0.2977197444830845,100
1,234,23266,0.2977197444830845,8.459570600006424,85.89136310042035,0.2977197444830845,100
1,235,23365,0.2977197444830845,11.071762915330021,84.08724655161666,0.2977197444830845,100
1,236,23464,0.2977197444830845,12.520604297531554,76.72234080520266,0.2977197444830845,100
1,237,23563,0.2977197444830845,11.85771719531818,80.11327402036044,0.2977197444830845,100
1,238,23662,0.2977197444830845,12.14427919983557,124.74248655226944,0.2977197444830845,100
1,239,23761,0.2977197444830845,12.299242069116929,64.84792797087134,0.2977197444830845,100
1,240,23860,0.2977197444830845,10.396124925424097,68.12457818124963,0.2977197444830845,100
1,241,23959,0.2977197444830845,11.28740336815759,90.0179894230547,0.2977197444830845,100
1,242,24058,0.2977197444830845,14.072124358114095,126.85308254431719,0.2977197444830845,100
1,243,24157,0.2977197444830845,11.186375080417431,68.20434792743967,0.2977197444830845,100
1,244,24256,0.2977197444830845,11.19953808887074,137.1355382628258,0.2977197444830845,100
1,245,24355,0.2977197444830845,8.574203363399768,75.49421203441058,0.2977197444830845,100
1,246,24454,0.2977197444830845,8.28249929248759,107.4948515083087,0.2977197444830845,100
1,247,24553,0.2977197444830845,9.450272749165068,89.01537528028474,0.2977197444830845,100
1,248,24652,0.2977197444830845,10.977885004663488,112.38602225718346,0.2977197444830845,100
1,249,24751,0.2977197444830845,11.953830964944496,58.17374938279306,0.2977197444830845,100
1,250,24850,0.2977197444830845,11.429218213149996,112.66350221311896,0.2977197444830845,100
1,251,24949,0.2977197444830845,10.947629626155054,71.05642041071263,0.2977197444830845,100
1,252,25048,0.2977197444830845,12.686428175128865,109.4294293369853,0.2977197444830845,100
1,253,25147,0.2977197444830845,16.49165327708464,161.7838305822948,0.2977197444830845,100
1,254,25246,0.2977197444830845,11.92620137688193,69.45717486351074,0.2977197444830845,100
1,255,25345,0.2977197444830845,12.240339864685648,122.61653271776794,0.2977197444830845,100
1,256,25444,0.2977197444830845,10.00773355182447,79.57390700125893,0.2977197444830845,100
1,257,25543,0.2977197444830845,13.214624295487452,91.54618234990075,0.2977197444830845,100
1,258,25642,0.2977197444830845,10.032577800981224,66.70820496578494,0.2977197444830845,100
1,259,25741,0.2977197444830845,10.485917859490842,54.72692370634873,0.2977197444830845,100
1,260,25840,0.2977197444830845,12.712476527684316,136.78475031623404,0.2977197444830845,100
1,261,25939,0.2977197444830845,13.694039173158357,95.07752645944495,0.2977197444830845,100
1,262,26038,0.2977197444830845,11.52134518240663,53.80088694256647,0.2977197444830845,100
1,263,26137,0.2977197444830845,17.205795436479864,167.03869704335216,0.2977197444830845,100
1,264,26236,0.2977197444830845,13.752945761649217,84.60540233662479,0.2977197444830845,100
1,265,26335,0.2977197444830845,11.679481576393886,126.53754074028133,0.2977197444830845,100
1,266,26434,0.2977197444830845,7.3048201556316394,72.74676796301361,0.2977197444830845,100
1,267,26533,0.2977197444830845,9.797174531406046,86.75177915972156,0.2977197444830845,100
1,268,26632,0.2977197444830845,8.786065988920555,92.79815802154583,0.2977197444830845,100
1,269,26731,0.2977197444830845,11.194974177122075,95.66619778896366,0.2977197444830845,100
1,270,26830,0.2977197444830845,7.895331653260883,76.10986539575514,0.2977197444830845,100
1,271,26929,0.2977197444830845,9.082866104257194,57.28534700878404,0.2977197444830845,100
1,272,27028,0.2977197444830845,10.014324056217669,88.1624153070798,0.2977197444830845,100
1,273,27127,0.2977197444830845,14.416606182017269,63.69371110056575,0.2977197444830845,100
1,274,27226,0.2977197444830845,12.110246471340082,76.1453539535884,0.2977197444830845,100
1,275,27325,0.2977197444830845,11.771841714706916,66.712365696571,0.2977197444830845,100
1,276,27424,0.2977197444830845,7.797084668301552,55.50171437255163,0.2977197444830845,100
1,277,27523,0.2977197444830845,13.598280281859422,140.29824275236064,0.2977197444830845,100
1,278,27622,0.2977197444830845,10.340235234562902,76.46081142356537,0.2977197444830845,100
1,279,27721,0.2977197444830845,11.46338374195926,112.0783756718732,0.2977197444830845,100
1,280,27820,0.2977197444830845,10.986596500997711,119.03449728093636,0.2977197444830845,100
1,281,27919,0.2977197444830845,14.929371063402574,154.37884084355966,0.2977197444830845,100
1,282,28018,0.2977197444830845,11.40184732114789,100.76542430254963,0.2977197444830845,100
1,283,28117,0.2977197444830845,12.621921936306359,66.44423905666198,0.2977197444830845,100
1,284,28216,0.2977197444830845,11.752084408181434,118.8013198803032,0.2977197444830845,100
1,285,28315,0.2977197444830845,12.175728155041575,96.77458392024305,0.2977197444830845,100
1,286,28414,0.2977197444830845,12.987762751729397,152.12697403006385,0.2977197444830845,100
1,287,28513,0.2977197444830845,10.184073690568306,72.51133832034883,0.2977197444830845,100
1,288,28612,0.2977197444830845,12.326511940458039,162.32231216455702,0.2977197444830845,100
1,289,28711,0.2977197444830845,11.326242568215289,90.62206086088204,0.2977197444830845,100
1,290,28810,0.2977197444830845,14.107656276109251,95.48148742029446,0.2977197444830845,100
1,291,28909,0.2977197444830845,14.289547151008858,121.6142588315494,0.2977197444830845,100
1,292,29008,0.2977197444830845,12.251436280189756,103.38865990659569,0.2977197444830845,100
1,293,29107,0.2977197444830845,9.782051549331838,71.88957772692733,0.2977197444830845,100
1,294,29206,0.2977197444830845,10.339835984314682,90.5640219855647,0.2977197444830845,100
1,295,29305,0.2977197444830845,10.259105536538017,96.49254211567235,0.2977197444830845,100
1,296,29404,0.2977197444830845,10.758709180992277,100.68417327438793,0.2977197444830845,100
1,297,29503,0.2977197444830845,12.170204221744166,76.51053827949477,0.2977197444830845,100
1,298,29602,0.2977197444830845,10.951839406903389,92.81591575716939,0.2977197444830845,100
1,299,29701,0.2977197444830845,14.165532325074588,118.11943247398291,0.2977197444830845,100
1,300,29800,0.2977197444830845,12.94472422875228,80.18601659650831,0.2977197444830845,100
1,301,29899,0.2977197444830845,12.726516548322754,81.40527417114126,0.2977197444830845,100
1,302,29998,0.2977197444830845,11.187976664753158,86.74563641859415,0.2977197444830845,100
1,303,30097,0.2977197444830845,9.114208854635569,60.68393814568551,0.2977197444830845,100
1,304,30196,0.2977197444830845,11.435280211477084,91.23298572389652,0.2977197444830845,100
1,305,30295,0.2977197444830845,12.605838785503982,78.6503520796364,0.2977197444830845,100
1,306,30394,0.2977197444830845,9.120655207111911,74.50608248548428,0.2977197444830845,100
1,307,30493,0.2715022724461468,13.29558271754113,93.94342117673081,0.2715022724461468,100
1,308,30592,0.2715022724461468,12.861284359439512,113.48204604166449,0.2715022724461468,100
1,309,30691,0.2715022724461468,10.521670305473702,68.62824732442462,0.2715022724461468,100
1,310,30790,0.2715022724461468,10.401858313823931,55.4200896680663,0.2715022724461468,100
1,311,30889,0.2715022724461468,10.14323460229977,70.53768142960807,0.2715022724461468,100
1,312,30988,0.2715022724461468,9.765653671093268,57.766195377719306,0.2715022724461468,100
1,313,31087,0.2715022724461468,8.744154016375896,73.68054038599495,0.2715022724461468,100
1,314,31186,0.2715022724461468,13.451519077341226,78.57535566858893,0.2715022724461468,100
1,315,31285,0.2715022724461468,12.711342723889265,86.59680200950562,0.2715022724461468,100
1,316,31384,0.2715022724461468,14.150680706138603,125.06124883306356,0.2715022724461468,100
1,317,31483,0.2715022724461468,9.95561988705401,75.52705439722534,0.2715022724461468,100
1,318,31582,0.2715022724461468,11.20376840817316,110.88346989115082,0.2715022724461468,100
1,319,31681,0.2715022724461468,11.21926721695843,81.780195211268,0.2715022724461468,100
1,320,31780,0.2715022724461468,14.7966643319598,129.65397377402763,0.2715022724461468,100
1,321,31879,0.2715022724461468,9.484380614575475,81.40953005046343,0.2715022724461468,100
1,322,31978,0.2715022724461468,13.350195887138403,93.21121038670485,0.2715022724461468,100
1,323,32077,0.2715022724461468,11.456175295948345,113.25720949775562,0.2715022724461468,100
1,324,32176,0.2715022724461468,9.50880042177292,138.69608774324755,0.2715022724461468,100
1,325,32275,0.2715022724461468,7.7714879539810955,56.547148766548744,0.2715022724461468,100
1,326,32374,0.2715022724461468,11.369072463842565,150.89677432763665,0.2715022724461468,100
1,327,32473,0.2715022724461468,9.965467633538957,72.16923414695049,0.2715022724461468,100
1,328,32572,0.2715022724461468,8.355215438035321,80.51039149872602,0.2715022724461468,100
1,329,32671,0.2715022724461468,11.787857542920117,71.90683662299733,0.2715022724461468,100
1,330,32770,0.2715022724461468,12.492823230235292,183.31614323446485,0.2715022724461468,100
1,331,32869,0.2715022724461468,10.255212206278577,94.23038353864919,0.2715022724461468,100
1,332,32968,0.2715022724461468,12.062368588952758,70.48548893664845,0.2715022724461468,100
1,333,33067,0.2715022724461468,12.41844729035661,100.3258638662058,0.2715022724461468,100
1,334,33166,0.2715022724461468,14.502272537480184,115.65286314036561,0.2715022724461468,100
1,335,33265,0.2715022724461468,15.260480123095926,86.34172512801126,0.2715022724461468,100
1,336,33364,0.2715022724461468,14.711399268100017,118.76407164633879,0.2715022724461468,100
1,337,33463,0.2715022724461468,9.8006749606169,97.67211064715096,0.2715022724461468,100
1,338,33562,0.2715022724461468,10.196224253000734,84.08144539959069,0.2715022724461468,100
1,339,33661,0.2715022724461468,11.62182542278497,100.92452090389816,0.2715022724461468,100
1,340,33760,0.2715022724461468,7.76558354499344,70.53234191706073,0.2715022724461468,100
1,341,33859,0.2715022724461468,9.993575867291398,64.07349647667164,0.2715022724461468,100
1,342,33958,0.2715022724461468,11.398585911371528,87.78701778703615,0.2715022724461468,100
1,343,34057,0.2715022724461468,12.852378234907796,91.22492448495309,0.2715022724461468,100
1,344,34156,0.2715022724461468,12.48456649220583,84.22621023662393,0.2715022724461468,100
1,345,34255,0.2715022724461468,12.210098817654782,174.99322640692571,0.2715022724461468,100
1,346,34354,0.2715022724461468,11.84060190166685,67.81469173299864,0.2715022724461468,100
1,347,34453,0.2715022724461468,11.255762511236444,95.35796492964317,0.2715022724461468,100
1,348,34552,0.2715022724461468,11.680427703383542,79.4158123434654,0.2715022724461468,100
1,349,34651,0.2715022724461468,13.85624048918854,109.57014526038189,0.2715022724461468,100
1,350,34750,0.2715022724461468,13.872767437209259,119.59240897458294,0.2715022724461468,100
1,351,34849,0.2715022724461468,12.311352645348732,73.61233136722134,0.2715022724461468,100
1,352,34948,0.2715022724461468,10.683899615656962,113.44982004185856,0.2715022724461468,100
1,353,35047,0.2715022724461468,11.261180809402417,116.09441328188468,0.2715022724461468,100
1,354,35146,0.2715022724461468,9.528634690226127,91.16857313973307,0.2715022724461468,100
1,355,35245,0.2715022724461468,9.843876044714532,76.69854208952019,0.2715022724461468,100
1,356,35344,0.2715022724461468,11.99741320108209,72.56374028920183,0.2715022724461468,100
1,357,35443,0.2715022724461468,8.5414511014527,61.388383506453316,0.2715022724461468,100
1,358,35542,0.2715022724461468,10.006162631947962,53.170986979897805,0.2715022724461468,100
1,359,35641,0.2715022724461468,8.675642781603964,63.34200578030474,0.2715022724461468,100
1,360,35740,0.2715022724461468,11.300848869727579,102.93863909022504,0.2715022724461468,100
1,361,35839,0.2715022724461468,10.583841916233343,105.55187992540769,0.2715022724461468,100
1,362,35938,0.2715022724461468,13.990399770639778,97.4102958742795,0.2715022724461468,100
1,363,36037,0.2715022724461468,11.334705329964516,77.98227712099765,0.2715022724461468,100
1,364,36136,0.2715022724461468,14.460157479079484,84.01114657473924,0.2715022724461468,100
1,365,36235,0.2715022724461468,13.299684348867826,76.83946399666264,0.2715022724461468,100
1,366,36334,0.2715022724461468,12.577385743358857,90.6314316624232,0.2715022724461468,100
1,367,36433,0.2715022724461468,10.95462724579662,154.5403165377632,0.2715022724461468,100
1,368,36532,0.2715022724461468,12.455795549310967,69.80341494083731,0.2715022724461468,100
1,369,36631,0.2715022724461468,12.082849037472574,91.85938659117609,0.2715022724461468,100
1,370,36730,0.2715022724461468,13.772730227118759,145.87569737299125,0.2715022724461468,100
1,371,36829,0.2715022724461468,12.302231913554952,81.26211248874436,0.2715022724461468,100
1,372,36928,0.2715022724461468,10.251594972999273,63.68967146911123,0.2715022724461468,100
1,373,37027,0.2715022724461468,11.181347471027793,84.04902766354293,0.2715022724461468,100
1,374,37126,0.2715022724461468,12.711863832083736,99.5411209929291,0.2715022724461468,100
1,375,37225,0.2715022724461468,10.584387453915896,90.40685071909871,0.2715022724461468,100
1,376,37324,0.2715022724461468,12.613679920335233,112.0440060269236,0.2715022724461468,100
1,377,37423,0.2715022724461468,10.955905864458943,89.09797185705088,0.2715022724461468,100
1,378,37522,0.2715022724461468,10.226532952168325,74.74685307320233,0.2715022724461468,100
1,379,37621,0.2715022724461468,11.27048830393139,106.43623371439989,0.2715022724461468,100
1,380,37720,0.2715022724461468,11.14843097222534,90.45981951107262,0.2715022724461468,100
1,381,37819,0.2715022724461468,12.741565642926568,181.8138326378453,0.2715022724461468,100
1,382,37918,0.2715022724461468,11.120673862685367,83.26080879699643,0.2715022724461468,100
1,383,38017,0.2715022724461468,13.021238039332552,109.01596752208455,0.2715022724461468,100
1,384,38116,0.2715022724461468,9.923897667417197,81.90004602172223,0.2715022724461468,100
1,385,38215,0.2715022724461468,11.78202138646664,69.59658244959962,0.2715022724461468,100
1,386,38314,0.2715022724461468,13.236781608141087,76.44324329135938,0.2715022724461468,100
1,387,38413,0.2715022724461468,13.05422513529717,103.40939044503648,0.2715022724461468,100
1,388,38512,0.2715022724461468,11.258910644096343,74.78381309327217,0.2715022724461468,100
1,389,38611,0.2715022724461468,13.549411497969764,155.78005669783718,0.2715022724461468,100
1,390,38710,0.2715022724461468,13.94166243798115,75.31806841697006,0.2715022724461468,100
1,391,38809,0.2715022724461468,11.89785695702982,79.74752602181931,0.2715022724461468,100
1,392,38908,0.2715022724461468,10.36146105777073,91.73086262570291,0.2715022724461468,100
1,393,39007,0.2715022724461468,12.286256795232898,82.25165017783499,0.2715022724461468,100
1,394,39106,0.2715022724461468,11.012381216001886,76.29501227291888,0.2715022724461468,100
1,395,39205,0.2715022724461468,9.404057837828665,72.34538230782579,0.2715022724461468,100
1,396,39304,0.2715022724461468,14.36970111240647,144.2099811410255,0.2715022724461468,100
1,397,39403,0.2715022724461468,14.093664729136282,130.96098582648852,0.2715022724461468,100
1,398,39502,0.2715022724461468,10.376660815065225,69.52176491461744,0.2715022724461468,100
1,399,39601,0.2715022724461468,14.129288027915516,87.29706868857316,0.2715022724461468,100
1,400,39700,0.2715022724461468,15.430963918593507,117.2291943706437,0.2715022724461468,100
1,401,39799,0.2715022724461468,13.556166296962575,123.8964755181618,0.2715022724461468,100
1,402,39898,0.2715022724461468,13.115831714390238,167.11733088791843,0.2715022724461468,100
1,403,39997,0.2715022724461468,11.614884059544757,115.41568202394762,0.2715022724461468,100
1,404,40096,0.2715022724461468,10.93619497332853,104.7506668760848,0.2715022724461468,100
1,405,40195,0.2715022724461468,12.592245210938543,103.80405620504938,0.2715022724461468,100
1,406,40294,0.2715022724461468,10.99067670011688,86.60497432467429,0.2715022724461468,100
1,407,40393,0.2715022724461468,11.136716920401604,88.19720524872882,0.2715022724461468,100
1,408,40492,0.2715022724461468,11.026570046402583,91.22537604901035,0.2715022724461468,100
1,409,40591,0.2715022724461468,14.799044836147734,136.600122966993,0.2715022724461468,100
1,410,40690,0.2715022724461468,12.201127354192243,154.51815146915004,0.2715022724461468,100
1,411,40789,0.2715022724461468,13.00482226822695,95.63197511399987,0.2715022724461468,100
1,412,40888,0.2715022724461468,13.522723009542299,100.98301453683352,0.2715022724461468,100
1,413,40987,0.2715022724461468,14.690242275841806,88.31128198859852,0.2715022724461468,100
1,414,41086,0.2715022724461468,16.65242687911429,141.97432504498406,0.2715022724461468,100
1,415,41185,0.2715022724461468,12.384611300615257,81.96863955889117,0.2715022724461468,100
1,416,41284,0.2715022724461468,12.555830259440627,99.38029208649718,0.2715022724461468,100
1,417,41383,0.2715022724461468,11.476780436962006,78.64647162465769,0.2715022724461468,100
1,418,41482,0.2715022724461468,9.890624859189302,69.73478435944334,0.2715022724461468,100
1,419,41581,0.2715022724461468,11.50864378706511,75.91484393907305,0.2715022724461468,100
1,420,41680,0.2715022724461468,8.3468683641763,70.28098065695013,0.2715022724461468,100
1,421,41779,0.2715022724461468,10.451528745982998,60.62737971358473,0.2715022724461468,100
1,422,41878,0.2715022724461468,11.655186523960362,95.14155961088032,0.2715022724461468,100
1,423,41977,0.2715022724461468,10.014209226695383,70.63022606376941,0.2715022724461468,100
1,424,42076,0.2715022724461468,14.741245688464284,144.07330108420035,0.2715022724461468,100
1,425,42175,0.2715022724461468,10.04718134025534,84.43127198088575,0.2715022724461468,100
1,426,42274,0.2715022724461468,9.684448135914714,88.10640363758904,0.2715022724461468,100
1,427,42373,0.2715022724461468,9.789916026779146,90.45700680943584,0.2715022724461468,100
1,428,42472,0.2715022724461468,10.504644858215011,60.2736033850786,0.2715022724461468,100
1,429,42571,0.2715022724461468,14.442406897456497,82.16173439400964,0.2715022724461468,100
1,430,42670,0.2715022724461468,9.834254721340379,65.0796331511256,0.2715022724461468,100
1,431,42769,0.2715022724461468,12.905676659909835,110.92394283984274,0.2715022724461468,100
1,432,42868,0.2715022724461468,11.890157986943183,76.9204852441549,0.2715022724461468,100
1,433,42967,0.2715022724461468,14.122272397303092,82.05984358669498,0.2715022724461468,100
1,434,43066,0.2715022724461468,10.859957654522326,114.15674297343737,0.2715022724461468,100
1,435,43165,0.2715022724461468,11.856507826578412,101.82073453883129,0.2715022724461468,100
1,436,43264,0.2715022724461468,9.826140722474218,118.66355709725615,0.2715022724461468,100
1,437,43363,0.2715022724461468,12.18206818103534,115.87917060800514,0.2715022724461468,100
1,438,43462,0.2715022724461468,10.993413279531344,84.75045831185311,0.2715022724461468,100
1,439,43561,0.2715022724461468,12.906606794001453,93.35417850746555,0.2715022724461468,100
1,440,43660,0.2715022724461468,12.703301152503673,88.70892995831582,0.2715022724461468,100
1,441,43759,0.2715022724461468,9.55035402118804,88.52224964326626,0.2715022724461468,100
1,442,43858,0.2715022724461468,12.949679452094722,139.4371935635187,0.2715022724461468,100
1,443,43957,0.2715022724461468,9.79436445226758,97.10883882636318,0.2715022724461468,100
1,444,44056,0.2715022724461468,12.30868512270032,87.42742603942659,0.2715022724461468,100
1,445,44155,0.2715022724461468,10.791649424394201,83.78270396925546,0.2715022724461468,100
1,446,44254,0.2715022724461468,10.616344697866856,66.40816437281644,0.2715022724461468,100
1,447,44353,0.2715022724461468,10.267348662959163,53.9369371001915,0.2715022724461468,100
1,448,44452,0.2715022724461468,10.04069565413644,59.097477835078905,0.2715022724461468,100
1,449,44551,0.2715022724461468,13.030888956772412,109.76042018539442,0.2715022724461468,100
1,450,44650,0.2715022724461468,11.03496293949582,85.64421735385739,0.2715022724461468,100
1,451,44749,0.2715022724461468,11.369017547038434,55.884082954984116,0.2715022724461468,100
1,452,44848,0.2715022724461468,11.768833842448407,92.25703402278657,0.2715022724461468,100
1,453,44947,0.2715022724461468,13.236714143009666,146.46403951060861,0.2715022724461468,100
1,454,45046,0.2715022724461468,9.22518602283898,51.56355578152245,0.2715022724461468,100
1,455,45145,0.2715022724461468,11.720671284776854,104.93845483948006,0.2715022724461468,100
1,456,45244,0.2715022724461468,11.714644593928892,82.25880605011166,0.2715022724461468,100
1,457,45343,0.2715022724461468,10.651226486035245,126.23980849657625,0.2715022724461468,100
1,458,45442,0.2715022724461468,12.394201579437086,99.06117463836169,0.2715022724461468,100
1,459,45541,0.2715022724461468,12.28098981699781,109.49034456566399,0.2715022724461468,100
1,460,45640,0.2715022724461468,10.0989736329859,60.75318896395632,0.2715022724461468,100
1,461,45739,0.2715022724461468,11.869856340310847,139.77379928435192,0.2715022724461468,100
1,462,45838,0.2715022724461468,8.272124225482756,77.3454839753059,0.2715022724461468,100
1,463,45937,0.2715022724461468,13.494441778257515,115.43922216206512,0.2715022724461468,100
1,464,46036,0.2715022724461468,11.485954766500244,114.94268189852272,0.2715022724461468,100
1,465,46135,0.2715022724461468,10.446660315167254,76.0862206845255,0.2715022724461468,100
1,466,46234,0.2715022724461468,10.62126249945331,76.27420310315654,0.2715022724461468,100
1,467,46333,0.2715022724461468,12.236653692787215,91.86665765379652,0.2715022724461468,100
1,468,46432,0.2715022724461468,11.656811278950817,95.7260245487312,0.2715022724461468,100
1,469,46531,0.2715022724461468,10.526305566412695,96.93985226526664,0.2715022724461468,100
1,470,46630,0.2715022724461468,9.943024842594138,54.68713716816398,0.2715022724461468,100
1,471,46729,0.2715022724461468,10.062344686440545,97.06068843985136,0.2715022724461468,100
1,472,46828,0.2715022724461468,12.108510451718812,67.84133601641983,0.2715022724461468,100
1,473,46927,0.2715022724461468,10.156629618995055,65.06854542392038,0.2715022724461468,100
1,474,47026,0.2715022724461468,12.655040887215854,127.04163719003668,0.2715022724461468,100
1,475,47125,0.2715022724461468,10.98488255029787,56.41084916253685,0.2715022724461468,100
1,476,47224,0.2715022724461468,10.634771902762688,73.12663876840246,0.2715022724461468,100
1,477,47323,0.2715022724461468,10.18168902192546,64.11841141592342,0.2715022724461468,100
1,478,47422,0.2715022724461468,11.777486397354103,86.50929684599645,0.2715022724461468,100
1,479,47521,0.2715022724461468,8.895932809641852,62.28188337745596,0.2715022724461468,100
1,480,47620,0.2715022724461468,12.316858057113448,63.82559697650091,0.2715022724461468,100
1,481,47719,0.2715022724461468,9.298034339245019,78.03647935744026,0.2715022724461468,100
1,482,47818,0.2715022724461468,9.870766495492244,77.68857287943948,0.2715022724461468,100
1,483,47917,0.2715022724461468,10.097401022174427,77.002898660073,0.2715022724461468,100
1,484,48016,0.2715022724461468,10.371902532102181,79.49497867122282,0.2715022724461468,100
1,485,48115,0.2715022724461468,12.624737589885626,102.64130358128934,0.2715022724461468,100
1,486,48214,0.2715022724461468,13.11608608395255,91.34481272095391,0.2715022724461468,100
1,487,48313,0.2715022724461468,9.591685499183678,85.00058120627963,0.2715022724461468,100
1,488,48412,0.2715022724461468,11.762323999288128,92.84453064917756,0.2715022724461468,100
1,489,48511,0.2715022724461468,9.80851860943232,67.2038930372598,0.2715022724461468,100
1,490,48610,0.2715022724461468,9.502542736257839,70.3771057387221,0.2715022724461468,100
1,491,48709,0.2715022724461468,11.00074496515597,61.91571309265079,0.2715022724461468,100
1,492,48808,0.2715022724461468,8.74013111090701,56.301006753664836,0.2715022724461468,100
1,493,48907,0.2715022724461468,9.363633571953452,66.03670175519389,0.2715022724461468,100
1,494,49006,0.2715022724461468,11.57941297025783,129.9702648122949,0.2715022724461468,100
1,495,49105,0.2715022724461468,11.128530828114608,82.10860288055187,0.2715022724461468,100
1,496,49204,0.2715022724461468,11.446592135963488,96.29867791705146,0.2715022724461468,100
1,497,49303,0.2715022724461468,9.927922143585342,60.369998269475026,0.2715022724461468,100
1,498,49402,0.2715022724461468,10.959372183198056,66.515916869196,0.2715022724461468,100
1,499,49501,0.2715022724461468,11.929257455071715,82.94645604152974,0.2715022724461468,100
1,500,49600,0.2715022724461468,9.582191904978767,76.82042725680144,0.2715022724461468,100
1,501,49699,0.2715022724461468,10.80567444724554,92.70494887549958,0.2715022724461468,100
1,502,49798,0.2715022724461468,11.576603231130862,98.75787596690607,0.2715022724461468,100
1,503,49897,0.2715022724461468,14.029737550426017,122.20625086728168,0.2715022724461468,100
1,504,49996,0.2715022724461468,8.669566941278745,60.52519416646208,0.2715022724461468,100
1,505,50000,0.2715022724461468,7.332029331182234,33.570872011872304,0.2715022724461468,100
2,0,100,106.80714904912905,570.3510177915127,1157.7571893005113,106.80714904912905,100
2,1,199,72.15090064783404,296.1764704751295,612.2877851202348,72.15090064783404,100
2,2,298,21.645359234263097,131.51567797301672,324.4562753548499,21.645359234263097,100
2,3,397,11.212182436870883,61.2680642984045,182.41434245603676,11.212182436870883,100
2,4,496,4.0084041260834145,31.470247132438256,112.08614932289312,4.0084041260834145,100
2,5,595,0.8674465476404996,21.33601891443204,116.59690519645565,0.8674465476404996,100
2,6,694,0.8674465476404996,14.733313549361474,65.85430982826195,0.8674465476404996,100
2,7,793,0.8674465476404996,14.041474310014515,73.94066826680046,0.8674465476404996,100
2,8,892,0.8674465476404996,15.459645961869153,104.12437972481568,0.8674465476404996,100
2,9,991,0.5350909424528342,15.548048957391789,98.48578382551818,0.5350909424528342,100
2,10,1090,0.5350909424528342,10.998212751705125,76.02987227610919,0.5350909424528342,100
2,11,1189,0.47307010145008477,9.804852658113782,84.55516803267952,0.47307010145008477,100
2,12,1288,0.47307010145008477,10.776636277225531,82.47641714310956,0.47307010145008477,100
2,13,1387,0.47307010145008477,11.05823993508295,67.55869469213316,0.47307010145008477,100
2,14,1486,0.47307010145008477,8.836500232350145,78.2306624167092,0.47307010145008477,100
2,15,1585,0.47307010145008477,11.116092143007087,114.64084416001758,0.47307010145008477,100
2,16,1684,0.47307010145008477,10.569618494935195,102.00302913423364,0.47307010145008477,100
2,17,1783,0.47307010145008477,12.696560390866614,112.68209683112444,0.47307010145008477,100
2,18,1882,0.47307010145008477,12.031490205828417,62.85007929044245,0.47307010145008477,100
2,19,1981,0.47307010145008477,9.750494303477426,42.93589786992021,0.47307010145008477,100
2,20,2080,0.47307010145008477,13.252843346746461,107.82831020909195,0.47307010145008477,100
2,21,2179,0.47307010145008477,12.484359593805346,74.12677924621839,0.47307010145008477,100
2,22,2278,0.4535620166033655,14.317513982325352,145.8634634257806,0.4535620166033655,100
2,23,2377,0.4535620166033655,9.15757400793551,89.64786239004377,0.4535620166033655,100
2,24,2476,0.4535620166033655,8.19554742675005,117.42964466245145,0.4535620166033655,100
2,25,2575,0.4535620166033655,8.731025535822585,84.158209067404,0.4535620166033655,100
2,26,2674,0.4535620166033655,10.093291779175761,64.22005971147178,0.4535620166033655,100
2,27,2773,0.4535620166033655,10.741313711718234,93.04029387461634,0.4535620166033655,100
2,28,2872,0.4535620166033655,9.947869012279074,81.37465003397999,0.4535620166033655,100
2,29,2971,0.4535620166033655,9.415013488505917,94.2076254210074,0.4535620166033655,100
2,30,3070,0.4535620166033655,8.024647788869911,83.21945412138781,0.4535620166033655,100
2,31,3169,0.4535620166033655,7.22721220971871,45.71488715840285,0.4535620166033655,100
2,32,3268,0.4535620166033655,11.25982123254815,68.57975236263249,0.4535620166033655,100
2,33,3367,0.4535620166033655,13.134339865347176,84.81595554941543,0.4535620166033655,100
2,34,3466,0.4535620166033655,11.125812586128305,119.07238284840999,0.4535620166033655,100
2,35,3565,0.4535620166033655,11.45070750238021,131.26650901516035,0.4535620166033655,100
2,36,3664,0.4535620166033655,13.34963443232401,159.37866105450527,0.4535620166033655,100
2,37,3763,0.4535620166033655,9.61000619157932,88.74851453790467,0.4535620166033655,100
2,38,3862,0.4535620166033655,7.82395883026276,87.43618991010179,0.4535620166033655,100
2,39,3961,0.4535620166033655,9.42476271651235,75.06762987975085,0.4535620166033655,100
2,40,4060,0.4535620166033655,12.862894782181606,68.09534012964097,0.4535620166033655,100
2,41,4159,0.4535620166033655,6.854678169386169,35.55667516908899,0.4535620166033655,100
2,42,4258,0.4535620166033655,15.255971417397326,168.7293799020864,0.4535620166033655,100
2,43,4357,0.4535620166033655,8.51993454402908,54.11608763688879,0.4535620166033655,100
2,44,4456,0.4535620166033655,10.011493497023277,85.13379992086288,0.4535620166033655,100
2,45,4555,0.4535620166033655,13.153661559808176,102.0426835561883,0.4535620166033655,100
2,46,4654,0.4162619767552932,10.527617049380627,66.32876970149614,0.4162619767552932,100
2,47,4753,0.4162619767552932,10.93236759468425,78.94035317769278,0.4162619767552932,100
2,48,4852,0.4162619767552932,8.489929842112097,58.661678101483574,0.4162619767552932,100
2,49,4951,0.4162619767552932,9.371869791056723,99.6988645681847,0.4162619767552932,100
2,50,5050,0.4162619767552932,11.883500218994364,119.68091993341581,0.4162619767552932,100
2,51,5149,0.4162619767552932,8.423587220776989,53.94154336887019,0.4162619767552932,100
2,52,5248,0.4162619767552932,14.093959917640586,113.56502148048949,0.4162619767552932,100
2,53,5347,0.4162619767552932,11.766100279630354,84.526364184675,0.4162619767552932,100
2,54,5446,0.3155749979893021,8.093496495284223,54.86101022720091,0.3155749979893021,100
2,55,5545,0.3155749979893021,10.232422946600455,85.99827635708593,0.3155749979893021,100
2,56,5644,0.3155749979893021,10.12829007305622,124.79659000126331,0.3155749979893021,100
2,57,5743,0.3155749979893021,12.002663957584444,78.37707930309244,0.3155749979893021,100
2,58,5842,0.3155749979893021,11.01577214551009,72.00458183114972,0.3155749979893021,100
2,59,5941,0.3155749979893021,9.570196200767777,64.42429551165506,0.3155749979893021,100
2,60,6040,0.3155749979893021,9.340393986211643,68.52613135652844,0.3155749979893021,100
2,61,6139,0.3155749979893021,9.336570847898505,62.657477498989536,0.3155749979893021,100
2,62,6238,0.3155749979893021,10.121638307119513,77.25796513842563,0.3155749979893021,100
2,63,6337,0.3155749979893021,14.111469995589955,109.65405198333588,0.3155749979893021,100
2,64,6436,0.3155749979893021,12.165009027781732,69.3059806558448,0.3155749979893021,100
2,65,6535,0.3155749979893021,13.347948443302396,117.51703450240268,0.3155749979893021,100
2,66,6634,0.3155749979893021,9.642335709114484,60.7613803413406,0.3155749979893021,100
2,67,6733,0.3155749979893021,12.361425879569154,110.3015133225818,0.3155749979893021,100
2,68,6832,0.3155749979893021,10.319937625725935,133.16572204503552,0.3155749979893021,100
2,69,6931,0.3155749979893021,6.923647881993085,57.51490976947579,0.3155749979893021,100
2,70,7030,0.3155749979893021,8.523994599140693,86.36990495567544,0.3155749979893021,100
2,71,7129,0.3155749979893021,11.313481903926524,65.35389390075615,0.3155749979893021,100
2,72,7228,0.3155749979893021,14.052129161842265,102.38129009784117,0.3155749979893021,100
2,73,7327,0.3155749979893021,10.361611542402501,66.36080901142726,0.3155749979893021,100
2,74,7426,0.3155749979893021,12.469821477420492,119.10639091004269,0.3155749979893021,100
2,75,7525,0.3155749979893021,10.22227855964485,70.9091990970182,0.3155749979893021,100
2,76,7624,0.3155749979893021,11.81213644323142,133.76459976082307,0.3155749979893021,100
2,77,7723,0.3155749979893021,11.54129644308928,166.63535908804252,0.3155749979893021,100
2,78,7822,0.3155749979893021,10.290839403968086,85.16515895296479,0.3155749979893021,100
2,79,7921,0.3155749979893021,8.897595688737413,67.47847981881382,0.3155749979893021,100
2,80,8020,0.3155749979893021,10.373532833866332,58.945445893493066,0.3155749979893021,100
2,81,8119,0.3155749979893021,8.957500600964117,67.58793861315701,0.3155749979893021,100
2,82,8218,0.3155749979893021,10.410278054397397,66.51392582998122,0.3155749979893021,100
2,83,8317,0.3155749979893021,9.634402851615457,53.88842080373436,0.3155749979893021,100
2,84,8416,0.3155749979893021,8.814976138712238,78.69536030260305,0.3155749979893021,100
2,85,8515,0.3155749979893021,10.834919504121865,77.12756152741343,0.3155749979893021,100
2,86,8614,0.3155749979893021,13.416778739054177,91.70948432761219,0.3155749979893021,100
2,87,8713,0.3155749979893021,12.077540187761167,88.05051746978056,0.3155749979893021,100
2,88,8812,0.3155749979893021,10.286034380137995,85.39214283846086,0.3155749979893021,100
2,89,8911,0.3155749979893021,8.548980693107932,73.53684714889373,0.3155749979893021,100
2,90,9010,0.3155749979893021,9.632318984643744,101.3007645977329,0.3155749979893021,100
2,91,9109,0.3155749979893021,9.767467474136575,118.59789030536122,0.3155749979893021,100
2,92,9208,0.3155749979893021,12.798430743919653,194.8358625918487,0.3155749979893021,100
2,93,9307,0.3155749979893021,9.901265673329595,89.00666172475437,0.3155749979893021,100
2,94,9406,0.3155749979893021,12.724220161693511,116.18798038640783,0.3155749979893021,100
2,95,9505,0.3155749979893021,11.030008242796086,102.7252425127088,0.3155749979893021,100
2,96,9604,0.3155749979893021,10.874616703079012,76.99650481043128,0.3155749979893021,100
2,97,9703,0.3155749979893021,11.511040657836789,74.46326236684494,0.3155749979893021,100
2,98,9802,0.3155749979893021,10.041694400787478,81.88093413428236,0.3155749979893021,100
2,99,9901,0.3155749979893021,9.642278363443104,78.71176487594394,0.3155749979893021,100
2,100,10000,0.3155749979893021,11.185925996109763,136.89160847967577,0.3155749979893021,100
2,101,10099,0.3155749979893021,10.688845750373147,62.03498804562518,0.3155749979893021,100
2,102,10198,0.3155749979893021,10.50387741609823,83.9760376120726,0.3155749979893021,100
2,103,10297,0.3155749979893021,10.269596557688,117.18653607445364,0.3155749979893021,100
2,104,10396,0.3155749979893021,12.465747006334645,113.52082474568094,0.3155749979893021,100
2,105,10495,0.3155749979893021,11.459418747214137,80.84056210093303,0.3155749979893021,100
2,106,10594,0.3155749979893021,14.093961336205144,213.5779471056062,0.3155749979893021,100
2,107,10693,0.3155749979893021,14.567539182383234,90.1714281758197,0.3155749979893021,100
2,108,10792,0.3155749979893021,11.23903922432884,95.0935941275105,0.3155749979893021,100
2,109,10891,0.3155749979893021,11.109907122545987,87.79188460847402,0.3155749979893021,100
2,110,10990,0.3155749979893021,9.543878590289157,63.23779956033105,0.3155749979893021,100
2,111,11089,0.3155749979893021,11.764634717011665,156.53446905235694,0.3155749979893021,100
2,112,11188,0.3155749979893021,11.730090077582258,81.23011631202397,0.3155749979893021,100
2,113,11287,0.3155749979893021,9.484851384774712,69.20249388489982,0.3155749979893021,100
2,114,11386,0.3155749979893021,11.114562106273121,86.72611730676988,0.3155749979893021,100
2,115,11485,0.3155749979893021,11.1316918336241,98.56085549229144,0.3155749979893021,100
2,116,11584,0.3155749979893021,11.767738507567374,70.91420497995753,0.3155749979893021,100
2,117,11683,0.3155749979893021,13.821972994713834,131.64464608073794,0.3155749979893021,100
2,118,11782,0.3155749979893021,12.082808385515127,110.93481366404266,0.3155749979893021,100
2,119,11881,0.3155749979893021,10.027187114022185,61.85810289724916,0.3155749979893021,100
2,120,11980,0.3155749979893021,10.004240693075797,161.69528740570675,0.3155749979893021,100
2,121,12079,0.3155749979893021,10.90925262642391,79.3506025907563,0.3155749979893021,100
2,122,12178,0.3155749979893021,10.222795952159448,111.41789110878416,0.3155749979893021,100
2,123,12277,0.3155749979893021,7.378197149007646,52.864140317694975,0.3155749979893021,100
2,124,12376,0.3155749979893021,9.95942364983581,47.39124620678239,0.3155749979893021,100
2,125,12475,0.3155749979893021,9.365973462431835,85.65990503698356,0.3155749979893021,100
2,126,12574,0.3155749979893021,12.111548991163259,74.39897401244397,0.3155749979893021,100
2,127,12673,0.3155749979893021,12.120849872041196,76.07305927142924,0.3155749979893021,100
2,128,12772,0.3155749979893021,12.24823977899949,67.07023520774086,0.3155749979893021,100
2,129,12871,0.3155749979893021,10.10913247211873,97.50449251145388,0.3155749979893021,100
2,130,12970,0.3155749979893021,12.429903376771707,91.91631080436353,0.3155749979893021,100
2,131,13069,0.3155749979893021,11.00743872342859,114.21331683126482,0.3155749979893021,100
2,132,13168,0.3155749979893021,10.205011725235074,111.46768169106514,0.3155749979893021,100
2,133,13267,0.3155749979893021,11.315360117221646,76.68534814502122,0.3155749979893021,100
2,134,13366,0.3155749979893021,9.92919421855859,68.15257764615475,0.3155749979893021,100
2,135,13465,0.3155749979893021,11.69064083706304,88.14593998545833,0.3155749979893021,100
2,136,13564,0.3155749979893021,10.044913874148078,74.40476036167945,0.3155749979893021,100
2,137,13663,0.3155749979893021,11.30107133687683,151.70298568130204,0.3155749979893021,100
2,138,13762,0.3155749979893021,10.077894656539625,95.29766935866856,0.3155749979893021,100
2,139,13861,0.3155749979893021,12.399039819433044,105.77503415244863,0.3155749979893021,100
2,140,13960,0.3155749979893021,13.559863340042138,83.22030435892205,0.3155749979893021,100
2,141,14059,0.3155749979893021,12.032331910305345,104.04198207535966,0.3155749979893021,100
2,142,14158,0.3155749979893021,11.474862515596092,83.87046511438031,0.3155749979893021,100
2,143,14257,0.3155749979893021,10.187913533962682,111.55778607761506,0.3155749979893021,100
2,144,14356,0.3155749979893021,10.251814514149041,97.23275336870665,0.3155749979893021,100
2,145,14455,0.3155749979893021,12.39885945671963,92.63666643620279,0.3155749979893021,100
2,146,14554,0.3155749979893021,8.570712551417044,64.51171226545608,0.3155749979893021,100
2,147,14653,0.3155749979893021,10.636627884124364,79.81151540185326,0.3155749979893021,100
2,148,14752,0.3155749979893021,10.174286923879833,58.63210139886364,0.3155749979893021,100
2,149,14851,0.3155749979893021,11.42872853286565,98.09045540385416,0.3155749979893021,100
2,150,14950,0.3155749979893021,9.785951046052261,110.72134425074859,0.3155749979893021,100
2,151,15049,0.3155749979893021,11.859337772083997,106.63893028657887,0.3155749979893021,100
2,152,15148,0.3155749979893021,10.280284709547818,98.73928176786629,0.3155749979893021,100
2,153,15247,0.3155749979893021,10.188426765814373,62.645840007877815,0.3155749979893021,100
2,154,15346,0.3155749979893021,10.547695272127246,128.1999666101541,0.3155749979893021,100
2,155,15445,0.3155749979893021,11.18003347526097,111.25661480424556,0.3155749979893021,100
2,156,15544,0.3155749979893021,13.602529592842407,121.42553725791936,0.3155749979893021,100
2,157,15643,0.3155749979893021,10.697446112723016,67.93605142620684,0.3155749979893021,100
2,158,15742,0.3155749979893021,9.912226429049587,67.47680860423995,0.3155749979893021,100
2,159,15841,0.3155749979893021,8.02813409431606,52.475877302494006,0.3155749979893021,100
2,160,15940,0.3155749979893021,9.627137433312837,74.50339120930907,0.3155749979893021,100
2,161,16039,0.3155749979893021,13.806512741422923,116.04162197608929,0.3155749979893021,100
2,162,16138,0.3155749979893021,10.775050879215629,63.519557011422464,0.3155749979893021,100
2,163,16237,0.3155749979893021,12.078511410515373,115.37900337012867,0.3155749979893021,100
2,164,16336,0.3155749979893021,14.578376328663886,132.43521328852506,0.3155749979893021,100
2,165,16435,0.3155749979893021,9.102285453844095,80.47679378741607,0.3155749979893021,100
2,166,16534,0.3155749979893021,13.50212379427862,95.57233014158297,0.3155749979893021,100
2,167,16633,0.3155749979893021,14.273779447700932,139.43954215447104,0.3155749979893021,100
2,168,16732,0.3155749979893021,11.392620090028084,98.52524246779936,0.3155749979893021,100
2,169,16831,0.3155749979893021,13.654098291199182,99.01020333177614,0.3155749979893021,100
2,170,16930,0.3155749979893021,7.595070559662157,77.0134385092355,0.3155749979893021,100
2,171,17029,0.3155749979893021,13.48924338482965,94.30887761921598,0.3155749979893021,100
2,172,17128,0.3155749979893021,9.950938394054612,87.76223764236126,0.3155749979893021,100
2,173,17227,0.3155749979893021,12.543353334830092,105.08124018812795,0.3155749979893021,100
2,174,17326,0.3155749979893021,11.493278479974997,98.56351370514163,0.3155749979893021,100
2,175,17425,0.3155749979893021,16.19834826871167,146.53547786281746,0.3155749979893021,100
2,176,17524,0.3155749979893021,12.934672316444999,121.5542901618977,0.3155749979893021,100
2,177,17623,0.3155749979893021,8.791387192160169,77.83791473745232,0.3155749979893021,100
2,178,17722,0.3155749979893021,11.69805289918897,79.37068601934969,0.3155749979893021,100
2,179,17821,0.3155749979893021,13.839419176332495,96.07952799310944,0.3155749979893021,100
2,180,17920,0.3155749979893021,9.672685209630203,82.53448042522237,0.3155749979893021,100
2,181,18019,0.3155749979893021,10.39550950653932,113.51186963637593,0.3155749979893021,100
2,182,18118,0.3155749979893021,13.479112286581392,101.97003556427829,0.3155749979893021,100
2,183,18217,0.3155749979893021,13.65785773942155,92.398608695713,0.3155749979893021,100
2,184,18316,0.3155749979893021,11.354633066573832,114.32691183783,0.3155749979893021,100
2,185,18415,0.3155749979893021,12.608750067859892,96.27742101523052,0.3155749979893021,100
2,186,18514,0.3155749979893021,13.419719508447118,131.41683302290588,0.3155749979893021,100
2,187,18613,0.3155749979893021,11.356225095384005,95.90027911142099,0.3155749979893021,100
2,188,18712,0.29932938190923875,12.654692241000616,115.76221789415123,0.29932938190923875,100
2,189,18811,0.29932938190923875,13.709312030227272,129.5429418790269,0.29932938190923875,100
2,190,18910,0.29932938190923875,9.196605696891975,92.28712480989905,0.29932938190923875,100
2,191,19009,0.29932938190923875,11.316739106729905,101.47082496427298,0.29932938190923875,100
2,192,19108,0.29932938190923875,9.432532613447174,75.01141034384001,0.29932938190923875,100
2,193,19207,0.29932938190923875,13.929487910626536,150.86304489290077,0.29932938190923875,100
2,194,19306,0.29932938190923875,8.82974515745383,51.281287030001714,0.29932938190923875,100
2,195,19405,0.29932938190923875,9.929998231084292,120.65743236893672,0.29932938190923875,100
2,196,19504,0.29932938190923875,12.41927211096649,86.83556449393518,0.29932938190923875,100
2,197,19603,0.29932938190923875,12.107858669481208,80.99417250178706,0.29932938190923875,100
2,198,19702,0.29932938190923875,11.013620695475256,85.8942323867894,0.29932938190923875,100
2,199,19801,0.29932938190923875,10.357000839746654,51.98979382489669,0.29932938190923875,100
2,200,19900,0.29932938190923875,15.158547122626054,90.68622289604095,0.29932938190923875,100
2,201,19999,0.29932938190923875,11.531366152129252,78.43260318451163,0.29932938190923875,100
2,202,20098,0.29932938190923875,11.033158201021815,87.98133129516658,0.29932938190923875,100
2,203,20197,0.29932938190923875,13.865601247822518,71.16070084933467,0.29932938190923875,100
2,204,20296,0.29932938190923875,11.77586802362183,96.35746789686033,0.29932938190923875,100
2,205,20395,0.29932938190923875,11.89495181759078,110.7903001441821,0.29932938190923875,100
2,206,20494,0.29932938190923875,14.2266237815501,118.05348185622597,0.29932938190923875,100
2,207,20593,0.29932938190923875,10.591573371223411,104.7331699631025,0.29932938190923875,100
2,208,20692,0.29932938190923875,8.382540215265763,60.31795675473018,0.29932938190923875,100
2,209,20791,0.29932938190923875,8.519718719905669,44.105592229883435,0.29932938190923875,100
2,210,20890,0.29932938190923875,13.227093599335374,83.67337509229456,0.29932938190923875,100
2,211,20989,0.29932938190923875,9.629533279799935,73.8843240147714,0.29932938190923875,100
2,212,21088,0.29932938190923875,11.7197893955148,94.41553388972301,0.29932938190923875,100
2,213,21187,0.29932938190923875,9.28134992905983,87.73321685369623,0.29932938190923875,100
2,214,21286,0.29932938190923875,9.965319016325624,123.92714153165889,0.29932938190923875,100
2,215,21385,0.29932938190923875,10.787387796172236,51.492685007815695,0.29932938190923875,100
2,216,21484,0.29932938190923875,9.36488364610743,71.6221415500329,0.29932938190923875,100
2,217,21583,0.29932938190923875,11.025627334527114,96.06844653192795,0.29932938190923875,100
2,218,21682,0.29932938190923875,10.753224177026537,96.01239553715591,0.29932938190923875,100
2,219,21781,0.29932938190923875,9.720248420034887,95.95452406007962,0.29932938190923875,100
2,220,21880,0.29932938190923875,10.549539412898646,65.42739845586,0.29932938190923875,100
2,221,21979,0.29932938190923875,11.945268647827096,71.3968007647047,0.29932938190923875,100
2,222,22078,0.29932938190923875,8.585419909836963,91.23668329098751,0.29932938190923875,100
2,223,22177,0.29932938190923875,12.683731073421153,88.20863238685929,0.29932938190923875,100
2,224,22276,0.29932938190923875,11.705029450460392,121.95390436549513,0.29932938190923875,100
2,225,22375,0.29932938190923875,12.618712268140085,114.72670384117971,0.29932938190923875,100
2,226,22474,0.29932938190923875,11.080385336475363,118.9813843991934,0.29932938190923875,100
2,227,22573,0.29932938190923875,11.247414235281859,103.91933052560299,0.29932938190923875,100
2,228,22672,0.29932938190923875,15.734919760839507,154.28288038192673,0.29932938190923875,100
2,229,22771,0.29932938190923875,9.5600967254088,69.81894426904259,0.29932938190923875,100
2,230,22870,0.29932938190923875,12.11109524244878,92.53668296787157,0.29932938190923875,100
2,231,22969,0.29932938190923875,12.467760121793818,133.73845104913593,0.29932938190923875,100
2,232,23068,0.29932938190923875,10.27602309322078,92.7164717159928,0.29932938190923875,100
2,233,23167,0.29932938190923875,8.024742689404075,91.6623702531972,0.29932938190923875,100
2,234,23266,0.29932938190923875,13.830872885327267,161.75438802645598,0.29932938190923875,100
2,235,23365,0.29932938190923875,9.824665469715882,56.94762048100397,0.29932938190923875,100
2,236,23464,0.29932938190923875,10.99416110380736,98.44516530447457,0.29932938190923875,100
2,237,23563,0.29932938190923875,10.607082238196481,78.18754389183923,0.29932938190923875,100
2,238,23662,0.29932938190923875,12.149321426735535,110.12745094803913,0.29932938190923875,100
2,239,23761,0.29932938190923875,9.90356602437145,83.30075480740824,0.29932938190923875,100
2,240,23860,0.29932938190923875,8.947344562796378,60.841539632142414,0.29932938190923875,100
2,241,23959,0.29932938190923875,11.810492231537436,83.63149759291021,0.29932938190923875,100
2,242,24058,0.29932938190923875,8.854194519571145,102.74138384448501,0.29932938190923875,100
2,243,24157,0.29932938190923875,8.12204311267551,53.46868561212403,0.29932938190923875,100
2,244,24256,0.29932938190923875,8.558223574613972,56.41395460600234,0.29932938190923875,100
2,245,24355,0.29932938190923875,12.266799727176883,108.52120576473877,0.29932938190923875,100
2,246,24454,0.29932938190923875,11.385384065797812,139.0117197642538,0.29932938190923875,100
2,247,24553,0.29932938190923875,9.218684786088511,109.94101163133043,0.29932938190923875,100
2,248,24652,0.29932938190923875,13.58601220396475,68.09538475516885,0.29932938190923875,100
2,249,24751,0.29932938190923875,11.919541912500978,94.28062157685756,0.29932938190923875,100
2,250,24850,0.29932938190923875,9.866691956863587,92.65089323385988,0.29932938190923875,100
2,251,24949,0.29932938190923875,11.686981965617752,96.00615371487173,0.29932938190923875,100
2,252,25048,0.29932938190923875,12.135773449351545,63.51925414985774,0.29932938190923875,100
2,253,25147,0.29932938190923875,11.856949447274722,130.19209544291286,0.29932938190923875,100
2,254,25246,0.29932938190923875,10.793419920844705,68.28606736259566,0.29932938190923875,100
2,255,25345,0.29932938190923875,9.988744977754603,118.13284643001448,0.29932938190923875,100
2,256,25444,0.29932938190923875,7.876848283790558,64.70020657288343,0.29932938190923875,100
2,257,25543,0.29932938190923875,8.575972485258587,56.20494441717287,0.29932938190923875,100
2,258,25642,0.29932938190923875,8.695084200404025,56.959554259070615,0.29932938190923875,100
2,259,25741,0.29932938190923875,12.752983461636347,85.91446419249597,0.29932938190923875,100
2,260,25840,0.29932938190923875,10.063948152503604,62.46142220876598,0.29932938190923875,100
2,261,25939,0.29932938190923875,9.253368287606822,81.07489772194624,0.29932938190923875,100
2,262,26038,0.29932938190923875,12.544134548886634,71.95634391817111,0.29932938190923875,100
2,263,26137,0.29932938190923875,11.831070340049784,96.75198303145281,0.29932938190923875,100
2,264,26236,0.29932938190923875,10.946451920762028,81.31538313800954,0.29932938190923875,100
2,265,26335,0.29932938190923875,11.59698646513225,69.95258352619321,0.29932938190923875,100
2,266,26434,0.29932938190923875,9.48423042551137,65.38892983184029,0.29932938190923875,100
2,267,26533,0.29932938190923875,12.588876474244296,88.12209334388697,0.29932938190923875,100
2,268,26632,0.29932938190923875,10.87498545912277,60.340495923149355,0.29932938190923875,100
2,269,26731,0.29932938190923875,12.239731421195911,79.86941231494113,0.29932938190923875,100
2,270,26830,0.29932938190923875,9.476632417735752,97.18127259157495,0.29932938190923875,100
2,271,26929,0.29932938190923875,12.468733326598477,111.93112518633313,0.29932938190923875,100
2,272,27028,0.29932938190923875,14.37424068229494,119.31752995533907,0.29932938190923875,100
2,273,27127,0.29932938190923875,11.726181037432166,119.06057428154088,0.29932938190923875,100
2,274,27226,0.29932938190923875,11.836570735421663,142.6686686329344,0.29932938190923875,100
2,275,27325,0.29932938190923875,11.455536616916383,74.39299013663164,0.29932938190923875,100
2,276,27424,0.29932938190923875,10.974698300547232,71.7349735366796,0.29932938190923875,100
2,277,27523,0.29932938190923875,9.917677955904134,60.94136653585853,0.29932938190923875,100
2,278,27622,0.29932938190923875,13.290366542099784,116.90193746844245,0.29932938190923875,100
2,279,27721,0.29932938190923875,9.799269265331375,119.2955027313855,0.29932938190923875,100
2,280,27820,0.29932938190923875,14.71284175833697,103.25285425535526,0.29932938190923875,100
2,281,27919,0.29932938190923875,16.814633974248984,90.9963854634795,0.29932938190923875,100
2,282,28018,0.29932938190923875,14.481143933330513,113.56003978587309,0.29932938190923875,100
2,283,28117,0.29932938190923875,12.65127083786078,87.13239347719076,0.29932938190923875,100
2,284,28216,0.29932938190923875,14.628848498220806,108.56638523112247,0.29932938190923875,100
2,285,28315,0.29932938190923875,9.761343953742418,207.22340341307506,0.29932938190923875,100
2,286,28414,0.29932938190923875,8.337759186095065,99.6061091742323,0.29932938190923875,100
2,287,28513,0.29932938190923875,11.643804554780713,101.37052123985704,0.29932938190923875,100
2,288,28612,0.29932938190923875,15.707143355531919,90.03665755919191,0.29932938190923875,100
2,289,28711,0.29932938190923875,13.471197641538092,111.15858021391931,0.29932938190923875,100
2,290,28810,0.29932938190923875,11.840753403828705,96.16950278707293,0.29932938190923875,100
2,291,28909,0.29932938190923875,10.488870968526328,141.7164286857166,0.29932938190923875,100
2,292,29008,0.29932938190923875,7.394818464714953,59.43183290239752,0.29932938190923875,100
2,293,29107,0.29932938190923875,13.515848661624593,92.61146357352189,0.29932938190923875,100
2,294,29206,0.29932938190923875,11.166017693791959,78.67082373997464,0.29932938190923875,100
2,295,29305,0.29932938190923875,8.853677968609603,70.10303282757033,0.29932938190923875,100
2,296,29404,0.29932938190923875,9.184209371230253,47.142106665668436,0.29932938190923875,100
2,297,29503,0.29932938190923875,14.114443165753453,68.62522332310692,0.29932938190923875,100
2,298,29602,0.29932938190923875,12.73808486564609,103.31299932250876,0.29932938190923875,100
2,299,29701,0.29932938190923875,13.90207414753958,113.50898975012814,0.29932938190923875,100
2,300,29800,0.29932938190923875,14.531908658993844,96.1386232524695,0.29932938190923875,100
2,301,29899,0.29932938190923875,12.55755996830394,151.71205313198337,0.29932938190923875,100
2,302,29998,0.29932938190923875,16.56093706097616,118.03237765721653,0.29932938190923875,100
2,303,30097,0.29932938190923875,10.441499304688959,83.34439220917679,0.29932938190923875,100
2,304,30196,0.29932938190923875,13.308448736255633,79.92503735978455,0.29932938190923875,100
2,305,30295,0.29932938190923875,10.3675271181377,78.275195702757,0.29932938190923875,100
2,306,30394,0.29932938190923875,13.68452180827408,95.92359797633304,0.29932938190923875,100
2,307,30493,0.29932938190923875,11.175677826751656,63.738223613814924,0.29932938190923875,100
2,308,30592,0.29932938190923875,14.01777602625534,130.14878830367275,0.29932938190923875,100
2,309,30691,0.29932938190923875,11.949117293212458,123.92850815477642,0.29932938190923875,100
2,310,30790,0.29932938190923875,11.773361718329566,112.18434886237925,0.29932938190923875,100
2,311,30889,0.29932938190923875,12.343357635119649,137.28481132432657,0.29932938190923875,100
2,312,30988,0.29932938190923875,12.993030078667028,106.65744319833568,0.29932938190923875,100
2,313,31087,0.29932938190923875,10.76764410510503,61.53833712378952,0.29932938190923875,100
2,314,31186,0.29932938190923875,10.269591322375602,82.05658526627255,0.29932938190923875,100
2,315,31285,0.29932938190923875,11.24563465695315,65.46051489475893,0.29932938190923875,100
2,316,31384,0.29932938190923875,13.846751849292602,123.69488831432433,0.29932938190923875,100
2,317,31483,0.29932938190923875,11.932456234368747,77.22414973891398,0.29932938190923875,100
2,318,31582,0.29932938190923875,11.430162068541902,67.20772572844172,0.29932938190923875,100
2,319,31681,0.29932938190923875,13.96255636985806,78.65445633561374,0.29932938190923875,100
2,320,31780,0.29932938190923875,10.454742201734627,183.90072472321214,0.29932938190923875,100
2,321,31879,0.29932938190923875,9.813134033308037,77.74439285018339,0.29932938190923875,100
2,322,31978,0.29932938190923875,11.725780674780644,84.96388086002597,0.29932938190923875,100
2,323,32077,0.29932938190923875,9.190680147565727,45.86575735727395,0.29932938190923875,100
2,324,32176,0.29932938190923875,11.305484704830778,102.86687047260806,0.29932938190923875,100
2,325,32275,0.29932938190923875,9.734976121896121,70.70495289143291,0.29932938190923875,100
2,326,32374,0.29932938190923875,12.590667545916736,129.55935226636842,0.29932938190923875,100
2,327,32473,0.29932938190923875,9.495231237130122,72.85597872484233,0.29932938190923875,100
2,328,32572,0.29932938190923875,11.1366556324446,67.0785499589693,0.29932938190923875,100
2,329,32671,0.29932938190923875,11.297826422176707,86.073200222603,0.29932938190923875,100
2,330,32770,0.29932938190923875,11.950385055201366,107.09337807130404,0.29932938190923875,100
2,331,32869,0.29932938190923875,10.68812143706546,74.53674477350981,0.29932938190923875,100
2,332,32968,0.29932938190923875,9.348895103447658,76.08349749969463,0.29932938190923875,100
2,333,33067,0.29932938190923875,11.933659565932482,92.177458902767,0.29932938190923875,100
2,334,33166,0.29932938190923875,10.399287682589463,59.20622408484498,0.29932938190923875,100
2,335,33265,0.29932938190923875,11.485792303802974,119.42755179094269,0.29932938190923875,100
2,336,33364,0.29932938190923875,12.218367675356026,131.7760705163487,0.29932938190923875,100
2,337,33463,0.29932938190923875,11.507522949148333,108.20014373666137,0.29932938190923875,100
2,338,33562,0.29932938190923875,12.655457800650296,142.24929503561305,0.29932938190923875,100
2,339,33661,0.29932938190923875,7.968323496951395,46.764578917245984,0.29932938190923875,100
2,340,33760,0.29932938190923875,10.70758281184112,93.90741589053317,0.29932938190923875,100
2,341,33859,0.29932938190923875,10.908001898246455,63.08455305024449,0.29932938190923875,100
2,342,33958,0.29932938190923875,10.337204418172998,63.85011025064038,0.29932938190923875,100
2,343,34057,0.29932938190923875,9.519064838533264,83.18824753200158,0.29932938190923875,100
2,344,34156,0.29932938190923875,8.320462065715192,69.5974081251079,0.29932938190923875,100
2,345,34255,0.29932938190923875,10.241643624835042,108.94092858494658,0.29932938190923875,100
2,346,34354,0.29932938190923875,12.100533612304586,76.77320539045256,0.29932938190923875,100
2,347,34453,0.29932938190923875,8.715842927386703,50.71327316432475,0.29932938190923875,100
2,348,34552,0.29932938190923875,8.151054636095857,75.11502426861368,0.29932938190923875,100
2,349,34651,0.29932938190923875,12.028303352120645,80.39098367852598,0.29932938190923875,100
2,350,34750,0.29932938190923875,10.599512965840436,66.93214795321605,0.29932938190923875,100
2,351,34849,0.29932938190923875,9.237325422951333,48.6021024890873,0.29932938190923875,100
2,352,34948,0.29932938190923875,12.007807038340582,112.32963772810533,0.29932938190923875,100
2,353,35047,0.29932938190923875,9.589762652639822,81.90114308556363,0.29932938190923875,100
2,354,35146,0.29932938190923875,12.84269622104916,115.80528334251953,0.29932938190923875,100
2,355,35245,0.29932938190923875,14.479205456148991,103.67787846425905,0.29932938190923875,100
2,356,35344,0.29932938190923875,12.080251634645446,111.42505073696883,0.29932938190923875,100
2,357,35443,0.29932938190923875,16.954006482414062,133.864753983337,0.29932938190923875,100
2,358,35542,0.29932938190923875,12.363540013370304,60.63197168285073,0.29932938190923875,100
2,359,35641,0.29932938190923875,9.545151284236507,80.04432786460134,0.29932938190923875,100
2,360,35740,0.29932938190923875,10.110112627869466,126.70132099271842,0.29932938190923875,100
2,361,35839,0.29932938190923875,10.783264668404286,124.8552284640648,0.29932938190923875,100
2,362,35938,0.29932938190923875,12.863313379159035,74.1005261576064,0.29932938190923875,100
2,363,36037,0.29932938190923875,9.145151285523063,90.79681638261549,0.29932938190923875,100
2,364,36136,0.29932938190923875,8.480646001810502,47.3984016976425,0.29932938190923875,100
2,365,36235,0.29932938190923875,9.700814547602285,87.24386742406688,0.29932938190923875,100
2,366,36334,0.29932938190923875,9.587244609934794,72.76884987390369,0.29932938190923875,100
2,367,36433,0.29932938190923875,12.796451548987841,66.570847946179,0.29932938190923875,100
2,368,36532,0.29932938190923875,13.383568607126865,74.42604157669275,0.29932938190923875,100
2,369,36631,0.29932938190923875,11.880288558796572,73.06591189231177,0.29932938190923875,100
2,370,36730,0.29932938190923875,8.46153559314361,59.39895660722921,0.29932938190923875,100
2,371,36829,0.29932938190923875,11.779360844758319,74.89535775568459,0.29932938190923875,100
2,372,36928,0.29932938190923875,11.51689981050983,116.78312526865373,0.29932938190923875,100
2,373,37027,0.29932938190923875,14.525384979997579,88.53836561778957,0.29932938190923875,100
2,374,37126,0.29932938190923875,10.222336162192358,73.37514162683182,0.29932938190923875,100
2,375,37225,0.29932938190923875,12.045635944245133,97.12855100762563,0.29932938190923875,100
2,376,37324,0.29932938190923875,12.794681573374394,100.77120838598597,0.29932938190923875,100
2,377,37423,0.29932938190923875,10.375676965815988,77.70063051060322,0.29932938190923875,100
2,378,37522,0.29932938190923875,9.739017056420169,64.93860144493134,0.29932938190923875,100
2,379,37621,0.29932938190923875,9.563624972629581,73.99974666110037,0.29932938190923875,100
2,380,37720,0.29932938190923875,10.98811008703077,92.59430648754291,0.29932938190923875,100
2,381,37819,0.29932938190923875,12.647051917334993,133.76091101485386,0.29932938190923875,100
2,382,37918,0.29932938190923875,11.048399080190144,90.30892086518615,0.29932938190923875,100
2,383,38017,0.29932938190923875,12.277220477184331,97.54669996827697,0.29932938190923875,100
2,384,38116,0.29932938190923875,9.450460605058684,77.24123826097373,0.29932938190923875,100
2,385,38215,0.29932938190923875,10.780175194428791,69.89889357822464,0.29932938190923875,100
2,386,38314,0.29932938190923875,9.39869908311773,86.92098595137121,0.29932938190923875,100
2,387,38413,0.29932938190923875,8.57756064275258,55.724664968248725,0.29932938190923875,100
2,388,38512,0.29932938190923875,12.393765925118494,87.75201932134348,0.29932938190923875,100
2,389,38611,0.29932938190923875,10.790460819204533,94.68755423175898,0.29932938190923875,100
2,390,38710,0.29932938190923875,11.154780808444881,76.27866200967127,0.29932938190923875,100
2,391,38809,0.29932938190923875,11.384169439489785,78.18335184147524,0.29932938190923875,100
2,392,38908,0.29932938190923875,8.194726434280517,59.342098027915966,0.29932938190923875,100
2,393,39007,0.29932938190923875,12.235887407651775,151.1055369878296,0.29932938190923875,100
2,394,39106,0.29932938190923875,12.347489837511823,80.1978551918996,0.29932938190923875,100
2,395,39205,0.29932938190923875,11.93460673218811,104.44072607454245,0.29932938190923875,100
2,396,39304,0.29932938190923875,10.111699413195065,78.51359761377992,0.29932938190923875,100
2,397,39403,0.29932938190923875,14.106070872635474,143.37786044645054,0.29932938190923875,100
2,398,39502,0.29932938190923875,11.372047418332055,124.35045700428935,0.29932938190923875,100
2,399,39601,0.29932938190923875,9.81606881313535,51.03041243020199,0.29932938190923875,100
2,400,39700,0.29932938190923875,10.860328313361567,67.55797841859054,0.29932938190923875,100
2,401,39799,0.29932938190923875,9.972591963338022,70.68471670911924,0.29932938190923875,100
2,402,39898,0.29932938190923875,9.263187932772055,50.31615586616215,0.29932938190923875,100
2,403,39997,0.29932938190923875,12.880491375549793,97.83765953735764,0.29932938190923875,100
2,404,40096,0.29932938190923875,8.491753932074703,69.68583251414299,0.29932938190923875,100
2,405,40195,0.29932938190923875,11.820200240179378,197.4946714455817,0.29932938190923875,100
2,406,40294,0.29932938190923875,12.358851403704996,98.44089735478875,0.29932938190923875,100
2,407,40393,0.29932938190923875,13.018071125873275,101.08341453743114,0.29932938190923875,100
2,408,40492,0.29932938190923875,11.9162110861066,72.74989798455833,0.29932938190923875,100
2,409,40591,0.29932938190923875,11.17195013399768,75.71518606159847,0.29932938190923875,100
2,410,40690,0.29932938190923875,11.119206550702975,72.18384705521522,0.29932938190923875,100
2,411,40789,0.29932938190923875,11.730610076411104,69.16573149819448,0.29932938190923875,100
2,412,40888,0.29932938190923875,11.696683512699297,82.42852943883905,0.29932938190923875,100
2,413,40987,0.29932938190923875,10.365788398326892,100.62251011266608,0.29932938190923875,100
2,414,41086,0.29932938190923875,12.028768024250564,102.3407462805288,0.29932938190923875,100
2,415,41185,0.29932938190923875,9.6768785611871,65.62883857824396,0.29932938190923875,100
2,416,41284,0.29932938190923875,8.901492163424445,68.84364960800693,0.29932938190923875,100
2,417,41383,0.29932938190923875,12.31642685307273,103.44740901846393,0.29932938190923875,100
2,418,41482,0.29932938190923875,10.905200157448427,51.291105874093375,0.29932938190923875,100
2,419,41581,0.29932938190923875,13.100403383523243,108.3078582294861,0.29932938190923875,100
2,420,41680,0.29932938190923875,8.747258121720119,74.94076548340755,0.29932938190923875,100
2,421,41779,0.29932938190923875,12.02216226843017,99.4417753370867,0.29932938190923875,100
2,422,41878,0.29932938190923875,9.894483809023209,81.33679775294789,0.29932938190923875,100
2,423,41977,0.29932938190923875,9.259354395327028,71.8470728767284,0.29932938190923875,100
2,424,42076,0.29932938190923875,10.081551541435035,73.34917473383241,0.29932938190923875,100
2,425,42175,0.29932938190923875,13.555480804881084,111.16034516659064,0.29932938190923875,100
2,426,42274,0.29932938190923875,12.03279004956109,114.55931813788193,0.29932938190923875,100
2,427,42373,0.29932938190923875,12.98764670525396,118.59050383826096,0.29932938190923875,100
2,428,42472,0.29932938190923875,12.336887435023156,88.36450052732401,0.29932938190923875,100
2,429,42571,0.29932938190923875,9.991943255839582,103.1007840404865,0.29932938190923875,100
2,430,42670,0.29932938190923875,11.114629579428366,78.12072932720378,0.29932938190923875,100
2,431,42769,0.29932938190923875,9.685469349013651,87.09207857374703,0.29932938190923875,100
2,432,42868,0.29932938190923875,12.634673608277721,150.62759359513268,0.29932938190923875,100
2,433,42967,0.29932938190923875,8.987988052002276,69.66557555727225,0.29932938190923875,100
2,434,43066,0.29932938190923875,10.29587732164277,93.02063918642807,0.29932938190923875,100
2,435,43165,0.29932938190923875,11.30213810260723,93.33181671968411,0.29932938190923875,100
2,436,43264,0.29932938190923875,9.121964141414459,71.72902274074457,0.29932938190923875,100
2,437,43363,0.29932938190923875,11.388519872079046,67.56178200652545,0.29932938190923875,100
2,438,43462,0.29932938190923875,15.263011176440328,105.99257892711336,0.29932938190923875,100
2,439,43561,0.29932938190923875,10.326053253374774,68.55846427504953,0.29932938190923875,100
2,440,43660,0.29932938190923875,13.490112624387423,96.54419174012001,0.29932938190923875,100
2,441,43759,0.29932938190923875,9.67439266807076,110.9430120949779,0.29932938190923875,100
2,442,43858,0.29932938190923875,13.089148314054748,69.68338032475063,0.29932938190923875,100
2,443,43957,0.29932938190923875,10.995105973665886,77.0424111961734,0.29932938190923875,100
2,444,44056,0.29932938190923875,10.019048453259986,50.16846828603119,0.29932938190923875,100
2,445,44155,0.29932938190923875,12.86208480581432,78.77801603054104,0.29932938190923875,100
2,446,44254,0.29932938190923875,12.075095931054053,98.68368366941671,0.29932938190923875,100
2,447,44353,0.29932938190923875,12.56828909182002,71.7381527022325,0.29932938190923875,100
2,448,44452,0.29932938190923875,16.414949106365185,109.08646709679462,0.29932938190923875,100
2,449,44551,0.29932938190923875,14.116953754435038,73.21992438918926,0.29932938190923875,100
2,450,44650,0.29932938190923875,15.138164748490885,88.27908306992674,0.29932938190923875,100
2,451,44749,0.29932938190923875,16.95814796466323,101.86124692207288,0.29932938190923875,100
2,452,44848,0.29932938190923875,13.828095665400992,119.10106408137787,0.29932938190923875,100
2,453,44947,0.29932938190923875,9.962870543615137,70.70594747344967,0.29932938190923875,100
2,454,45046,0.29932938190923875,11.90463370968731,96.18286601306502,0.29932938190923875,100
2,455,45145,0.29932938190923875,12.465144382534861,106.49817123388091,0.29932938190923875,100
2,456,45244,0.29932938190923875,11.55684719026393,117.49196077832993,0.29932938190923875,100
2,457,45343,0.29932938190923875,12.721440067831761,64.22840241632974,0.29932938190923875,100
2,458,45442,0.29932938190923875,13.231083553784156,86.63281733287539,0.29932938190923875,100
2,459,45541,0.29932938190923875,11.305324862840543,72.2539900248397,0.29932938190923875,100
2,460,45640,0.29932938190923875,11.743311934272462,112.155386632001,0.29932938190923875,100
2,461,45739,0.29932938190923875,11.634714451315014,68.72480946042057,0.29932938190923875,100
2,462,45838,0.29932938190923875,12.464943190804343,102.89529828011707,0.29932938190923875,100
2,463,45937,0.29932938190923875,10.453015677823561,92.4863041188416,0.29932938190923875,100
2,464,46036,0.29932938190923875,14.051263083973108,95.40907183573474,0.29932938190923875,100
2,465,46135,0.29932938190923875,11.954600080796835,96.88200470758224,0.29932938190923875,100
2,466,46234,0.29932938190923875,13.025911552287452,86.18928222866917,0.29932938190923875,100
2,467,46333,0.29932938190923875,12.449916691083802,82.08535534042994,0.29932938190923875,100
2,468,46432,0.29932938190923875,10.246231482391464,78.00736111761773,0.29932938190923875,100
2,469,46531,0.29932938190923875,9.778910128652342,78.00346307719406,0.29932938190923875,100
2,470,46630,0.29932938190923875,10.626943038035419,102.73696698127225,0.29932938190923875,100
2,471,46729,0.29932938190923875,12.090019664497452,86.36800487090738,0.29932938190923875,100
2,472,46828,0.29932938190923875,8.5342650731683,58.946830527982655,0.29932938190923875,100
2,473,46927,0.29932938190923875,10.271193734989595,64.06614209597811,0.29932938190923875,100
2,474,47026,0.29932938190923875,11.65843132848289,141.7610682816471,0.29932938190923875,100
2,475,47125,0.29932938190923875,13.664656073180897,108.32070223583474,0.29932938190923875,100
2,476,47224,0.29932938190923875,11.541887906291471,90.5696622967259,0.29932938190923875,100
2,477,47323,0.29932938190923875,12.094113732927324,96.3342304134909,0.29932938190923875,100
2,478,47422,0.29932938190923875,10.839813436282695,84.13921515420347,0.29932938190923875,100
2,479,47521,0.29932938190923875,8.597236901457448,63.30008076000088,0.29932938190923875,100
2,480,47620,0.29932938190923875,12.632443904625042,104.60026948426724,0.29932938190923875,100
2,481,47719,0.29932938190923875,7.2145094561157075,61.39668896882781,0.29932938190923875,100
2,482,47818,0.29932938190923875,11.121319899931335,73.41766631590762,0.29932938190923875,100
2,483,47917,0.29932938190923875,11.982974385079965,106.04606749975548,0.29932938190923875,100
2,484,48016,0.29932938190923875,11.142544447640548,87.83209402018518,0.29932938190923875,100
2,485,48115,0.29932938190923875,14.312244518694621,84.67018679727644,0.29932938190923875,100
2,486,48214,0.29932938190923875,9.928476381221024,67.71609570488044,0.29932938190923875,100
2,487,48313,0.29932938190923875,13.845332045914052,77.68069525585534,0.29932938190923875,100
2,488,48412,0.29932938190923875,14.444632457589021,123.8220834043653,0.29932938190923875,100
2,489,48511,0.29932938190923875,10.856786448919728,67.5576069693062,0.29932938190923875,100
2,490,48610,0.29932938190923875,11.515914546482179,68.72242738583299,0.29932938190923875,100
2,491,48709,0.29932938190923875,14.100373580628117,91.16974625027467,0.29932938190923875,100
2,492,48808,0.29932938190923875,12.193529071710673,87.35677747492598,0.29932938190923875,100
2,493,48907,0.29932938190923875,11.480290481463804,67.79746196241707,0.29932938190923875,100
2,494,49006,0.29932938190923875,9.754749249881772,87.65227192157818,0.29932938190923875,100
2,495,49105,0.29932938190923875,7.812992378162764,41.58454446387855,0.29932938190923875,100
2,496,49204,0.29932938190923875,8.639602129393936,60.3564139681943,0.29932938190923875,100
2,497,49303,0.29932938190923875,14.374392810287537,103.45998600736007,0.29932938190923875,100
2,498,49402,0.29932938190923875,11.727567605338685,55.621697994498454,0.29932938190923875,100
2,499,49501,0.29932938190923875,11.547010297935131,108.65831470121313,0.29932938190923875,100
2,500,49600,0.29932938190923875,9.421764350764173,59.277394184230204,0.29932938190923875,100
2,501,49699,0.29932938190923875,13.551584804646676,173.49897952368087,0.29932938190923875,100
2,502,49798,0.29932938190923875,11.300005409889625,117.10272224991084,0.29932938190923875,100
2,503,49897,0.29932938190923875,15.193355286439731,77.20847859446434,0.29932938190923875,100
2,504,49996,0.29932938190923875,8.116204450251663,70.81463226645884,0.29932938190923875,100
2,505,50000,0.29932938190923875,6.49086425654085,32.654114695991495,0.29932938190923875,100
3,0,100,134.7006820665601,552.3144454855606,1066.7424392643525,134.7006820665601,100
3,1,199,59.940375232432885,285.92807059382886,690.8771478005995,59.940375232432885,100
3,2,298,9.753476360460075,141.13549505998273,399.2714035644683,9.753476360460075,100
3,3,397,9.467056790684058,67.76120570338011,175.0230912571346,9.467056790684058,100
3,4,496,1.2611450743288928,37.79845055997356,127.74389510623708,1.2611450743288928,100
3,5,595,1.2611450743288928,26.89863040482071,210.43934787200405,1.2611450743288928,100
3,6,694,1.2611450743288928,17.481417653142987,80.78889915632246,1.2611450743288928,100
3,7,793,0.5799017868896964,13.902138812500699,69.28295604917481,0.5799017868896964,100
3,8,892,0.5799017868896964,15.516003852684342,97.33127398095533,0.5799017868896964,100
3,9,991,0.5213585077804385,11.71327980186619,83.84896437932157,0.5213585077804385,100
3,10,1090,0.5213585077804385,11.89036939796109,67.8360696036476,0.5213585077804385,100
3,11,1189,0.4937661801607667,10.23474888648843,71.39013195072948,0.4937661801607667,100
3,12,1288,0.4937661801607667,12.719191709418844,68.1193095227268,0.4937661801607667,100
3,13,1387,0.4937661801607667,12.268886208733242,73.50423749331175,0.4937661801607667,100
3,14,1486,0.4937661801607667,11.233182674399666,123.64311083666279,0.4937661801607667,100
3,15,1585,0.4490469161774572,6.647863073819588,100.66521980241083,0.4490469161774572,100
3,16,1684,0.4490469161774572,12.248368185657203,90.29665812122488,0.4490469161774572,100
3,17,1783,0.4490469161774572,7.47247347876819,93.31184161769241,0.4490469161774572,100
3,18,1882,0.4490469161774572,9.48599053066992,73.41208408210491,0.4490469161774572,100
3,19,1981,0.4490469161774572,10.65589000010268,49.29732314313614,0.4490469161774572,100
3,20,2080,0.4490469161774572,8.681640761529694,54.15977056309159,0.4490469161774572,100
3,21,2179,0.4490469161774572,11.416253000730018,100.08081109047801,0.4490469161774572,100
3,22,2278,0.4490469161774572,13.838762564982167,103.10144710108312,0.4490469161774572,100
3,23,2377,0.4490469161774572,12.1880165079562,100.61841020873517,0.4490469161774572,100
3,24,2476,0.4490469161774572,11.246067375597011,84.54782362633188,0.4490469161774572,100
3,25,2575,0.4490469161774572,13.26283653308127,97.80237216559229,0.4490469161774572,100
3,26,2674,0.4490469161774572,11.53800607587247,82.96613234242508,0.4490469161774572,100
3,27,2773,0.4490469161774572,11.008436983311963,116.86168458338845,0.4490469161774572,100
3,28,2872,0.4490469161774572,11.16521481718137,98.3060823197414,0.4490469161774572,100
3,29,2971,0.4264183079904805,10.872132120175465,77.18318674499533,0.4264183079904805,100
3,30,3070,0.4264183079904805,13.22521144896046,82.1844009984001,0.4264183079904805,100
3,31,3169,0.4264183079904805,14.352424642460829,94.80004694302907,0.4264183079904805,100
3,32,3268,0.4264183079904805,10.313584342321647,67.91358620979585,0.4264183079904805,100
3,33,3367,0.4264183079904805,10.757719935630794,71.80819606792431,0.4264183079904805,100
3,34,3466,0.4264183079904805,11.046308330521837,125.13033164014325,0.4264183079904805,100
3,35,3565,0.4264183079904805,11.9567078960576,79.64728503309654,0.4264183079904805,100
3,36,3664,0.4264183079904805,15.76650013572792,87.86298841315623,0.4264183079904805,100
3,37,3763,0.4264183079904805,11.910472504960767,98.43047923037159,0.4264183079904805,100
3,38,3862,0.4264183079904805,11.52748104158966,68.86213034007658,0.4264183079904805,100
3,39,3961,0.4264183079904805,10.892019211687733,62.62367478814823,0.4264183079904805,100
3,40,4060,0.4264183079904805,11.879710365875155,94.9104779569806,0.4264183079904805,100
3,41,4159,0.4264183079904805,11.83069596871356,72.36044982989573,0.4264183079904805,100
3,42,4258,0.4264183079904805,13.718082617477089,155.51461759912962,0.4264183079904805,100
3,43,4357,0.4264183079904805,9.911836804970612,58.30685766105318,0.4264183079904805,100
3,44,4456,0.4264183079904805,12.410649642089878,118.93426082678556,0.4264183079904805,100
3,45,4555,0.4264183079904805,11.633096686283853,97.96807685710584,0.4264183079904805,100
3,46,4654,0.4203115064252779,11.678890900748097,63.89109823208157,0.4203115064252779,100
3,47,4753,0.4203115064252779,9.537370867118987,83.04041912601093,0.4203115064252779,100
3,48,4852,0.4203115064252779,13.57867825783326,106.20111490225004,0.4203115064252779,100
3,49,4951,0.4203115064252779,14.66080934910892,98.32688912244195,0.4203115064252779,100
3,50,5050,0.4203115064252779,11.151833963758024,87.04690307371939,0.4203115064252779,100
3,51,5149,0.4203115064252779,12.370543123988325,99.92494722094474,0.4203115064252779,100
3,52,5248,0.4059543870787392,14.889705086050812,123.85454833436542,0.4059543870787392,100
3,53,5347,0.4059543870787392,13.504563098676865,74.2536914517231,0.4059543870787392,100
3,54,5446,0.4059543870787392,12.146976202623105,108.87017183807417,0.4059543870787392,100
3,55,5545,0.4059543870787392,9.220645207952735,92.87435439600611,0.4059543870787392,100
3,56,5644,0.4059543870787392,11.030344601409297,77.39051889933158,0.4059543870787392,100
3,57,5743,0.4059543870787392,13.064924336801013,95.09299285291479,0.4059543870787392,100
3,58,5842,0.4059543870787392,9.912535272169894,55.47907872232082,0.4059543870787392,100
3,59,5941,0.4059543870787392,11.263306549705844,105.00070089814815,0.4059543870787392,100
3,60,6040,0.4059543870787392,12.956808059179501,73.93512504003377,0.4059543870787392,100
3,61,6139,0.4059543870787392,12.636088282239097,71.08122858256613,0.4059543870787392,100
3,62,6238,0.4059543870787392,11.591858384142602,102.82266077994305,0.4059543870787392,100
3,63,6337,0.4059543870787392,11.57408145332868,90.26712819745046,0.4059543870787392,100
3,64,6436,0.4059543870787392,13.843238000371107,106.87034599944636,0.4059543870787392,100
3,65,6535,0.4059543870787392,10.851063509242326,99.47490292288772,0.4059543870787392,100
3,66,6634,0.4059543870787392,10.152830189065837,68.52413195475,0.4059543870787392,100
3,67,6733,0.4059543870787392,11.81091979837167,105.50775642131043,0.4059543870787392,100
3,68,6832,0.4059543870787392,14.831384520002722,188.52212695188663,0.4059543870787392,100
3,69,6931,0.4059543870787392,13.6776352060562,115.32445102966402,0.4059543870787392,100
3,70,7030,0.4059543870787392,10.139937457375593,79.16740538633309,0.4059543870787392,100
3,71,7129,0.4059543870787392,10.309707519104117,70.70186394931125,0.4059543870787392,100
3,72,7228,0.4059543870787392,12.531242685409591,81.32309797187017,0.4059543870787392,100
3,73,7327,0.4059543870787392,9.48505392363108,78.51873943740664,0.4059543870787392,100
3,74,7426,0.4059543870787392,12.31965298287725,85.09650975224731,0.4059543870787392,100
3,75,7525,0.4059543870787392,8.777685971296394,63.09704448474061,0.4059543870787392,100
3,76,7624,0.4059543870787392,11.791534529109278,102.9540499004697,0.4059543870787392,100
3,77,7723,0.4059543870787392,9.834425385067421,58.04944513404922,0.4059543870787392,100
3,78,7822,0.4059543870787392,9.73979441401913,67.1945489462375,0.4059543870787392,100
3,79,7921,0.4059543870787392,12.651029778688352,91.04701279705968,0.4059543870787392,100
3,80,8020,0.4059543870787392,9.560659734799987,74.54049118942709,0.4059543870787392,100
3,81,8119,0.4059543870787392,9.04764208646358,72.70950668029234,0.4059543870787392,100
3,82,8218,0.4059543870787392,10.386505604728303,55.157115130319234,0.4059543870787392,100
3,83,8317,0.4059543870787392,12.269237761852052,70.6456511991483,0.4059543870787392,100
3,84,8416,0.4059543870787392,15.600961284484269,99.9652671670147,0.4059543870787392,100
3,85,8515,0.4059543870787392,14.683446125648311,104.51258279531815,0.4059543870787392,100
3,86,8614,0.4059543870787392,12.611123347438527,68.4932421665444,0.4059543870787392,100
3,87,8713,0.4059543870787392,10.455733584595967,79.97102444307558,0.4059543870787392,100
3,88,8812,0.4059543870787392,9.797250244131726,73.67483669751937,0.4059543870787392,100
3,89,8911,0.4059543870787392,11.27990158956802,105.40315209536442,0.4059543870787392,100
3,90,9010,0.4059543870787392,8.403145216560121,42.54944401267555,0.4059543870787392,100
3,91,9109,0.4059543870787392,11.48173003501315,99.43834624874063,0.4059543870787392,100
3,92,9208,0.4059543870787392,8.052775769223173,123.22819223143198,0.4059543870787392,100
3,93,9307,0.4059543870787392,11.921985860509205,85.50473140113743,0.4059543870787392,100
3,94,9406,0.4059543870787392,12.309831112647796,73.11505905397718,0.4059543870787392,100
3,95,9505,0.4059543870787392,8.888512111645106,51.164778163724854,0.4059543870787392,100
3,96,9604,0.4059543870787392,10.76387921632729,122.52757417288126,0.4059543870787392,100
3,97,9703,0.4059543870787392,8.610750344830251,49.65904816671727,0.4059543870787392,100
3,98,9802,0.4059543870787392,12.639093480634342,141.3983029291107,0.4059543870787392,100
3,99,9901,0.4059543870787392,9.914074667650675,92.93794999419254,0.4059543870787392,100
3,100,10000,0.4059543870787392,11.661782927336075,94.94994183228094,0.4059543870787392,100
3,101,10099,0.4059543870787392,8.809331265974745,70.67973611562714,0.4059543870787392,100
3,102,10198,0.4059543870787392,12.201910622004895,113.7085165373676,0.4059543870787392,100
3,103,10297,0.4059543870787392,8.979875279614223,76.81243341543461,0.4059543870787392,100
3,104,10396,0.4059543870787392,8.429261800851476,67.22042906040525,0.4059543870787392,100
3,105,10495,0.4059543870787392,9.002553648131832,58.09666690857655,0.4059543870787392,100
3,106,10594,0.4059543870787392,8.89520846853315,68.78455636093686,0.4059543870787392,100
3,107,10693,0.4059543870787392,10.359213161096001,88.81247880446061,0.4059543870787392,100
3,108,10792,0.4059543870787392,8.81983160503435,83.02339108134652,0.4059543870787392,100
3,109,10891,0.4059543870787392,9.843326207343837,67.55627276633768,0.4059543870787392,100
3,110,10990,0.4059543870787392,9.640693796856477,108.21407086082897,0.4059543870787392,100
3,111,11089,0.4059543870787392,10.16146114107408,85.85728445184844,0.4059543870787392,100
3,112,11188,0.4059543870787392,9.126021614362097,115.60491841734084,0.4059543870787392,100
3,113,11287,0.4059543870787392,10.753436782397847,79.51896748818334,0.4059543870787392,100
3,114,11386,0.4059543870787392,10.675080099642487,99.49262790972655,0.4059543870787392,100
3,115,11485,0.4059543870787392,12.829171998314273,81.43672592369904,0.4059543870787392,100
3,116,11584,0.4059543870787392,10.99165364572987,99.19842916328943,0.4059543870787392,100
3,117,11683,0.4059543870787392,9.821649251911765,51.77158042816901,0.4059543870787392,100
3,118,11782,0.4059543870787392,13.002982254656475,73.04885102927231,0.4059543870787392,100
3,119,11881,0.4059543870787392,10.975975615533809,101.46952452278529,0.4059543870787392,100
3,120,11980,0.4059543870787392,8.784824736977377,74.35152069984933,0.4059543870787392,100
3,121,12079,0.4059543870787392,10.72771240037943,89.16175299542229,0.4059543870787392,100
3,122,12178,0.4059543870787392,12.688368394840866,170.52304743848495,0.4059543870787392,100
3,123,12277,0.4059543870787392,9.149097101661562,55.12322034569513,0.4059543870787392,100
3,124,12376,0.4059543870787392,11.712614834827013,125.3748375583861,0.4059543870787392,100
3,125,12475,0.4059543870787392,7.694882097896889,60.6416539892069,0.4059543870787392,100
3,126,12574,0.4059543870787392,9.570107319637257,88.82221526865501,0.4059543870787392,100
3,127,12673,0.4059543870787392,11.074235359405916,67.67749456329297,0.4059543870787392,100
3,128,12772,0.4059543870787392,9.96967726727069,60.109862110674776,0.4059543870787392,100
3,129,12871,0.4059543870787392,11.190364503302446,126.37528340496885,0.4059543870787392,100
3,130,12970,0.4059543870787392,10.429744435776625,80.81007521257507,0.4059543870787392,100
3,131,13069,0.4059543870787392,14.8226544283818,77.27278848619201,0.4059543870787392,100
3,132,13168,0.4059543870787392,11.962476886858772,86.70884355871792,0.4059543870787392,100
3,133,13267,0.4059543870787392,11.23694490279454,84.81797046867172,0.4059543870787392,100
3,134,13366,0.4059543870787392,12.880336621865613,90.95779882334016,0.4059543870787392,100
3,135,13465,0.4059543870787392,12.180687147927031,102.06407626276733,0.4059543870787392,100
3,136,13564,0.4059543870787392,10.830026111111458,59.22151815872799,0.4059543870787392,100
3,137,13663,0.4059543870787392,11.806075129710207,83.21274624126406,0.4059543870787392,100
3,138,13762,0.4059543870787392,12.158498817426748,105.95222272957656,0.4059543870787392,100
3,139,13861,0.4059543870787392,10.284250617753592,97.5859360640244,0.4059543870787392,100
3,140,13960,0.4059543870787392,10.642782337068233,57.17966231971717,0.4059543870787392,100
3,141,14059,0.4059543870787392,10.492949944324396,68.32543887174614,0.4059543870787392,100
3,142,14158,0.4059543870787392,8.013583742080407,29.930668508114508,0.4059543870787392,100
3,143,14257,0.4059543870787392,10.220753119499642,117.42702210540314,0.4059543870787392,100
3,144,14356,0.4059543870787392,9.922061643387162,145.63083072280807,0.4059543870787392,100
3,145,14455,0.4059543870787392,8.488158322312962,111.21148246573829,0.4059543870787392,100
3,146,14554,0.4059543870787392,9.893158612122061,95.50110726168569,0.4059543870787392,100
3,147,14653,0.4059543870787392,6.606193531573865,50.57811904364365,0.4059543870787392,100
3,148,14752,0.4059543870787392,12.287257629622372,122.04687415139466,0.4059543870787392,100
3,149,14851,0.4059543870787392,10.232007550562377,81.22767597156619,0.4059543870787392,100
3,150,14950,0.4059543870787392,11.529860257869066,59.50139640599655,0.4059543870787392,100
3,151,15049,0.4059543870787392,14.407052333884263,100.80742030224862,0.4059543870787392,100
3,152,15148,0.4059543870787392,12.143639005842699,87.42240597849826,0.4059543870787392,100
3,153,15247,0.4059543870787392,13.319239949685313,96.30588620619413,0.4059543870787392,100
3,154,15346,0.4059543870787392,12.698742380112142,85.04492635118444,0.4059543870787392,100
3,155,15445,0.4059543870787392,14.602256904460567,92.77045788875974,0.4059543870787392,100
3,156,15544,0.4059543870787392,11.664115483265254,79.21413214551671,0.4059543870787392,100
3,157,15643,0.4059543870787392,12.91796531926218,124.02609694160562,0.4059543870787392,100
3,158,15742,0.4059543870787392,11.622525306858192,101.54385329456298,0.4059543870787392,100
3,159,15841,0.4059543870787392,12.10142224705793,127.42026427577972,0.4059543870787392,100
3,160,15940,0.4059543870787392,12.626373683390428,129.2357212961089,0.4059543870787392,100
3,161,16039,0.4059543870787392,13.655915577423755,112.30766243352055,0.4059543870787392,100
3,162,16138,0.4059543870787392,9.578999925020007,60.4711435419402,0.4059543870787392,100
3,163,16237,0.4059543870787392,9.892859880376161,88.63418883970391,0.4059543870787392,100
3,164,16336,0.4059543870787392,9.737885584397734,102.79658733729843,0.4059543870787392,100
3,165,16435,0.4059543870787392,10.847474673093084,78.44981334437726,0.4059543870787392,100
3,166,16534,0.4059543870787392,10.658096809948667,61.42849775483779,0.4059543870787392,100
3,167,16633,0.4059543870787392,13.435484841818848,128.6007882367283,0.4059543870787392,100
3,168,16732,0.4059543870787392,11.440526635506373,69.58700008414118,0.4059543870787392,100
3,169,16831,0.4059543870787392,13.557119553435273,100.2579602640454,0.4059543870787392,100
3,170,16930,0.4059543870787392,10.328289634645527,79.41491535514149,0.4059543870787392,100
3,171,17029,0.4059543870787392,12.485412309157345,83.9497864308002,0.4059543870787392,100
3,172,17128,0.4059543870787392,12.168158711397258,110.08003264408262,0.4059543870787392,100
3,173,17227,0.4059543870787392,9.513992440653723,96.37981424579476,0.4059543870787392,100
3,174,17326,0.4059543870787392,9.36630182423829,48.70215146142979,0.4059543870787392,100
3,175,17425,0.4059543870787392,12.030314652795726,71.27779316532578,0.4059543870787392,100
3,176,17524,0.4059543870787392,13.365729338619474,116.47031550845519,0.4059543870787392,100
3,177,17623,0.4059543870787392,9.331987787627156,76.39383109334071,0.4059543870787392,100
3,178,17722,0.4059543870787392,8.962000655315512,117.97474671601782,0.4059543870787392,100
3,179,17821,0.4059543870787392,7.888760474592452,54.0201633588694,0.4059543870787392,100
3,180,17920,0.4059543870787392,12.229818847395961,94.68624252235323,0.4059543870787392,100
3,181,18019,0.4059543870787392,8.896482838253712,71.70537658371558,0.4059543870787392,100
3,182,18118,0.4059543870787392,13.999487961667507,76.947557019487,0.4059543870787392,100
3,183,18217,0.4059543870787392,9.56321732060943,72.9413032003138,0.4059543870787392,100
3,184,18316,0.4059543870787392,12.232201129898282,98.98931876783053,0.4059543870787392,100
3,185,18415,0.4059543870787392,7.136505540269768,57.355995330779464,0.4059543870787392,100
3,186,18514,0.4059543870787392,12.597893435579643,104.42755641295207,0.4059543870787392,100
3,187,18613,0.4059543870787392,7.357362679438912,63.45346997687881,0.4059543870787392,100
3,188,18712,0.4059543870787392,10.456674831182518,127.99072918682982,0.4059543870787392,100
3,189,18811,0.4059543870787392,10.805658510032126,84.15978590155447,0.4059543870787392,100
3,190,18910,0.4059543870787392,13.014814998462366,164.3532728851485,0.4059543870787392,100
3,191,19009,0.4059543870787392,10.170325663948418,74.56455193260459,0.4059543870787392,100
3,192,19108,0.4059543870787392,8.627699534460042,69.4655759705228,0.4059543870787392,100
3,193,19207,0.4059543870787392,12.171158772408544,84.65092163478543,0.4059543870787392,100
3,194,19306,0.4059543870787392,11.161792795163514,88.31740925151962,0.4059543870787392,100
3,195,19405,0.4059543870787392,10.537419361904046,104.12608250573255,0.4059543870787392,100
3,196,19504,0.4059543870787392,10.183473667925712,70.46566030891864,0.4059543870787392,100
3,197,19603,0.4059543870787392,10.441990901191039,103.30488933798395,0.4059543870787392,100
3,198,19702,0.4059543870787392,11.653848584300285,127.23428414817013,0.4059543870787392,100
3,199,19801,0.4059543870787392,8.614516372758617,46.11780403494239,0.4059543870787392,100
3,200,19900,0.4059543870787392,9.97078596153254,58.93305377921901,0.4059543870787392,100
3,201,19999,0.4059543870787392,10.30767929382972,74.94320310633948,0.4059543870787392,100
3,202,20098,0.4059543870787392,11.355667644930788,70.5271119099644,0.4059543870787392,100
3,203,20197,0.4059543870787392,8.065127948208406,53.2918476014451,0.4059543870787392,100
3,204,20296,0.4059543870787392,12.58005569778685,120.89169385420931,0.4059543870787392,100
3,205,20395,0.4059543870787392,11.970116376419266,103.88170979418952,0.4059543870787392,100
3,206,20494,0.4059543870787392,11.009879988677023,124.74249973680416,0.4059543870787392,100
3,207,20593,0.4059543870787392,9.101732924100224,61.221650019523054,0.4059543870787392,100
3,208,20692,0.4059543870787392,10.295221856046707,97.65135492960249,0.4059543870787392,100
3,209,20791,0.4059543870787392,9.927051556392847,61.42151789958082,0.4059543870787392,100
3,210,20890,0.4059543870787392,10.8899064183071,81.73955699910715,0.4059543870787392,100
3,211,20989,0.4059543870787392,11.665989704432425,108.46133555720898,0.4059543870787392,100
3,212,21088,0.4059543870787392,10.389682256525981,107.81413115052942,0.4059543870787392,100
3,213,21187,0.4059543870787392,9.617394774389336,104.55989801957203,0.4059543870787392,100
3,214,21286,0.4059543870787392,12.287840552986859,90.0972369747042,0.4059543870787392,100
3,215,21385,0.4059543870787392,12.116962834359402,102.4207110585619,0.4059543870787392,100
3,216,21484,0.4059543870787392,11.747246317960075,102.61425601851276,0.4059543870787392,100
3,217,21583,0.4059543870787392,12.61588810129845,78.26610644482949,0.4059543870787392,100
3,218,21682,0.35394888007595715,14.157703472578522,121.48646206237285,0.35394888007595715,100
3,219,21781,0.35394888007595715,9.855602037458155,82.1994004167869,0.35394888007595715,100
3,220,21880,0.35394888007595715,9.671056192737183,111.27179672771375,0.35394888007595715,100
3,221,21979,0.35394888007595715,12.732463379717315,102.7855546969203,0.35394888007595715,100
3,222,22078,0.35394888007595715,8.649901353606344,44.48375820600642,0.35394888007595715,100
3,223,22177,0.35394888007595715,11.223327397491346,60.177891558649414,0.35394888007595715,100
3,224,22276,0.35394888007595715,11.621041189235077,64.74784818895687,0.35394888007595715,100
3,225,22375,0.35394888007595715,10.009742132901861,74.39905385205705,0.35394888007595715,100
3,226,22474,0.35394888007595715,7.894753393056266,81.90972731777342,0.35394888007595715,100
3,227,22573,0.35394888007595715,12.09154293855527,76.04764251625573,0.35394888007595715,100
3,228,22672,0.35394888007595715,10.137191772013228,72.85702495063342,0.35394888007595715,100
3,229,22771,0.35394888007595715,11.665400043994014,83.40546245981008,0.35394888007595715,100
3,230,22870,0.35394888007595715,12.593389089678347,80.03727675383287,0.35394888007595715,100
3,231,22969,0.35394888007595715,14.11174625958093,125.86957022815274,0.35394888007595715,100
3,232,23068,0.35394888007595715,11.581728065577066,118.72341513081966,0.35394888007595715,100
3,233,23167,0.35394888007595715,9.402784417978443,66.7197358792731,0.35394888007595715,100
3,234,23266,0.35394888007595715,11.07287891110388,93.41618972929791,0.35394888007595715,100
3,235,23365,0.35394888007595715,9.660636773793847,48.750515186279515,0.35394888007595715,100
3,236,23464,0.35394888007595715,11.028963663715604,76.21762479687527,0.35394888007595715,100
3,237,23563,0.35394888007595715,7.210224747060298,48.82652548781899,0.35394888007595715,100
3,238,23662,0.35394888007595715,10.680675936964729,84.25335699590372,0.35394888007595715,100
3,239,23761,0.32295602673582713,12.481686772460684,112.94964776982482,0.32295602673582713,100
3,240,23860,0.32295602673582713,13.110237611863932,90.56973884612566,0.32295602673582713,100
3,241,23959,0.32295602673582713,11.511114141791367,79.57681227757777,0.32295602673582713,100
3,242,24058,0.32295602673582713,11.182674536685447,131.95073627947852,0.32295602673582713,100
3,243,24157,0.32295602673582713,9.140609238171328,78.22042898154378,0.32295602673582713,100
3,244,24256,0.32295602673582713,10.99090532871872,101.15453468888028,0.32295602673582713,100
3,245,24355,0.32295602673582713,9.976543664112905,96.0261586085156,0.32295602673582713,100
3,246,24454,0.32295602673582713,10.813236193694891,91.00323506616465,0.32295602673582713,100
3,247,24553,0.32295602673582713,11.584221193564042,95.10060360455142,0.32295602673582713,100
3,248,24652,0.32295602673582713,13.25078885988188,80.96880265033978,0.32295602673582713,100
3,249,24751,0.32295602673582713,11.668947118611618,92.92870601761662,0.32295602673582713,100
3,250,24850,0.32295602673582713,12.816097820044897,117.30691968081467,0.32295602673582713,100
3,251,24949,0.32295602673582713,9.795499779880018,66.81045672545643,0.32295602673582713,100
3,252,25048,0.32295602673582713,10.460295977204826,65.93483630655149,0.32295602673582713,100
3,253,25147,0.32295602673582713,10.100031458111209,54.40324910777428,0.32295602673582713,100
3,254,25246,0.32295602673582713,11.19259163192129,93.70126642618833,0.32295602673582713,100
3,255,25345,0.32295602673582713,8.744375242495606,67.77983273687585,0.32295602673582713,100
3,256,25444,0.32295602673582713,13.641791182680256,86.43157139389123,0.32295602673582713,100
3,257,25543,0.32295602673582713,11.638355738306183,83.94835914223314,0.32295602673582713,100
3,258,25642,0.32295602673582713,10.217359473792872,65.27690214420609,0.32295602673582713,100
3,259,25741,0.32295602673582713,9.95472290899382,89.95715844561428,0.32295602673582713,100
3,260,25840,0.32295602673582713,8.439172419629873,76.5900275772296,0.32295602673582713,100
3,261,25939,0.32295602673582713,11.874543723727468,146.47020512370028,0.32295602673582713,100
3,262,26038,0.32295602673582713,9.431016701929845,66.36059531666088,0.32295602673582713,100
3,263,26137,0.32295602673582713,9.029407525464228,75.71298181142272,0.32295602673582713,100
3,264,26236,0.32295602673582713,12.381626549584821,97.33361206482915,0.32295602673582713,100
3,265,26335,0.32295602673582713,12.046891796280406,55.228175113937866,0.32295602673582713,100
3,266,26434,0.32295602673582713,9.909322408582339,66.08021173869369,0.32295602673582713,100
3,267,26533,0.32295602673582713,11.621404468844679,71.63844649230646,0.32295602673582713,100
3,268,26632,0.32295602673582713,12.128966317578266,76.84483344952172,0.32295602673582713,100
3,269,26731,0.32295602673582713,12.285952568958155,67.42287292419324,0.32295602673582713,100
3,270,26830,0.32295602673582713,10.702201287009093,108.03704287628575,0.32295602673582713,100
3,271,26929,0.32295602673582713,12.562034890722494,117.26315873410365,0.32295602673582713,100
3,272,27028,0.32295602673582713,12.434178523730473,85.31039785532433,0.32295602673582713,100
3,273,27127,0.32295602673582713,11.6004261366411,81.80899502961464,0.32295602673582713,100
3,274,27226,0.32295602673582713,12.742568209129105,101.33185196056846,0.32295602673582713,100
3,275,27325,0.32295602673582713,11.882431752466507,63.91105118366447,0.32295602673582713,100
3,276,27424,0.32295602673582713,12.135248049945938,85.26953443556613,0.32295602673582713,100
3,277,27523,0.32295602673582713,11.378387724858834,78.6700859731042,0.32295602673582713,100
3,278,27622,0.32295602673582713,8.469086101395204,52.92631866411607,0.32295602673582713,100
3,279,27721,0.32295602673582713,12.945676331049008,73.34817496918025,0.32295602673582713,100
3,280,27820,0.32295602673582713,12.525963823147357,101.06205398662209,0.32295602673582713,100
3,281,27919,0.32295602673582713,15.287808234965919,101.50322353148735,0.32295602673582713,100
3,282,28018,0.32295602673582713,11.091299665371618,86.41788216266187,0.32295602673582713,100
3,283,28117,0.32295602673582713,13.33854685986914,162.08492696464413,0.32295602673582713,100
3,284,28216,0.32295602673582713,10.923341296269657,81.28254867177613,0.32295602673582713,100
3,285,28315,0.32295602673582713,9.450611028659678,51.08809439080743,0.32295602673582713,100
3,286,28414,0.32295602673582713,12.088841891837472,84.4340013751087,0.32295602673582713,100
3,287,28513,0.32295602673582713,9.576038289352805,55.18363090147503,0.32295602673582713,100
3,288,28612,0.32295602673582713,11.81509199778793,92.59830555904071,0.32295602673582713,100
3,289,28711,0.32295602673582713,12.325139278047684,91.26002235968807,0.32295602673582713,100
3,290,28810,0.32295602673582713,13.05298190679011,66.9828488725921,0.32295602673582713,100
3,291,28909,0.32295602673582713,9.942216020714907,61.15625154787433,0.32295602673582713,100
3,292,29008,0.32295602673582713,15.219092323256369,158.74219366913073,0.32295602673582713,100
3,293,29107,0.32295602673582713,10.364707109768064,71.63155132988821,0.32295602673582713,100
3,294,29206,0.32295602673582713,11.012606782695766,69.94445943793644,0.32295602673582713,100
3,295,29305,0.32295602673582713,9.57696759235625,59.15192704345861,0.32295602673582713,100
3,296,29404,0.32295602673582713,9.394188480335156,62.929680286823135,0.32295602673582713,100
3,297,29503,0.32295602673582713,11.369583833637673,75.40702365286366,0.32295602673582713,100
3,298,29602,0.32295602673582713,12.279492121364433,98.22294809445776,0.32295602673582713,100
3,299,29701,0.32295602673582713,9.227765585419302,80.70450087373897,0.32295602673582713,100
3,300,29800,0.32295602673582713,11.60855608557628,119.09971709363467,0.32295602673582713,100
3,301,29899,0.32295602673582713,9.769112808845689,91.30603842610098,0.32295602673582713,100
3,302,29998,0.32295602673582713,13.1852770760292,147.84592546366537,0.32295602673582713,100
3,303,30097,0.32295602673582713,10.997370520746905,131.2324084353858,0.32295602673582713,100
3,304,30196,0.32295602673582713,10.289235921117331,69.93295401560054,0.32295602673582713,100
3,305,30295,0.32295602673582713,11.521801069298162,97.46291037750541,0.32295602673582713,100
3,306,30394,0.32295602673582713,11.058691525760855,87.87516516731526,0.32295602673582713,100
3,307,30493,0.32295602673582713,9.873117802534374,76.37906426086099,0.32295602673582713,100
3,308,30592,0.32295602673582713,9.81744169285219,74.70428582993773,0.32295602673582713,100
3,309,30691,0.32295602673582713,11.812152909936339,103.42527573815207,0.32295602673582713,100
3,310,30790,0.32295602673582713,11.215517415493247,94.45967631498421,0.32295602673582713,100
3,311,30889,0.32295602673582713,14.918986253957893,114.5434374981939,0.32295602673582713,100
3,312,30988,0.32295602673582713,11.122803841404682,86.75521590052546,0.32295602673582713,100
3,313,31087,0.32295602673582713,11.28938359587087,59.667864632461324,0.32295602673582713,100
3,314,31186,0.32295602673582713,8.698984079607987,98.62594154024062,0.32295602673582713,100
3,315,31285,0.32295602673582713,9.720833315128104,112.41796747058223,0.32295602673582713,100
3,316,31384,0.32295602673582713,12.339498078702338,73.38662431591477,0.32295602673582713,100
3,317,31483,0.32295602673582713,11.018014559373528,80.76001507700681,0.32295602673582713,100
3,318,31582,0.32295602673582713,10.021157626709435,44.9738534730706,0.32295602673582713,100
3,319,31681,0.32295602673582713,11.454808483159242,58.59984879081753,0.32295602673582713,100
3,320,31780,0.32295602673582713,10.642066421509508,104.73456216804459,0.32295602673582713,100
3,321,31879,0.32295602673582713,11.604541773066485,99.52892220622175,0.32295602673582713,100
3,322,31978,0.32295602673582713,11.030313198643464,52.52232725706692,0.32295602673582713,100
3,323,32077,0.32295602673582713,9.168542556447738,76.2883931647086,0.32295602673582713,100
3,324,32176,0.32295602673582713,11.994699360874474,126.01196456415731,0.32295602673582713,100
3,325,32275,0.32295602673582713,10.601439064632865,133.18696374740085,0.32295602673582713,100
3,326,32374,0.32295602673582713,8.993406793371477,80.43604699333429,0.32295602673582713,100
3,327,32473,0.32295602673582713,8.81458530707035,55.855586770471895,0.32295602673582713,100
3,328,32572,0.32295602673582713,15.190813065961937,146.83148705398344,0.32295602673582713,100
3,329,32671,0.32295602673582713,9.975882256074115,67.66798095398238,0.32295602673582713,100
3,330,32770,0.32295602673582713,8.853041428241648,59.07248851544786,0.32295602673582713,100
3,331,32869,0.32295602673582713,9.122091628484405,162.50425044082084,0.32295602673582713,100
3,332,32968,0.32295602673582713,11.115122665005043,77.33973770092791,0.32295602673582713,100
3,333,33067,0.32295602673582713,10.767738673284871,107.13760714983695,0.32295602673582713,100
3,334,33166,0.32295602673582713,10.46120675083623,92.88611186309109,0.32295602673582713,100
3,335,33265,0.32295602673582713,10.470961032630912,81.60331171208233,0.32295602673582713,100
3,336,33364,0.32295602673582713,9.588195212002734,113.39838305248841,0.32295602673582713,100
3,337,33463,0.32295602673582713,9.658227648032897,56.31514546868441,0.32295602673582713,100
3,338,33562,0.32295602673582713,10.963767459774688,70.40015063240732,0.32295602673582713,100
3,339,33661,0.32295602673582713,8.950510566131548,73.62759064111886,0.32295602673582713,100
3,340,33760,0.32295602673582713,13.367520142292069,128.98824586624895,0.32295602673582713,100
3,341,33859,0.32295602673582713,9.641370563301875,106.08012029348426,0.32295602673582713,100
3,342,33958,0.32295602673582713,9.563783197238262,70.01235901971452,0.32295602673582713,100
3,343,34057,0.32295602673582713,11.834366071469633,81.4886497749168,0.32295602673582713,100
3,344,34156,0.32295602673582713,13.026700619677984,68.43683110436345,0.32295602673582713,100
3,345,34255,0.32295602673582713,11.815581404175505,88.72116052592271,0.32295602673582713,100
3,346,34354,0.32295602673582713,11.482592400294855,96.73932628292083,0.32295602673582713,100
3,347,34453,0.32295602673582713,10.874622580528662,97.98959994290531,0.32295602673582713,100
3,348,34552,0.32295602673582713,10.336976437723132,68.77304063347874,0.32295602673582713,100
3,349,34651,0.32295602673582713,13.88433566876168,125.67698641652338,0.32295602673582713,100
3,350,34750,0.32295602673582713,10.499257757900427,87.27239175771277,0.32295602673582713,100
3,351,34849,0.32295602673582713,11.062987341301184,63.15885679238055,0.32295602673582713,100
3,352,34948,0.32295602673582713,10.199550778843271,61.95695739978053,0.32295602673582713,100
3,353,35047,0.32295602673582713,12.851817180294143,73.20563990083674,0.32295602673582713,100
3,354,35146,0.32295602673582713,10.07085890038296,64.70634950397768,0.32295602673582713,100
3,355,35245,0.32295602673582713,8.00119600376279,68.02869910374557,0.32295602673582713,100
3,356,35344,0.32295602673582713,10.135604380199437,83.75977094594515,0.32295602673582713,100
3,357,35443,0.32295602673582713,10.534279234459182,47.72171286910168,0.32295602673582713,100
3,358,35542,0.32295602673582713,8.562211060557267,49.98914150819588,0.32295602673582713,100
3,359,35641,0.32295602673582713,14.016898018017923,111.06799783232438,0.32295602673582713,100
3,360,35740,0.32295602673582713,14.211973497052481,82.49498183249808,0.32295602673582713,100
3,361,35839,0.32295602673582713,13.134068536924294,90.58050093860552,0.32295602673582713,100
3,362,35938,0.32295602673582713,9.074953211697421,77.6271501037285,0.32295602673582713,100
3,363,36037,0.32295602673582713,11.88981366012775,86.05313160945732,0.32295602673582713,100
3,364,36136,0.32295602673582713,12.87660235548612,92.08251202422564,0.32295602673582713,100
3,365,36235,0.32295602673582713,14.710902928562529,88.3681237672859,0.32295602673582713,100
3,366,36334,0.32295602673582713,12.398597594204311,69.24433249651648,0.32295602673582713,100
3,367,36433,0.32295602673582713,9.871535783078,56.89180104375649,0.32295602673582713,100
3,368,36532,0.32295602673582713,8.54142012945464,53.67133991671249,0.32295602673582713,100
3,369,36631,0.32295602673582713,11.564528430961229,99.86411589550403,0.32295602673582713,100
3,370,36730,0.32295602673582713,9.469951889233144,55.65795979043626,0.32295602673582713,100
3,371,36829,0.32295602673582713,8.265589033240834,60.3917603103889,0.32295602673582713,100
3,372,36928,0.32295602673582713,11.292307940409339,89.4262172199985,0.32295602673582713,100
3,373,37027,0.32295602673582713,14.205080800380761,94.77952231053199,0.32295602673582713,100
3,374,37126,0.32295602673582713,12.300801705183225,110.5521937095202,0.32295602673582713,100
3,375,37225,0.32295602673582713,10.248480236206975,73.5228362244804,0.32295602673582713,100
3,376,37324,0.32295602673582713,10.44876815686381,82.60238940565611,0.32295602673582713,100
3,377,37423,0.32295602673582713,9.290645336507572,106.71448480750452,0.32295602673582713,100
3,378,37522,0.32295602673582713,7.870408369277682,82.5229848297753,0.32295602673582713,100
3,379,37621,0.32295602673582713,12.359102886569042,88.30420786676959,0.32295602673582713,100
3,380,37720,0.32295602673582713,13.634077786974117,109.54463742207778,0.32295602673582713,100
3,381,37819,0.32295602673582713,9.268664973538637,71.83460394628923,0.32295602673582713,100
3,382,37918,0.32295602673582713,9.470957266725476,65.94477785582103,0.32295602673582713,100
3,383,38017,0.32295602673582713,13.96834858089005,141.6836608016128,0.32295602673582713,100
3,384,38116,0.32295602673582713,14.285537794594186,84.961060180728,0.32295602673582713,100
3,385,38215,0.32295602673582713,11.251559830167496,94.42289598551784,0.32295602673582713,100
3,386,38314,0.32295602673582713,10.276571589175406,66.54423969943178,0.32295602673582713,100
3,387,38413,0.32295602673582713,9.927788389531468,100.66474125147771,0.32295602673582713,100
3,388,38512,0.32295602673582713,10.137709475846092,83.90826516095693,0.32295602673582713,100
3,389,38611,0.32295602673582713,11.367466447139867,114.99128200315198,0.32295602673582713,100
3,390,38710,0.32295602673582713,11.52362484856488,80.42398337694347,0.32295602673582713,100
3,391,38809,0.32295602673582713,14.511762646387055,141.15720870576592,0.32295602673582713,100
3,392,38908,0.32295602673582713,11.898029392553196,63.38613660315801,0.32295602673582713,100
3,393,39007,0.32295602673582713,9.872224004221495,81.38229503335229,0.32295602673582713,100
3,394,39106,0.32295602673582713,11.50953359116774,56.05029388445479,0.32295602673582713,100
3,395,39205,0.32295602673582713,11.641814424631969,86.49639833818884,0.32295602673582713,100
3,396,39304,0.32295602673582713,8.66231671315644,61.97765826729363,0.32295602673582713,100
3,397,39403,0.32295602673582713,8.818242552926135,108.60393618655878,0.32295602673582713,100
3,398,39502,0.32295602673582713,11.5271235180305,107.44219669071724,0.32295602673582713,100
3,399,39601,0.32295602673582713,12.959117154571995,78.35775807790564,0.32295602673582713,100
3,400,39700,0.32295602673582713,11.23351839570214,82.42025189835732,0.32295602673582713,100
3,401,39799,0.32295602673582713,11.72265363582157,84.07558024142507,0.32295602673582713,100
3,402,39898,0.32295602673582713,8.832285657361858,53.80995079138944,0.32295602673582713,100
3,403,39997,0.32295602673582713,9.802301176764137,93.60744607715348,0.32295602673582713,100
3,404,40096,0.32295602673582713,10.520413813376829,88.12819963845178,0.32295602673582713,100
3,405,40195,0.32295602673582713,13.11659034760499,102.87427529814059,0.32295602673582713,100
3,406,40294,0.32295602673582713,9.971183858924405,60.1475496234902,0.32295602673582713,100
3,407,40393,0.32295602673582713,10.222157840307995,118.65525437273219,0.32295602673582713,100
3,408,40492,0.32295602673582713,11.8504661685612,83.28706312142599,0.32295602673582713,100
3,409,40591,0.32295602673582713,10.725181272577572,60.842783789187315,0.32295602673582713,100
3,410,40690,0.32295602673582713,10.619657736611233,76.99955380861864,0.32295602673582713,100
3,411,40789,0.32295602673582713,11.97818527695969,80.75533946820583,0.32295602673582713,100
3,412,40888,0.32295602673582713,10.679450872229152,71.08190837036945,0.32295602673582713,100
3,413,40987,0.32295602673582713,11.293834832287889,56.254112937050074,0.32295602673582713,100
3,414,41086,0.32295602673582713,12.877728975972456,118.88085732842526,0.32295602673582713,100
3,415,41185,0.32295602673582713,11.360213315536363,95.73420016835136,0.32295602673582713,100
3,416,41284,0.32295602673582713,8.847765333665098,113.47161389149534,0.32295602673582713,100
3,417,41383,0.32295602673582713,10.665753537424523,84.23119021329879,0.32295602673582713,100
3,418,41482,0.32295602673582713,10.986829765230594,64.60715161619099,0.32295602673582713,100
3,419,41581,0.32295602673582713,13.223040694806969,106.53634086845534,0.32295602673582713,100
3,420,41680,0.32295602673582713,13.69248423190894,72.1793216506691,0.32295602673582713,100
3,421,41779,0.32295602673582713,10.954532047591172,67.69673857302284,0.32295602673582713,100
3,422,41878,0.32295602673582713,10.168567192789311,86.07908289047495,0.32295602673582713,100
3,423,41977,0.32295602673582713,9.130319482831865,57.19337864037017,0.32295602673582713,100
3,424,42076,0.32295602673582713,8.427613125935219,66.01934614837025,0.32295602673582713,100
3,425,42175,0.32295602673582713,9.36256254893883,59.3476897789398,0.32295602673582713,100
3,426,42274,0.32295602673582713,11.886673484885016,97.58414499884906,0.32295602673582713,100
3,427,42373,0.32295602673582713,11.449771998293278,61.35823734136653,0.32295602673582713,100
3,428,42472,0.32295602673582713,11.944992747503678,85.41513337778899,0.32295602673582713,100
3,429,42571,0.32295602673582713,11.97652557892346,65.80966179926047,0.32295602673582713,100
3,430,42670,0.3229560267357725,10.635033643855241,70.4297397791285,0.3229560267357725,100
3,431,42769,0.3229560267357725,11.814119574236102,73.39947459786076,0.3229560267357725,100
3,432,42868,0.3229560267357725,13.0109549532376,68.11022860610477,0.3229560267357725,100
3,433,42967,0.3229560267357725,13.939167837887183,89.07252824770814,0.3229560267357725,100
3,434,43066,0.3229560267357725,8.889375767136473,49.542862034467284,0.3229560267357725,100
3,435,43165,0.3229560267357725,9.490348387816475,69.26538537998658,0.3229560267357725,100
3,436,43264,0.3229560267357725,10.172118920283065,81.87312844260018,0.3229560267357725,100
3,437,43363,0.3229560267357725,11.403226363280746,90.87599043364847,0.3229560267357725,100
3,438,43462,0.3229560267357725,12.43619117555899,97.64109112380999,0.3229560267357725,100
3,439,43561,0.3229560267357725,10.03881609243504,68.45377592564157,0.3229560267357725,100
3,440,43660,0.3229560267357725,12.315557432907772,127.7378445366846,0.3229560267357725,100
3,441,43759,0.3229560267357725,10.675668620158728,71.86038015022383,0.3229560267357725,100
3,442,43858,0.3229560267357725,11.57438445940683,72.96650689639594,0.3229560267357725,100
3,443,43957,0.3229560267357725,9.815262479624877,53.590028555009766,0.3229560267357725,100
3,444,44056,0.3229560267357725,17.43635631314705,126.4558766426299,0.3229560267357725,100
3,445,44155,0.3229560267357725,10.813764294696348,86.66168238053548,0.3229560267357725,100
3,446,44254,0.3229560267357725,14.603325651781565,113.75619567570187,0.3229560267357725,100
3,447,44353,0.3229560267357725,10.711471078964768,91.63699780836453,0.3229560267357725,100
3,448,44452,0.3229560267357725,12.845756898386876,100.6714797800905,0.3229560267357725,100
3,449,44551,0.3229560267357725,14.062951532329393,118.6724439106363,0.3229560267357725,100
3,450,44650,0.3229560267357725,13.658023966929525,84.12954957900642,0.3229560267357725,100
3,451,44749,0.3229560267357725,14.302365530751894,107.91175370294756,0.3229560267357725,100
3,452,44848,0.3229560267357725,11.828260967835753,65.93594339353369,0.3229560267357725,100
3,453,44947,0.3229560267357725,10.98096081673148,79.68680797516669,0.3229560267357725,100
3,454,45046,0.3229560267357725,13.269203394426988,117.34327549989982,0.3229560267357725,100
3,455,45145,0.3229560267357725,16.015490914145985,95.1226316051536,0.3229560267357725,100
3,456,45244,0.3229560267357725,11.811253704031026,79.64822070476907,0.3229560267357725,100
3,457,45343,0.3229560267357725,10.688737747993095,103.88205753930504,0.3229560267357725,100
3,458,45442,0.3229560267357725,10.841581935335762,92.88359528527636,0.3229560267357725,100
3,459,45541,0.3229560267357725,9.294905662183847,67.41043856287605,0.3229560267357725,100
3,460,45640,0.3229560267357725,9.570508356437855,93.71182920419545,0.3229560267357725,100
3,461,45739,0.3229560267357725,10.35366327166634,90.67286808466238,0.3229560267357725,100
3,462,45838,0.3229560267357725,9.464875820174578,64.10909878893466,0.3229560267357725,100
3,463,45937,0.3229560267357725,9.769453582978436,85.28629256321086,0.3229560267357725,100
3,464,46036,0.3229560267357725,9.90867424137179,75.04674409501105,0.3229560267357725,100
3,465,46135,0.3229560267357725,8.633903433703026,133.12261806099391,0.3229560267357725,100
3,466,46234,0.3229560267357725,9.963943354726837,80.56090278388682,0.3229560267357725,100
3,467,46333,0.3229560267357725,11.42312629277292,151.4372555666581,0.3229560267357725,100
3,468,46432,0.3229560267357725,10.293566141514825,60.743092857713584,0.3229560267357725,100
3,469,46531,0.3229560267357725,9.782797599677124,100.7268798856323,0.3229560267357725,100
3,470,46630,0.3229560267357725,9.447995928020232,88.45330286395784,0.3229560267357725,100
3,471,46729,0.3229560267357725,12.4156443866007,66.37520214922492,0.3229560267357725,100
3,472,46828,0.3229560267357725,11.219097532687748,91.11744195657006,0.3229560267357725,100
3,473,46927,0.3229560267357725,11.199355595528646,59.22808123355803,0.3229560267357725,100
3,474,47026,0.3229560267357725,10.44262814246815,72.01879016635586,0.3229560267357725,100
3,475,47125,0.3229560267357725,9.905203180825824,130.9932973077226,0.3229560267357725,100
3,476,47224,0.3229560267357725,11.917296940788198,119.39193758971486,0.3229560267357725,100
3,477,47323,0.3229560267357725,9.277442974965167,90.52952184495871,0.3229560267357725,100
3,478,47422,0.3229560267357725,12.20520508398124,87.47556311073924,0.3229560267357725,100
3,479,47521,0.3229560267357725,13.795249717030377,82.13671187535465,0.3229560267357725,100
3,480,47620,0.3229560267357725,8.72751115708178,60.638217737065375,0.3229560267357725,100
3,481,47719,0.3229560267357725,10.952874539416852,65.94854877066432,0.3229560267357725,100
3,482,47818,0.3229560267357725,10.551534415736324,81.80867405965368,0.3229560267357725,100
3,483,47917,0.3229560267357725,10.296637168462295,98.2403369445571,0.3229560267357725,100
3,484,48016,0.3229560267357725,10.505091051065223,60.240252061693425,0.3229560267357725,100
3,485,48115,0.3229560267357725,8.907970238828165,58.05971484858403,0.3229560267357725,100
3,486,48214,0.3229560267357725,8.368114020315105,62.899327713997806,0.3229560267357725,100
3,487,48313,0.3229560267357725,9.909059208051849,81.63386610298082,0.3229560267357725,100
3,488,48412,0.3229560267357725,10.763695934531295,68.66126114409084,0.3229560267357725,100
3,489,48511,0.3229560267357725,13.012308588815465,89.58250521053426,0.3229560267357725,100
3,490,48610,0.3229560267357725,11.310008526270149,80.41295476206366,0.3229560267357725,100
3,491,48709,0.3229560267357725,11.687836310777179,86.99008729674719,0.3229560267357725,100
3,492,48808,0.3229560267357725,11.067037656341718,83.97627299155424,0.3229560267357725,100
3,493,48907,0.3229560267357725,10.131716737298765,62.30859283110757,0.3229560267357725,100
3,494,49006,0.3229560267357725,9.90746156568636,58.54437052794122,0.3229560267357725,100
3,495,49105,0.3229560267357725,11.788679493074602,111.1780683672944,0.3229560267357725,100
3,496,49204,0.3229560267357725,8.218562893469604,68.61350459115283,0.3229560267357725,100
3,497,49303,0.3229560267357725,8.207064408162411,44.56378570776394,0.3229560267357725,100
3,498,49402,0.3229560267357725,10.589646620598211,95.00913639117834,0.3229560267357725,100
3,499,49501,0.3229560267357725,10.30333535368688,73.8294228891757,0.3229560267357725,100
3,500,49600,0.3229560267357725,11.51975169406086,68.04504389575175,0.3229560267357725,100
3,501,49699,0.3229560267357725,10.01046276299031,77.05803200596355,0.3229560267357725,100
3,502,49798,0.3229560267357725,10.482257703039652,101.48117936394657,0.3229560267357725,100
3,503,49897,0.3229560267357725,8.828611574332312,66.9888606457249,0.3229560267357725,100
3,504,49996,0.3229560267357725,10.277245674411438,136.66726838800858,0.3229560267357725,100
3,505,50000,0.3229560267357725,7.513320257653909,47.09005126803095,0.3229560267357725,100
4,0,100,189.71997804111624,565.4593646458568,961.8308011707801,189.71997804111624,100
4,1,199,78.60079660662613,293.89858856282336,661.5235678844513,78.60079660662613,100
4,2,298,29.976996660804836,152.63846060796894,316.6006680015557,29.976996660804836,100
4,3,397,13.681473207648041,83.2127316077027,212.33448362978515,13.681473207648041,100
4,4,496,11.326973609833278,45.66065366481859,178.56506662334195,11.326973609833278,100
4,5,595,6.3246380915873885,28.82238799514875,167.99920430427716,6.3246380915873885,100
4,6,694,2.0620384828662504,20.11141107045398,82.87621414054752,2.0620384828662504,100
4,7,793,2.0620384828662504,18.445197635374107,80.56613974823479,2.0620384828662504,100
4,8,892,0.7932771953215172,16.214202522547883,153.58109974990788,0.7932771953215172,100
4,9,991,0.7276017146707483,13.764225253129457,159.25100990715833,0.7276017146707483,100
4,10,1090,0.7276017146707483,13.883433834607747,97.96715143008053,0.7276017146707483,100
4,11,1189,0.6955726887641442,13.71149446996684,81.26537305842889,0.6955726887641442,100
4,12,1288,0.6955726887641442,10.161516095814049,80.17064929802329,0.6955726887641442,100
4,13,1387,0.6173344027053324,12.66724753233885,85.39594327736317,0.6173344027053324,100
4,14,1486,0.5894515388987986,9.600222382796872,41.92448522738168,0.5894515388987986,100
4,15,1585,0.5453837154727487,13.4203320370709,74.22150238601654,0.5453837154727487,100
4,16,1684,0.5453837154727487,9.166105577544034,69.07020471691318,0.5453837154727487,100
4,17,1783,0.5390422718334242,13.37065089634416,89.53339385839804,0.5390422718334242,100
4,18,1882,0.5390422718334242,10.325001472754828,80.21332371200558,0.5390422718334242,100
4,19,1981,0.5164326136721947,11.125245062220218,58.90677176197639,0.5164326136721947,100
4,20,2080,0.5090061437407181,9.218055242160398,97.9495567591106,0.5090061437407181,100
4,21,2179,0.5090061437407181,11.65179917036022,116.55081760297021,0.5090061437407181,100
4,22,2278,0.506912871687945,13.214830710048236,96.08025822341487,0.506912871687945,100
4,23,2377,0.44285967978873414,10.150274144282623,65.41883144288006,0.44285967978873414,100
4,24,2476,0.44285967978873414,8.08597670638534,55.47739659423957,0.44285967978873414,100
4,25,2575,0.44285967978873414,11.899164544138438,116.2497636387891,0.44285967978873414,100
4,26,2674,0.44285967978873414,10.110403013136969,91.60286973911325,0.44285967978873414,100
4,27,2773,0.44285967978873414,8.98419004517607,49.52834913755473,0.44285967978873414,100
4,28,2872,0.44285967978873414,10.747492384185438,104.28432388796723,0.44285967978873414,100
4,29,2971,0.44285967978873414,10.767870760612839,115.06321088684582,0.44285967978873414,100
4,30,3070,0.44285967978873414,9.119312861434665,92.90729876107214,0.44285967978873414,100
4,31,3169,0.44285967978873414,8.731495093470759,46.08586939829871,0.44285967978873414,100
4,32,3268,0.44285967978873414,10.55123038064995,75.69810869843647,0.44285967978873414,100
4,33,3367,0.44285967978873414,7.560706868226685,66.78388262971615,0.44285967978873414,100
4,34,3466,0.44285967978873414,12.0629334228907,102.25535232316123,0.44285967978873414,100
4,35,3565,0.44285967978873414,14.618958418977375,203.26259619644713,0.44285967978873414,100
4,36,3664,0.44285967978873414,14.043916424679349,129.579968519947,0.44285967978873414,100
4,37,3763,0.44285967978873414,9.83161469270899,55.536673949703605,0.44285967978873414,100
4,38,3862,0.44285967978873414,13.17136777670097,79.67171273606932,0.44285967978873414,100
4,39,3961,0.44285967978873414,15.358134645858513,76.00323919558423,0.44285967978873414,100
4,40,4060,0.44285967978873414,8.952619610395935,53.512802060557796,0.44285967978873414,100
4,41,4159,0.44285967978873414,11.23453471502422,52.01511200107009,0.44285967978873414,100
4,42,4258,0.44285967978873414,13.011058071349401,105.86098281170642,0.44285967978873414,100
4,43,4357,0.44285967978873414,9.318437366973416,66.99892802780394,0.44285967978873414,100
4,44,4456,0.44285967978873414,9.099137001170007,44.60598391409545,0.44285967978873414,100
4,45,4555,0.44285967978873414,8.812228562401597,72.27641334315437,0.44285967978873414,100
4,46,4654,0.44285967978873414,9.200259709471638,107.90526026165745,0.44285967978873414,100
4,47,4753,0.44285967978873414,9.581628245624298,66.12695203153922,0.44285967978873414,100
4,48,4852,0.44285967978873414,7.040232998248753,45.51151784875234,0.44285967978873414,100
4,49,4951,0.44285967978873414,14.15694324525088,87.96389187077763,0.44285967978873414,100
4,50,5050,0.44285967978873414,7.165906845427343,56.04700145757123,0.44285967978873414,100
4,51,5149,0.44285967978873414,10.365340330135526,78.45122488288763,0.44285967978873414,100
4,52,5248,0.44285967978873414,8.848351718954337,78.68505725412658,0.44285967978873414,100
4,53,5347,0.44285967978873414,9.21986553258985,78.61420238686291,0.44285967978873414,100
4,54,5446,0.44285967978873414,9.76341336543077,75.35287973426827,0.44285967978873414,100
4,55,5545,0.44285967978873414,10.389636026582847,86.30240106589136,0.44285967978873414,100
4,56,5644,0.442267732180306,11.44114740157337,87.91293721258609,0.442267732180306,100
4,57,5743,0.442267732180306,11.435275852448049,86.95644127345477,0.442267732180306,100
4,58,5842,0.442267732180306,10.139379537864738,71.33643953035711,0.442267732180306,100
4,59,5941,0.442267732180306,8.83672560027167,50.78371469774969,0.442267732180306,100
4,60,6040,0.442267732180306,8.681116646198927,65.4726675620469,0.442267732180306,100
4,61,6139,0.442267732180306,11.974347447838383,106.23540337166972,0.442267732180306,100
4,62,6238,0.442267732180306,15.144424374533967,124.10564888677143,0.442267732180306,100
4,63,6337,0.442267732180306,9.906023335774853,75.42093665479499,0.442267732180306,100
4,64,6436,0.442267732180306,12.776986063251725,110.14134183144877,0.442267732180306,100
4,65,6535,0.3727335672999601,12.007388554466248,100.362518391407,0.3727335672999601,100
4,66,6634,0.3727335672999601,9.523395386463568,45.60651772650394,0.3727335672999601,100
4,67,6733,0.3727335672999601,9.795532767077296,58.244821102299895,0.3727335672999601,100
4,68,6832,0.3727335672999601,10.048226092599755,80.298662518349,0.3727335672999601,100
4,69,6931,0.3727335672999601,12.65503271909648,114.6828859772559,0.3727335672999601,100
4,70,7030,0.3727335672999601,10.514767257774027,84.88455124098653,0.3727335672999601,100
4,71,7129,0.3727335672999601,8.825029852085443,52.72485145755115,0.3727335672999601,100
4,72,7228,0.3727335672999601,10.997004754655386,67.22220146946601,0.3727335672999601,100
4,73,7327,0.3727335672999601,9.819452222857235,68.53979830539043,0.3727335672999601,100
4,74,7426,0.3727335672999601,11.15344167424108,106.08838078376071,0.3727335672999601,100
4,75,7525,0.3727335672999601,9.80588704097771,88.5191817712698,0.3727335672999601,100
4,76,7624,0.3727335672999601,8.850898420096945,64.64683819816969,0.3727335672999601,100
4,77,7723,0.3727335672999601,8.741369631606982,64.68343316992942,0.3727335672999601,100
4,78,7822,0.3727335672999601,10.907375793644544,62.97623411017753,0.3727335672999601,100
4,79,7921,0.3727335672999601,11.539367435884936,71.91138870957577,0.3727335672999601,100
4,80,8020,0.3727335672999601,12.329587371170216,89.89243403554318,0.3727335672999601,100
4,81,8119,0.3727335672999601,11.35621421497381,68.653429551374,0.3727335672999601,100
4,82,8218,0.3727335672999601,13.45070356496498,113.17203881125656,0.3727335672999601,100
4,83,8317,0.3727335672999601,12.414761737416988,86.74936519316294,0.3727335672999601,100
4,84,8416,0.3727335672999601,10.681626499392689,69.93329180823181,0.3727335672999601,100
4,85,8515,0.3727335672999601,11.991768935559714,85.83372357935615,0.3727335672999601,100
4,86,8614,0.3727335672999601,12.443173868455348,90.21231091800895,0.3727335672999601,100
4,87,8713,0.3727335672999601,13.941352054219024,112.76056595883618,0.3727335672999601,100
4,88,8812,0.3727335672999601,12.300721508147554,121.9368490728417,0.3727335672999601,100
4,89,8911,0.3727335672999601,12.324143915903594,91.63647149534448,0.3727335672999601,100
4,90,9010,0.3727335672999601,13.01368132080988,123.06443006579084,0.3727335672999601,100
4,91,9109,0.3727335672999601,10.30755812384938,119.55941458328452,0.3727335672999601,100
4,92,9208,0.3727335672999601,9.29880039634243,52.89951655251479,0.3727335672999601,100
4,93,9307,0.3727335672999601,12.459238207637757,93.25747666279588,0.3727335672999601,100
4,94,9406,0.3727335672999601,10.353922695257552,91.94074863276292,0.3727335672999601,100
4,95,9505,0.3727335672999601,10.422376476937067,84.53742377977122,0.3727335672999601,100
4,96,9604,0.3727335672999601,11.653760283597274,79.22206319611017,0.3727335672999601,100
4,97,9703,0.3727335672999601,10.612571080844805,76.45095915276964,0.3727335672999601,100
4,98,9802,0.3727335672999601,10.595342730440668,110.86892320963499,0.3727335672999601,100
4,99,9901,0.3727335672999601,11.47534371231274,76.59143642788811,0.3727335672999601,100
4,100,10000,0.3727335672999601,11.900234589347415,78.0998619196025,0.3727335672999601,100
4,101,10099,0.3727335672999601,11.143190581620068,97.09093429015905,0.3727335672999601,100
4,102,10198,0.3727335672999601,12.648330371089216,88.94349727785446,0.3727335672999601,100
4,103,10297,0.3727335672999601,11.462132530840599,115.59030459585006,0.3727335672999601,100
4,104,10396,0.3727335672999601,13.014260304086777,84.79046956280077,0.3727335672999601,100
4,105,10495,0.3727335672999601,11.961662141601442,137.2559906685513,0.3727335672999601,100
4,106,10594,0.3727335672999601,10.713827775067964,94.17268864401582,0.3727335672999601,100
4,107,10693,0.3727335672999601,13.069863338380783,87.34818883391011,0.3727335672999601,100
4,108,10792,0.3727335672999601,12.44891586062891,82.1822515959575,0.3727335672999601,100
4,109,10891,0.3727335672999601,11.484049026755462,76.41261747598232,0.3727335672999601,100
4,110,10990,0.3727335672999601,12.185760904339382,89.51350056414059,0.3727335672999601,100
4,111,11089,0.3727335672999601,11.959724498340334,83.73337070132938,0.3727335672999601,100
4,112,11188,0.3727335672999601,11.469987522481095,66.75958290297201,0.3727335672999601,100
4,113,11287,0.3727335672999601,10.046839520009764,72.18927780055544,0.3727335672999601,100
4,114,11386,0.3727335672999601,10.40631326185824,68.35164812642871,0.3727335672999601,100
4,115,11485,0.3727335672999601,10.515418690178226,65.30487906779564,0.3727335672999601,100
4,116,11584,0.3727335672999601,14.846481149882395,125.48588825945963,0.3727335672999601,100
4,117,11683,0.3727335672999601,10.596447663078877,101.31469569859391,0.3727335672999601,100
4,118,11782,0.3727335672999601,8.909320723253499,60.958067371094835,0.3727335672999601,100
4,119,11881,0.3727335672999601,12.35875992088438,93.3411565631921,0.3727335672999601,100
4,120,11980,0.3727335672999601,11.199457024461843,122.79414588538887,0.3727335672999601,100
4,121,12079,0.3727335672999601,11.70088061830031,74.8751914084285,0.3727335672999601,100
4,122,12178,0.3727335672999601,11.701641742570008,88.63936051364296,0.3727335672999601,100
4,123,12277,0.3727335672999601,8.62592083271148,60.407289306613784,0.3727335672999601,100
4,124,12376,0.3727335672999601,9.447206393711292,63.956586861469944,0.3727335672999601,100
4,125,12475,0.3727335672999601,12.508818748662769,88.45178318269065,0.3727335672999601,100
4,126,12574,0.3727335672999601,10.89756128800267,128.59394885941066,0.3727335672999601,100
4,127,12673,0.3727335672999601,11.916185674868467,64.24714841890776,0.3727335672999601,100
4,128,12772,0.3727335672999601,12.070078963097124,67.99314375651747,0.3727335672999601,100
4,129,12871,0.3727335672999601,15.411891131824857,103.60852756688877,0.3727335672999601,100
4,130,12970,0.3727335672999601,12.492970005753625,82.66027980030891,0.3727335672999601,100
4,131,13069,0.3727335672999601,12.372964315137843,97.90541605373933,0.3727335672999601,100
4,132,13168,0.3727335672999601,10.124263954185244,99.49619766267796,0.3727335672999601,100
4,133,13267,0.3727335672999601,12.647839090386524,129.4473955438731,0.3727335672999601,100
4,134,13366,0.3727335672999601,10.952208391049528,97.73681465824257,0.3727335672999601,100
4,135,13465,0.3727335672999601,11.334591283326297,128.76554339953552,0.3727335672999601,100
4,136,13564,0.3727335672999601,10.457546996137395,66.47206348503077,0.3727335672999601,100
4,137,13663,0.3727335672999601,10.389170452649147,97.39060184786395,0.3727335672999601,100
4,138,13762,0.3727335672999601,10.794736782829073,127.21935618245621,0.3727335672999601,100
4,139,13861,0.3727335672999601,11.442558240476558,112.85338287498946,0.3727335672999601,100
4,140,13960,0.3727335672999601,11.514901157601406,101.05544333203598,0.3727335672999601,100
4,141,14059,0.3727335672999601,11.876811064778728,126.10219685823661,0.3727335672999601,100
4,142,14158,0.3727335672999601,12.84795408549768,87.41861742307222,0.3727335672999601,100
4,143,14257,0.3727335672999601,10.016204168182583,107.8116693112025,0.3727335672999601,100
4,144,14356,0.3727335672999601,9.587773992879722,58.862809570108666,0.3727335672999601,100
4,145,14455,0.3727335672999601,9.36776228261852,84.87981965825477,0.3727335672999601,100
4,146,14554,0.3727335672999601,11.611787044149633,85.96639179937608,0.3727335672999601,100
4,147,14653,0.3727335672999601,10.553860590984623,66.90955503355947,0.3727335672999601,100
4,148,14752,0.3727335672999601,9.511887806013208,123.15212445823708,0.3727335672999601,100
4,149,14851,0.3727335672999601,10.808827182418659,87.49019345115623,0.3727335672999601,100
4,150,14950,0.3727335672999601,10.23265922666418,102.65808660334856,0.3727335672999601,100
4,151,15049,0.3727335672999601,11.98760623747382,79.29987872997025,0.3727335672999601,100
4,152,15148,0.3727335672999601,12.385328578637733,61.726542273553086,0.3727335672999601,100
4,153,15247,0.3727335672999601,14.413247104139451,82.28282574354321,0.3727335672999601,100
4,154,15346,0.3727335672999601,14.258243575641659,81.48227845571306,0.3727335672999601,100
4,155,15445,0.3727335672999601,12.744342156261862,97.58588120907254,0.3727335672999601,100
4,156,15544,0.3727335672999601,11.742642248941424,106.84256546468414,0.3727335672999601,100
4,157,15643,0.3727335672999601,12.094975900053452,66.35267611064526,0.3727335672999601,100
4,158,15742,0.3727335672999601,13.106868659445354,128.32892718688612,0.3727335672999601,100
4,159,15841,0.3727335672999601,15.729457684065473,82.43087119492988,0.3727335672999601,100
4,160,15940,0.3727335672999601,10.202675701107406,91.24689163147927,0.3727335672999601,100
4,161,16039,0.3727335672999601,10.436787838020114,80.67884150925003,0.3727335672999601,100
4,162,16138,0.3727335672999601,10.506050175346516,86.02982344185392,0.3727335672999601,100
4,163,16237,0.3727335672999601,11.165098928788984,64.1882579496608,0.3727335672999601,100
4,164,16336,0.3727335672999601,11.18187473602791,104.36345922566423,0.3727335672999601,100
4,165,16435,0.3727335672999601,10.769479327756864,87.9288966552793,0.3727335672999601,100
4,166,16534,0.3727335672999601,11.940965229224947,88.75204061690904,0.3727335672999601,100
4,167,16633,0.3727335672999601,9.392966821218023,93.24923315986388,0.3727335672999601,100
4,168,16732,0.3727335672999601,14.142564606629229,134.41818525796185,0.3727335672999601,100
4,169,16831,0.3727335672999601,9.654014993946053,50.610589392799035,0.3727335672999601,100
4,170,16930,0.3727335672999601,10.133638868078165,66.97915033487362,0.3727335672999601,100
4,171,17029,0.3727335672999601,12.020404026400053,161.27250018586145,0.3727335672999601,100
4,172,17128,0.3727335672999601,12.426807313019617,82.34869488042037,0.3727335672999601,100
4,173,17227,0.3727335672999601,13.127870314116969,85.12649120306689,0.3727335672999601,100
4,174,17326,0.3727335672999601,12.340577741842024,166.6738238570652,0.3727335672999601,100
4,175,17425,0.3727335672999601,12.320471644446009,82.20715901236605,0.3727335672999601,100
4,176,17524,0.3727335672999601,9.898135616360435,70.1646084699466,0.3727335672999601,100
4,177,17623,0.3727335672999601,13.353238718800533,95.59486140458182,0.3727335672999601,100
4,178,17722,0.3727335672999601,11.838488277855424,101.13618100849831,0.3727335672999601,100
4,179,17821,0.3727335672999601,10.025950361609762,66.56701428489134,0.3727335672999601,100
4,180,17920,0.3727335672999601,11.583062391812446,97.39735576524018,0.3727335672999601,100
4,181,18019,0.3727335672999601,9.941376272383883,75.12490236801955,0.3727335672999601,100
4,182,18118,0.3727335672999601,13.850134299193552,88.05258450411107,0.3727335672999601,100
4,183,18217,0.3727335672999601,9.62857151416985,68.50992725722764,0.3727335672999601,100
4,184,18316,0.3727335672999601,15.034370319904205,96.98339873315489,0.3727335672999601,100
4,185,18415,0.3727335672999601,11.618442863014204,106.49598297956264,0.3727335672999601,100
4,186,18514,0.3727335672999601,10.08245555472164,69.38893999524873,0.3727335672999601,100
4,187,18613,0.3727335672999601,14.958660260738935,187.01243861013012,0.3727335672999601,100
4,188,18712,0.3727335672999601,9.865496618427324,78.84674344239438,0.3727335672999601,100
4,189,18811,0.3727335672999601,11.004052395001898,85.42368949091085,0.3727335672999601,100
4,190,18910,0.3727335672999601,11.185308196454562,118.82617979352304,0.3727335672999601,100
4,191,19009,0.3727335672999601,12.074118837496718,74.57013581111158,0.3727335672999601,100
4,192,19108,0.3727335672999601,10.854931272611202,76.14660879160203,0.3727335672999601,100
4,193,19207,0.3727335672999601,11.446677088425572,77.79622878622058,0.3727335672999601,100
4,194,19306,0.24280088027001484,9.467330383610316,91.74567634202717,0.24280088027001484,100
4,195,19405,0.24280088027001484,10.453346138711247,57.4191351532216,0.24280088027001484,100
4,196,19504,0.24280088027001484,14.786379303819125,77.87926071516742,0.24280088027001484,100
4,197,19603,0.24280088027001484,12.413485043340064,83.91809923013234,0.24280088027001484,100
4,198,19702,0.24280088027001484,9.431180500450715,83.53513044842559,0.24280088027001484,100
4,199,19801,0.24280088027001484,10.650649671186388,59.95622395983389,0.24280088027001484,100
4,200,19900,0.24280088027001484,10.946086547510522,103.31548442921824,0.24280088027001484,100
4,201,19999,0.24280088027001484,13.096295988506002,67.80275368130008,0.24280088027001484,100
4,202,20098,0.24280088027001484,11.232390304714444,96.53548061061426,0.24280088027001484,100
4,203,20197,0.24280088027001484,10.295876109071555,75.28160612288067,0.24280088027001484,100
4,204,20296,0.24280088027001484,14.764906481043248,83.82646085568386,0.24280088027001484,100
4,205,20395,0.24280088027001484,13.257208843316592,101.85286006334717,0.24280088027001484,100
4,206,20494,0.24280088027001484,10.846091480854797,74.42606651693156,0.24280088027001484,100
4,207,20593,0.24280088027001484,11.077091195180603,57.58007081453775,0.24280088027001484,100
4,208,20692,0.24280088027001484,12.249164133192751,107.39381445625087,0.24280088027001484,100
4,209,20791,0.24280088027001484,12.017357329340546,75.27806810437681,0.24280088027001484,100
4,210,20890,0.24280088027001484,9.725079762059277,124.58028849611514,0.24280088027001484,100
4,211,20989,0.24280088027001484,8.575419959535049,76.63363628955346,0.24280088027001484,100
4,212,21088,0.24280088027001484,9.423212064406536,69.03527537034887,0.24280088027001484,100
4,213,21187,0.24280088027001484,13.829808850422362,133.1989028300255,0.24280088027001484,100
4,214,21286,0.24280088027001484,11.668638289148543,84.26183506458403,0.24280088027001484,100
4,215,21385,0.24280088027001484,10.734413987420101,112.18564862547348,0.24280088027001484,100
4,216,21484,0.24280088027001484,11.045976465850053,95.84812042763778,0.24280088027001484,100
4,217,21583,0.24280088027001484,10.752560808662624,71.56885678467775,0.24280088027001484,100
4,218,21682,0.24280088027001484,11.82085937007942,77.24780667896732,0.24280088027001484,100
4,219,21781,0.24280088027001484,11.617549784510153,77.29576660455773,0.24280088027001484,100
4,220,21880,0.24280088027001484,12.171621743012825,79.10911458299297,0.24280088027001484,100
4,221,21979,0.24280088027001484,13.83543291755828,106.21161998021023,0.24280088027001484,100
4,222,22078,0.24280088027001484,10.45149316863064,78.93256952193956,0.24280088027001484,100
4,223,22177,0.24280088027001484,13.756323964789697,111.4821088188314,0.24280088027001484,100
4,224,22276,0.24280088027001484,11.965511931971053,128.92610541257596,0.24280088027001484,100
4,225,22375,0.24280088027001484,10.786955484118826,87.3334510830494,0.24280088027001484,100
4,226,22474,0.24280088027001484,10.204111300458921,76.96772350181867,0.24280088027001484,100
4,227,22573,0.24280088027001484,14.962450139133335,78.13829628455132,0.24280088027001484,100
4,228,22672,0.24280088027001484,11.113231918485653,68.38252153885824,0.24280088027001484,100
4,229,22771,0.24280088027001484,10.856171236090544,100.15339681971108,0.24280088027001484,100
4,230,22870,0.24280088027001484,11.506614380403153,84.71539421092828,0.24280088027001484,100
4,231,22969,0.24280088027001484,9.166588425866717,51.41692166803071,0.24280088027001484,100
4,232,23068,0.24280088027001484,12.54787166560178,92.07468850869563,0.24280088027001484,100
4,233,23167,0.24280088027001484,11.673219593266342,78.68402280337953,0.24280088027001484,100
4,234,23266,0.24280088027001484,8.84619930811122,107.4469517558565,0.24280088027001484,100
4,235,23365,0.24280088027001484,12.80856097296956,118.02093729270305,0.24280088027001484,100
4,236,23464,0.24280088027001484,9.392743563064489,60.82242266987598,0.24280088027001484,100
4,237,23563,0.24280088027001484,10.759586369548403,112.4603862590148,0.24280088027001484,100
4,238,23662,0.24280088027001484,13.359138445545002,73.1954690601167,0.24280088027001484,100
4,239,23761,0.24280088027001484,10.442874635713725,95.23480104767671,0.24280088027001484,100
4,240,23860,0.24280088027001484,10.629092016515104,57.618969031484426,0.24280088027001484,100
4,241,23959,0.24280088027001484,8.845959745745677,55.87364796002571,0.24280088027001484,100
4,242,24058,0.24280088027001484,12.837771541526871,117.04849260091179,0.24280088027001484,100
4,243,24157,0.24280088027001484,11.101143205277767,101.17146158842431,0.24280088027001484,100
4,244,24256,0.24280088027001484,12.345602553412588,67.6715861897197,0.24280088027001484,100
4,245,24355,0.24280088027001484,12.186730596741132,102.1234906893713,0.24280088027001484,100
4,246,24454,0.24280088027001484,10.477828518349263,73.32330672919028,0.24280088027001484,100
4,247,24553,0.24280088027001484,12.737972846697533,79.05999204145355,0.24280088027001484,100
4,248,24652,0.24280088027001484,9.146778899949988,86.15940464918283,0.24280088027001484,100
4,249,24751,0.24280088027001484,8.753989983121599,45.74589964142721,0.24280088027001484,100
4,250,24850,0.24280088027001484,12.559393285162114,105.23499145287185,0.24280088027001484,100
4,251,24949,0.24280088027001484,10.82782304165903,97.95131652130846,0.24280088027001484,100
4,252,25048,0.24280088027001484,9.99711357032457,111.91737409343875,0.24280088027001484,100
4,253,25147,0.24280088027001484,11.6626662413445,71.24027897855007,0.24280088027001484,100
4,254,25246,0.24280088027001484,13.49464631932024,132.0291434933164,0.24280088027001484,100
4,255,25345,0.24280088027001484,16.908937905920666,192.91129464191914,0.24280088027001484,100
4,256,25444,0.24280088027001484,10.872643220108019,84.97028115243246,0.24280088027001484,100
4,257,25543,0.24280088027001484,10.502316014217714,92.50905298722336,0.24280088027001484,100
4,258,25642,0.24280088027001484,11.951782914161692,105.1747369462528,0.24280088027001484,100
4,259,25741,0.24280088027001484,11.854662484053227,82.19689253586564,0.24280088027001484,100
4,260,25840,0.24280088027001484,10.375414033184738,73.78899075249446,0.24280088027001484,100
4,261,25939,0.24280088027001484,11.684485156659305,106.92688736666808,0.24280088027001484,100
4,262,26038,0.24280088027001484,10.449517789056271,74.1250744339164,0.24280088027001484,100
4,263,26137,0.24280088027001484,16.533100353142455,139.81438940713582,0.24280088027001484,100
4,264,26236,0.24280088027001484,12.204173225751214,77.21959687606166,0.24280088027001484,100
4,265,26335,0.24280088027001484,9.708516256861394,88.37576917696568,0.24280088027001484,100
4,266,26434,0.24280088027001484,11.501115106089138,83.78621172951101,0.24280088027001484,100
4,267,26533,0.24280088027001484,8.7991981146704,46.16601582667283,0.24280088027001484,100
4,268,26632,0.24280088027001484,10.55044613510843,87.74132521491222,0.24280088027001484,100
4,269,26731,0.24280088027001484,13.25209699342194,73.79969260518422,0.24280088027001484,100
4,270,26830,0.24280088027001484,12.297245995280209,159.41324061452923,0.24280088027001484,100
4,271,26929,0.24280088027001484,9.321541077140914,53.58206327888163,0.24280088027001484,100
4,272,27028,0.24280088027001484,10.00610694615981,85.00250644800208,0.24280088027001484,100
4,273,27127,0.24280088027001484,14.366783477393069,181.25664312671273,0.24280088027001484,100
4,274,27226,0.24280088027001484,14.103775914716458,84.45787919972933,0.24280088027001484,100
4,275,27325,0.24280088027001484,11.552889161264165,80.47097278230783,0.24280088027001484,100
4,276,27424,0.24280088026989638,13.412098309001415,113.61420562436992,0.24280088026989638,100
4,277,27523,0.24280088026989638,14.025973788567352,203.75606797712473,0.24280088026989638,100
4,278,27622,0.24280088026989638,11.349926715737604,113.74236589529028,0.24280088026989638,100
4,279,27721,0.24280088026989638,12.949212615755487,99.0030287114706,0.24280088026989638,100
4,280,27820,0.24280088026989638,12.225689673644606,85.59712249959293,0.24280088026989638,100
4,281,27919,0.24280088026989638,11.67454200294772,94.34432818103768,0.24280088026989638,100
4,282,28018,0.24280088026989638,10.826214476307044,79.69161359080272,0.24280088026989638,100
4,283,28117,0.24280088026989638,9.8476261346728,63.795670992042176,0.24280088026989638,100
4,284,28216,0.24280088026989638,10.927878098624001,94.70280221117284,0.24280088026989638,100
4,285,28315,0.24280088026989638,13.219066744534162,146.75513924698276,0.24280088026989638,100
4,286,28414,0.24280088026989638,9.736281182243296,90.5687471655259,0.24280088026989638,100
4,287,28513,0.24280088026989638,9.362841191502104,55.38501021699267,0.24280088026989638,100
4,288,28612,0.24280088026989638,11.406184456465501,77.95373439505397,0.24280088026989638,100
4,289,28711,0.24280088026989638,9.626485187712067,69.97640809832053,0.24280088026989638,100
4,290,28810,0.24280088026989638,9.278689792649526,67.54752142628251,0.24280088026989638,100
4,291,28909,0.24280088026989638,12.26103468797911,71.65773689274813,0.24280088026989638,100
4,292,29008,0.24280088026989638,11.353119187713467,92.02156469425141,0.24280088026989638,100
4,293,29107,0.24280088026989638,12.067574056686825,87.28882719387596,0.24280088026989638,100
4,294,29206,0.24280088026989638,10.769213742913703,73.46260873160477,0.24280088026989638,100
4,295,29305,0.24280088026989638,13.332285966035101,88.34617551079076,0.24280088026989638,100
4,296,29404,0.24280088026989638,10.298485700415295,63.282288198374886,0.24280088026989638,100
4,297,29503,0.24280088026989638,12.021678337698374,88.1353999816274,0.24280088026989638,100
4,298,29602,0.24280088026989638,8.59621281834675,59.95673762784293,0.24280088026989638,100
4,299,29701,0.24280088026989638,9.132486747418861,72.43748812773416,0.24280088026989638,100
4,300,29800,0.24280088026989638,10.941440666137275,74.47330555696746,0.24280088026989638,100
4,301,29899,0.24280088026989638,11.904170956851104,162.25131088218902,0.24280088026989638,100
4,302,29998,0.24280088026989638,11.699801058291637,92.46237279181729,0.24280088026989638,100
4,303,30097,0.24280088026989638,10.199374359747635,110.91521523411221,0.24280088026989638,100
4,304,30196,0.24280088026989638,9.663334485511173,86.36470131428541,0.24280088026989638,100
4,305,30295,0.24280088026989638,11.116222503773244,96.44521534325798,0.24280088026989638,100
4,306,30394,0.24280088026989638,9.839239297560532,122.95225506929042,0.24280088026989638,100
4,307,30493,0.24280088026989638,8.995553941199518,57.26824511498532,0.24280088026989638,100
4,308,30592,0.24280088026989638,8.547865264645772,62.09006642981058,0.24280088026989638,100
4,309,30691,0.24280088026989638,14.183357831871302,96.97238222256432,0.24280088026989638,100
4,310,30790,0.24280088026989638,12.470824041582699,76.32084397014206,0.24280088026989638,100
4,311,30889,0.24280088026989638,10.544663608967749,114.8923215364442,0.24280088026989638,100
4,312,30988,0.24280088026989638,10.762218373991676,137.26522349388745,0.24280088026989638,100
4,313,31087,0.24280088026989638,12.241116700803486,94.41395948361719,0.24280088026989638,100
4,314,31186,0.24280088026989638,11.162562507805173,61.74647734501518,0.24280088026989638,100
4,315,31285,0.24280088026989638,11.62245150020045,100.53281159154905,0.24280088026989638,100
4,316,31384,0.24280088026989638,12.126877752681763,77.71035714073673,0.24280088026989638,100
4,317,31483,0.24280088026989638,12.283442468929561,87.82642709393774,0.24280088026989638,100
4,318,31582,0.24280088026989638,13.368555963395742,98.9900135161001,0.24280088026989638,100
4,319,31681,0.24280088026989638,13.991957532002324,171.12359465661467,0.24280088026989638,100
4,320,31780,0.24280088026989638,8.00037252495647,68.19176496208041,0.24280088026989638,100
4,321,31879,0.24280088026989638,12.01396946917101,99.37420853394299,0.24280088026989638,100
4,322,31978,0.24280088026989638,8.55805860035614,77.47510283330932,0.24280088026989638,100
4,323,32077,0.24280088026989638,11.603827698640286,79.73936420563518,0.24280088026989638,100
4,324,32176,0.24280088026989638,10.240981469249247,90.78675587628193,0.24280088026989638,100
4,325,32275,0.24280088026989638,11.095567235210188,84.48055243585983,0.24280088026989638,100
4,326,32374,0.24280088026989638,11.58863158712728,102.60137186514149,0.24280088026989638,100
4,327,32473,0.24280088026989638,9.771656972451085,73.36439961486568,0.24280088026989638,100
4,328,32572,0.24280088026989638,11.610512987276172,95.52643657618363,0.24280088026989638,100
4,329,32671,0.24280088026989638,12.263306589459491,73.52433634617357,0.24280088026989638,100
4,330,32770,0.24280088026989638,10.019491622120015,80.71650281684987,0.24280088026989638,100
4,331,32869,0.24280088026989638,7.770029995058127,73.6310858122966,0.24280088026989638,100
4,332,32968,0.24280088026989638,8.907857541956181,67.8593016145931,0.24280088026989638,100
4,333,33067,0.24280088026989638,10.391307722226918,91.30142273242308,0.24280088026989638,100
4,334,33166,0.24280088026989638,12.329196985111212,74.78250053795577,0.24280088026989638,100
4,335,33265,0.24280088026989638,11.832383648003367,110.95570109071465,0.24280088026989638,100
4,336,33364,0.24280088026989638,13.439803902888325,114.43204696371106,0.24280088026989638,100
4,337,33463,0.24280088026989638,9.294456803177736,53.363996000597695,0.24280088026989638,100
4,338,33562,0.24280088026989638,9.734879313617894,111.71443548277163,0.24280088026989638,100
4,339,33661,0.24280088026989638,11.074739282019289,73.7705567668288,0.24280088026989638,100
4,340,33760,0.24280088026989638,10.979731359835991,91.46288032057389,0.24280088026989638,100
4,341,33859,0.24280088026989638,9.157700798935684,107.37776125142237,0.24280088026989638,100
4,342,33958,0.24280088026989638,14.812872002435443,126.4542299203748,0.24280088026989638,100
4,343,34057,0.24280088026989638,12.56952623946534,110.01485305611354,0.24280088026989638,100
4,344,34156,0.24280088026989638,13.579366917303915,97.8795976947325,0.24280088026989638,100
4,345,34255,0.24280088026989638,10.167359307659513,72.0251249128323,0.24280088026989638,100
4,346,34354,0.24280088026989638,12.151767864345324,96.90613952341008,0.24280088026989638,100
4,347,34453,0.24280088026989638,9.605212637212533,69.84077890920655,0.24280088026989638,100
4,348,34552,0.24280088026989638,12.148946488832753,95.66853366698322,0.24280088026989638,100
4,349,34651,0.24280088026989638,14.009990836198563,95.25631206430886,0.24280088026989638,100
4,350,34750,0.24280088026989638,9.01112676093545,55.9079572304372,0.24280088026989638,100
4,351,34849,0.24280088026989638,9.366425888575755,99.4746894455735,0.24280088026989638,100
4,352,34948,0.24280088026989638,11.569281889808865,122.53307031431545,0.24280088026989638,100
4,353,35047,0.24280088026989638,9.278727897176545,86.6799124522422,0.24280088026989638,100
4,354,35146,0.24280088026989638,7.752592503602946,75.62355637405149,0.24280088026989638,100
4,355,35245,0.24280088026989638,8.664314072665054,98.78599212458822,0.24280088026989638,100
4,356,35344,0.24280088026989638,9.696690886583148,71.82545206440375,0.24280088026989638,100
4,357,35443,0.24280088026989638,12.420921912165522,84.63660059711714,0.24280088026989638,100
4,358,35542,0.24280088026989638,9.779704581444912,61.61332835681293,0.24280088026989638,100
4,359,35641,0.24280088026989638,10.2226324353776,97.5703247056516,0.24280088026989638,100
4,360,35740,0.24280088026989638,8.976852916080288,64.39857706008915,0.24280088026989638,100
4,361,35839,0.24280088026989638,9.645093495949938,59.10621566807386,0.24280088026989638,100
4,362,35938,0.24280088026989638,9.49770725307784,94.58825093691294,0.24280088026989638,100
4,363,36037,0.24280088026989638,11.860758288454274,90.78340286517698,0.24280088026989638,100
4,364,36136,0.24280088026989638,12.402879951863673,105.38343042890996,0.24280088026989638,100
4,365,36235,0.24280088026989638,11.093668724233561,76.98701038438307,0.24280088026989638,100
4,366,36334,0.24280088026989638,10.880586593297618,89.33770066970129,0.24280088026989638,100
4,367,36433,0.24280088026989638,13.194796421639134,110.16626161108957,0.24280088026989638,100
4,368,36532,0.24280088026989638,8.951748168934433,59.609271491879916,0.24280088026989638,100
4,369,36631,0.24280088026989638,10.300895792172273,90.6026599225467,0.24280088026989638,100
4,370,36730,0.24280088026989638,11.014020505320438,108.65997924047203,0.24280088026989638,100
4,371,36829,0.24280088026989638,9.185680722119551,78.89617861350882,0.24280088026989638,100
4,372,36928,0.24280088026989638,10.092595143162303,114.23943630670959,0.24280088026989638,100
4,373,37027,0.24280088026989638,9.792929060959699,80.04721768640931,0.24280088026989638,100
4,374,37126,0.24280088026989638,10.258980346756372,78.36720321516971,0.24280088026989638,100
4,375,37225,0.24280088026989638,9.88112849204916,53.11421635653025,0.24280088026989638,100
4,376,37324,0.24280088026989638,9.185815251394803,69.61506846652581,0.24280088026989638,100
4,377,37423,0.24280088026989638,12.589959907633363,99.47366683586822,0.24280088026989638,100
4,378,37522,0.24280088026989638,10.403896455039778,81.39403428899557,0.24280088026989638,100
4,379,37621,0.24280088026989638,10.513822581174246,161.25828218807462,0.24280088026989638,100
4,380,37720,0.24280088026989638,11.069671838990098,145.70092125737713,0.24280088026989638,100
4,381,37819,0.24280088026989638,7.921805391621705,65.16138516132375,0.24280088026989638,100
4,382,37918,0.24280088026989638,12.199833871760232,137.41786121841858,0.24280088026989638,100
4,383,38017,0.24280088026989638,11.894807951777214,67.9175706056897,0.24280088026989638,100
4,384,38116,0.24280088026989638,11.190108068518683,86.00621499305726,0.24280088026989638,100
4,385,38215,0.24280088026989638,10.072892695367694,59.69705754049227,0.24280088026989638,100
4,386,38314,0.24280088026989638,12.506731829248986,97.71439955498491,0.24280088026989638,100
4,387,38413,0.24280088026989638,10.101858580776327,82.92976040420099,0.24280088026989638,100
4,388,38512,0.24280088026989638,9.714753378076459,53.56903966833722,0.24280088026989638,100
4,389,38611,0.24280088026989638,9.555003487845651,116.64800509662182,0.24280088026989638,100
4,390,38710,0.24280088026989638,11.200228828459155,57.78197497568331,0.24280088026989638,100
4,391,38809,0.24280088026989638,10.067796882981604,87.41012907552455,0.24280088026989638,100
4,392,38908,0.24280088026989638,14.775590885430402,99.33871915941982,0.24280088026989638,100
4,393,39007,0.24280088026989638,9.87152323298181,61.111030713851974,0.24280088026989638,100
4,394,39106,0.24280088026989638,11.534772975808218,72.09234876471858,0.24280088026989638,100
4,395,39205,0.24280088026989638,9.141402935241654,48.437685083169804,0.24280088026989638,100
4,396,39304,0.24280088026989638,10.494744414637298,76.66116375208793,0.24280088026989638,100
4,397,39403,0.24280088026989638,12.277795629481576,54.99881704240044,0.24280088026989638,100
4,398,39502,0.24280088026989638,12.200872968685484,111.09674303723254,0.24280088026989638,100
4,399,39601,0.24280088026989638,12.090304481501702,116.87451046196036,0.24280088026989638,100
4,400,39700,0.24280088026989638,10.519154136544994,88.26678255317523,0.24280088026989638,100
4,401,39799,0.24280088026989638,9.951301979757796,47.46765252804864,0.24280088026989638,100
4,402,39898,0.24280088026989638,11.516093439014433,73.11047711795575,0.24280088026989638,100
4,403,39997,0.24280088026989638,7.641235134592578,57.593475783240606,0.24280088026989638,100
4,404,40096,0.24280088026989638,9.078303872533757,65.14292916864378,0.24280088026989638,100
4,405,40195,0.24280088026989638,13.617474819772466,81.69956155419945,0.24280088026989638,100
4,406,40294,0.24280088026989638,13.373435368509691,136.98942209056437,0.24280088026989638,100
4,407,40393,0.24280088026989638,11.511759883572505,90.89935888359707,0.24280088026989638,100
4,408,40492,0.24280088026989638,10.884809001742536,102.00184549715811,0.24280088026989638,100
4,409,40591,0.24280088026989638,13.29648047205573,103.68949822793562,0.24280088026989638,100
4,410,40690,0.24280088026989638,9.194834994394196,52.60847441469097,0.24280088026989638,100
4,411,40789,0.24280088026989638,10.288860931520341,88.39042885660955,0.24280088026989638,100
4,412,40888,0.24280088026989638,8.239667630767432,78.24768657209182,0.24280088026989638,100
4,413,40987,0.24280088026989638,9.496535628088296,67.18446884716738,0.24280088026989638,100
4,414,41086,0.24280088026989638,10.122298223704393,87.55792363121773,0.24280088026989638,100
4,415,41185,0.24280088026989638,12.477291458339842,102.96771328288936,0.24280088026989638,100
4,416,41284,0.24280088026989638,11.187156269686923,89.5376213683585,0.24280088026989638,100
4,417,41383,0.24280088026989638,10.578449188174027,80.41429312249467,0.24280088026989638,100
4,418,41482,0.24280088026989638,13.53192729704372,107.8533040586603,0.24280088026989638,100
4,419,41581,0.24280088026989638,9.322883545953099,52.265294425296666,0.24280088026989638,100
4,420,41680,0.24280088026989638,8.573920459451935,68.53018663307093,0.24280088026989638,100
4,421,41779,0.24280088026989638,9.022852029282106,80.65990550312142,0.24280088026989638,100
4,422,41878,0.24280088026989638,9.462823950528763,76.3345505711984,0.24280088026989638,100
4,423,41977,0.24280088026989638,10.668213425495832,90.54516002174528,0.24280088026989638,100
4,424,42076,0.24280088026989638,11.86490218644318,86.71484181463107,0.24280088026989638,100
4,425,42175,0.24280088026989638,13.23407482680256,86.39745406863263,0.24280088026989638,100
4,426,42274,0.24280088026989638,14.143189794520998,113.0434578369552,0.24280088026989638,100
4,427,42373,0.24280088026989638,11.894326932043345,89.72480861455246,0.24280088026989638,100
4,428,42472,0.24280088026989638,12.051393308648677,108.92374083657505,0.24280088026989638,100
4,429,42571,0.24280088026989638,10.972343100720584,89.75361046727754,0.24280088026989638,100
4,430,42670,0.24280088026989638,13.591305608725058,72.21478857396033,0.24280088026989638,100
4,431,42769,0.24280088026989638,10.683142877875406,91.44258120997152,0.24280088026989638,100
4,432,42868,0.24280088026989638,11.926191121638114,140.6852541052175,0.24280088026989638,100
4,433,42967,0.24280088026989638,8.800894901567393,66.77553150900762,0.24280088026989638,100
4,434,43066,0.24280088026989638,8.425441625045048,75.51091216171544,0.24280088026989638,100
4,435,43165,0.24280088026989638,10.197791584160754,70.92598297806157,0.24280088026989638,100
4,436,43264,0.24280088026989638,11.70936154694533,89.34346767558105,0.24280088026989638,100
4,437,43363,0.24280088026989638,10.608985811672405,147.9556071890069,0.24280088026989638,100
4,438,43462,0.24280088026989638,13.175304588483908,75.38150577795629,0.24280088026989638,100
4,439,43561,0.24280088026989638,12.783491565729815,83.01175686412776,0.24280088026989638,100
4,440,43660,0.24280088026989638,11.511962005667062,52.301943237680746,0.24280088026989638,100
4,441,43759,0.24280088026989638,13.86175634912589,91.31409861086608,0.24280088026989638,100
4,442,43858,0.24280088026989638,11.586206276719263,103.13712742252186,0.24280088026989638,100
4,443,43957,0.24280088026989638,11.973688950324444,93.86938362563909,0.24280088026989638,100
4,444,44056,0.24280088026989638,12.36718652349438,68.96288060207178,0.24280088026989638,100
4,445,44155,0.24280088026989638,11.336654316165488,89.32093608313377,0.24280088026989638,100
4,446,44254,0.24280088026989638,12.149700863655369,71.27471596785284,0.24280088026989638,100
4,447,44353,0.24280088026989638,10.940433186056957,81.13634465736205,0.24280088026989638,100
4,448,44452,0.24280088026989638,12.286630007634756,119.31962503803582,0.24280088026989638,100
4,449,44551,0.24280088026989638,14.308601351824977,113.26657006641746,0.24280088026989638,100
4,450,44650,0.24280088026989638,14.585122726902538,127.95030170094763,0.24280088026989638,100
4,451,44749,0.24280088026989638,10.216346776882117,103.27787599443143,0.24280088026989638,100
4,452,44848,0.24280088026989638,8.364829481032228,50.28719646536821,0.24280088026989638,100
4,453,44947,0.24280088026989638,9.768801752943405,93.60163649286991,0.24280088026989638,100
4,454,45046,0.24280088026989638,9.346470680249345,92.32801677779248,0.24280088026989638,100
4,455,45145,0.24280088026989638,6.559538757176284,51.177811474617656,0.24280088026989638,100
4,456,45244,0.24280088026989638,11.49967273370371,70.40019144247297,0.24280088026989638,100
4,457,45343,0.24280088026989638,9.169887996865702,70.00305035916197,0.24280088026989638,100
4,458,45442,0.24280088026989638,14.194685405885373,174.25224117885762,0.24280088026989638,100
4,459,45541,0.24280088026989638,12.73240820796979,103.76870384367245,0.24280088026989638,100
4,460,45640,0.24280088026989638,14.268132438163322,103.45480506225576,0.24280088026989638,100
4,461,45739,0.24280088026989638,11.819073162900374,154.8773476012545,0.24280088026989638,100
4,462,45838,0.24280088026989638,13.045734906785631,78.0989256617546,0.24280088026989638,100
4,463,45937,0.24280088026989638,10.498161318684511,86.38574776545386,0.24280088026989638,100
4,464,46036,0.24280088026989638,15.291823893108198,141.31644199279663,0.24280088026989638,100
4,465,46135,0.24280088026989638,13.54906286063746,98.37090396240518,0.24280088026989638,100
4,466,46234,0.24280088026989638,9.208293979229923,83.73541244476681,0.24280088026989638,100
4,467,46333,0.24280088026989638,10.619152166920841,56.35733601283999,0.24280088026989638,100
4,468,46432,0.24280088026989638,10.747380973055726,132.28162330715904,0.24280088026989638,100
4,469,46531,0.24280088026989638,7.003359954978092,69.20574399800783,0.24280088026989638,100
4,470,46630,0.24280088026989638,9.601143382653431,144.24374492925023,0.24280088026989638,100
4,471,46729,0.24280088026989638,10.723893804069673,70.62426514157539,0.24280088026989638,100
4,472,46828,0.24280088026989638,7.291586672061908,65.45879911289803,0.24280088026989638,100
4,473,46927,0.24280088026989638,11.78591380413023,98.09050337340145,0.24280088026989638,100
4,474,47026,0.24280088026989638,11.90798828196955,65.95513587161368,0.24280088026989638,100
4,475,47125,0.24280088026989638,14.247604615397474,104.36766662263108,0.24280088026989638,100
4,476,47224,0.24280088026989638,10.370959178682176,99.02878259365784,0.24280088026989638,100
4,477,47323,0.24280088026989638,10.521885970697797,74.17388407542995,0.24280088026989638,100
4,478,47422,0.24280088026989638,10.779046761181359,153.08266266434487,0.24280088026989638,100
4,479,47521,0.24280088026989638,12.218742469390888,86.81278931395516,0.24280088026989638,100
4,480,47620,0.24280088026989638,12.023583403091763,101.5467543919645,0.24280088026989638,100
4,481,47719,0.24280088026989638,14.217153758754598,95.02444896489696,0.24280088026989638,100
4,482,47818,0.24280088026989638,11.008507430183995,100.85024944552536,0.24280088026989638,100
4,483,47917,0.24280088026989638,9.075299983725337,77.62065823499888,0.24280088026989638,100
4,484,48016,0.24280088026989638,11.185315369752361,74.8234681908422,0.24280088026989638,100
4,485,48115,0.24280088026989638,9.470291053349493,56.351603641135604,0.24280088026989638,100
4,486,48214,0.24280088026989638,10.869671776385367,75.57568853190406,0.24280088026989638,100
4,487,48313,0.24280088026989638,10.937945836078695,104.29153017924286,0.24280088026989638,100
4,488,48412,0.24280088026989638,10.454792892102416,107.75469386857121,0.24280088026989638,100
4,489,48511,0.24280088026989638,8.41378471211675,57.599343786742494,0.24280088026989638,100
4,490,48610,0.24280088026989638,11.958024457182885,115.29541161235221,0.24280088026989638,100
4,491,48709,0.24280088026989638,8.854602510413836,69.75015702308467,0.24280088026989638,100
4,492,48808,0.24280088026989638,10.970226621387392,80.76041187083507,0.24280088026989638,100
4,493,48907,0.24280088026989638,10.18988908433257,110.27003034171902,0.24280088026989638,100
4,494,49006,0.24280088026989638,12.653319025585317,86.06679597621027,0.24280088026989638,100
4,495,49105,0.24280088026989638,11.04125828973591,89.40603232037697,0.24280088026989638,100
4,496,49204,0.24280088026989638,9.369666462702211,116.29977205456115,0.24280088026989638,100
4,497,49303,0.24280088026989638,11.483222349458273,92.47914468244166,0.24280088026989638,100
4,498,49402,0.24280088026989638,9.318616609483538,65.56968660171916,0.24280088026989638,100
4,499,49501,0.24280088026989638,10.885409815123971,69.45759988010423,0.24280088026989638,100
4,500,49600,0.24280088026989638,10.848652383706394,74.85897160731356,0.24280088026989638,100
4,501,49699,0.24280088026989638,10.608480853479152,95.92946776619246,0.24280088026989638,100
4,502,49798,0.24280088026989638,14.49394248002723,112.41491816885987,0.24280088026989638,100
4,503,49897,0.24280088026989638,10.480738698221177,96.81659221843599,0.24280088026989638,100
4,504,49996,0.24280088026989638,10.43765187373362,94.04953846614774,0.24280088026989638,100
4,505,50000,0.24280088026989638,7.970632169596005,47.46985601830892,0.24280088026989638,100
5,0,100,68.73692151248116,563.1647020853151,1049.545942832481,68.73692151248116,100
5,1,199,51.30406042779632,275.24886824185967,663.6091719459174,51.30406042779632,100
5,2,298,15.145159620646528,130.95496461031416,308.3123061667219,15.145159620646528,100
5,3,397,9.967711031141581,66.41314065086009,212.01623744429534,9.967711031141581,100
5,4,496,9.567188153496142,40.293056355049764,128.4197376447063,9.567188153496142,100
5,5,595,1.833858156502602,26.642936663121386,116.01622140453013,1.833858156502602,100
5,6,694,1.8159380100733988,19.58361155748681,91.62506377010514,1.8159380100733988,100
5,7,793,1.8159380100733988,15.488503815285599,99.85592719465504,1.8159380100733988,100
5,8,892,1.3919626739534556,14.652996556864487,193.0058990065191,1.3919626739534556,100
5,9,991,1.3919626739534556,11.897101401850342,118.46944455823544,1.3919626739534556,100
5,10,1090,1.0577937738145309,13.708784796013179,125.66503381119641,1.0577937738145309,100
5,11,1189,0.660711763532759,12.225992915849726,96.89249775287989,0.660711763532759,100
5,12,1288,0.660711763532759,9.894574731874414,58.281676583698605,0.660711763532759,100
5,13,1387,0.660711763532759,12.086236129326009,59.455655172456105,0.660711763532759,100
5,14,1486,0.660711763532759,17.03791161754776,161.71959823730268,0.660711763532759,100
5,15,1585,0.660711763532759,10.729503664163143,75.19492896900951,0.660711763532759,100
5,16,1684,0.660711763532759,11.893728892332108,74.69295605191546,0.660711763532759,100
5,17,1783,0.660711763532759,14.014243512882201,114.79821338855938,0.660711763532759,100
5,18,1882,0.660711763532759,11.350294948421693,84.14948530563608,0.660711763532759,100
5,19,1981,0.660711763532759,12.938504189578694,83.58248330988327,0.660711763532759,100
5,20,2080,0.660711763532759,11.33194878495025,69.70868576933177,0.660711763532759,100
5,21,2179,0.6174317634222346,12.165598374359694,111.90226174643031,0.6174317634222346,100
5,22,2278,0.6174317634222346,12.996151423181887,129.87824257554843,0.6174317634222346,100
5,23,2377,0.6174317634222346,9.773033053314741,80.94382596459053,0.6174317634222346,100
5,24,2476,0.6174317634222346,10.696388776538784,128.06561557897982,0.6174317634222346,100
5,25,2575,0.5573628192579341,10.762007096808567,94.29106903310303,0.5573628192579341,100
5,26,2674,0.5573628192579341,10.205906131109037,72.03700793052516,0.5573628192579341,100
5,27,2773,0.5573628192579341,9.5257167303679,68.04384614272622,0.5573628192579341,100
5,28,2872,0.5573628192579341,10.328314931158983,53.704018394547376,0.5573628192579341,100
5,29,2971,0.5253645657362989,9.612765054547106,57.40589326159542,0.5253645657362989,100
5,30,3070,0.5253645657362989,11.763836109799733,107.24994386694506,0.5253645657362989,100
5,31,3169,0.5008529297102399,13.12454537468659,110.70739216187766,0.5008529297102399,100
5,32,3268,0.5008529297102399,15.090360164952356,77.26110737029181,0.5008529297102399,100
5,33,3367,0.5008529297102399,10.573699469434228,78.05743012741932,0.5008529297102399,100
5,34,3466,0.5008529297102399,10.410296900349481,78.22929810272933,0.5008529297102399,100
5,35,3565,0.5008529297102399,13.577258735764245,120.90504534682744,0.5008529297102399,100
5,36,3664,0.5008529297102399,11.515215285126384,54.525385031304566,0.5008529297102399,100
5,37,3763,0.5008529297102399,10.11266692129845,58.00114821912361,0.5008529297102399,100
5,38,3862,0.5008529297102399,10.990378650535392,94.04099942048175,0.5008529297102399,100
5,39,3961,0.5008529297102399,9.781701655506662,93.36431811433356,0.5008529297102399,100
5,40,4060,0.4907407930436039,11.126455958649048,81.48852255049282,0.4907407930436039,100
5,41,4159,0.4907407930436039,8.585988435510227,82.28854427776906,0.4907407930436039,100
5,42,4258,0.4907407930436039,9.119800005678806,68.4456009890107,0.4907407930436039,100
5,43,4357,0.4907407930436039,11.645752972954678,73.41956772156813,0.4907407930436039,100
5,44,4456,0.4907407930436039,8.418538908288149,89.14319287964524,0.4907407930436039,100
5,45,4555,0.4907407930436039,10.538477575055605,59.52856498574449,0.4907407930436039,100
5,46,4654,0.4907407930436039,10.84427453717962,78.48546019699322,0.4907407930436039,100
5,47,4753,0.4907407930436039,9.119366373225747,71.59448062988557,0.4907407930436039,100
5,48,4852,0.4907407930436039,10.703922897171134,82.24898970306766,0.4907407930436039,100
5,49,4951,0.4907407930436039,11.07240556340356,86.63233741199512,0.4907407930436039,100
5,50,5050,0.4907407930436039,11.785776947687738,126.04053008605507,0.4907407930436039,100
5,51,5149,0.4907407930436039,7.927362923892336,79.10443096269283,0.4907407930436039,100
5,52,5248,0.4907407930436039,10.550220957273327,149.07127459198014,0.4907407930436039,100
5,53,5347,0.4907407930436039,10.048437305977215,103.49633878089132,0.4907407930436039,100
5,54,5446,0.4907407930436039,10.872938672666457,83.21997995684455,0.4907407930436039,100
5,55,5545,0.4907407930436039,7.807208745099071,42.288378271026296,0.4907407930436039,100
5,56,5644,0.4907407930436039,9.253559976240755,99.88004526469507,0.4907407930436039,100
5,57,5743,0.4907407930436039,9.296566948602166,51.86830187783447,0.4907407930436039,100
5,58,5842,0.4907407930436039,8.929740116427432,47.68547771006668,0.4907407930436039,100
5,59,5941,0.4907407930436039,9.859486270034754,60.57139605156991,0.4907407930436039,100
5,60,6040,0.4799194240719087,12.202090633961728,115.58052394428869,0.4799194240719087,100
5,61,6139,0.4625354264478757,12.446645675226694,98.97856369938884,0.4625354264478757,100
5,62,6238,0.4625354264478757,10.780320378138242,139.43004462197817,0.4625354264478757,100
5,63,6337,0.4625354264478757,14.89367040683699,71.53920579964948,0.4625354264478757,100
5,64,6436,0.4287657815867686,10.632991319452994,76.2517051819408,0.4287657815867686,100
5,65,6535,0.4287657815867686,12.793595704137132,102.36173923605544,0.4287657815867686,100
5,66,6634,0.4287657815867686,15.701199895244722,103.45833318121747,0.4287657815867686,100
5,67,6733,0.4287657815867686,13.628167863817461,103.71767670149086,0.4287657815867686,100
5,68,6832,0.4287657815867686,10.106225943234785,104.60700994757906,0.4287657815867686,100
5,69,6931,0.4287657815867686,9.903479988844023,59.699067223105644,0.4287657815867686,100
5,70,7030,0.4287657815867686,13.007723540079137,109.11863832969436,0.4287657815867686,100
5,71,7129,0.4287657815867686,12.082629658343421,82.10566391568443,0.4287657815867686,100
5,72,7228,0.4287657815867686,11.995560344384792,100.06723333794575,0.4287657815867686,100
5,73,7327,0.4287657815867686,11.889400984011104,99.84295705298747,0.4287657815867686,100
5,74,7426,0.4287657815867686,11.465388006265549,85.89117021962548,0.4287657815867686,100
5,75,7525,0.4287657815867686,10.078997979680468,60.261915502615125,0.4287657815867686,100
5,76,7624,0.4287657815867686,10.006804990013347,131.8655892241592,0.4287657815867686,100
5,77,7723,0.4287657815867686,8.23674280082678,73.91109499756904,0.4287657815867686,100
5,78,7822,0.4287657815867686,8.365789677709888,64.98684971066405,0.4287657815867686,100
5,79,7921,0.4287657815867686,10.966353596180497,76.45596377170709,0.4287657815867686,100
5,80,8020,0.4287657815867686,8.712203419687919,62.551366022326384,0.4287657815867686,100
5,81,8119,0.4287657815867686,11.46186996910643,108.47860220137838,0.4287657815867686,100
5,82,8218,0.4287657815867686,9.32781337425759,79.44762679279242,0.4287657815867686,100
5,83,8317,0.4287657815867686,11.544078214871679,127.84600166956822,0.4287657815867686,100
5,84,8416,0.4287657815867686,11.067541342259005,88.13851432288386,0.4287657815867686,100
5,85,8515,0.4287657815867686,9.89815583402202,64.97084111159157,0.4287657815867686,100
5,86,8614,0.4287657815867686,12.92915564988945,115.71208719817854,0.4287657815867686,100
5,87,8713,0.4287657815867686,9.235648962513968,63.50474724279323,0.4287657815867686,100
5,88,8812,0.4287657815867686,11.138403379878328,75.19582319728485,0.4287657815867686,100
5,89,8911,0.4287657815867686,10.67764759852441,66.40897561009555,0.4287657815867686,100
5,90,9010,0.4287657815867686,8.526580669102204,48.72240176496019,0.4287657815867686,100
5,91,9109,0.4287657815867686,7.428263709727397,68.08595904618377,0.4287657815867686,100
5,92,9208,0.4287657815867686,8.115369947947466,65.01992980630466,0.4287657815867686,100
5,93,9307,0.4287657815867686,12.235498599746375,90.10189382880772,0.4287657815867686,100
5,94,9406,0.4287657815867686,12.937908278365018,66.64085603670374,0.4287657815867686,100
5,95,9505,0.4287657815867686,13.890176243731343,100.99572251387971,0.4287657815867686,100
5,96,9604,0.4287657815867686,16.22858214025118,94.99593468033224,0.4287657815867686,100
5,97,9703,0.4287657815867686,12.18012876425164,85.10313942213503,0.4287657815867686,100
5,98,9802,0.4287657815867686,13.307643461982002,127.27156063302648,0.4287657815867686,100
5,99,9901,0.4287657815867686,11.857471083986436,141.33895670457886,0.4287657815867686,100
5,100,10000,0.4287657815867686,13.068947530742095,79.31957415804615,0.4287657815867686,100
5,101,10099,0.4287657815867686,11.345475301269085,79.71089054560511,0.4287657815867686,100
5,102,10198,0.4287657815867686,11.183552299182463,78.3519009386917,0.4287657815867686,100
5,103,10297,0.4287657815867686,8.841902621540623,81.02639504159896,0.4287657815867686,100
5,104,10396,0.4287657815867686,8.271050021317514,62.57312993999451,0.4287657815867686,100
5,105,10495,0.4287657815867686,9.62825389517479,75.16489400840601,0.4287657815867686,100
5,106,10594,0.4287657815867686,8.16605483419808,107.05857493870948,0.4287657815867686,100
5,107,10693,0.4287657815867686,11.79080069428577,110.12127216390515,0.4287657815867686,100
5,108,10792,0.4287657815867686,11.756167758608413,112.9010542834749,0.4287657815867686,100
5,109,10891,0.4287657815867686,11.629178289983123,159.71392029559502,0.4287657815867686,100
5,110,10990,0.4287657815867686,10.359864387411617,94.33309715726934,0.4287657815867686,100
5,111,11089,0.4287657815867686,8.598337432642722,61.627702569565976,0.4287657815867686,100
5,112,11188,0.4287657815867686,9.855050313446142,115.15313510872636,0.4287657815867686,100
5,113,11287,0.4287657815867686,11.061449596775885,114.67939957572162,0.4287657815867686,100
5,114,11386,0.4287657815867686,13.343095537655262,73.51451512422071,0.4287657815867686,100
5,115,11485,0.4287657815867686,13.176307659175157,166.59585373107976,0.4287657815867686,100
5,116,11584,0.4287657815867686,10.732645832219028,83.80755235847505,0.4287657815867686,100
5,117,11683,0.4287657815867686,10.922225054426752,75.10142103095448,0.4287657815867686,100
5,118,11782,0.4287657815867686,14.398120472479542,142.97263709819632,0.4287657815867686,100
5,119,11881,0.4287657815867686,10.342930875310728,95.2073005882292,0.4287657815867686,100
5,120,11980,0.4287657815867686,11.287834881381642,63.467091079403374,0.4287657815867686,100
5,121,12079,0.4287657815867686,9.721874756669372,66.54269130071964,0.4287657815867686,100
5,122,12178,0.4287657815867686,9.540712731342701,113.66655205625935,0.4287657815867686,100
5,123,12277,0.4287657815867686,11.36324841799082,112.30437003827802,0.4287657815867686,100
5,124,12376,0.4287657815867686,11.043980106784433,88.72899019816874,0.4287657815867686,100
5,125,12475,0.4287657815867686,12.349290088193719,66.29410710845656,0.4287657815867686,100
5,126,12574,0.4287657815867686,12.561606465909644,90.03940983790937,0.4287657815867686,100
5,127,12673,0.4287657815867686,10.880145951650647,96.72946453675605,0.4287657815867686,100
5,128,12772,0.4287657815867686,11.725870765902728,93.78044178797859,0.4287657815867686,100
5,129,12871,0.4287657815867686,12.957629063511451,112.83582499036343,0.4287657815867686,100
5,130,12970,0.4287657815867686,11.201809860211462,86.88787879134706,0.4287657815867686,100
5,131,13069,0.4287657815867686,10.454414445047354,93.93079513450874,0.4287657815867686,100
5,132,13168,0.4287657815867686,11.584552802062511,118.07821614330153,0.4287657815867686,100
5,133,13267,0.4287657815867686,12.193954051319084,84.57908203097769,0.4287657815867686,100
5,134,13366,0.4287657815867686,9.774506942755849,84.58470282884441,0.4287657815867686,100
5,135,13465,0.4287657815867686,12.74092421878629,82.09404471545966,0.4287657815867686,100
5,136,13564,0.4287657815867686,12.828108685834428,110.01686027193793,0.4287657815867686,100
5,137,13663,0.4287657815867686,9.683503755205159,69.02959370181404,0.4287657815867686,100
5,138,13762,0.4287657815867686,10.319644892033937,79.80007081908482,0.4287657815867686,100
5,139,13861,0.4287657815867686,12.487800646844642,105.05652196518481,0.4287657815867686,100
5,140,13960,0.4287657815867686,9.008149509932835,94.05149993951301,0.4287657815867686,100
5,141,14059,0.4287657815867686,11.403088520304056,116.73162689639902,0.4287657815867686,100
5,142,14158,0.4268634183538681,11.16935013315882,60.870559111742594,0.4268634183538681,100
5,143,14257,0.4268634183538681,12.156295559560412,93.04952155962174,0.4268634183538681,100
5,144,14356,0.4268634183538681,12.51357109030285,135.940930877244,0.4268634183538681,100
5,145,14455,0.4268634183538681,11.300596094884781,75.15496472116506,0.4268634183538681,100
5,146,14554,0.4268634183538681,9.811565853291894,111.15413377987424,0.4268634183538681,100
5,147,14653,0.4268634183538681,11.500241761412239,94.03173567185725,0.4268634183538681,100
5,148,14752,0.4268634183538681,9.888905842134859,78.06242566768171,0.4268634183538681,100
5,149,14851,0.4268634183538681,9.588535387578002,53.83017011775282,0.4268634183538681,100
5,150,14950,0.3697962487776369,10.523736924313553,134.44014906608132,0.3697962487776369,100
5,151,15049,0.3697962487776369,10.13982811276224,85.51015988042622,0.3697962487776369,100
5,152,15148,0.3697962487776369,9.928976515571188,75.05229481249367,0.3697962487776369,100
5,153,15247,0.3697962487776369,10.107120322154485,55.986314247944854,0.3697962487776369,100
5,154,15346,0.3697962487776369,7.398420988755943,58.902202979383105,0.3697962487776369,100
5,155,15445,0.3697962487776369,13.298282728054183,104.04515146073201,0.3697962487776369,100
5,156,15544,0.3697962487776369,10.354622457667949,75.08168160643613,0.3697962487776369,100
5,157,15643,0.3697962487776369,12.017642727705185,114.58475345403437,0.3697962487776369,100
5,158,15742,0.3697962487776369,12.294793431844301,106.72787089213168,0.3697962487776369,100
5,159,15841,0.3697962487776369,9.273404684381823,70.73023637091718,0.3697962487776369,100
5,160,15940,0.3697962487776369,12.450246332774498,106.41044951542968,0.3697962487776369,100
5,161,16039,0.3697962487776369,10.567386313048573,73.89891339827301,0.3697962487776369,100
5,162,16138,0.3697962487776369,10.880408880304424,93.4454140272259,0.3697962487776369,100
5,163,16237,0.3697962487776369,9.078735393879041,52.81434039853374,0.3697962487776369,100
5,164,16336,0.3697962487776369,11.91016969388372,73.58206288509307,0.3697962487776369,100
5,165,16435,0.3697962487776369,12.101681210919258,108.78780853175351,0.3697962487776369,100
5,166,16534,0.3697962487776369,13.346665475045741,107.19689800206933,0.3697962487776369,100
5,167,16633,0.3697962487776369,9.936505808244045,66.70348668102568,0.3697962487776369,100
5,168,16732,0.3697962487776369,12.494897550729094,78.09597399493786,0.3697962487776369,100
5,169,16831,0.3697962487776369,9.101403060442355,120.72433701587934,0.3697962487776369,100
5,170,16930,0.3697962487776369,13.097495162643586,115.71379932279325,0.3697962487776369,100
5,171,17029,0.3697962487776369,13.493596540596604,85.64401158078519,0.3697962487776369,100
5,172,17128,0.3697962487776369,10.911533811551731,77.06234940040304,0.3697962487776369,100
5,173,17227,0.3697962487776369,9.618030986805062,46.57279732743374,0.3697962487776369,100
5,174,17326,0.3697962487776369,10.449600695300708,74.74882034857028,0.3697962487776369,100
5,175,17425,0.3697962487776369,12.938905348231687,88.58200448292398,0.3697962487776369,100
5,176,17524,0.3697962487776369,11.493475334055098,87.80852265025064,0.3697962487776369,100
5,177,17623,0.3697962487776369,11.045555255878117,122.31932046157168,0.3697962487776369,100
5,178,17722,0.3697962487776369,9.759906398913914,84.1098487642074,0.3697962487776369,100
5,179,17821,0.3697962487776369,10.491784591113804,95.24163623348934,0.3697962487776369,100
5,180,17920,0.3697962487776369,7.96399313040419,50.918110661141725,0.3697962487776369,100
5,181,18019,0.3697962487776369,12.163511528206548,133.73125707580408,0.3697962487776369,100
5,182,18118,0.3697962487776369,10.385319042014428,60.12689498373954,0.3697962487776369,100
5,183,18217,0.3697962487776369,10.602826266270064,116.90280619432876,0.3697962487776369,100
5,184,18316,0.3697962487776369,11.006977161296241,112.5610966108329,0.3697962487776369,100
5,185,18415,0.3697962487776369,11.51230111154451,83.26978903381622,0.3697962487776369,100
5,186,18514,0.3697962487776369,9.274544680850926,63.18909938955811,0.3697962487776369,100
5,187,18613,0.3697962487776369,10.41594338522053,83.33711121256582,0.3697962487776369,100
5,188,18712,0.3697962487776369,9.360970111806614,82.49736366261597,0.3697962487776369,100
5,189,18811,0.3697962487776369,12.595147875005878,102.87927454697889,0.3697962487776369,100
5,190,18910,0.3697962487776369,11.917089306368494,102.21513424665201,0.3697962487776369,100
5,191,19009,0.3697962487776369,10.640941777010196,125.65334200935827,0.3697962487776369,100
5,192,19108,0.3697962487776369,9.798506354026626,76.89574030933262,0.3697962487776369,100
5,193,19207,0.3697962487776369,10.040916882012937,56.59543435211279,0.3697962487776369,100
5,194,19306,0.3697962487776369,9.70646091451262,111.66126361300897,0.3697962487776369,100
5,195,19405,0.3697962487776369,9.608650147389781,76.36086792395726,0.3697962487776369,100
5,196,19504,0.3697962487776369,12.917586670335783,135.95190649089415,0.3697962487776369,100
5,197,19603,0.3697962487776369,11.69404598294853,82.829246868177,0.3697962487776369,100
5,198,19702,0.3697962487776369,12.68127507131565,61.34650796100082,0.3697962487776369,100
5,199,19801,0.3697962487776369,9.927796610714193,112.27228597707114,0.3697962487776369,100
5,200,19900,0.3697962487776369,11.20766930337786,84.21169709673809,0.3697962487776369,100
5,201,19999,0.3697962487776369,14.240967842036401,132.8087233843693,0.3697962487776369,100
5,202,20098,0.3697962487776369,13.465310885458104,90.70517264558958,0.3697962487776369,100
5,203,20197,0.3697962487776369,9.767951853259557,94.87610686900831,0.3697962487776369,100
5,204,20296,0.3697962487776369,13.629870559449104,79.39925087584834,0.3697962487776369,100
5,205,20395,0.3697962487776369,12.143797025351153,64.52508455084029,0.3697962487776369,100
5,206,20494,0.3697962487776369,10.992592892517894,127.41810988152338,0.3697962487776369,100
5,207,20593,0.3697962487776369,10.249379238033434,77.95851823389934,0.3697962487776369,100
5,208,20692,0.3697962487776369,10.045745564101498,86.03046113705183,0.3697962487776369,100
5,209,20791,0.3697962487776369,10.403844023102337,79.60773523089766,0.3697962487776369,100
5,210,20890,0.3697962487776369,10.34002717427525,86.13741210484919,0.3697962487776369,100
5,211,20989,0.3697962487776369,10.317052454021331,109.69589937627066,0.3697962487776369,100
5,212,21088,0.3697962487776369,14.218626267667496,215.43755989679806,0.3697962487776369,100
5,213,21187,0.3697962487776369,9.045434619123933,63.538332721138914,0.3697962487776369,100
5,214,21286,0.3697962487776369,11.948539651961745,143.09638322359262,0.3697962487776369,100
5,215,21385,0.3697962487776369,10.345059283413304,56.49598340621841,0.3697962487776369,100
5,216,21484,0.3697962487776369,11.66278943263635,78.02360428596735,0.3697962487776369,100
5,217,21583,0.3697962487776369,10.891930449638446,74.21793059224315,0.3697962487776369,100
5,218,21682,0.3697962487776369,10.077400283868853,108.91070527486337,0.3697962487776369,100
5,219,21781,0.3697962487776369,9.376032788169018,74.79284821626888,0.3697962487776369,100
5,220,21880,0.3697962487776369,10.539556150858735,78.63629833687472,0.3697962487776369,100
5,221,21979,0.3697962487776369,9.169435356567869,62.02991521290125,0.3697962487776369,100
5,222,22078,0.3697962487776369,9.359574925986621,47.23375855123489,0.3697962487776369,100
5,223,22177,0.3697962487776369,13.272446094975459,78.68998137041501,0.3697962487776369,100
5,224,22276,0.3697962487776369,10.54391187724249,140.92394639992924,0.3697962487776369,100
5,225,22375,0.3697962487776369,11.846800876881971,88.95409063818744,0.3697962487776369,100
5,226,22474,0.3697962487776369,10.978274341544239,76.4177366183818,0.3697962487776369,100
5,227,22573,0.3697962487776369,11.775227667068712,73.38735348520909,0.3697962487776369,100
5,228,22672,0.3697962487776369,13.138253722979078,129.5547594021377,0.3697962487776369,100
5,229,22771,0.3697962487776369,11.845094984155235,74.94210529077789,0.3697962487776369,100
5,230,22870,0.3697962487776369,9.502822021146384,63.27564856021777,0.3697962487776369,100
5,231,22969,0.3697962487776369,13.22853321104577,122.32204599532994,0.3697962487776369,100
5,232,23068,0.3697962487776369,12.994917419361109,105.35969084304254,0.3697962487776369,100
5,233,23167,0.3697962487776369,12.727055484869695,92.94198742755142,0.3697962487776369,100
5,234,23266,0.3697962487776369,9.983952006831139,91.90482430571326,0.3697962487776369,100
5,235,23365,0.3697962487776369,10.680229323201688,109.55893037265571,0.3697962487776369,100
5,236,23464,0.3697962487776369,11.31480539642798,112.24633370175013,0.3697962487776369,100
5,237,23563,0.3697962487776369,8.712770859719457,75.19413375681009,0.3697962487776369,100
5,238,23662,0.3697962487776369,9.871188590172222,49.87704536728664,0.3697962487776369,100
5,239,23761,0.3697962487776369,12.614742025682988,132.2263111718716,0.3697962487776369,100
5,240,23860,0.3697962487776369,10.855021818983477,87.08356222006292,0.3697962487776369,100
5,241,23959,0.3697962487776369,12.786432925949564,129.2178985458341,0.3697962487776369,100
5,242,24058,0.3697962487776369,10.654666058765192,98.87915653682322,0.3697962487776369,100
5,243,24157,0.3697962487776369,9.349855940162888,86.46555911263476,0.3697962487776369,100
5,244,24256,0.3697962487776369,9.626083542391635,59.82325107416868,0.3697962487776369,100
5,245,24355,0.3697962487776369,11.539796356965114,98.18508330580916,0.3697962487776369,100
5,246,24454,0.3697962487776369,11.287969185971106,124.57105475776775,0.3697962487776369,100
5,247,24553,0.3697962487776369,12.531520505417049,66.9419518595106,0.3697962487776369,100
5,248,24652,0.3697962487776369,10.222424445998138,90.75598747602795,0.3697962487776369,100
5,249,24751,0.3697962487776369,8.679464869584798,54.08001699574734,0.3697962487776369,100
5,250,24850,0.3697962487776369,13.652296295536253,103.24702528336185,0.3697962487776369,100
5,251,24949,0.3697962487776369,7.630206609040706,102.17076097760346,0.3697962487776369,100
5,252,25048,0.3697962487776369,11.916731797982658,123.4471069577931,0.3697962487776369,100
5,253,25147,0.3697962487776369,15.096829383252523,110.72075536183179,0.3697962487776369,100
5,254,25246,0.3697962487776369,10.11640710752798,61.31601484133731,0.3697962487776369,100
5,255,25345,0.3697962487776369,10.726687711494238,95.05016071096341,0.3697962487776369,100
5,256,25444,0.3697962487776369,12.0631684807352,87.72737371938067,0.3697962487776369,100
5,257,25543,0.3697962487776369,10.047096948166425,61.911479320291434,0.3697962487776369,100
5,258,25642,0.3697962487776369,14.189314034307019,73.2579859736393,0.3697962487776369,100
5,259,25741,0.3697962487776369,13.223388343537344,109.20664609916071,0.3697962487776369,100
5,260,25840,0.3697962487776369,13.004725183861234,85.01483473833443,0.3697962487776369,100
5,261,25939,0.3697962487776369,9.945340804810796,76.07253261874175,0.3697962487776369,100
5,262,26038,0.3697962487776369,10.724529932000623,72.28319930626193,0.3697962487776369,100
5,263,26137,0.3697962487776369,10.742305338193619,64.05828298321403,0.3697962487776369,100
5,264,26236,0.3697962487776369,12.30117631988619,71.08159155782376,0.3697962487776369,100
5,265,26335,0.3697962487776369,11.20029668922018,103.03022015036227,0.3697962487776369,100
5,266,26434,0.3697962487776369,12.277342510235856,119.31208720173325,0.3697962487776369,100
5,267,26533,0.3697962487776369,6.741921036042251,58.33650077342631,0.3697962487776369,100
5,268,26632,0.3697962487776369,10.162393811777076,84.76227185346609,0.3697962487776369,100
5,269,26731,0.3697962487776369,11.343045661372825,71.8602948923803,0.3697962487776369,100
5,270,26830,0.3697962487776369,11.581649389173347,117.33583530898463,0.3697962487776369,100
5,271,26929,0.3697962487776369,9.470492086426734,65.46444861800161,0.3697962487776369,100
5,272,27028,0.3697962487776369,11.708834167026792,86.33645989992036,0.3697962487776369,100
5,273,27127,0.3697962487776369,9.373121161457856,65.75165108333825,0.3697962487776369,100
5,274,27226,0.3697962487776369,9.500510287791988,72.03634783123915,0.3697962487776369,100
5,275,27325,0.3697962487776369,13.148456512021477,106.681335455258,0.3697962487776369,100
5,276,27424,0.3697962487776369,12.107932171728194,96.9426094477066,0.3697962487776369,100
5,277,27523,0.3697962487776369,9.956535735372558,77.46873085692569,0.3697962487776369,100
5,278,27622,0.3697962487776369,9.345696534136913,51.583605829771294,0.3697962487776369,100
5,279,27721,0.3697962487776369,8.778213012739139,49.02365691075121,0.3697962487776369,100
5,280,27820,0.3697962487776369,8.329895250036756,75.00860880601019,0.3697962487776369,100
5,281,27919,0.3697962487776369,14.232978976631133,131.57380512061573,0.3697962487776369,100
5,282,28018,0.3697962487776369,11.290171576039663,89.21226192883329,0.3697962487776369,100
5,283,28117,0.3697962487776369,11.012816346548448,89.41278315009473,0.3697962487776369,100
5,284,28216,0.3697962487776369,9.598824302491648,71.75144071092672,0.3697962487776369,100
5,285,28315,0.3697962487776369,9.231592750708828,74.49339578177717,0.3697962487776369,100
5,286,28414,0.3697962487776369,11.27503189649297,77.54310948491529,0.3697962487776369,100
5,287,28513,0.3697962487776369,12.10383145810297,75.33041504730265,0.3697962487776369,100
5,288,28612,0.3697962487776369,10.932153191395317,137.3282675895935,0.3697962487776369,100
5,289,28711,0.3697962487776369,11.39293588429221,83.52464416087435,0.3697962487776369,100
5,290,28810,0.3697962487776369,13.925652003367935,83.75179525743971,0.3697962487776369,100
5,291,28909,0.3697962487776369,11.728934241177415,95.00581128904875,0.3697962487776369,100
5,292,29008,0.3697962487776369,10.494717275605238,89.11097202934874,0.3697962487776369,100
5,293,29107,0.3697962487776369,11.47702992393013,94.0302057312064,0.3697962487776369,100
5,294,29206,0.3697962487776369,10.928384962254524,65.42733958406717,0.3697962487776369,100
5,295,29305,0.3697962487776369,10.150028773215482,83.34089183598869,0.3697962487776369,100
5,296,29404,0.3697962487776369,12.081063514266038,92.14255711511086,0.3697962487776369,100
5,297,29503,0.3697962487776369,8.66441083912382,71.67971278390118,0.3697962487776369,100
5,298,29602,0.3697962487776369,7.402783957881759,58.14885086381053,0.3697962487776369,100
5,299,29701,0.3697962487776369,9.589867218096549,88.10305565313844,0.3697962487776369,100
5,300,29800,0.3697962487776369,13.596966666094893,81.3530385606426,0.3697962487776369,100
5,301,29899,0.3697962487776369,9.880475304121154,73.39590216547617,0.3697962487776369,100
5,302,29998,0.3697962487776369,12.128047210392992,92.25478988745539,0.3697962487776369,100
5,303,30097,0.3697962487776369,10.684206306826916,120.22085046338441,0.3697962487776369,100
5,304,30196,0.3697962487776369,10.819001047046278,122.68846317051576,0.3697962487776369,100
5,305,30295,0.3697962487776369,10.99302259469846,85.95903921458053,0.3697962487776369,100
5,306,30394,0.3697962487776369,10.972611552506658,119.90162633926121,0.3697962487776369,100
5,307,30493,0.3697962487776369,10.830453945316213,68.46516731540558,0.3697962487776369,100
5,308,30592,0.3697962487776369,8.725657647330546,51.16365532459001,0.3697962487776369,100
5,309,30691,0.3697962487776369,10.334214276779894,63.25751306388692,0.3697962487776369,100
5,310,30790,0.3697962487776369,12.661309774056065,73.10805789136303,0.3697962487776369,100
5,311,30889,0.36979624877761264,12.792187600333776,190.34126427637696,0.36979624877761264,100
5,312,30988,0.36979624877761264,10.115807330081969,90.32696966875818,0.36979624877761264,100
5,313,31087,0.36979624877761264,13.976017641202537,87.17968213606736,0.36979624877761264,100
5,314,31186,0.36979624877761264,11.00440700438598,84.98498251482249,0.36979624877761264,100
5,315,31285,0.36979624877761264,10.366801843166767,104.66259096320834,0.36979624877761264,100
5,316,31384,0.36979624877761264,9.526641605553287,79.2202680711406,0.36979624877761264,100
5,317,31483,0.36979624877761264,8.976457919479785,57.64980667997652,0.36979624877761264,100
5,318,31582,0.36979624877761264,13.006926357374473,79.93345893220439,0.36979624877761264,100
5,319,31681,0.36979624877761264,6.74673349282945,35.356789057794956,0.36979624877761264,100
5,320,31780,0.36979624877761264,10.69797675968204,59.22398336856289,0.36979624877761264,100
5,321,31879,0.36979624877761264,8.10455828516336,61.439388014288376,0.36979624877761264,100
5,322,31978,0.36979624877761264,10.971656393982073,137.03280381919643,0.36979624877761264,100
5,323,32077,0.36979624877761264,15.989420371181573,155.5671500478095,0.36979624877761264,100
5,324,32176,0.36979624877761264,11.931196442308437,113.14788982013683,0.36979624877761264,100
5,325,32275,0.36979624877761264,12.28748316446168,120.08925415787508,0.36979624877761264,100
5,326,32374,0.36979624877761264,10.494318844497059,108.09914934654357,0.36979624877761264,100
5,327,32473,0.36979624877761264,11.25986461475004,101.21515875301421,0.36979624877761264,100
5,328,32572,0.36979624877761264,10.3432513727907,64.62271463589299,0.36979624877761264,100
5,329,32671,0.36979624877761264,10.948346605720586,65.69122265410725,0.36979624877761264,100
5,330,32770,0.36979624877761264,8.989318880534409,72.97302928265938,0.36979624877761264,100
5,331,32869,0.36979624877761264,13.818561862170016,99.92244026434793,0.36979624877761264,100
5,332,32968,0.36979624877761264,11.56330841937767,92.1323878060385,0.36979624877761264,100
5,333,33067,0.36979624877761264,10.672108947177161,72.97424564650615,0.36979624877761264,100
5,334,33166,0.36979624877761264,12.520220177662763,81.08819216096585,0.36979624877761264,100
5,335,33265,0.36979624877761264,9.729419897303211,52.42959937795757,0.36979624877761264,100
5,336,33364,0.36979624877761264,10.471666715232102,76.7359026529687,0.36979624877761264,100
5,337,33463,0.36979624877761264,12.449687734395173,107.6067848212234,0.36979624877761264,100
5,338,33562,0.36979624877761264,13.031952428107472,75.63294144043017,0.36979624877761264,100
5,339,33661,0.36979624877761264,11.163115957180421,62.54870120025452,0.36979624877761264,100
5,340,33760,0.36979624877761264,11.55982139930151,90.77535895245566,0.36979624877761264,100
5,341,33859,0.36979624877761264,10.851611575809727,169.39854569949554,0.36979624877761264,100
5,342,33958,0.36979624877761264,8.670172542591759,103.64080247198987,0.36979624877761264,100
5,343,34057,0.36979624877761264,10.857802876780134,68.42893495112008,0.36979624877761264,100
5,344,34156,0.36979624877761264,10.953570679924697,152.34635787651604,0.36979624877761264,100
5,345,34255,0.36979624877761264,9.96846655986086,74.69441540790046,0.36979624877761264,100
5,346,34354,0.36979624877761264,11.076441407295679,90.41152511832685,0.36979624877761264,100
5,347,34453,0.36979624877761264,9.243931310327405,79.57387410647796,0.36979624877761264,100
5,348,34552,0.36979624877761264,11.505615690176539,118.3837597201911,0.36979624877761264,100
5,349,34651,0.36979624877761264,11.933988876793391,63.19346690484112,0.36979624877761264,100
5,350,34750,0.36979624877761264,10.83566444923552,82.51498325081155,0.36979624877761264,100
5,351,34849,0.36979624877761264,10.686302716784722,64.70271835299825,0.36979624877761264,100
5,352,34948,0.36979624877761264,9.26423818538577,47.26094292848987,0.36979624877761264,100
5,353,35047,0.36979624877761264,12.742149218332429,65.34192013842808,0.36979624877761264,100
5,354,35146,0.36979624877761264,12.6711109032774,83.32954245004535,0.36979624877761264,100
5,355,35245,0.36979624877761264,10.058720208992233,90.40904066279049,0.36979624877761264,100
5,356,35344,0.36979624877761264,12.391878473389408,132.17302269896462,0.36979624877761264,100
5,357,35443,0.36979624877761264,10.125271869935169,96.65694379389747,0.36979624877761264,100
5,358,35542,0.36979624877761264,10.77700623114361,106.67306653791951,0.36979624877761264,100
5,359,35641,0.36979624877761264,8.262195070573858,59.128163847596035,0.36979624877761264,100
5,360,35740,0.36979624877761264,10.961209304978555,71.5891637029896,0.36979624877761264,100
5,361,35839,0.36979624877761264,12.508704185880458,165.63557529491308,0.36979624877761264,100
5,362,35938,0.36979624877761264,11.630532387787909,101.97739043433074,0.36979624877761264,100
5,363,36037,0.36979624877761264,10.206534587502995,102.06633400938561,0.36979624877761264,100
5,364,36136,0.36979624877761264,8.417710337003069,71.61033295225702,0.36979624877761264,100
5,365,36235,0.36979624877761264,10.761545463093373,59.35251686456088,0.36979624877761264,100
5,366,36334,0.36979624877761264,10.736244296854052,103.8118617058628,0.36979624877761264,100
5,367,36433,0.36979624877761264,11.113365171848868,112.71014977866156,0.36979624877761264,100
5,368,36532,0.36979624877761264,8.811621973884023,81.44478029109706,0.36979624877761264,100
5,369,36631,0.36979624877761264,12.13919525594793,115.48459493267312,0.36979624877761264,100
5,370,36730,0.36979624877761264,11.897660488012319,98.26532668042648,0.36979624877761264,100
5,371,36829,0.36979624877761264,12.851958670448465,85.97620845853584,0.36979624877761264,100
5,372,36928,0.36979624877761264,11.297613064626953,152.70733303205975,0.36979624877761264,100
5,373,37027,0.36979624877761264,10.377011441917324,89.45722239033948,0.36979624877761264,100
5,374,37126,0.36979624877761264,9.625805836492377,104.85960929620819,0.36979624877761264,100
5,375,37225,0.36979624877761264,9.7079804061219,80.28073770925316,0.36979624877761264,100
5,376,37324,0.36979624877761264,11.114889096112186,78.86637296341033,0.36979624877761264,100
5,377,37423,0.36979624877761264,11.172540426513091,87.92271913955136,0.36979624877761264,100
5,378,37522,0.3518815457425571,12.01410363727922,115.84944371057158,0.3518815457425571,100
5,379,37621,0.3518815457425571,11.05511873270404,67.43316199057583,0.3518815457425571,100
5,380,37720,0.3518815457425571,13.565663863129709,78.10151953648212,0.3518815457425571,100
5,381,37819,0.3518815457425571,13.049701922679429,92.68320918211901,0.3518815457425571,100
5,382,37918,0.3518815457425571,8.64808822200982,50.983554555066824,0.3518815457425571,100
5,383,38017,0.3518815457425571,9.972885594680282,75.63346213645153,0.3518815457425571,100
5,384,38116,0.3518815457425571,10.247945552125094,81.52977507508703,0.3518815457425571,100
5,385,38215,0.3518815457425571,11.088259910691166,106.99173483226035,0.3518815457425571,100
5,386,38314,0.3518815457425571,11.174969509948337,99.50976323189978,0.3518815457425571,100
5,387,38413,0.3518815457425571,10.445799984049275,76.22840426018121,0.3518815457425571,100
5,388,38512,0.3518815457425571,10.567958801794282,88.56209707950218,0.3518815457425571,100
5,389,38611,0.3518815457425571,14.554224196879916,137.19886698139373,0.3518815457425571,100
5,390,38710,0.3518815457425571,11.950833466297361,100.46085140205832,0.3518815457425571,100
5,391,38809,0.3518815457425571,13.675486592650818,148.4083219078376,0.3518815457425571,100
5,392,38908,0.3518815457425571,10.559748881026758,126.90371564227424,0.3518815457425571,100
5,393,39007,0.3518815457425571,12.536331631838012,110.63834953363573,0.3518815457425571,100
5,394,39106,0.3518815457425571,8.458545196139895,69.83438509044007,0.3518815457425571,100
5,395,39205,0.3518815457425571,8.787307927296174,61.95144793962857,0.3518815457425571,100
5,396,39304,0.3518815457425571,9.61199153220575,95.9656002749808,0.3518815457425571,100
5,397,39403,0.3518815457425571,9.40279227373936,83.1089851799755,0.3518815457425571,100
5,398,39502,0.3518815457425571,10.5257023949389,89.50437923717637,0.3518815457425571,100
5,399,39601,0.3518815457425571,13.882493187465027,118.84970255475133,0.3518815457425571,100
5,400,39700,0.3518815457425571,12.834915480339543,91.78977979260081,0.3518815457425571,100
5,401,39799,0.3518815457425571,13.975217072733011,114.95706034481017,0.3518815457425571,100
5,402,39898,0.3518815457425571,9.537107701176522,88.60654757654446,0.3518815457425571,100
5,403,39997,0.3518815457425571,9.391170745507814,68.8052535620881,0.3518815457425571,100
5,404,40096,0.3518815457425571,13.225360545087494,101.34719919863426,0.3518815457425571,100
5,405,40195,0.3518815457425571,8.027597614634555,55.061333959910755,0.3518815457425571,100
5,406,40294,0.3518815457425571,13.645098766972222,74.30706586033263,0.3518815457425571,100
5,407,40393,0.3518815457425571,10.878921296166332,94.2848950874659,0.3518815457425571,100
5,408,40492,0.3518815457425571,7.82492038379475,68.71634471526399,0.3518815457425571,100
5,409,40591,0.3518815457425571,11.65468631682384,95.61723266289665,0.3518815457425571,100
5,410,40690,0.3518815457425571,11.28630616059329,89.15972106439928,0.3518815457425571,100
5,411,40789,0.3518815457425571,8.699707007509794,71.5367582446999,0.3518815457425571,100
5,412,40888,0.3518815457425571,9.2157611385743,55.37746596639052,0.3518815457425571,100
5,413,40987,0.3518815457425571,10.810200420744392,82.46135492409627,0.3518815457425571,100
5,414,41086,0.3518815457425571,10.067518336303124,64.67841458093862,0.3518815457425571,100
5,415,41185,0.3518815457425571,14.738906562752124,118.52854364763385,0.3518815457425571,100
5,416,41284,0.3518815457425571,11.718264636423415,88.20552145232008,0.3518815457425571,100
5,417,41383,0.3518815457425571,11.178717111195319,91.26486044379513,0.3518815457425571,100
5,418,41482,0.3518815457425571,11.423919775376003,93.53233532219835,0.3518815457425571,100
5,419,41581,0.3518815457425571,14.204129961814552,83.73424313418971,0.3518815457425571,100
5,420,41680,0.3518815457425571,9.616033702832421,60.700776378166225,0.3518815457425571,100
5,421,41779,0.3518815457425571,11.985210633048908,76.07867824511891,0.3518815457425571,100
5,422,41878,0.3518815457425571,13.497437026460581,104.38564858708115,0.3518815457425571,100
5,423,41977,0.3518815457425571,12.961354936886591,124.877790544679,0.3518815457425571,100
5,424,42076,0.3518815457425571,9.7990162478697,53.22851428134412,0.3518815457425571,100
5,425,42175,0.3518815457425571,11.929486033996907,72.83302975200289,0.3518815457425571,100
5,426,42274,0.3518815457425571,12.252853076584508,63.00542754393188,0.3518815457425571,100
5,427,42373,0.3518815457425571,10.740379093416143,61.76538987651641,0.3518815457425571,100
5,428,42472,0.3518815457425571,12.751279156671485,92.52968094356729,0.3518815457425571,100
5,429,42571,0.3518815457425571,10.679754447217315,88.21121236874042,0.3518815457425571,100
5,430,42670,0.3518815457425571,12.972088887839881,64.88650824831453,0.3518815457425571,100
5,431,42769,0.3518815457425571,10.012534364458505,57.21978534604336,0.3518815457425571,100
5,432,42868,0.3518815457425571,10.561796671453703,80.16013706812359,0.3518815457425571,100
5,433,42967,0.3518815457425571,12.209758578781672,97.370696034545,0.3518815457425571,100
5,434,43066,0.3518815457425571,10.961160285357458,76.54614648501413,0.3518815457425571,100
5,435,43165,0.3518815457425571,9.175871559826668,107.55294862929298,0.3518815457425571,100
5,436,43264,0.3518815457425571,14.257299293788769,104.27109516011042,0.3518815457425571,100
5,437,43363,0.3518815457425571,13.825173463019699,184.3157715894857,0.3518815457425571,100
5,438,43462,0.3518815457425571,9.066952079224759,55.65150973597878,0.3518815457425571,100
5,439,43561,0.3518815457425571,10.587867980391449,72.60583533793303,0.3518815457425571,100
5,440,43660,0.3518815457425571,10.28862419883591,53.47879314135728,0.3518815457425571,100
5,441,43759,0.3518815457425571,11.30976126821661,82.57233166634623,0.3518815457425571,100
5,442,43858,0.3518815457425571,11.252150241407994,60.76405368553257,0.3518815457425571,100
5,443,43957,0.3518815457425571,12.478794815240342,83.82077463053297,0.3518815457425571,100
5,444,44056,0.3518815457425571,9.590090479766081,69.12393633060019,0.3518815457425571,100
5,445,44155,0.3518815457425571,13.17377640963266,106.17883299623591,0.3518815457425571,100
5,446,44254,0.3518815457425571,13.921883347356895,136.543006197432,0.3518815457425571,100
5,447,44353,0.3518815457425571,12.642798639454172,108.73592320122376,0.3518815457425571,100
5,448,44452,0.3518815457425571,10.321074293003369,60.04356694820507,0.3518815457425571,100
5,449,44551,0.3518815457425571,11.850943383913416,105.14716701932387,0.3518815457425571,100
5,450,44650,0.3518815457425571,14.687114867094058,154.03031945476803,0.3518815457425571,100
5,451,44749,0.3518815457425571,11.183299922196477,85.98667294771165,0.3518815457425571,100
5,452,44848,0.3518815457425571,10.312955296696105,53.926322156512505,0.3518815457425571,100
5,453,44947,0.3518815457425571,8.898624325903796,60.19476747491236,0.3518815457425571,100
5,454,45046,0.3518815457425571,12.654911937369613,131.68191780476897,0.3518815457425571,100
5,455,45145,0.3518815457425571,14.566157205283908,107.63610900107766,0.3518815457425571,100
5,456,45244,0.3518815457425571,14.727088028977182,84.87835493203202,0.3518815457425571,100
5,457,45343,0.3518815457425571,13.303715050419273,81.5031558193854,0.3518815457425571,100
5,458,45442,0.3518815457425571,10.906366333376603,62.97725303850544,0.3518815457425571,100
5,459,45541,0.3518815457425571,10.288490721695075,96.75264957737798,0.3518815457425571,100
5,460,45640,0.3518815457425571,11.149451094347599,65.33740847743215,0.3518815457425571,100
5,461,45739,0.3518815457425571,11.259631182287071,86.18349064938009,0.3518815457425571,100
5,462,45838,0.3518815457425571,11.149371897922952,80.43674600174604,0.3518815457425571,100
5,463,45937,0.3518815457425571,11.579003265571009,92.53796143812109,0.3518815457425571,100
5,464,46036,0.3518815457425571,8.695324011387589,52.11866779380809,0.3518815457425571,100
5,465,46135,0.3518815457425571,14.396888678083279,116.37810391978738,0.3518815457425571,100
5,466,46234,0.3518815457425571,12.765384635789099,79.60325522704333,0.3518815457425571,100
5,467,46333,0.3518815457425571,10.367249919860905,113.67967369954958,0.3518815457425571,100
5,468,46432,0.3518815457425571,10.38010218593767,98.48661299594082,0.3518815457425571,100
5,469,46531,0.3518815457425571,12.019395032001041,127.79645744760933,0.3518815457425571,100
5,470,46630,0.3518815457425571,12.538567799132236,89.60224419446514,0.3518815457425571,100
5,471,46729,0.3518815457425571,13.666934843749148,117.01257926233319,0.3518815457425571,100
5,472,46828,0.3518815457425571,13.060741717308328,77.48471105847375,0.3518815457425571,100
5,473,46927,0.3518815457425571,10.503390168347405,117.39442721194777,0.3518815457425571,100
5,474,47026,0.3518815457425571,11.575413138492534,71.35595309394479,0.3518815457425571,100
5,475,47125,0.3518815457425571,13.528488119557064,104.5489469123258,0.3518815457425571,100
5,476,47224,0.3518815457425571,8.92357896412171,56.657487760196425,0.3518815457425571,100
5,477,47323,0.3518815457425571,13.951675657393592,140.92048049968264,0.3518815457425571,100
5,478,47422,0.3518815457425571,10.569418312140622,107.53976803296578,0.3518815457425571,100
5,479,47521,0.3518815457425571,10.504654537010925,87.04350587682204,0.3518815457425571,100
5,480,47620,0.3518815457425571,12.450768587348804,101.70425486933802,0.3518815457425571,100
5,481,47719,0.3518815457425571,11.974795155569701,90.84812875534813,0.3518815457425571,100
5,482,47818,0.3518815457425571,10.580133477210707,67.2518926637481,0.3518815457425571,100
5,483,47917,0.3518815457425571,11.12711348161704,66.86628748022939,0.3518815457425571,100
5,484,48016,0.3518815457425571,13.305731709064608,117.30214485555277,0.3518815457425571,100
5,485,48115,0.3518815457425571,8.207398805946516,72.94289007049258,0.3518815457425571,100
5,486,48214,0.3518815457425571,8.869928829461054,90.42294056420343,0.3518815457425571,100
5,487,48313,0.3518815457425571,12.285071583101626,165.99844804633912,0.3518815457425571,100
5,488,48412,0.3518815457425571,13.354731229551485,130.01886435646924,0.3518815457425571,100
5,489,48511,0.3482051991059204,10.979947703503141,81.51077804248297,0.3482051991059204,100
5,490,48610,0.3482051991059204,10.160365512516796,75.86629834796466,0.3482051991059204,100
5,491,48709,0.3482051991059204,13.15929592198713,94.40252437179602,0.3482051991059204,100
5,492,48808,0.3482051991059204,13.932722014223712,104.70117457045365,0.3482051991059204,100
5,493,48907,0.3482051991059204,11.034579086435421,131.06323750348574,0.3482051991059204,100
5,494,49006,0.3482051991059204,12.72886559652084,125.55199872285901,0.3482051991059204,100
5,495,49105,0.3482051991059204,12.307355171491347,155.9301660634525,0.3482051991059204,100
5,496,49204,0.3482051991059204,11.454705398933568,83.74320889093524,0.3482051991059204,100
5,497,49303,0.3482051991059204,13.026879465394735,64.00301206579368,0.3482051991059204,100
5,498,49402,0.3482051991059204,9.446956878819611,69.0256310457748,0.3482051991059204,100
5,499,49501,0.3482051991059204,10.149081741254491,68.31277555061058,0.3482051991059204,100
5,500,49600,0.3482051991059204,13.500828055462925,120.06320171201604,0.3482051991059204,100
5,501,49699,0.3482051991059204,9.559335010455657,126.81858950161649,0.3482051991059204,100
5,502,49798,0.3482051991059204,10.304623706367547,80.60403711369132,0.3482051991059204,100
5,503,49897,0.3482051991059204,9.403003311870028,109.48520674705176,0.3482051991059204,100
5,504,49996,0.3482051991059204,10.361083160529907,70.44821231160684,0.3482051991059204,100
5,505,50000,0.3482051991059204,8.765243202244678,42.58675774499468,0.3482051991059204,100
6,0,100,209.61480999762955,577.0371379003373,989.5130155170054,209.61480999762955,100
6,1,199,85.10866355068734,304.63186165197783,725.950977264955,85.10866355068734,100
6,2,298,10.796334937884584,142.35443770414312,276.6951798245061,10.796334937884584,100
6,3,397,10.691817102250772,72.4357388083061,225.14785001350796,10.691817102250772,100
6,4,496,1.416202928076633,40.01537378321866,243.6252290306299,1.416202928076633,100
6,5,595,1.348474525930178,21.904548101688174,76.06070361145107,1.348474525930178,100
6,6,694,0.693557385905001,15.993273241473538,91.044849017548,0.693557385905001,100
6,7,793,0.6272548923319592,13.824842219366008,89.935703338296,0.6272548923319592,100
6,8,892,0.4801182556298592,11.44620550227651,93.69408849321924,0.4801182556298592,100
6,9,991,0.4801182556298592,14.12461689032184,141.52239275585902,0.4801182556298592,100
6,10,1090,0.4801182556298592,12.967612862123127,74.05870626982392,0.4801182556298592,100
6,11,1189,0.4801182556298592,14.714134637870236,122.18538340843587,0.4801182556298592,100
6,12,1288,0.36821999338384603,11.919687989625716,109.02284561117752,0.36821999338384603,100
6,13,1387,0.36821999338384603,13.179955618196002,91.35523393565853,0.36821999338384603,100
6,14,1486,0.36821999338384603,11.740538518120113,125.92605198249458,0.36821999338384603,100
6,15,1585,0.36821999338384603,10.322214131007193,75.86586486924016,0.36821999338384603,100
6,16,1684,0.36821999338384603,8.695148980878171,70.99330025180562,0.36821999338384603,100
6,17,1783,0.36821999338384603,9.230036230888567,61.89478694503298,0.36821999338384603,100
6,18,1882,0.36821999338384603,13.84430238814785,72.55755313636583,0.36821999338384603,100
6,19,1981,0.36821999338384603,12.164999516957886,82.47893582381599,0.36821999338384603,100
6,20,2080,0.36821999338384603,10.436334083920222,76.37527252389371,0.36821999338384603,100
6,21,2179,0.36821999338384603,10.866581550748444,78.26291562474175,0.36821999338384603,100
6,22,2278,0.36821999338384603,8.994719214392902,52.97151788223199,0.36821999338384603,100
6,23,2377,0.36821999338384603,11.739081394252835,104.1040446371036,0.36821999338384603,100
6,24,2476,0.36821999338384603,12.708821856843139,143.86531821079683,0.36821999338384603,100
6,25,2575,0.36821999338384603,14.04219819832892,116.64354193022602,0.36821999338384603,100
6,26,2674,0.36821999338384603,11.811601901044149,107.16066228038565,0.36821999338384603,100
6,27,2773,0.36821999338384603,11.728363236873752,87.53659930882638,0.36821999338384603,100
6,28,2872,0.36821999338384603,13.10065789792995,101.30593739403801,0.36821999338384603,100
6,29,2971,0.36821999338384603,9.940762124120239,72.83094180543969,0.36821999338384603,100
6,30,3070,0.36821999338384603,9.20243457507409,136.0436752005392,0.36821999338384603,100
6,31,3169,0.36821999338384603,12.890178033456914,164.9381694046057,0.36821999338384603,100
6,32,3268,0.36821999338384603,13.290549367758125,163.9825839365297,0.36821999338384603,100
6,33,3367,0.36821999338384603,13.258998094841177,101.08230870205472,0.36821999338384603,100
6,34,3466,0.36821999338384603,11.972155253449355,67.57356942295944,0.36821999338384603,100
6,35,3565,0.36821999338384603,11.829240632903709,61.88720666471946,0.36821999338384603,100
6,36,3664,0.36821999338384603,12.674798356918133,92.68848989943189,0.36821999338384603,100
6,37,3763,0.36821999338384603,10.837196803064419,53.4950172180258,0.36821999338384603,100
6,38,3862,0.36821999338384603,13.604744237736183,99.09090856780863,0.36821999338384603,100
6,39,3961,0.36821999338384603,7.702235669075365,73.44408477806631,0.36821999338384603,100
6,40,4060,0.36821999338384603,10.096588740387457,83.00283071248141,0.36821999338384603,100
6,41,4159,0.36821999338384603,11.362644074918716,75.76785270862446,0.36821999338384603,100
6,42,4258,0.36821999338384603,12.300791805213393,89.00571952957229,0.36821999338384603,100
6,43,4357,0.36821999338384603,12.931826490501091,105.2794381423413,0.36821999338384603,100
6,44,4456,0.36821999338384603,11.248461801669583,103.36124941541328,0.36821999338384603,100
6,45,4555,0.36821999338384603,10.615796506681415,79.94419746569878,0.36821999338384603,100
6,46,4654,0.36821999338384603,8.85715730382907,69.42944334783442,0.36821999338384603,100
6,47,4753,0.36821999338384603,11.771995735987886,121.61043463345817,0.36821999338384603,100
6,48,4852,0.36821999338384603,10.331804124677214,114.90865169420547,0.36821999338384603,100
6,49,4951,0.36821999338384603,12.915330273757638,93.63689224316612,0.36821999338384603,100
6,50,5050,0.36821999338384603,8.463212940398313,62.72815246534413,0.36821999338384603,100
6,51,5149,0.36821999338384603,11.363042076018923,56.987655448330976,0.36821999338384603,100
6,52,5248,0.36821999338384603,12.275284067801126,82.13844398392386,0.36821999338384603,100
6,53,5347,0.36821999338384603,12.766572551407403,107.15315273577029,0.36821999338384603,100
6,54,5446,0.36821999338384603,9.965019276942025,59.337320848110735,0.36821999338384603,100
6,55,5545,0.36821999338384603,10.83731691806393,86.18306007112444,0.36821999338384603,100
6,56,5644,0.36821999338384603,12.059559342711454,98.42106281179866,0.36821999338384603,100
6,57,5743,0.36821999338384603,11.68021478835287,103.09162438484994,0.36821999338384603,100
6,58,5842,0.36821999338384603,12.122028529834266,155.4065838233444,0.36821999338384603,100
6,59,5941,0.36821999338384603,10.980408499059822,72.24099848719904,0.36821999338384603,100
6,60,6040,0.36821999338384603,14.30114153713405,96.31347151590037,0.36821999338384603,100
6,61,6139,0.36821999338384603,11.91046856677534,64.1930734862791,0.36821999338384603,100
6,62,6238,0.36821999338384603,12.13385996375689,155.96858622508765,0.36821999338384603,100
6,63,6337,0.36821999338384603,9.354548074244013,75.67993488406647,0.36821999338384603,100
6,64,6436,0.36821999338384603,11.211288706076154,72.49761594441414,0.36821999338384603,100
6,65,6535,0.36821999338384603,13.116432591943601,96.71786171329785,0.36821999338384603,100
6,66,6634,0.36821999338384603,14.42919151351452,118.03771392073415,0.36821999338384603,100
6,67,6733,0.36821999338384603,11.389064819795864,77.63035017686272,0.36821999338384603,100
6,68,6832,0.36821999338384603,12.388833397271615,101.46586925189344,0.36821999338384603,100
6,69,6931,0.36821999338384603,12.091744633196894,79.97361912556346,0.36821999338384603,100
6,70,7030,0.36821999338384603,12.760445351807434,86.48443382835971,0.36821999338384603,100
6,71,7129,0.36821999338384603,8.776864181575391,75.57446187653505,0.36821999338384603,100
6,72,7228,0.36821999338384603,12.48778637620614,109.95388982869524,0.36821999338384603,100
6,73,7327,0.36821999338384603,9.952763706932059,68.68040981481475,0.36821999338384603,100
6,74,7426,0.36821999338384603,7.970482550813065,50.20468353240459,0.36821999338384603,100
6,75,7525,0.36821999338384603,12.943693582489093,105.02579484833531,0.36821999338384603,100
6,76,7624,0.36821999338384603,9.114313058950158,94.0064326189791,0.36821999338384603,100
6,77,7723,0.36821999338384603,10.001442732681795,100.5853757391433,0.36821999338384603,100
6,78,7822,0.36821999338384603,9.81106426546971,115.81782591193002,0.36821999338384603,100
6,79,7921,0.36821999338384603,10.344550146124497,96.8607750748811,0.36821999338384603,100
6,80,8020,0.31748437305050914,10.513326324837662,63.57130420010179,0.31748437305050914,100
6,81,8119,0.31748437305050914,10.583481830186509,79.71464082465256,0.31748437305050914,100
6,82,8218,0.31748437305050914,13.295891934301512,121.77653922260059,0.31748437305050914,100
6,83,8317,0.31748437305050914,10.6384501365203,88.636853366391,0.31748437305050914,100
6,84,8416,0.31748437305050914,12.916518126080355,83.05417288878473,0.31748437305050914,100
6,85,8515,0.31748437305050914,10.897079834815923,56.09316882270527,0.31748437305050914,100
6,86,8614,0.31748437305050914,11.525972587191836,53.11676129736133,0.31748437305050914,100
6,87,8713,0.31748437305050914,10.414295343638749,107.36052830348714,0.31748437305050914,100
6,88,8812,0.31748437305050914,9.842862211926075,85.29258532771698,0.31748437305050914,100
6,89,8911,0.31748437305050914,12.557531113082456,128.54186610139828,0.31748437305050914,100
6,90,9010,0.31748437305050914,11.033613425871065,81.7104295281069,0.31748437305050914,100
6,91,9109,0.31748437305050914,9.634180452573624,69.82137623931035,0.31748437305050914,100
6,92,9208,0.31748437305050914,12.809378788945438,137.2110717678684,0.31748437305050914,100
6,93,9307,0.31748437305050914,10.501510422021049,83.3497293177431,0.31748437305050914,100
6,94,9406,0.31748437305050914,10.41480940965783,45.272551770629434,0.31748437305050914,100
6,95,9505,0.31748437305050914,11.972437068209038,67.51307469570109,0.31748437305050914,100
6,96,9604,0.31748437305050914,8.888912881402327,75.03804255848041,0.31748437305050914,100
6,97,9703,0.31748437305050914,11.611296193805163,72.70488883391164,0.31748437305050914,100
6,98,9802,0.31748437305050914,12.691081720035186,83.46264853417433,0.31748437305050914,100
6,99,9901,0.31748437305050914,14.087821627700658,117.63761381131117,0.31748437305050914,100
6,100,10000,0.31748437305050914,9.632073176477485,72.91424493450354,0.31748437305050914,100
6,101,10099,0.31748437305050914,12.273532156438995,125.2887983580179,0.31748437305050914,100
6,102,10198,0.31748437305050914,12.580078511396211,140.9946591453127,0.31748437305050914,100
6,103,10297,0.31748437305050914,10.546030948275627,72.60404258922713,0.31748437305050914,100
6,104,10396,0.31748437305050914,9.460192622147698,50.04316526581771,0.31748437305050914,100
6,105,10495,0.31748437305050914,12.565778137853084,92.48010382716465,0.31748437305050914,100
6,106,10594,0.31748437305050914,10.27129908239727,63.503575602239636,0.31748437305050914,100
6,107,10693,0.31748437305050914,14.014412472756026,101.33723604609425,0.31748437305050914,100
6,108,10792,0.31748437305050914,10.246038480145575,64.01354448361958,0.31748437305050914,100
6,109,10891,0.31748437305050914,10.386539904625874,99.06668958742392,0.31748437305050914,100
6,110,10990,0.31748437305050914,13.433733549326627,63.07859761525522,0.31748437305050914,100
6,111,11089,0.31748437305050914,8.676109232102396,118.57639927268465,0.31748437305050914,100
6,112,11188,0.31748437305050914,13.076456722740547,64.56855967508814,0.31748437305050914,100
6,113,11287,0.31748437305050914,13.697670341901162,89.84401603620516,0.31748437305050914,100
6,114,11386,0.31748437305050914,13.165002660358601,117.95368686390077,0.31748437305050914,100
6,115,11485,0.31748437305050914,12.044743340462277,82.41361523687482,0.31748437305050914,100
6,116,11584,0.31748437305050914,11.27639383014241,67.03631749294533,0.31748437305050914,100
6,117,11683,0.31748437305050914,12.498751554257838,124.18564224082341,0.31748437305050914,100
6,118,11782,0.31748437305050914,12.207563136198036,76.69826233788643,0.31748437305050914,100
6,119,11881,0.31748437305050914,9.16494427326845,92.42935916868242,0.31748437305050914,100
6,120,11980,0.31748437305050914,12.326951130009412,111.91491613329157,0.31748437305050914,100
6,121,12079,0.31748437305050914,11.309986367531039,85.53342049669482,0.31748437305050914,100
6,122,12178,0.31748437305050914,12.272940707726862,139.5947752282515,0.31748437305050914,100
6,123,12277,0.31748437305050914,9.719510741301683,130.3489494684529,0.31748437305050914,100
6,124,12376,0.31748437305050914,8.594582301108174,54.051942453380896,0.31748437305050914,100
6,125,12475,0.31748437305050914,9.510432685903025,79.15243964058664,0.31748437305050914,100
6,126,12574,0.31748437305050914,10.954717713100711,75.35886994751104,0.31748437305050914,100
6,127,12673,0.31748437305050914,10.451272014011384,95.98260650486715,0.31748437305050914,100
6,128,12772,0.31748437305050914,12.074409194605924,81.04484581122966,0.31748437305050914,100
6,129,12871,0.31748437305050914,8.842580871640617,58.83764678578257,0.31748437305050914,100
6,130,12970,0.31748437305050914,10.8163644199895,77.5637294186969,0.31748437305050914,100
6,131,13069,0.31748437305050914,12.633275275618091,92.59006859891872,0.31748437305050914,100
6,132,13168,0.31748437305050914,7.719202023222624,49.46371766024342,0.31748437305050914,100
6,133,13267,0.31748437305050914,9.504025303941917,146.41151496796786,0.31748437305050914,100
6,134,13366,0.31748437305050914,10.89880391894895,91.11160324547392,0.31748437305050914,100
6,135,13465,0.31748437305050914,12.628439399153448,104.24757221380506,0.31748437305050914,100
6,136,13564,0.31748437305050914,10.27464626172501,101.14693840398779,0.31748437305050914,100
6,137,13663,0.31748437305050914,14.106247444269231,95.29029325835779,0.31748437305050914,100
6,138,13762,0.31748437305050914,10.709281267475076,66.60239884018098,0.31748437305050914,100
6,139,13861,0.31748437305050914,11.172870301384023,72.86969178460444,0.31748437305050914,100
6,140,13960,0.31748437305050914,10.92699397186892,87.14026487598674,0.31748437305050914,100
6,141,14059,0.31748437305050914,11.102214382349539,98.03992336867087,0.31748437305050914,100
6,142,14158,0.31748437305050914,13.063958877127643,92.6068016774226,0.31748437305050914,100
6,143,14257,0.31748437305050914,12.342369463337356,102.6447382038782,0.31748437305050914,100
6,144,14356,0.31748437305050914,9.854750875231172,96.15697049867315,0.31748437305050914,100
6,145,14455,0.31748437305050914,12.310267300345394,96.87042298327478,0.31748437305050914,100
6,146,14554,0.31748437305050914,12.03091244791289,110.4198327506695,0.31748437305050914,100
6,147,14653,0.31748437305050914,13.539424541712215,79.0891239251336,0.31748437305050914,100
6,148,14752,0.31748437305050914,12.430400402642409,125.1844964433602,0.31748437305050914,100
6,149,14851,0.31748437305050914,9.7606205913863,67.85145542912937,0.31748437305050914,100
6,150,14950,0.31748437305050914,11.84110415875557,93.53728680181995,0.31748437305050914,100
6,151,15049,0.31748437305050914,15.030158908748334,108.22049312104858,0.31748437305050914,100
6,152,15148,0.31748437305050914,12.205008888451932,145.47126995161608,0.31748437305050914,100
6,153,15247,0.31748437305050914,12.974544252321223,88.68244637400157,0.31748437305050914,100
6,154,15346,0.31748437305050914,11.599720638279218,77.58616788333563,0.31748437305050914,100
6,155,15445,0.31748437305050914,10.303202938505622,95.29222613527755,0.31748437305050914,100
6,156,15544,0.31748437305050914,13.040904357197618,58.30984508194171,0.31748437305050914,100
6,157,15643,0.31748437305050914,11.02777501284978,146.7878029774014,0.31748437305050914,100
6,158,15742,0.31748437305050914,10.108849878333437,76.25014918223188,0.31748437305050914,100
6,159,15841,0.31748437305050914,10.116547253868708,61.66488503011263,0.31748437305050914,100
6,160,15940,0.31748437305050914,15.554887590883732,82.19000156846595,0.31748437305050914,100
6,161,16039,0.31748437305050914,7.980300923164091,77.41938774234033,0.31748437305050914,100
6,162,16138,0.31748437305050914,10.607534827250147,75.66740751860718,0.31748437305050914,100
6,163,16237,0.31748437305050914,12.344449236870203,83.6230400854052,0.31748437305050914,100
6,164,16336,0.31748437305050914,10.950153793051769,65.54819942299183,0.31748437305050914,100
6,165,16435,0.31748437305050914,12.3263709901797,137.01463885278804,0.31748437305050914,100
6,166,16534,0.31748437305050914,9.913447121433371,60.3796409564395,0.31748437305050914,100
6,167,16633,0.31748437305050914,9.955345706611299,85.99207184440345,0.31748437305050914,100
6,168,16732,0.31748437305050914,11.872046617509424,91.27152792085792,0.31748437305050914,100
6,169,16831,0.31748437305050914,11.743893845170955,89.04969134768096,0.31748437305050914,100
6,170,16930,0.31748437305050914,10.74840854282392,90.14442456770826,0.31748437305050914,100
6,171,17029,0.31748437305050914,12.28925444108975,100.73213194336917,0.31748437305050914,100
6,172,17128,0.31748437305050914,14.650738777441534,120.85246375759618,0.31748437305050914,100
6,173,17227,0.31748437305050914,11.52586640009263,97.08286842444238,0.31748437305050914,100
6,174,17326,0.31748437305050914,10.646485222350732,79.24322266762151,0.31748437305050914,100
6,175,17425,0.31748437305050914,11.630223691346236,91.92274584974925,0.31748437305050914,100
6,176,17524,0.31748437305050914,8.777554023127784,75.77968074772078,0.31748437305050914,100
6,177,17623,0.31748437305050914,13.458629871696376,99.21207541296062,0.31748437305050914,100
6,178,17722,0.31748437305050914,12.182190543010869,85.14326239524219,0.31748437305050914,100
6,179,17821,0.31748437305050914,12.604513238349636,101.46480958867785,0.31748437305050914,100
6,180,17920,0.31748437305050914,9.948798757597405,94.19062279857842,0.31748437305050914,100
6,181,18019,0.31748437305050914,10.92526266123799,104.64038284287787,0.31748437305050914,100
6,182,18118,0.31748437305050914,9.43383767784996,85.46848304243368,0.31748437305050914,100
6,183,18217,0.31748437305050914,11.168386201317226,86.39742686116941,0.31748437305050914,100
6,184,18316,0.31748437305050914,11.741378727704616,97.39769982199981,0.31748437305050914,100
6,185,18415,0.31748437305050914,10.414035847193587,73.33286487423912,0.31748437305050914,100
6,186,18514,0.31748437305050914,12.913263467857462,99.26616914920443,0.31748437305050914,100
6,187,18613,0.31748437305050914,13.11140890246154,127.22727277815733,0.31748437305050914,100
6,188,18712,0.31748437305050914,14.673853515686096,115.58092540912772,0.31748437305050914,100
6,189,18811,0.31748437305050914,12.458367639037817,68.51257191256643,0.31748437305050914,100
6,190,18910,0.31748437305050914,9.953067390737624,108.82574173670605,0.31748437305050914,100
6,191,19009,0.31748437305050914,8.39659978743006,57.91978406256519,0.31748437305050914,100
6,192,19108,0.31748437305050914,9.799562156368088,52.80055894420618,0.31748437305050914,100
6,193,19207,0.31748437305050914,9.975354875797525,107.48374930496233,0.31748437305050914,100
6,194,19306,0.31748437305050914,12.60734763965046,67.64683246240355,0.31748437305050914,100
6,195,19405,0.31748437305050914,12.450045821893752,116.70402595856896,0.31748437305050914,100
6,196,19504,0.31748437305050914,10.741194133631366,68.31404978422859,0.31748437305050914,100
6,197,19603,0.31748437305050914,14.193262518088844,75.88595233253373,0.31748437305050914,100
6,198,19702,0.31748437305050914,9.66562954467818,67.51409339026567,0.31748437305050914,100
6,199,19801,0.31748437305050914,12.76192834218554,112.64375683050667,0.31748437305050914,100
6,200,19900,0.31748437305050914,11.29280201538498,72.68645386005572,0.31748437305050914,100
6,201,19999,0.31748437305050914,13.270446753765896,134.72974868756026,0.31748437305050914,100
6,202,20098,0.31748437305050914,12.56792816903422,83.97880243283527,0.31748437305050914,100
6,203,20197,0.31748437305050914,9.328625707917052,56.140920744716304,0.31748437305050914,100
6,204,20296,0.31748437305050914,13.675946700059564,104.37609222282576,0.31748437305050914,100
6,205,20395,0.31748437305050914,10.775289183008402,91.21356652436738,0.31748437305050914,100
6,206,20494,0.31748437305050914,8.577241549053745,72.69897850076241,0.31748437305050914,100
6,207,20593,0.31748437305050914,9.716923684919161,122.86298368716947,0.31748437305050914,100
6,208,20692,0.31748437305050914,8.806322425682337,100.22433661491124,0.31748437305050914,100
6,209,20791,0.31748437305050914,11.205643335822257,64.19560477576209,0.31748437305050914,100
6,210,20890,0.31748437305050914,10.405216740015208,105.62174447954702,0.31748437305050914,100
6,211,20989,0.31748437305050914,10.865566191716931,62.93640024294295,0.31748437305050914,100
6,212,21088,0.31748437305050914,10.589338098873121,85.33854162452991,0.31748437305050914,100
6,213,21187,0.31748437305050914,9.904336896177798,64.74265264066506,0.31748437305050914,100
6,214,21286,0.31748437305050914,11.455126587207548,145.24419472936336,0.31748437305050914,100
6,215,21385,0.31748437305050914,9.634750815431135,105.88257781717105,0.31748437305050914,100
6,216,21484,0.31748437305050914,10.551468676468847,97.38236277881518,0.31748437305050914,100
6,217,21583,0.31748437305050914,12.246028892180243,102.23716884347729,0.31748437305050914,100
6,218,21682,0.31748437305050914,8.019663387955537,60.25167057594726,0.31748437305050914,100
6,219,21781,0.31748437305050914,11.20426327911397,108.82704092499687,0.31748437305050914,100
6,220,21880,0.31748437305050914,7.76962273043927,52.55641797540383,0.31748437305050914,100
6,221,21979,0.31748437305050914,9.0872556688291,60.83502652641715,0.31748437305050914,100
6,222,22078,0.31748437305050914,11.727967750988135,90.46179801878382,0.31748437305050914,100
6,223,22177,0.31748437305050914,11.853785482017008,87.4169471907009,0.31748437305050914,100
6,224,22276,0.31748437305050914,10.879527848834034,88.86278278431794,0.31748437305050914,100
6,225,22375,0.31748437305050914,7.396393415858354,40.97089526287985,0.31748437305050914,100
6,226,22474,0.31748437305050914,11.204415500802641,76.85200118577437,0.31748437305050914,100
6,227,22573,0.31748437305050914,9.07616711804838,80.73058363617898,0.31748437305050914,100
6,228,22672,0.31748437305050914,10.18360491014035,85.39170808024484,0.31748437305050914,100
6,229,22771,0.31748437305050914,10.947902073105974,91.13666618937269,0.31748437305050914,100
6,230,22870,0.31748437305050914,13.502233179602147,117.1534319171802,0.31748437305050914,100
6,231,22969,0.31748437305050914,13.560414037785042,121.34478456952702,0.31748437305050914,100
6,232,23068,0.31748437305050914,8.82990620206007,82.09705589255174,0.31748437305050914,100
6,233,23167,0.31748437305050914,11.661539905462723,79.43711998513386,0.31748437305050914,100
6,234,23266,0.31748437305050914,10.906292913082941,94.037909687338,0.31748437305050914,100
6,235,23365,0.31748437305050914,7.079314347271233,71.70196677618011,0.31748437305050914,100
6,236,23464,0.31748437305050914,10.895281215111641,75.42254012155523,0.31748437305050914,100
6,237,23563,0.31748437305050914,11.473758119931201,79.31962608437198,0.31748437305050914,100
6,238,23662,0.31748437305050914,11.000058424206905,119.8814936082615,0.31748437305050914,100
6,239,23761,0.31748437305050914,8.169906074824157,71.06403661468961,0.31748437305050914,100
6,240,23860,0.31748437305050914,13.928892941675212,130.44823122222397,0.31748437305050914,100
6,241,23959,0.31748437305050914,10.768062897102057,71.34128336813865,0.31748437305050914,100
6,242,24058,0.31748437305050914,8.085545471693107,51.03547883225891,0.31748437305050914,100
6,243,24157,0.31748437305050914,10.279954024515037,98.32446475092863,0.31748437305050914,100
6,244,24256,0.31748437305050914,9.622973572980925,57.42066426488178,0.31748437305050914,100
6,245,24355,0.31748437305050914,12.427865324879837,88.00354196282242,0.31748437305050914,100
6,246,24454,0.31748437305050914,10.898621829354042,92.8847189060699,0.31748437305050914,100
6,247,24553,0.31748437305050914,7.908546521119982,47.08922461894481,0.31748437305050914,100
6,248,24652,0.31748437305050914,9.0040501569161,63.58136711431976,0.31748437305050914,100
6,249,24751,0.31748437305050914,11.278117118408568,72.8240942629929,0.31748437305050914,100
6,250,24850,0.31748437305050914,11.255463168594993,70.73199945763609,0.31748437305050914,100
6,251,24949,0.31748437305050914,12.752413441804695,83.9358749714278,0.31748437305050914,100
6,252,25048,0.31748437305050914,11.643529143388212,112.36484769935045,0.31748437305050914,100
6,253,25147,0.31748437305050914,13.192469967851741,108.85826120282631,0.31748437305050914,100
6,254,25246,0.31748437305050914,10.311289451025857,81.49412647534538,0.31748437305050914,100
6,255,25345,0.31748437305050914,9.216459197021221,53.459784969113606,0.31748437305050914,100
6,256,25444,0.31748437305050914,11.940827289942298,66.41556245238985,0.31748437305050914,100
6,257,25543,0.31748437305050914,10.684100545319495,79.09053193096896,0.31748437305050914,100
6,258,25642,0.31748437305050914,11.174414926447945,67.3129433517313,0.31748437305050914,100
6,259,25741,0.31748437305050914,11.223621680776464,83.42182653481527,0.31748437305050914,100
6,260,25840,0.31748437305050914,14.304721599328785,116.15646197430586,0.31748437305050914,100
6,261,25939,0.31748437305050914,12.094664562503446,117.62310980499858,0.31748437305050914,100
6,262,26038,0.31748437305050914,9.176097490467228,81.08947510300928,0.31748437305050914,100
6,263,26137,0.31748437305050914,12.86870306774509,187.66868769283008,0.31748437305050914,100
6,264,26236,0.31748437305050914,12.088512760942326,113.32615394455195,0.31748437305050914,100
6,265,26335,0.31748437305050914,11.235588894482134,62.259827748122035,0.31748437305050914,100
6,266,26434,0.31748437305050914,11.406126977681627,82.6622994719515,0.31748437305050914,100
6,267,26533,0.31748437305050914,11.406049437107951,81.47889653072272,0.31748437305050914,100
6,268,26632,0.31748437305050914,11.995116079022717,100.7366954257776,0.31748437305050914,100
6,269,26731,0.31748437305050914,12.411954164519743,92.2944011330538,0.31748437305050914,100
6,270,26830,0.31748437305050914,15.400817074089138,166.31435454457272,0.31748437305050914,100
6,271,26929,0.31748437305050914,13.774010445505912,161.13399754065267,0.31748437305050914,100
6,272,27028,0.31748437305050914,11.05318825332372,140.56993527288003,0.31748437305050914,100
6,273,27127,0.31748437305050914,8.535821501551588,63.914934021196025,0.31748437305050914,100
6,274,27226,0.31748437305050914,12.765923083047875,112.62591803824887,0.31748437305050914,100
6,275,27325,0.31748437305050914,11.950899705089657,71.93954123859612,0.31748437305050914,100
6,276,27424,0.31748437305050914,9.189992013203053,53.74004271056849,0.31748437305050914,100
6,277,27523,0.31748437305050914,12.81461504470196,79.73674360406375,0.31748437305050914,100
6,278,27622,0.31748437305050914,13.805808847329104,73.21327398587329,0.31748437305050914,100
6,279,27721,0.31748437305050914,11.640210395056648,57.53208257225639,0.31748437305050914,100
6,280,27820,0.31748437305050914,11.917676279377767,100.15712992670171,0.31748437305050914,100
6,281,27919,0.31748437305050914,8.039543735745207,94.57076427897358,0.31748437305050914,100
6,282,28018,0.31748437305050914,8.480164391420978,77.3536092615078,0.31748437305050914,100
6,283,28117,0.31748437305050914,8.263129193674725,68.02146572029322,0.31748437305050914,100
6,284,28216,0.31748437305050914,12.203756995186035,87.18534261558824,0.31748437305050914,100
6,285,28315,0.31748437305050914,11.20205896303675,51.54447770221302,0.31748437305050914,100
6,286,28414,0.31748437305050914,12.621542093635846,99.32986909854218,0.31748437305050914,100
6,287,28513,0.31748437305050914,11.893055212505228,84.44480239890862,0.31748437305050914,100
6,288,28612,0.31748437305050914,10.339609026008118,74.31042185725482,0.31748437305050914,100
6,289,28711,0.31748437305050914,12.525186701665532,107.16271299282525,0.31748437305050914,100
6,290,28810,0.31748437305050914,10.497279812610307,131.53112402375828,0.31748437305050914,100
6,291,28909,0.31748437305050914,9.431470400848697,103.7713979095126,0.31748437305050914,100
6,292,29008,0.31748437305050914,9.050773418827797,94.81291192092989,0.31748437305050914,100
6,293,29107,0.31748437305050914,9.13888044224414,71.5235271587763,0.31748437305050914,100
6,294,29206,0.31748437305050914,8.749521363245337,49.76549375951934,0.31748437305050914,100
6,295,29305,0.31748437305050914,11.835304585674328,84.5583058876681,0.31748437305050914,100
6,296,29404,0.31748437305050914,10.806286138283465,104.27513813364362,0.31748437305050914,100
6,297,29503,0.31748437305050914,9.956629307024922,91.51569911219838,0.31748437305050914,100
6,298,29602,0.31748437305050914,9.51300160575855,67.69200338848154,0.31748437305050914,100
6,299,29701,0.31748437305050914,8.663155895092055,96.49547588877003,0.31748437305050914,100
6,300,29800,0.31748437305050914,10.826310890781768,94.91804090587844,0.31748437305050914,100
6,301,29899,0.31748437305050914,11.046433286006534,75.92005861724972,0.31748437305050914,100
6,302,29998,0.31748437305050914,13.169158273307378,103.30991039218998,0.31748437305050914,100
6,303,30097,0.31748437305050914,14.493202250643854,95.84510327282797,0.31748437305050914,100
6,304,30196,0.31748437305050914,13.051930469484253,95.15236681395444,0.31748437305050914,100
6,305,30295,0.31748437305050914,11.607518175182594,79.18923932700491,0.31748437305050914,100
6,306,30394,0.31748437305050914,12.657277237108273,97.23194211042656,0.31748437305050914,100
6,307,30493,0.31748437305050914,11.414564199952542,105.54580376577961,0.31748437305050914,100
6,308,30592,0.31748437305050914,10.658614756628504,144.27074672765372,0.31748437305050914,100
6,309,30691,0.31748437305050914,10.433141882912675,60.339989997363496,0.31748437305050914,100
6,310,30790,0.31748437305050914,12.21532510767107,58.83517031119471,0.31748437305050914,100
6,311,30889,0.31748437305050914,11.774520840966515,89.21743995876281,0.31748437305050914,100
6,312,30988,0.31748437305050914,10.736787640067634,144.62251026251562,0.31748437305050914,100
6,313,31087,0.3084848963235143,11.060150081388892,82.50085729805933,0.3084848963235143,100
6,314,31186,0.3084848963235143,13.145284261226754,81.17080954168017,0.3084848963235143,100
6,315,31285,0.3084848963235143,12.149788506330806,81.3702167220902,0.3084848963235143,100
6,316,31384,0.3084848963235143,13.550525616817666,115.20290102239102,0.3084848963235143,100
6,317,31483,0.3084848963235143,12.20914169558091,77.09974751253382,0.3084848963235143,100
6,318,31582,0.3084848963235143,10.450457868309455,107.84769882200523,0.3084848963235143,100
6,319,31681,0.3084848963235143,10.585910820253275,89.85315130039739,0.3084848963235143,100
6,320,31780,0.3084848963235143,11.021396999524097,87.73394574078334,0.3084848963235143,100
6,321,31879,0.3084848963235143,9.45575704982843,92.55163461837186,0.3084848963235143,100
6,322,31978,0.3084848963235143,12.536000653315496,92.02727937584022,0.3084848963235143,100
6,323,32077,0.3084848963235143,9.759994949205032,74.78597845901072,0.3084848963235143,100
6,324,32176,0.3084848963235143,10.224561874062152,82.03798457025154,0.3084848963235143,100
6,325,32275,0.3084848963235143,11.349660773700258,74.95452660179856,0.3084848963235143,100
6,326,32374,0.3084848963235143,12.15744867549002,94.38258017969628,0.3084848963235143,100
6,327,32473,0.3084848963235143,9.592591114473818,130.17020941916053,0.3084848963235143,100
6,328,32572,0.3084848963235143,10.864110822133519,92.1549690322054,0.3084848963235143,100
6,329,32671,0.3084848963235143,13.093365032505108,127.67484686997868,0.3084848963235143,100
6,330,32770,0.3084848963235143,9.872063744684523,81.84646493490025,0.3084848963235143,100
6,331,32869,0.3084848963235143,7.307006006406956,52.57658509453452,0.3084848963235143,100
6,332,32968,0.3084848963235143,10.169756129604332,105.32000796733892,0.3084848963235143,100
6,333,33067,0.3084848963235143,11.204272025813063,98.34077360769832,0.3084848963235143,100
6,334,33166,0.3084848963235143,9.538761555493952,64.79697064335554,0.3084848963235143,100
6,335,33265,0.3084848963235143,11.750737024863007,69.27229350392085,0.3084848963235143,100
6,336,33364,0.3084848963235143,11.486391073930065,78.79520054413565,0.3084848963235143,100
6,337,33463,0.3084848963235143,12.087208413039646,107.81484959008777,0.3084848963235143,100
6,338,33562,0.3084848963235143,13.360586272737073,117.43023951495235,0.3084848963235143,100
6,339,33661,0.3084848963235143,11.889689897290928,89.08334449945457,0.3084848963235143,100
6,340,33760,0.3084848963235143,11.818852687498998,62.51946578985251,0.3084848963235143,100
6,341,33859,0.3084848963235143,13.902073587188232,88.7946912225297,0.3084848963235143,100
6,342,33958,0.3084848963235143,9.6539730428324,55.07657823726492,0.3084848963235143,100
6,343,34057,0.3084848963235143,11.023106253880412,70.22346092427202,0.3084848963235143,100
6,344,34156,0.3084848963235143,9.795380218458313,67.20606774946553,0.3084848963235143,100
6,345,34255,0.3084848963235143,12.280325304974085,76.6449094999788,0.3084848963235143,100
6,346,34354,0.3084848963235143,11.138283310911742,72.90750324259332,0.3084848963235143,100
6,347,34453,0.3084848963235143,12.560089389765334,80.97162784720257,0.3084848963235143,100
6,348,34552,0.3084848963235143,12.71222694711387,66.67419262168322,0.3084848963235143,100
6,349,34651,0.3084848963235143,12.950735203065236,121.67253580335071,0.3084848963235143,100
6,350,34750,0.3084848963235143,13.095295730278993,72.78456981498121,0.3084848963235143,100
6,351,34849,0.3084848963235143,13.779223776711621,90.95337737139414,0.3084848963235143,100
6,352,34948,0.3084848963235143,12.710828690784908,83.18210347426648,0.3084848963235143,100
6,353,35047,0.3084848963235143,10.162067596515548,65.38574992946009,0.3084848963235143,100
6,354,35146,0.3084848963235143,12.055611468351541,66.161018993631,0.3084848963235143,100
6,355,35245,0.3084848963235143,13.666591665043141,63.911291145441744,0.3084848963235143,100
6,356,35344,0.3084848963235143,11.313471994171609,87.18709371994771,0.3084848963235143,100
6,357,35443,0.3084848963235143,9.613948559798917,61.814670614009735,0.3084848963235143,100
6,358,35542,0.3084848963235143,7.9266571742105,55.17609803125851,0.3084848963235143,100
6,359,35641,0.3084848963235143,9.907604223325908,58.975543916470876,0.3084848963235143,100
6,360,35740,0.3084848963235143,9.026595284969618,57.877619760585716,0.3084848963235143,100
6,361,35839,0.3084848963235143,14.68954165456283,148.32527375192663,0.3084848963235143,100
6,362,35938,0.3084848963235143,10.361804841852443,78.63023447572839,0.3084848963235143,100
6,363,36037,0.3084848963235143,9.955363862050795,149.52531278719295,0.3084848963235143,100
6,364,36136,0.3084848963235143,12.536402461616264,90.42266694448728,0.3084848963235143,100
6,365,36235,0.3084848963235143,11.206920741738394,94.93896753225054,0.3084848963235143,100
6,366,36334,0.3084848963235143,9.48651621006847,51.515624055575245,0.3084848963235143,100
6,367,36433,0.3084848963235143,11.630726097971229,95.07177388210273,0.3084848963235143,100
6,368,36532,0.3084848963235143,10.86415398182624,60.61648705502088,0.3084848963235143,100
6,369,36631,0.3084848963235143,9.514254827945972,61.35575829793765,0.3084848963235143,100
6,370,36730,0.3084848963235143,11.680401476845242,77.9207006041558,0.3084848963235143,100
6,371,36829,0.3084848963235143,11.845031889095043,116.68448574307557,0.3084848963235143,100
6,372,36928,0.3084848963235143,8.629217241401966,64.18488759054758,0.3084848963235143,100
6,373,37027,0.3084848963235143,8.21149467421028,51.42497385582859,0.3084848963235143,100
6,374,37126,0.3084848963235143,12.267006219503905,65.32378263812929,0.3084848963235143,100
6,375,37225,0.3084848963235143,10.760810720995003,68.19409798141159,0.3084848963235143,100
6,376,37324,0.3084848963235143,10.963870281657632,90.20919758039653,0.3084848963235143,100
6,377,37423,0.3084848963235143,8.127193784587607,94.32016601703639,0.3084848963235143,100
6,378,37522,0.3084848963235143,9.493825548681876,74.37155116577435,0.3084848963235143,100
6,379,37621,0.3084848963235143,9.188385246480678,84.11724734553371,0.3084848963235143,100
6,380,37720,0.3084848963235143,13.99883675347383,104.51282717790919,0.3084848963235143,100
6,381,37819,0.3084848963235143,9.823677823877546,75.45607725417676,0.3084848963235143,100
6,382,37918,0.3084848963235143,9.277426889780678,71.12802455874443,0.3084848963235143,100
6,383,38017,0.3084848963235143,12.066811292348353,77.4416943478704,0.3084848963235143,100
6,384,38116,0.3084848963235143,12.20369491755044,60.796783032440125,0.3084848963235143,100
6,385,38215,0.3084848963235143,13.367240752198208,84.65388341261801,0.3084848963235143,100
6,386,38314,0.3084848963235143,12.336371079653752,78.91675704274627,0.3084848963235143,100
6,387,38413,0.3084848963235143,10.540900854392728,127.21197537795781,0.3084848963235143,100
6,388,38512,0.3084848963235143,11.105905823471623,116.37207072103598,0.3084848963235143,100
6,389,38611,0.3084848963235143,15.055341081686297,221.38920884497276,0.3084848963235143,100
6,390,38710,0.3084848963235143,11.915701786232692,112.02256122995018,0.3084848963235143,100
6,391,38809,0.3084848963235143,10.915070230986915,149.58057126741045,0.3084848963235143,100
6,392,38908,0.3084848963235143,11.096173008818306,77.62075778462034,0.3084848963235143,100
6,393,39007,0.3084848963235143,10.159020432252271,44.2670128675025,0.3084848963235143,100
6,394,39106,0.3084848963235143,9.276918681229791,92.71307091657914,0.3084848963235143,100
6,395,39205,0.3084848963235143,11.98928319408277,146.39359497283445,0.3084848963235143,100
6,396,39304,0.3084848963235143,10.122822406694125,52.119808733641136,0.3084848963235143,100
6,397,39403,0.3084848963235143,11.004766259622128,111.07150257859982,0.3084848963235143,100
6,398,39502,0.3084848963235143,10.9047093223255,97.92515152108848,0.3084848963235143,100
6,399,39601,0.3084848963235143,10.595367263012959,76.41206193298046,0.3084848963235143,100
6,400,39700,0.3084848963235143,12.08690873349774,62.66685608921758,0.3084848963235143,100
6,401,39799,0.3084848963235143,12.586550225987665,132.24272778783254,0.3084848963235143,100
6,402,39898,0.3084848963235143,14.122947944655184,109.29113271378759,0.3084848963235143,100
6,403,39997,0.3084848963235143,12.492127065304294,95.02314600091273,0.3084848963235143,100
6,404,40096,0.3084848963235143,8.917304166207858,46.711251687206605,0.3084848963235143,100
6,405,40195,0.3084848963235143,12.401127955939437,75.0042285340359,0.3084848963235143,100
6,406,40294,0.3084848963235143,12.844049519435476,89.66913374225743,0.3084848963235143,100
6,407,40393,0.3084848963235143,12.323814578742606,88.34739983361771,0.3084848963235143,100
6,408,40492,0.3084848963235143,13.801856519295873,126.88678023181106,0.3084848963235143,100
6,409,40591,0.3084848963235143,10.355715643419396,153.17665736926872,0.3084848963235143,100
6,410,40690,0.3084848963235143,7.674528731435735,59.56840693663845,0.3084848963235143,100
6,411,40789,0.3084848963235143,9.383838834942217,81.10655056547402,0.3084848963235143,100
6,412,40888,0.30848489632348675,10.274720483350897,66.57900956425775,0.30848489632348675,100
6,413,40987,0.30848489632348675,12.529198141722675,130.7295800544021,0.30848489632348675,100
6,414,41086,0.30848489632348675,10.118471155040627,49.59981045218132,0.30848489632348675,100
6,415,41185,0.30848489632348675,10.66133394385388,70.27033516770553,0.30848489632348675,100
6,416,41284,0.30848489632348675,11.553252990679487,98.04329662933873,0.30848489632348675,100
6,417,41383,0.30848489632348675,12.231097226314775,80.54579763249262,0.30848489632348675,100
6,418,41482,0.30848489632348675,10.940176951023206,192.46720364746338,0.30848489632348675,100
6,419,41581,0.30848489632348675,11.722159737675085,192.57307340212242,0.30848489632348675,100
6,420,41680,0.30848489632348675,10.070078377011432,116.24191284630578,0.30848489632348675,100
6,421,41779,0.30848489632348675,9.411034919811813,67.3048731169711,0.30848489632348675,100
6,422,41878,0.30848489632348675,10.453126120693453,70.01866993104302,0.30848489632348675,100
6,423,41977,0.30848489632348675,8.744742748693305,39.87015647681063,0.30848489632348675,100
6,424,42076,0.30848489632348675,12.120531228686037,93.165425230641,0.30848489632348675,100
6,425,42175,0.30848489632348675,9.323229253476324,61.43798277057705,0.30848489632348675,100
6,426,42274,0.30848489632348675,11.597556659654327,69.55468957523632,0.30848489632348675,100
6,427,42373,0.30848489632348675,8.450203605526461,88.45161082092672,0.30848489632348675,100
6,428,42472,0.30848489632348675,10.37156526240286,111.42984741754228,0.30848489632348675,100
6,429,42571,0.30848489632348675,9.52560320088607,99.25330356052801,0.30848489632348675,100
6,430,42670,0.30848489632348675,12.860856815029008,187.58352551188875,0.30848489632348675,100
6,431,42769,0.30848489632348675,11.431952641622528,77.360919658729,0.30848489632348675,100
6,432,42868,0.30848489632348675,11.006711917232039,90.62183087483973,0.30848489632348675,100
6,433,42967,0.30848489632348675,11.809762467067474,114.0584676350348,0.30848489632348675,100
6,434,43066,0.30848489632348675,10.763386097551383,106.68561625943704,0.30848489632348675,100
6,435,43165,0.30848489632348675,10.390407004401913,74.75881029492741,0.30848489632348675,100
6,436,43264,0.30848489632348675,12.491121951589564,167.83357318732064,0.30848489632348675,100
6,437,43363,0.30848489632348675,11.75359447565697,78.0962697004162,0.30848489632348675,100
6,438,43462,0.30848489632348675,11.120657136262121,110.46212068705097,0.30848489632348675,100
6,439,43561,0.30848489632348675,9.429853347247127,57.32891448743945,0.30848489632348675,100
6,440,43660,0.30848489632348675,11.80884142089532,74.96648951600552,0.30848489632348675,100
6,441,43759,0.30848489632348675,11.18251800411291,86.33488379938328,0.30848489632348675,100
6,442,43858,0.30848489632348675,12.632081552349938,142.80067045654206,0.30848489632348675,100
6,443,43957,0.30848489632348675,10.120257579900041,74.23026188666931,0.30848489632348675,100
6,444,44056,0.30848489632348675,10.928471336540913,80.2577238933401,0.30848489632348675,100
6,445,44155,0.30848489632348675,15.317476010340622,130.9778142428336,0.30848489632348675,100
6,446,44254,0.30848489632348675,9.953322458204996,105.09906920294222,0.30848489632348675,100
6,447,44353,0.30848489632348675,10.148539225053982,88.25713882136876,0.30848489632348675,100
6,448,44452,0.30848489632348675,10.946988944140882,92.35579043933764,0.30848489632348675,100
6,449,44551,0.30848489632348675,11.42492938893023,72.78117555528567,0.30848489632348675,100
6,450,44650,0.30848489632348675,12.865888991704466,88.02611482721574,0.30848489632348675,100
6,451,44749,0.30848489632348675,11.464041701949958,84.69568655745523,0.30848489632348675,100
6,452,44848,0.30848489632348675,9.690927103542016,64.98015629363455,0.30848489632348675,100
6,453,44947,0.30848489632348675,11.464304523664637,78.88965850943215,0.30848489632348675,100
6,454,45046,0.30848489632348675,9.601818339146867,66.28429633379633,0.30848489632348675,100
6,455,45145,0.30848489632348675,13.80842127126113,88.68003354694046,0.30848489632348675,100
6,456,45244,0.30848489632348675,11.053403062834589,77.29513809253189,0.30848489632348675,100
6,457,45343,0.30848489632348675,12.091414818040711,117.18126293461081,0.30848489632348675,100
6,458,45442,0.30848489632348675,10.998660384581845,73.87233850711186,0.30848489632348675,100
6,459,45541,0.30848489632348675,9.145092808433619,77.90082672949582,0.30848489632348675,100
6,460,45640,0.30848489632348675,10.337646526537096,89.80735677674268,0.30848489632348675,100
6,461,45739,0.30848489632348675,13.708504263194266,89.14823894434423,0.30848489632348675,100
6,462,45838,0.30848489632348675,14.194625369451071,93.53299599830763,0.30848489632348675,100
6,463,45937,0.30848489632348675,10.776673491073677,83.93005185952843,0.30848489632348675,100
6,464,46036,0.30848489632348675,10.570440384942383,89.22347025774455,0.30848489632348675,100
6,465,46135,0.30848489632348675,10.477209559803772,76.42384193629576,0.30848489632348675,100
6,466,46234,0.30848489632348675,8.191143701887121,80.39559395078449,0.30848489632348675,100
6,467,46333,0.30848489632348675,13.476923542203807,88.59992504977988,0.30848489632348675,100
6,468,46432,0.30848489632348675,11.521697141026422,79.71284479997236,0.30848489632348675,100
6,469,46531,0.30848489632348675,12.468836252249552,114.04260610166044,0.30848489632348675,100
6,470,46630,0.30848489632348675,11.209407247266226,62.88394556900241,0.30848489632348675,100
6,471,46729,0.30848489632348675,9.584162382354707,95.62589724472464,0.30848489632348675,100
6,472,46828,0.30848489632348675,10.289831374723644,72.98401001749062,0.30848489632348675,100
6,473,46927,0.30848489632348675,11.450321237671831,126.47919211516034,0.30848489632348675,100
6,474,47026,0.30848489632348675,9.079042230695157,57.880113426236655,0.30848489632348675,100
6,475,47125,0.30848489632348675,8.357056233708759,58.940096975640444,0.30848489632348675,100
6,476,47224,0.30848489632348675,11.644762413337187,75.10565794536303,0.30848489632348675,100
6,477,47323,0.30848489632348675,10.01690055125536,71.88987166111689,0.30848489632348675,100
6,478,47422,0.30848489632348675,14.39111958578037,120.23886984471793,0.30848489632348675,100
6,479,47521,0.30848489632348675,10.908242910884919,97.81057250463678,0.30848489632348675,100
6,480,47620,0.30848489632348675,9.660658156634682,78.7909397653591,0.30848489632348675,100
6,481,47719,0.30848489632348675,10.52508864307579,96.1850436387482,0.30848489632348675,100
6,482,47818,0.30848489632348675,11.537623158473247,116.84191478158016,0.30848489632348675,100
6,483,47917,0.30848489632348675,12.787917911139525,89.68763259061859,0.30848489632348675,100
6,484,48016,0.30848489632348675,9.676472264011897,94.74944470407421,0.30848489632348675,100
6,485,48115,0.30848489632348675,9.910796672824532,83.5284456043474,0.30848489632348675,100
6,486,48214,0.30848489632348675,11.193790394316693,83.55363959119816,0.30848489632348675,100
6,487,48313,0.30848489632348675,10.033190560111594,126.40113545958958,0.30848489632348675,100
6,488,48412,0.30848489632348675,12.412235763320218,88.70064568924697,0.30848489632348675,100
6,489,48511,0.30848489632348675,8.472806853557966,56.44223022908628,0.30848489632348675,100
6,490,48610,0.30848489632348675,8.309528965629122,105.69342694822384,0.30848489632348675,100
6,491,48709,0.30848489632348675,8.939803485691087,61.24140941836044,0.30848489632348675,100
6,492,48808,0.30848489632348675,8.57165640150215,57.53750207574819,0.30848489632348675,100
6,493,48907,0.30848489632348675,11.315136520938452,98.22342734024242,0.30848489632348675,100
6,494,49006,0.30848489632348675,11.948143258560133,97.59551175539558,0.30848489632348675,100
6,495,49105,0.30848489632348675,13.338350665525898,99.18494151307591,0.30848489632348675,100
6,496,49204,0.30848489632348675,7.405006015257308,99.25612423599198,0.30848489632348675,100
6,497,49303,0.30848489632348675,13.372914439836666,88.00411899748369,0.30848489632348675,100
6,498,49402,0.30848489632348675,10.923647094328068,105.57262317051716,0.30848489632348675,100
6,499,49501,0.30848489632348675,9.343391615101115,56.49304642413245,0.30848489632348675,100
6,500,49600,0.30848489632348675,11.500599311956968,82.02897249061951,0.30848489632348675,100
6,501,49699,0.30848489632348675,11.055437983839745,80.87767714172608,0.30848489632348675,100
6,502,49798,0.30848489632348675,12.636178837704408,82.39588676866418,0.30848489632348675,100
6,503,49897,0.30848489632348675,11.51530612356854,93.07735951827884,0.30848489632348675,100
6,504,49996,0.30848489632348675,13.979239295487432,83.25658080254779,0.30848489632348675,100
6,505,50000,0.30848489632348675,11.576850754750726,55.11057018336426,0.30848489632348675,100
7,0,100,158.7830290527155,546.5572413778452,1036.915331764559,158.7830290527155,100
7,1,199,57.08798497322346,265.89414949920575,610.8415139540264,57.08798497322346,100
7,2,298,18.62736953365477,142.56262606593384,318.54445395611356,18.62736953365477,100
7,3,397,5.515670482103289,81.92565842369129,243.1320860329227,5.515670482103289,100
7,4,496,3.306688368393689,48.66180657065277,143.17119668088787,3.306688368393689,100
7,5,595,2.8092436195225856,32.23945603585583,106.96016195893095,2.8092436195225856,100
7,6,694,2.8092436195225856,18.66948791788698,108.64596719686855,2.8092436195225856,100
7,7,793,2.362387549940072,15.116184672704714,80.30147386037638,2.362387549940072,100
7,8,892,0.8668784018692242,14.152394397977185,66.87110313583769,0.8668784018692242,100
7,9,991,0.8668784018692242,12.196028403430743,60.7107019954722,0.8668784018692242,100
7,10,1090,0.8571510574738135,8.572301959093654,62.33288903960718,0.8571510574738135,100
7,11,1189,0.6512541802463803,14.265794112243512,87.1297506698494,0.6512541802463803,100
7,12,1288,0.649577418853887,12.742353668202048,76.78060151035363,0.649577418853887,100
7,13,1387,0.4911487861184318,10.233054871017558,99.17633679885547,0.4911487861184318,100
7,14,1486,0.4911487861184318,9.079584532645692,56.87669588817943,0.4911487861184318,100
7,15,1585,0.4911487861184318,8.620701123938483,74.76899962738322,0.4911487861184318,100
7,16,1684,0.4911487861184318,12.196579350124443,88.07255738565628,0.4911487861184318,100
7,17,1783,0.32330334890533274,9.825271133026128,70.4350733380135,0.32330334890533274,100
7,18,1882,0.32330334890533274,11.206125449609976,104.79232279036455,0.32330334890533274,100
7,19,1981,0.32330334890533274,13.85016942470689,109.44075234234188,0.32330334890533274,100
7,20,2080,0.32330334890533274,13.222863841113735,132.34132747298594,0.32330334890533274,100
7,21,2179,0.32330334890533274,8.093389042407667,62.53628893547987,0.32330334890533274,100
7,22,2278,0.32330334890533274,10.62041574512994,93.76068699201758,0.32330334890533274,100
7,23,2377,0.32330334890533274,8.637470382149747,69.34572771963357,0.32330334890533274,100
7,24,2476,0.32330334890533274,12.160858441422725,91.97518587268536,0.32330334890533274,100
7,25,2575,0.32330334890533274,11.727816802810501,66.72433834798521,0.32330334890533274,100
7,26,2674,0.32330334890533274,10.105578621162818,84.75196685567363,0.32330334890533274,100
7,27,2773,0.32330334890533274,12.018135440702371,93.6719481607553,0.32330334890533274,100
7,28,2872,0.32330334890533274,12.942661497136477,97.8093869147688,0.32330334890533274,100
7,29,2971,0.32330334890533274,11.806433282005152,64.77128668479848,0.32330334890533274,100
7,30,3070,0.32330334890533274,8.92850551343589,73.42954513641561,0.32330334890533274,100
7,31,3169,0.32330334890533274,9.526287737550112,123.87398482772072,0.32330334890533274,100
7,32,3268,0.32330334890533274,11.474209528966105,75.4500707710632,0.32330334890533274,100
7,33,3367,0.32330334890533274,10.13410995052784,90.49177881221465,0.32330334890533274,100
7,34,3466,0.32330334890533274,11.424962100650733,86.22612560580569,0.32330334890533274,100
7,35,3565,0.32330334890533274,9.950114719114676,62.971390546607935,0.32330334890533274,100
7,36,3664,0.32330334890533274,8.545449079461145,90.08465325449497,0.32330334890533274,100
7,37,3763,0.32330334890533274,10.819577774695144,70.82855571080432,0.32330334890533274,100
7,38,3862,0.32330334890533274,13.712027173821873,89.87501940127022,0.32330334890533274,100
7,39,3961,0.32330334890533274,10.824321076454066,69.51394613134391,0.32330334890533274,100
7,40,4060,0.32330334890533274,8.80309486630651,48.667836222937694,0.32330334890533274,100
7,41,4159,0.32330334890533274,9.720077245554233,69.03246782104213,0.32330334890533274,100
7,42,4258,0.32330334890533274,8.268010529293647,83.08478732647023,0.32330334890533274,100
7,43,4357,0.32330334890533274,11.975920352253436,74.06045005684825,0.32330334890533274,100
7,44,4456,0.32330334890533274,14.151370663373298,100.8548483846256,0.32330334890533274,100
7,45,4555,0.32330334890533274,10.000814789698582,67.18004218031054,0.32330334890533274,100
7,46,4654,0.32330334890533274,9.825572515680731,76.78213006818689,0.32330334890533274,100
7,47,4753,0.32330334890533274,15.111566174381423,97.91696738844453,0.32330334890533274,100
7,48,4852,0.32330334890533274,11.103330791482708,119.32884680839683,0.32330334890533274,100
7,49,4951,0.32330334890533274,14.625702231989829,96.62039970024686,0.32330334890533274,100
7,50,5050,0.32330334890533274,9.187329826980278,81.1318820793468,0.32330334890533274,100
7,51,5149,0.32330334890533274,13.165015201105785,79.89498833746524,0.32330334890533274,100
7,52,5248,0.32330334890533274,10.104391126623312,74.06879075367422,0.32330334890533274,100
7,53,5347,0.32330334890533274,11.532800218466027,111.9794663783016,0.32330334890533274,100
7,54,5446,0.32330334890533274,12.743203941917995,85.74603159740067,0.32330334890533274,100
7,55,5545,0.32330334890533274,10.786447254633824,108.14403936611866,0.32330334890533274,100
7,56,5644,0.32330334890533274,10.297405445362154,71.37183153114088,0.32330334890533274,100
7,57,5743,0.32330334890533274,10.512239864355777,101.20505352260737,0.32330334890533274,100
7,58,5842,0.32330334890533274,11.095394790909388,103.75850978144949,0.32330334890533274,100
7,59,5941,0.32330334890533274,9.340820038614766,98.96963509709572,0.32330334890533274,100
7,60,6040,0.32330334890533274,11.615081749968256,91.2613995679518,0.32330334890533274,100
7,61,6139,0.32330334890533274,10.698578901562307,57.61186298321555,0.32330334890533274,100
7,62,6238,0.32330334890533274,10.22709908260514,129.19444795868677,0.32330334890533274,100
7,63,6337,0.32330334890533274,11.299621075125437,94.08294946301254,0.32330334890533274,100
7,64,6436,0.32330334890533274,9.84701968092577,80.32384434460909,0.32330334890533274,100
7,65,6535,0.32330334890533274,12.098341903416916,78.00359490110066,0.32330334890533274,100
7,66,6634,0.32330334890533274,12.824227613240199,87.81179221799546,0.32330334890533274,100
7,67,6733,0.32330334890533274,15.326575625064752,86.78670029629515,0.32330334890533274,100
7,68,6832,0.32330334890533274,12.307315087782474,61.82291853109639,0.32330334890533274,100
7,69,6931,0.32330334890533274,11.83923551081759,110.0691577843838,0.32330334890533274,100
7,70,7030,0.32330334890533274,13.49609172392215,143.69297349509867,0.32330334890533274,100
7,71,7129,0.32330334890533274,10.822693783100702,97.24083983763092,0.32330334890533274,100
7,72,7228,0.32330334890533274,11.387484227480488,75.82960125914295,0.32330334890533274,100
7,73,7327,0.32330334890533274,11.264429199074295,89.75182787460551,0.32330334890533274,100
7,74,7426,0.32330334890533274,10.159001231184003,78.1584177979278,0.32330334890533274,100
7,75,7525,0.32330334890533274,9.950587972852372,74.6835049636719,0.32330334890533274,100
7,76,7624,0.32330334890533274,12.244168918175228,76.21583351708986,0.32330334890533274,100
7,77,7723,0.32330334890533274,10.371368149240741,55.840766998154244,0.32330334890533274,100
7,78,7822,0.32330334890533274,8.50574929020895,54.15069994140384,0.32330334890533274,100
7,79,7921,0.32330334890533274,11.877130399748069,93.21655833251913,0.32330334890533274,100
7,80,8020,0.32330334890533274,10.346201576464582,63.42355000551742,0.32330334890533274,100
7,81,8119,0.32330334890533274,11.029301693835027,140.56173053761879,0.32330334890533274,100
7,82,8218,0.32330334890533274,11.056482383208724,79.24152431037508,0.32330334890533274,100
7,83,8317,0.32330334890533274,9.748794304651053,68.41773314380586,0.32330334890533274,100
7,84,8416,0.32330334890533274,8.587413031004179,64.947819607164,0.32330334890533274,100
7,85,8515,0.32330334890533274,10.144764056396072,59.48123855586588,0.32330334890533274,100
7,86,8614,0.32330334890533274,10.841140274585996,73.15933702171516,0.32330334890533274,100
7,87,8713,0.32330334890533274,10.388665844670392,88.51913046139342,0.32330334890533274,100
7,88,8812,0.32330334890533274,10.980039735158382,99.7893623198258,0.32330334890533274,100
7,89,8911,0.32330334890533274,11.612689797065268,127.55601428129005,0.32330334890533274,100
7,90,9010,0.32330334890533274,9.671768533074127,103.66631223647038,0.32330334890533274,100
7,91,9109,0.32330334890533274,11.124148375998221,105.95017652020437,0.32330334890533274,100
7,92,9208,0.3136059106072025,12.332589411701044,123.200674628448,0.3136059106072025,100
7,93,9307,0.3136059106072025,6.391415207730976,39.46158779595308,0.3136059106072025,100
7,94,9406,0.3136059106072025,8.77692701425719,66.29277303422141,0.3136059106072025,100
7,95,9505,0.3136059106072025,9.432462533170375,65.10556389329759,0.3136059106072025,100
7,96,9604,0.3136059106072025,9.857052418326031,86.56552292104382,0.3136059106072025,100
7,97,9703,0.3136059106072025,12.6241741983876,100.46183133057939,0.3136059106072025,100
7,98,9802,0.3136059106072025,13.76830994334311,111.09293548272579,0.3136059106072025,100
7,99,9901,0.3136059106072025,15.945612559214917,131.07347379463042,0.3136059106072025,100
7,100,10000,0.3136059106072025,9.914469898760338,63.692146962735535,0.3136059106072025,100
7,101,10099,0.3136059106072025,11.241057022375188,139.75332438343423,0.3136059106072025,100
7,102,10198,0.3136059106072025,9.1270563795423,66.64035942774771,0.3136059106072025,100
7,103,10297,0.3136059106072025,11.518404787464554,70.9849413884962,0.3136059106072025,100
7,104,10396,0.3136059106072025,15.428790048109445,127.02782349212245,0.3136059106072025,100
7,105,10495,0.3136059106072025,10.601553910436872,82.92353720095068,0.3136059106072025,100
7,106,10594,0.3136059106072025,13.658682847366794,109.54521802655432,0.3136059106072025,100
7,107,10693,0.3136059106072025,9.13755012045549,81.16997328690687,0.3136059106072025,100
7,108,10792,0.3136059106072025,11.804879495970178,78.34384422519689,0.3136059106072025,100
7,109,10891,0.3136059106072025,10.63941154548664,117.52194880109242,0.3136059106072025,100
7,110,10990,0.3136059106072025,12.52368409466536,80.92498719271794,0.3136059106072025,100
7,111,11089,0.3136059106072025,10.824029536304574,115.86430271867995,0.3136059106072025,100
7,112,11188,0.3136059106072025,9.820494278550587,48.06937436735394,0.3136059106072025,100
7,113,11287,0.3136059106072025,13.81087768423376,91.0337257220732,0.3136059106072025,100
7,114,11386,0.3136059106072025,12.842492652673181,130.45555914066807,0.3136059106072025,100
7,115,11485,0.3136059106072025,12.135459856338228,151.6420106489436,0.3136059106072025,100
7,116,11584,0.3136059106072025,13.21908683414606,83.30736528020476,0.3136059106072025,100
7,117,11683,0.3136059106072025,10.938506770235072,82.13391563957829,0.3136059106072025,100
7,118,11782,0.3136059106072025,9.85514420242883,91.41435721573532,0.3136059106072025,100
7,119,11881,0.3136059106072025,10.622542363719726,87.8756528835252,0.3136059106072025,100
7,120,11980,0.3136059106072025,13.055297254751386,148.9456397553102,0.3136059106072025,100
7,121,12079,0.3136059106072025,13.304397493562417,63.154069591180814,0.3136059106072025,100
7,122,12178,0.3136059106072025,9.99476419774457,73.35156328043043,0.3136059106072025,100
7,123,12277,0.3136059106072025,8.606213997347588,67.38497789594648,0.3136059106072025,100
7,124,12376,0.3136059106072025,8.48098802626664,83.61374913441318,0.3136059106072025,100
7,125,12475,0.3136059106072025,10.43961171049403,83.00811236540316,0.3136059106072025,100
7,126,12574,0.3136059106072025,12.091050608321664,71.95166790311065,0.3136059106072025,100
7,127,12673,0.3136059106072025,11.094170755936464,71.83476311101157,0.3136059106072025,100
7,128,12772,0.3136059106072025,14.723182414706459,102.26342963231649,0.3136059106072025,100
7,129,12871,0.3136059106072025,9.928637734236554,64.1794075368862,0.3136059106072025,100
7,130,12970,0.3136059106072025,11.659480976913342,119.22870549361551,0.3136059106072025,100
7,131,13069,0.3136059106072025,11.069734698877385,94.71990344653528,0.3136059106072025,100
7,132,13168,0.3136059106072025,11.949711799636866,76.84613310530402,0.3136059106072025,100
7,133,13267,0.3136059106072025,10.912995848516692,67.52969515550726,0.3136059106072025,100
7,134,13366,0.3136059106072025,12.891761101302277,172.28866636644273,0.3136059106072025,100
7,135,13465,0.3136059106072025,10.833696725799339,88.79594170177187,0.3136059106072025,100
7,136,13564,0.3136059106072025,10.722913973176123,65.86765575394149,0.3136059106072025,100
7,137,13663,0.3136059106072025,10.33816434020288,70.48746820645022,0.3136059106072025,100
7,138,13762,0.3136059106072025,10.367584479598595,57.78629356828328,0.3136059106072025,100
7,139,13861,0.3136059106072025,9.049409220000035,55.10549121618623,0.3136059106072025,100
7,140,13960,0.3136059106072025,14.240529508039499,97.03509773870434,0.3136059106072025,100
7,141,14059,0.3136059106072025,13.360521417958951,93.85431964227797,0.3136059106072025,100
7,142,14158,0.3136059106072025,10.914619148333934,87.37436980800756,0.3136059106072025,100
7,143,14257,0.3136059106072025,11.524348871060422,111.55235004583702,0.3136059106072025,100
7,144,14356,0.3136059106072025,10.971832137021766,72.35448554226876,0.3136059106072025,100
7,145,14455,0.3136059106072025,15.759322014756698,181.24742024637786,0.3136059106072025,100
7,146,14554,0.3136059106072025,9.619596930089035,96.22208252340215,0.3136059106072025,100
7,147,14653,0.3136059106072025,12.096941122987898,104.93294203957416,0.3136059106072025,100
7,148,14752,0.3136059106072025,14.564253627885478,118.37745466141565,0.3136059106072025,100
7,149,14851,0.3136059106072025,9.158818030336422,62.40829840837336,0.3136059106072025,100
7,150,14950,0.3136059106072025,12.000543706798844,69.99377987011815,0.3136059106072025,100
7,151,15049,0.3136059106072025,8.952989923901589,60.576338593387135,0.3136059106072025,100
7,152,15148,0.3136059106072025,10.734024708917728,53.036858926358754,0.3136059106072025,100
7,153,15247,0.3136059106072025,9.823853211494757,75.35012794591117,0.3136059106072025,100
7,154,15346,0.3136059106072025,7.821040980850586,54.28962199911374,0.3136059106072025,100
7,155,15445,0.3136059106072025,14.22442903940698,101.3961341770017,0.3136059106072025,100
7,156,15544,0.3136059106072025,15.734951111211615,132.30755534134633,0.3136059106072025,100
7,157,15643,0.3136059106072025,15.191625451592895,98.57802000203988,0.3136059106072025,100
7,158,15742,0.3136059106072025,11.955446537232643,109.23021852019046,0.3136059106072025,100
7,159,15841,0.3136059106072025,12.305014584419236,75.82037739479225,0.3136059106072025,100
7,160,15940,0.3136059106072025,14.059031829283505,102.16464220782821,0.3136059106072025,100
7,161,16039,0.3136059106072025,11.085342864944215,98.83392333991664,0.3136059106072025,100
7,162,16138,0.3136059106072025,8.634708280307642,95.97677911965559,0.3136059106072025,100
7,163,16237,0.3136059106072025,8.208795798062361,88.48371900150546,0.3136059106072025,100
7,164,16336,0.3136059106072025,10.648353996418631,119.28522587085901,0.3136059106072025,100
7,165,16435,0.3136059106072025,14.61387931483365,86.40249515604981,0.3136059106072025,100
7,166,16534,0.3136059106072025,11.065214424657308,90.82154059641834,0.3136059106072025,100
7,167,16633,0.3136059106072025,9.560261212827665,91.27705653565981,0.3136059106072025,100
7,168,16732,0.3136059106072025,9.315753927571949,66.05578687809526,0.3136059106072025,100
7,169,16831,0.3136059106072025,8.266958985589406,80.2089510751407,0.3136059106072025,100
7,170,16930,0.3136059106072025,11.868893989418877,57.19004283083758,0.3136059106072025,100
7,171,17029,0.3136059106072025,9.59593256222134,45.905217756277175,0.3136059106072025,100
7,172,17128,0.3136059106072025,12.826850403197456,70.99113743283411,0.3136059106072025,100
7,173,17227,0.3136059106072025,8.14428808213639,95.28108340863234,0.3136059106072025,100
7,174,17326,0.3136059106072025,14.342079912165026,162.0072266051987,0.3136059106072025,100
7,175,17425,0.3136059106072025,10.797626725530597,67.03651411528875,0.3136059106072025,100
7,176,17524,0.3136059106072025,16.33149415779611,117.81865964036916,0.3136059106072025,100
7,177,17623,0.3136059106072025,11.969798501202028,95.34733620869325,0.3136059106072025,100
7,178,17722,0.3136059106072025,11.333942214401322,114.55148603216925,0.3136059106072025,100
7,179,17821,0.3136059106072025,11.695247216029374,79.26334537728235,0.3136059106072025,100
7,180,17920,0.3136059106072025,11.85177364133368,74.46632665051276,0.3136059106072025,100
7,181,18019,0.3136059106072025,11.119751063546714,54.50643431062696,0.3136059106072025,100
7,182,18118,0.3136059106072025,11.275090638000295,125.27131737430265,0.3136059106072025,100
7,183,18217,0.3136059106072025,11.14045598821807,68.58059811734486,0.3136059106072025,100
7,184,18316,0.3136059106072025,9.395018977737019,113.21346620182305,0.3136059106072025,100
7,185,18415,0.3136059106072025,9.890734953976338,98.5448872952604,0.3136059106072025,100
7,186,18514,0.3136059106072025,11.495879509639044,57.00229823319081,0.3136059106072025,100
7,187,18613,0.3136059106072025,8.710674512873775,60.57579226187903,0.3136059106072025,100
7,188,18712,0.3136059106072025,11.652172964746246,105.74782245173084,0.3136059106072025,100
7,189,18811,0.3136059106072025,10.415718741526176,72.84510904298924,0.3136059106072025,100
7,190,18910,0.3136059106072025,10.335647842386159,84.55273554300578,0.3136059106072025,100
7,191,19009,0.3136059106072025,11.873254352225645,80.60847523588428,0.3136059106072025,100
7,192,19108,0.3136059106072025,10.781476416546896,63.016796937076606,0.3136059106072025,100
7,193,19207,0.3136059106072025,13.49981215933606,117.19545449846414,0.3136059106072025,100
7,194,19306,0.3136059106072025,12.570696720587744,87.92048826082032,0.3136059106072025,100
7,195,19405,0.3136059106072025,9.92605295214765,56.43931897358487,0.3136059106072025,100
7,196,19504,0.3136059106072025,10.466273219340128,107.01078347513084,0.3136059106072025,100
7,197,19603,0.3136059106072025,10.008394542963716,95.21251855493142,0.3136059106072025,100
7,198,19702,0.3136059106072025,13.101153277007596,91.12719615737318,0.3136059106072025,100
7,199,19801,0.3136059106072025,12.589086249620763,104.71929082752077,0.3136059106072025,100
7,200,19900,0.3136059106072025,12.387636313890967,99.19876635412894,0.3136059106072025,100
7,201,19999,0.3136059106072025,7.968703253804023,83.51577779506991,0.3136059106072025,100
7,202,20098,0.3136059106072025,10.026924000104227,65.0807934666476,0.3136059106072025,100
7,203,20197,0.3136059106072025,11.86647049931737,137.3537018522769,0.3136059106072025,100
7,204,20296,0.3136059106072025,10.67782804894046,104.73293182238521,0.3136059106072025,100
7,205,20395,0.3136059106072025,10.415232764107833,91.4087217463272,0.3136059106072025,100
7,206,20494,0.3136059106072025,8.684597439951023,89.5384865692863,0.3136059106072025,100
7,207,20593,0.3136059106072025,11.422902935805487,96.21550085522277,0.3136059106072025,100
7,208,20692,0.3136059106072025,12.923059937355658,74.63041859313248,0.3136059106072025,100
7,209,20791,0.3136059106072025,10.712753634595108,81.5668371476168,0.3136059106072025,100
7,210,20890,0.3136059106072025,11.098203885048449,62.97190063065538,0.3136059106072025,100
7,211,20989,0.3136059106072025,9.984652965490014,63.59009007868887,0.3136059106072025,100
7,212,21088,0.3136059106072025,10.713348533338236,75.95666861800255,0.3136059106072025,100
7,213,21187,0.3136059106072025,8.94095614483307,60.99566605131482,0.3136059106072025,100
7,214,21286,0.3136059106072025,10.493917277365306,88.95459871360097,0.3136059106072025,100
7,215,21385,0.3136059106072025,7.66213021852429,69.71578538655938,0.3136059106072025,100
7,216,21484,0.3136059106072025,8.680506881639861,78.39909710282618,0.3136059106072025,100
7,217,21583,0.3136059106072025,8.959597142222668,92.37427495765053,0.3136059106072025,100
7,218,21682,0.3136059106072025,9.300110440711535,64.8318373133864,0.3136059106072025,100
7,219,21781,0.3136059106072025,11.732802473778698,95.3357148051741,0.3136059106072025,100
7,220,21880,0.3136059106072025,10.570033452762468,94.91638034081001,0.3136059106072025,100
7,221,21979,0.3136059106072025,9.421947270546504,90.35893041534959,0.3136059106072025,100
7,222,22078,0.3136059106072025,12.299795076103228,72.5730938824652,0.3136059106072025,100
7,223,22177,0.3136059106072025,12.335147937377945,95.18826637622121,0.3136059106072025,100
7,224,22276,0.3136059106072025,10.23358666293305,51.803659046756444,0.3136059106072025,100
7,225,22375,0.3136059106072025,12.483236613834462,148.9742964636458,0.3136059106072025,100
7,226,22474,0.3136059106072025,12.098203232497921,78.60376380917894,0.3136059106072025,100
7,227,22573,0.3136059106072025,13.410425583235197,107.90423674763689,0.3136059106072025,100
7,228,22672,0.3136059106072025,15.067512009990715,81.91709354589081,0.3136059106072025,100
7,229,22771,0.3136059106072025,13.42240366958342,73.8987170295039,0.3136059106072025,100
7,230,22870,0.3136059106072025,12.325609862071435,100.88310890076346,0.3136059106072025,100
7,231,22969,0.3136059106072025,10.078358775929178,60.40582272202925,0.3136059106072025,100
7,232,23068,0.3136059106072025,12.172651943782927,106.10434748665521,0.3136059106072025,100
7,233,23167,0.3136059106072025,14.015149384414078,119.83586113781377,0.3136059106072025,100
7,234,23266,0.3136059106072025,12.352080794408801,87.19629798128553,0.3136059106072025,100
7,235,23365,0.3136059106072025,15.62286424523707,102.53679731615594,0.3136059106072025,100
7,236,23464,0.3136059106072025,10.856220830279607,102.58189470786012,0.3136059106072025,100
7,237,23563,0.3136059106072025,11.412168843129102,81.82674274236082,0.3136059106072025,100
7,238,23662,0.3136059106072025,10.56383213101817,82.68087068257232,0.3136059106072025,100
7,239,23761,0.3136059106072025,10.439039423779205,124.94452198017368,0.3136059106072025,100
7,240,23860,0.3136059106072025,11.267377178476359,90.06955592598447,0.3136059106072025,100
7,241,23959,0.3136059106072025,10.381862518672126,112.43693783121753,0.3136059106072025,100
7,242,24058,0.3136059106072025,10.659691102620265,70.52892691480699,0.3136059106072025,100
7,243,24157,0.3136059106072025,12.572075372386896,80.75515271490674,0.3136059106072025,100
7,244,24256,0.3136059106072025,12.184106259548727,81.22686997029422,0.3136059106072025,100
7,245,24355,0.3136059106072025,8.810047214691282,58.083979362634814,0.3136059106072025,100
7,246,24454,0.3136059106072025,10.421649736573716,94.66862173663672,0.3136059106072025,100
7,247,24553,0.3136059106072025,10.523508448289638,88.30623253357643,0.3136059106072025,100
7,248,24652,0.3136059106072025,12.861355103914997,122.28922027949308,0.3136059106072025,100
7,249,24751,0.3136059106072025,12.997330848674299,89.45718335010822,0.3136059106072025,100
7,250,24850,0.3136059106072025,11.817923530271237,93.42656063841034,0.3136059106072025,100
7,251,24949,0.3136059106072025,10.628678782910777,107.35211136069377,0.3136059106072025,100
7,252,25048,0.3136059106072025,8.387849576376315,52.88345621748063,0.3136059106072025,100
7,253,25147,0.3136059106072025,13.565243156520136,91.89598896093837,0.3136059106072025,100
7,254,25246,0.3136059106072025,13.506965314725244,130.52942739918478,0.3136059106072025,100
7,255,25345,0.3136059106072025,10.559116744548257,95.17123181561843,0.3136059106072025,100
7,256,25444,0.3136059106072025,11.990117132792996,180.21557863145475,0.3136059106072025,100
7,257,25543,0.3136059106072025,10.109721288412027,84.63600932517323,0.3136059106072025,100
7,258,25642,0.3136059106072025,11.45378482910718,104.84559984881945,0.3136059106072025,100
7,259,25741,0.3136059106072025,10.418229026799143,81.16249031854692,0.3136059106072025,100
7,260,25840,0.3136059106072025,16.31413648098301,112.70639736223275,0.3136059106072025,100
7,261,25939,0.3136059106072025,13.150321351869588,104.32077646935619,0.3136059106072025,100
7,262,26038,0.3136059106072025,8.87444037840495,58.47869091483328,0.3136059106072025,100
7,263,26137,0.3136059106072025,13.825141797893641,132.0109887158148,0.3136059106072025,100
7,264,26236,0.3136059106072025,10.628950724878342,90.69744804937297,0.3136059106072025,100
7,265,26335,0.3136059106072025,13.445295397222145,96.24469352700946,0.3136059106072025,100
7,266,26434,0.3136059106072025,11.267022775957011,76.55831454386494,0.3136059106072025,100
7,267,26533,0.3136059106072025,13.674304755225467,84.51551254770266,0.3136059106072025,100
7,268,26632,0.3136059106072025,12.51416278598348,98.56224388538034,0.3136059106072025,100
7,269,26731,0.3136059106072025,11.245319780410357,86.49135656920316,0.3136059106072025,100
7,270,26830,0.3136059106072025,10.169297665028013,71.37447509918267,0.3136059106072025,100
7,271,26929,0.3136059106072025,10.606945861724476,80.87038210236615,0.3136059106072025,100
7,272,27028,0.3136059106072025,11.715315178717342,100.11570637464756,0.3136059106072025,100
7,273,27127,0.3136059106072025,9.754929087801592,42.4318357432497,0.3136059106072025,100
7,274,27226,0.3136059106072025,9.988640432614982,134.5608055655407,0.3136059106072025,100
7,275,27325,0.3136059106072025,13.625591122098221,79.2241268583462,0.3136059106072025,100
7,276,27424,0.3136059106072025,10.415060994062367,49.64568672414616,0.3136059106072025,100
7,277,27523,0.3136059106072025,8.716655440408237,57.9695634977776,0.3136059106072025,100
7,278,27622,0.3136059106072025,9.074015201927034,62.001392123854814,0.3136059106072025,100
7,279,27721,0.3136059106072025,12.013153379004233,85.42000197846467,0.3136059106072025,100
7,280,27820,0.3136059106072025,12.260085143985709,114.52384372202103,0.3136059106072025,100
7,281,27919,0.3136059106072025,9.791044926256955,105.86743621946583,0.3136059106072025,100
7,282,28018,0.3136059106072025,9.853614913163595,72.4853979437269,0.3136059106072025,100
7,283,28117,0.3136059106072025,12.03368483646032,69.51221009438548,0.3136059106072025,100
7,284,28216,0.3136059106072025,10.687614123954763,115.12278870266194,0.3136059106072025,100
7,285,28315,0.3136059106072025,8.842486559545122,79.33017995998951,0.3136059106072025,100
7,286,28414,0.3136059106072025,10.954991201062837,133.62788102766413,0.3136059106072025,100
7,287,28513,0.3136059106072025,11.10160733239831,77.14464904836818,0.3136059106072025,100
7,288,28612,0.3136059106072025,12.873791592553852,77.19689572648872,0.3136059106072025,100
7,289,28711,0.3136059106072025,9.904298024441482,92.31308175694527,0.3136059106072025,100
7,290,28810,0.3136059106072025,9.932892335725056,94.83286632401447,0.3136059106072025,100
7,291,28909,0.3136059106072025,8.541952152449788,104.69912431427342,0.3136059106072025,100
7,292,29008,0.3136059106072025,11.309683966075145,70.34752052273008,0.3136059106072025,100
7,293,29107,0.3136059106072025,10.268106268630879,70.9173394633296,0.3136059106072025,100
7,294,29206,0.3136059106072025,10.508741479787155,103.35080389548719,0.3136059106072025,100
7,295,29305,0.3136059106072025,9.342069729208957,58.65359758608356,0.3136059106072025,100
7,296,29404,0.3136059106072025,10.477774315333248,107.46378862526771,0.3136059106072025,100
7,297,29503,0.3136059106072025,10.529549737636279,55.576421407630356,0.3136059106072025,100
7,298,29602,0.3136059106072025,10.433647481675786,88.11783884384465,0.3136059106072025,100
7,299,29701,0.3136059106072025,13.381146016086998,77.63480348843515,0.3136059106072025,100
7,300,29800,0.3136059106072025,16.26714646136404,219.5628361231851,0.3136059106072025,100
7,301,29899,0.3136059106072025,13.16190162495023,92.75393907527439,0.3136059106072025,100
7,302,29998,0.3136059106072025,12.598797852991359,121.68976562710127,0.3136059106072025,100
7,303,30097,0.3136059106072025,10.96656064785266,84.90767767721185,0.3136059106072025,100
7,304,30196,0.3136059106072025,11.593315542151743,74.48623386705597,0.3136059106072025,100
7,305,30295,0.3136059106072025,12.011743171521253,98.39096986707135,0.3136059106072025,100
7,306,30394,0.3136059106072025,11.310291705466568,91.15884741094303,0.3136059106072025,100
7,307,30493,0.3136059106072025,11.59594080004759,72.07909478387093,0.3136059106072025,100
7,308,30592,0.3136059106072025,11.262334025820559,78.45773798418026,0.3136059106072025,100
7,309,30691,0.3136059106072025,12.070235456964044,73.51552667797846,0.3136059106072025,100
7,310,30790,0.3136059106072025,14.362536488438645,121.27974002205586,0.3136059106072025,100
7,311,30889,0.3136059106072025,10.632783376872803,82.15562420584828,0.3136059106072025,100
7,312,30988,0.3136059106072025,10.259392681262971,86.43884284303725,0.3136059106072025,100
7,313,31087,0.3136059106072025,13.0140121899214,95.83331370489611,0.3136059106072025,100
7,314,31186,0.3136059106072025,10.33630874573367,74.70687382760093,0.3136059106072025,100
7,315,31285,0.3136059106072025,10.495312099008986,65.05044474487327,0.3136059106072025,100
7,316,31384,0.3136059106072025,11.113342269321999,61.993993239333285,0.3136059106072025,100
7,317,31483,0.3136059106072025,10.486918354267509,59.74304989431803,0.3136059106072025,100
7,318,31582,0.3136059106072025,15.034092176936078,85.34982270238125,0.3136059106072025,100
7,319,31681,0.3136059106072025,11.695836016277028,92.94097854630334,0.3136059106072025,100
7,320,31780,0.3136059106072025,12.170291057849527,79.90083379482202,0.3136059106072025,100
7,321,31879,0.3136059106072025,12.145371363735045,127.76737714898347,0.3136059106072025,100
7,322,31978,0.3136059106072025,11.862524469126347,90.06676806518956,0.3136059106072025,100
7,323,32077,0.3136059106072025,13.66557507318137,125.4525562898808,0.3136059106072025,100
7,324,32176,0.3136059106072025,13.385604353552012,82.70083899766175,0.3136059106072025,100
7,325,32275,0.3136059106072025,9.221109902411266,119.2880554473987,0.3136059106072025,100
7,326,32374,0.3136059106072025,13.027271127031733,189.8419932563623,0.3136059106072025,100
7,327,32473,0.3136059106072025,13.974376842816655,95.41287920417062,0.3136059106072025,100
7,328,32572,0.3136059106072025,9.519558844328056,57.43039155066724,0.3136059106072025,100
7,329,32671,0.3136059106072025,12.920048260126757,108.4421417750472,0.3136059106072025,100
7,330,32770,0.3136059106072025,10.557714403988518,67.14417431433449,0.3136059106072025,100
7,331,32869,0.3136059106072025,9.921307174784392,126.05602764358802,0.3136059106072025,100
7,332,32968,0.3136059106072025,14.55946045499044,110.5574545638308,0.3136059106072025,100
7,333,33067,0.3136059106072025,14.373537305530906,101.43222102466869,0.3136059106072025,100
7,334,33166,0.3136059106072025,12.199884107449137,97.56822045807574,0.3136059106072025,100
7,335,33265,0.3136059106072025,10.507791108953814,94.17377035786578,0.3136059106072025,100
7,336,33364,0.3136059106072025,11.6198489381216,127.76931180673044,0.3136059106072025,100
7,337,33463,0.3136059106072025,11.864384763292222,132.5673858525735,0.3136059106072025,100
7,338,33562,0.3136059106072025,11.720738821700031,86.39557074563591,0.3136059106072025,100
7,339,33661,0.3136059106072025,12.079702154299154,132.40988265609062,0.3136059106072025,100
7,340,33760,0.3136059106072025,12.203505833923034,110.70455171986119,0.3136059106072025,100
7,341,33859,0.3136059106072025,15.434338790037803,117.68565371382769,0.3136059106072025,100
7,342,33958,0.3136059106072025,11.569563307299699,116.6303527109668,0.3136059106072025,100
7,343,34057,0.3136059106072025,11.11175596264993,98.86361261052863,0.3136059106072025,100
7,344,34156,0.3136059106072025,14.176589418039446,83.76774837027634,0.3136059106072025,100
7,345,34255,0.3136059106072025,10.254397110597283,76.59466689037225,0.3136059106072025,100
7,346,34354,0.3136059106072025,9.440044573333935,52.781558021959455,0.3136059106072025,100
7,347,34453,0.3136059106072025,11.759365766218323,59.8223987627391,0.3136059106072025,100
7,348,34552,0.3136059106072025,12.118380801377286,78.32500912228244,0.3136059106072025,100
7,349,34651,0.3136059106072025,10.250538827228379,73.5549866195469,0.3136059106072025,100
7,350,34750,0.3136059106072025,11.049277943636774,79.86487587402107,0.3136059106072025,100
7,351,34849,0.3136059106072025,10.079696769454227,108.3597730435104,0.3136059106072025,100
7,352,34948,0.3136059106072025,9.632628258846545,49.45484742184539,0.3136059106072025,100
7,353,35047,0.3136059106072025,15.787745950238111,113.34378820375129,0.3136059106072025,100
7,354,35146,0.3136059106072025,8.986778420552248,66.40322464388058,0.3136059106072025,100
7,355,35245,0.3136059106072025,7.954599687414725,49.11333065057902,0.3136059106072025,100
7,356,35344,0.3136059106072025,13.186071217503576,105.23538738479267,0.3136059106072025,100
7,357,35443,0.3136059106072025,8.81395230159431,65.30822098030795,0.3136059106072025,100
7,358,35542,0.3136059106072025,9.623180159088587,69.31150448264756,0.3136059106072025,100
7,359,35641,0.3136059106072025,9.632411174307126,88.59639113690062,0.3136059106072025,100
7,360,35740,0.3136059106072025,11.953232557126578,67.34721723120506,0.3136059106072025,100
7,361,35839,0.3136059106072025,13.84726169988222,83.51318339463896,0.3136059106072025,100
7,362,35938,0.3136059106072025,11.763674257391113,67.19725192133976,0.3136059106072025,100
7,363,36037,0.3136059106072025,11.434699309012252,61.708972279417665,0.3136059106072025,100
7,364,36136,0.3136059106072025,11.044908633288555,89.6638613391881,0.3136059106072025,100
7,365,36235,0.3136059106072025,10.076365311584896,88.21795590242041,0.3136059106072025,100
7,366,36334,0.3136059106072025,11.26732810595201,70.3411972451499,0.3136059106072025,100
7,367,36433,0.3136059106072025,15.803122132194257,149.98339191439544,0.3136059106072025,100
7,368,36532,0.3136059106072025,11.39754733598531,124.35483851828378,0.3136059106072025,100
7,369,36631,0.3136059106072025,9.909244626106464,64.95259108525767,0.3136059106072025,100
7,370,36730,0.3136059106072025,14.3612826024711,81.17606465919127,0.3136059106072025,100
7,371,36829,0.3136059106072025,10.98604436940857,79.94662660860287,0.3136059106072025,100
7,372,36928,0.3136059106072025,9.540631449468469,83.80013126781536,0.3136059106072025,100
7,373,37027,0.3136059106072025,13.312761233591925,89.58250339259045,0.3136059106072025,100
7,374,37126,0.3136059106072025,9.503037696628539,50.45270135986928,0.3136059106072025,100
7,375,37225,0.3136059106072025,9.804469873928108,58.49700361234242,0.3136059106072025,100
7,376,37324,0.3136059106072025,10.777218874470908,67.06776469625498,0.3136059106072025,100
7,377,37423,0.3136059106072025,11.003936628586922,71.1478379660654,0.3136059106072025,100
7,378,37522,0.3136059106072025,9.924941851121154,88.58088358078865,0.3136059106072025,100
7,379,37621,0.3136059106072025,12.467401076504075,75.04941040913111,0.3136059106072025,100
7,380,37720,0.3136059106072025,11.651327580965038,55.37395645723192,0.3136059106072025,100
7,381,37819,0.3136059106072025,15.281105001971959,97.72644241986433,0.3136059106072025,100
7,382,37918,0.3136059106072025,11.417608323417022,95.76560566357028,0.3136059106072025,100
7,383,38017,0.2626578891892994,16.28185938697111,130.02058797586295,0.2626578891892994,100
7,384,38116,0.2626578891892994,10.910561266130902,92.62270370621631,0.2626578891892994,100
7,385,38215,0.2626578891892994,11.699075011484956,90.18602626827676,0.2626578891892994,100
7,386,38314,0.2626578891892994,10.708966873111097,71.86840121999039,0.2626578891892994,100
7,387,38413,0.2626578891892994,10.175908905895934,68.94785701680789,0.2626578891892994,100
7,388,38512,0.2626578891892994,10.586571254950204,75.4177635628329,0.2626578891892994,100
7,389,38611,0.2626578891892994,12.359095005546912,79.53631230723501,0.2626578891892994,100
7,390,38710,0.2626578891892994,11.566844774407782,54.29375267693117,0.2626578891892994,100
7,391,38809,0.2626578891892994,12.07391198304211,71.95738200862127,0.2626578891892994,100
7,392,38908,0.2626578891892994,12.179535769787263,72.47124672547184,0.2626578891892994,100
7,393,39007,0.2626578891892994,10.202923153513403,142.34716076449163,0.2626578891892994,100
7,394,39106,0.2626578891892994,11.940739474656105,82.94007793792024,0.2626578891892994,100
7,395,39205,0.2626578891892994,12.692493893839982,115.99560715545458,0.2626578891892994,100
7,396,39304,0.2626578891892994,11.350224071839632,118.74497001259303,0.2626578891892994,100
7,397,39403,0.2626578891892994,10.707491514738358,74.35179625584946,0.2626578891892994,100
7,398,39502,0.2626578891892994,10.172288664181611,69.83833499211687,0.2626578891892994,100
7,399,39601,0.2626578891892994,15.23121836590206,110.98068425060615,0.2626578891892994,100
7,400,39700,0.2626578891892994,11.146016655212218,60.95583602958558,0.2626578891892994,100
7,401,39799,0.2626578891892994,11.376897273564696,76.46743164620369,0.2626578891892994,100
7,402,39898,0.2626578891892994,14.49662163074813,95.41820738427904,0.2626578891892994,100
7,403,39997,0.2626578891892994,11.357386566273105,69.38631908047954,0.2626578891892994,100
7,404,40096,0.2626578891892994,10.154382378419823,80.18070667633727,0.2626578891892994,100
7,405,40195,0.2626578891892994,10.558489734756531,74.0754384591879,0.2626578891892994,100
7,406,40294,0.2626578891892994,10.783181970193114,80.59067475011216,0.2626578891892994,100
7,407,40393,0.2626578891892994,11.596826699140045,80.06815387849291,0.2626578891892994,100
7,408,40492,0.2626578891892994,11.166833318364086,80.94018661503014,0.2626578891892994,100
7,409,40591,0.2626578891892994,9.796118647168974,68.13058575568533,0.2626578891892994,100
7,410,40690,0.2626578891892994,10.590451499465873,123.10532008799873,0.2626578891892994,100
7,411,40789,0.2626578891892994,10.328160051403243,67.89591171539593,0.2626578891892994,100
7,412,40888,0.2626578891892994,11.465036087589999,120.90086958692623,0.2626578891892994,100
7,413,40987,0.2626578891892994,7.456646819179398,48.271813485767225,0.2626578891892994,100
7,414,41086,0.2626578891892994,8.799826941784596,59.91087276140775,0.2626578891892994,100
7,415,41185,0.2626578891892994,13.034229229490768,65.23100587773007,0.2626578891892994,100
7,416,41284,0.2626578891892994,11.662390921101485,98.72470197295195,0.2626578891892994,100
7,417,41383,0.2626578891892994,13.961843635606993,114.05272806933449,0.2626578891892994,100
7,418,41482,0.2626578891892994,12.47825391288134,66.70843865858727,0.2626578891892994,100
7,419,41581,0.2626578891892994,10.70540933015672,87.45799499271929,0.2626578891892994,100
7,420,41680,0.2626578891892994,14.17364100641974,112.70926468383652,0.2626578891892994,100
7,421,41779,0.2626578891892994,10.907353739342481,113.97359317194415,0.2626578891892994,100
7,422,41878,0.2626578891892994,10.276797714165744,75.14608998318695,0.2626578891892994,100
7,423,41977,0.2626578891892994,10.789325328739672,79.2730552226701,0.2626578891892994,100
7,424,42076,0.2626578891892994,15.294279355465454,85.06370412430171,0.2626578891892994,100
7,425,42175,0.2626578891892994,10.988202881008785,72.67149338434227,0.2626578891892994,100
7,426,42274,0.2626578891892994,14.453977516558348,156.00349786447885,0.2626578891892994,100
7,427,42373,0.2626578891892994,8.00101524103404,60.31377862339741,0.2626578891892994,100
7,428,42472,0.2626578891892994,10.375080683917451,84.49085589793486,0.2626578891892994,100
7,429,42571,0.2626578891892994,13.166042668092395,92.09661937143608,0.2626578891892994,100
7,430,42670,0.2626578891892994,10.796714789068638,117.41944400465741,0.2626578891892994,100
7,431,42769,0.2626578891892994,12.30057818795098,92.29787085269288,0.2626578891892994,100
7,432,42868,0.2626578891892994,8.104519073057663,54.613494573867435,0.2626578891892994,100
7,433,42967,0.2626578891892994,8.919494559575224,82.85187690488519,0.2626578891892994,100
7,434,43066,0.2626578891892994,9.37952081828468,78.50831271731717,0.2626578891892994,100
7,435,43165,0.2626578891892994,11.131611995378504,92.95588962761292,0.2626578891892994,100
7,436,43264,0.2626578891892994,10.830412230223178,83.50420562916719,0.2626578891892994,100
7,437,43363,0.2626578891892994,11.606719375609964,145.44691077083158,0.2626578891892994,100
7,438,43462,0.2626578891892994,12.371933435953183,84.59873963062564,0.2626578891892994,100
7,439,43561,0.2626578891892994,11.578807312710376,78.47373282248061,0.2626578891892994,100
7,440,43660,0.2626578891892994,9.617272782195382,97.04442161423474,0.2626578891892994,100
7,441,43759,0.2626578891892994,10.524612129304753,98.95913206256411,0.2626578891892994,100
7,442,43858,0.2626578891892994,11.465302200477378,123.88396597123676,0.2626578891892994,100
7,443,43957,0.2626578891892994,11.937982925300371,90.40186336506265,0.2626578891892994,100
7,444,44056,0.2626578891892994,11.498824516809268,90.47595614129222,0.2626578891892994,100
7,445,44155,0.2626578891892994,12.325204163698379,114.10558473468693,0.2626578891892994,100
7,446,44254,0.2626578891892994,10.355624531164676,68.58702860178578,0.2626578891892994,100
7,447,44353,0.2626578891892994,10.664303187447077,63.36589718590927,0.2626578891892994,100
7,448,44452,0.2626578891892994,8.655042985704993,59.27281919144755,0.2626578891892994,100
7,449,44551,0.2626578891892994,9.510968925335568,74.82901758524609,0.2626578891892994,100
7,450,44650,0.2626578891892994,13.654126098826048,100.37466464710101,0.2626578891892994,100
7,451,44749,0.2626578891892994,10.114400236948178,67.86438134927475,0.2626578891892994,100
7,452,44848,0.2626578891892994,11.792892844379454,67.9979079147344,0.2626578891892994,100
7,453,44947,0.2626578891892994,9.857878967540707,69.60733774890703,0.2626578891892994,100
7,454,45046,0.2626578891892994,11.982774273036725,109.73943918112157,0.2626578891892994,100
7,455,45145,0.2626578891892994,11.741961739804426,101.71302186508971,0.2626578891892994,100
7,456,45244,0.2626578891892994,10.696189037694294,66.79597826989523,0.2626578891892994,100
7,457,45343,0.2626578891892994,11.327847936716335,99.79482553740375,0.2626578891892994,100
7,458,45442,0.2626578891892994,11.54323204602026,121.51271990475288,0.2626578891892994,100
7,459,45541,0.2626578891892994,11.529998971114747,90.05341935663105,0.2626578891892994,100
7,460,45640,0.2626578891892994,11.404331275389293,115.34530010122218,0.2626578891892994,100
7,461,45739,0.2626578891892994,9.312007688164664,53.12452442408708,0.2626578891892994,100
7,462,45838,0.2626578891892994,10.890756438920741,74.19611487953274,0.2626578891892994,100
7,463,45937,0.2626578891892994,14.54543732652247,102.44460202235,0.2626578891892994,100
7,464,46036,0.2626578891892994,13.488176527895241,60.33239021256412,0.2626578891892994,100
7,465,46135,0.2626578891892994,14.183385003451638,84.8042284914487,0.2626578891892994,100
7,466,46234,0.2626578891892994,10.071622484655542,116.47165260752797,0.2626578891892994,100
7,467,46333,0.2626578891892994,8.154913282445627,115.11605314570804,0.2626578891892994,100
7,468,46432,0.2626578891892994,11.286668172180546,100.2103267997469,0.2626578891892994,100
7,469,46531,0.2626578891892994,9.263258183808787,44.829737087078975,0.2626578891892994,100
7,470,46630,0.2626578891892994,12.244833883704743,91.80254724211184,0.2626578891892994,100
7,471,46729,0.2626578891892994,12.450408665088455,75.62650579705489,0.2626578891892994,100
7,472,46828,0.2626578891892994,11.722474378404472,67.44327329096465,0.2626578891892994,100
7,473,46927,0.2626578891892994,10.705935126006164,77.16860409041125,0.2626578891892994,100
7,474,47026,0.2626578891892994,11.989453253924955,83.95498975375008,0.2626578891892994,100
7,475,47125,0.2626578891892994,13.18555459969923,132.8924257926816,0.2626578891892994,100
7,476,47224,0.2626578891892994,12.738155020039732,65.66640087498679,0.2626578891892994,100
7,477,47323,0.2626578891892994,12.888486088018999,111.44710432920762,0.2626578891892994,100
7,478,47422,0.2626578891892994,12.223992595550108,75.76123319927567,0.2626578891892994,100
7,479,47521,0.2626578891892994,11.606578712202204,132.50930833518805,0.2626578891892994,100
7,480,47620,0.2626578891892994,9.26120659215531,61.57376916654715,0.2626578891892994,100
7,481,47719,0.2626578891892994,12.272319720104672,75.61695362754666,0.2626578891892994,100
7,482,47818,0.2626578891892994,11.453101369902527,88.26353957279825,0.2626578891892994,100
7,483,47917,0.2626578891892994,10.832305307599063,96.41249988668586,0.2626578891892994,100
7,484,48016,0.2626578891892994,10.229755023828004,101.77763700825267,0.2626578891892994,100
7,485,48115,0.2626578891892994,14.157354874802525,123.13595557144922,0.2626578891892994,100
7,486,48214,0.2626578891892994,9.259932929666018,100.54785400884859,0.2626578891892994,100
7,487,48313,0.2626578891892994,13.823619497270862,108.568810787498,0.2626578891892994,100
7,488,48412,0.2626578891892994,11.694796383237728,55.45822068346444,0.2626578891892994,100
7,489,48511,0.2626578891892994,13.36992479150549,99.83826970393967,0.2626578891892994,100
7,490,48610,0.2626578891892994,10.963750799143613,96.57468901537132,0.2626578891892994,100
7,491,48709,0.2626578891892994,10.052008440890807,52.47336489742817,0.2626578891892994,100
7,492,48808,0.2626578891892994,15.412740680908557,114.1707279154462,0.2626578891892994,100
7,493,48907,0.2626578891892994,8.70869827437299,60.440840382279184,0.2626578891892994,100
7,494,49006,0.2626578891892994,13.025822105136724,114.53184572080711,0.2626578891892994,100
7,495,49105,0.2626578891892994,13.765789487679058,142.4370010755937,0.2626578891892994,100
7,496,49204,0.2626578891892994,10.072363771789627,57.03963966753974,0.2626578891892994,100
7,497,49303,0.2626578891892994,11.169441793329208,60.12772443203906,0.2626578891892994,100
7,498,49402,0.2626578891892994,11.593544692038906,71.01523069150242,0.2626578891892994,100
7,499,49501,0.2626578891892994,11.112701855997962,135.90973237262884,0.2626578891892994,100
7,500,49600,0.2626578891892994,12.630261966500477,99.04194842139772,0.2626578891892994,100
7,501,49699,0.2626578891892994,11.699258966277837,199.90938632080523,0.2626578891892994,100
7,502,49798,0.2626578891892994,8.584324144187745,71.82024829542993,0.2626578891892994,100
7,503,49897,0.2626578891892994,10.808555803118608,94.04437642503716,0.2626578891892994,100
7,504,49996,0.2626578891892994,12.188431520057195,84.36568058533541,0.2626578891892994,100
7,505,50000,0.2626578891892994,9.927646749919926,52.92340011146067,0.2626578891892994,100
8,0,100,117.53960884702448,512.3893480165806,1107.4226846548163,117.53960884702448,100
8,1,199,62.49105159860713,244.55881243467334,539.671269062077,62.49105159860713,100
8,2,298,15.47453999803665,122.59759900893873,308.1028105478201,15.47453999803665,100
8,3,397,9.56880065649374,57.48616204459041,171.31049259665417,9.56880065649374,100
8,4,496,2.8541496027138207,32.72075038968872,128.6121261987793,2.8541496027138207,100
8,5,595,1.9141866033926003,25.69079284860986,129.77891688521746,1.9141866033926003,100
8,6,694,1.9141866033926003,12.946406588106436,62.889650167767115,1.9141866033926003,100
8,7,793,1.6032879467432735,14.08742044006426,114.08907359791482,1.6032879467432735,100
8,8,892,1.0673617378744669,12.075389647648606,71.02903945429131,1.0673617378744669,100
8,9,991,0.926276454414592,13.874014973489214,78.12378232793428,0.926276454414592,100
8,10,1090,0.926276454414592,15.261794013535983,117.98949632124412,0.926276454414592,100
8,11,1189,0.926276454414592,14.097452308954178,98.0392668587498,0.926276454414592,100
8,12,1288,0.7734781234443909,9.827930201041973,57.839676680183075,0.7734781234443909,100
8,13,1387,0.7734781234443909,9.559491778919426,63.72717253808005,0.7734781234443909,100
8,14,1486,0.7734781234443909,11.022752585461463,92.47379951717805,0.7734781234443909,100
8,15,1585,0.6484921611637692,12.270571226903263,99.20764265246085,0.6484921611637692,100
8,16,1684,0.6484921611637692,9.983102445166143,53.19770990627413,0.6484921611637692,100
8,17,1783,0.5823911827008271,11.020230909103953,66.42038231044162,0.5823911827008271,100
8,18,1882,0.5823911827008271,9.259854636693078,55.143264266783845,0.5823911827008271,100
8,19,1981,0.5680651572610041,8.044760593061191,43.342000118621826,0.5680651572610041,100
8,20,2080,0.5680651572610041,12.039695185215018,130.72479605453486,0.5680651572610041,100
8,21,2179,0.5680651572610041,9.720284795856289,60.150510770230866,0.5680651572610041,100
8,22,2278,0.5227263499557114,8.507278386466679,71.72392958368833,0.5227263499557114,100
8,23,2377,0.5227263499557114,12.065875983074177,92.65100808664658,0.5227263499557114,100
8,24,2476,0.5227263499557114,12.347473722777774,95.18767668321757,0.5227263499557114,100
8,25,2575,0.5227263499557114,14.46452714761565,140.33010737580696,0.5227263499557114,100
8,26,2674,0.5227263499557114,10.013927837269057,96.80374428114635,0.5227263499557114,100
8,27,2773,0.5227263499557114,12.565010756063806,69.08541568859937,0.5227263499557114,100
8,28,2872,0.5227263499557114,14.344165383728209,119.68514531917367,0.5227263499557114,100
8,29,2971,0.5227263499557114,12.485454442318686,102.94821442351815,0.5227263499557114,100
8,30,3070,0.5223341616145494,12.693732086444257,95.08571009395438,0.5223341616145494,100
8,31,3169,0.5223341616145494,11.287577042375938,83.16329150060163,0.5223341616145494,100
8,32,3268,0.5068079747969381,7.330159567852632,73.75789432926875,0.5068079747969381,100
8,33,3367,0.5068079747969381,9.999846204550423,70.65360490317195,0.5068079747969381,100
8,34,3466,0.5068079747969381,10.259889964295956,64.38333980294742,0.5068079747969381,100
8,35,3565,0.5068079747969381,13.235920194132607,79.85579036286991,0.5068079747969381,100
8,36,3664,0.5068079747969381,10.706527827596124,82.11280731792945,0.5068079747969381,100
8,37,3763,0.5068079747969381,11.822045845445357,75.21504900006688,0.5068079747969381,100
8,38,3862,0.5068079747969381,8.434658010225439,66.93054066161517,0.5068079747969381,100
8,39,3961,0.5068079747969381,9.144511899379175,75.0265423650049,0.5068079747969381,100
8,40,4060,0.5068079747969381,12.44795454695862,195.6609403159769,0.5068079747969381,100
8,41,4159,0.5068079747969381,11.3490916442623,79.91752080651321,0.5068079747969381,100
8,42,4258,0.5068079747969381,13.029793478133012,99.12975753854256,0.5068079747969381,100
8,43,4357,0.5068079747969381,12.675534770605697,86.10393288565895,0.5068079747969381,100
8,44,4456,0.5068079747969381,10.883208483905655,94.88406521680987,0.5068079747969381,100
8,45,4555,0.5068079747969381,12.285310388777987,99.39511915104862,0.5068079747969381,100
8,46,4654,0.5068079747969381,8.73620694917106,64.64591084899463,0.5068079747969381,100
8,47,4753,0.5068079747969381,9.753519450722779,85.4334626106708,0.5068079747969381,100
8,48,4852,0.5068079747969381,13.304435035167987,115.53908113122966,0.5068079747969381,100
8,49,4951,0.5068079747969381,11.436786767300116,96.98401953513972,0.5068079747969381,100
8,50,5050,0.5068079747969381,9.576704303728203,58.38607160417301,0.5068079747969381,100
8,51,5149,0.5068079747969381,9.114416657706206,71.45786695896655,0.5068079747969381,100
8,52,5248,0.5068079747969381,11.534169378973582,86.19634415439478,0.5068079747969381,100
8,53,5347,0.5068079747969381,10.36322041054524,82.17872386005216,0.5068079747969381,100
8,54,5446,0.5068079747969381,11.81842424134799,84.90488949483695,0.5068079747969381,100
8,55,5545,0.5068079747969381,10.118780513005253,97.49506013715165,0.5068079747969381,100
8,56,5644,0.5068079747969381,9.959879916398645,81.38291237603532,0.5068079747969381,100
8,57,5743,0.49610646207908465,11.302710847479585,132.273204180717,0.49610646207908465,100
8,58,5842,0.49610646207908465,10.014766028696892,66.82719132694596,0.49610646207908465,100
8,59,5941,0.49610646207908465,11.04167376005362,66.8528974886545,0.49610646207908465,100
8,60,6040,0.49610646207908465,12.28469759015473,110.49833428280033,0.49610646207908465,100
8,61,6139,0.4895769550997782,10.665952954714879,86.44195811353163,0.4895769550997782,100
8,62,6238,0.4895769550997782,12.545790007569176,94.85904689010295,0.4895769550997782,100
8,63,6337,0.4895769550997782,12.475177282252432,66.22971262103533,0.4895769550997782,100
8,64,6436,0.4895769550997782,12.813717029116928,85.12323009140195,0.4895769550997782,100
8,65,6535,0.4895769550997782,11.376786265752287,104.44286677050873,0.4895769550997782,100
8,66,6634,0.4895769550997782,10.395669010344239,55.62686737769011,0.4895769550997782,100
8,67,6733,0.4895769550997782,12.278498099052213,86.72674666233151,0.4895769550997782,100
8,68,6832,0.4895769550997782,12.348123866391301,70.28372729462569,0.4895769550997782,100
8,69,6931,0.4581189230501772,12.616026213182094,100.85609471898582,0.4581189230501772,100
8,70,7030,0.4581189230501772,11.407378135853051,84.35419994840242,0.4581189230501772,100
8,71,7129,0.4581189230501772,10.102622178706147,74.47292599639802,0.4581189230501772,100
8,72,7228,0.4581189230501772,10.12019519088168,95.30677059633692,0.4581189230501772,100
8,73,7327,0.4581189230501772,10.236704035038672,91.69768621195472,0.4581189230501772,100
8,74,7426,0.4581189230501772,12.456357492740015,81.32363460722506,0.4581189230501772,100
8,75,7525,0.4581189230501772,10.672556174183015,80.51782196067573,0.4581189230501772,100
8,76,7624,0.4581189230501772,12.430044738600285,124.82294710995711,0.4581189230501772,100
8,77,7723,0.4581189230501772,11.986453047207272,92.91935660142038,0.4581189230501772,100
8,78,7822,0.4581189230501772,9.368356307267383,87.90747627818045,0.4581189230501772,100
8,79,7921,0.4581189230501772,8.85092025639829,52.14954218446435,0.4581189230501772,100
8,80,8020,0.4581189230501772,8.756499077497905,61.964543471349295,0.4581189230501772,100
8,81,8119,0.4581189230501772,9.110812867063704,73.546603163819,0.4581189230501772,100
8,82,8218,0.4581189230501772,10.567496490431266,105.08733358741381,0.4581189230501772,100
8,83,8317,0.4581189230501772,10.517124168496455,71.57589436745153,0.4581189230501772,100
8,84,8416,0.4581189230501772,9.909632141257083,95.98234183243801,0.4581189230501772,100
8,85,8515,0.4581189230501772,9.28714237658974,80.13248869047928,0.4581189230501772,100
8,86,8614,0.4581189230501772,9.286318893875329,104.12757889022693,0.4581189230501772,100
8,87,8713,0.4581189230501772,9.100655993840899,73.76360805801617,0.4581189230501772,100
8,88,8812,0.4581189230501772,9.377557529649481,93.53621518072988,0.4581189230501772,100
8,89,8911,0.4581189230501772,13.921339379575722,80.70251385546186,0.4581189230501772,100
8,90,9010,0.4581189230501772,12.685676766742052,104.02965700133736,0.4581189230501772,100
8,91,9109,0.4581189230501772,14.446599310554404,110.8793334703927,0.4581189230501772,100
8,92,9208,0.4581189230501772,8.670317535579851,99.02338621024144,0.4581189230501772,100
8,93,9307,0.4581189230501772,8.856757176741368,79.12496652044747,0.4581189230501772,100
8,94,9406,0.4581189230501772,8.96038384233573,53.86348251235688,0.4581189230501772,100
8,95,9505,0.4581189230501772,9.065877278062228,98.57402189100948,0.4581189230501772,100
8,96,9604,0.4581189230501772,11.781052800138614,113.89325049511231,0.4581189230501772,100
8,97,9703,0.4581189230501772,11.532588720194507,97.82779747015758,0.4581189230501772,100
8,98,9802,0.4581189230501772,11.595827353825824,81.41855479132943,0.4581189230501772,100
8,99,9901,0.4581189230501772,8.114560535795288,90.03836518874758,0.4581189230501772,100
8,100,10000,0.4581189230501772,12.498198938504085,88.41501907396501,0.4581189230501772,100
8,101,10099,0.4581189230501772,15.47167383736422,129.10479549594396,0.4581189230501772,100
8,102,10198,0.4581189230501772,8.760613897830098,77.2438563491758,0.4581189230501772,100
8,103,10297,0.4581189230501772,9.96438564504876,96.4878321891215,0.4581189230501772,100
8,104,10396,0.4581189230501772,10.353296262883728,82.80625257826816,0.4581189230501772,100
8,105,10495,0.4581189230501772,7.948274391406162,80.40454244941184,0.4581189230501772,100
8,106,10594,0.4581189230501772,11.261852741381936,71.2074438142968,0.4581189230501772,100
8,107,10693,0.4581189230501772,14.05038229208942,72.91677067244815,0.4581189230501772,100
8,108,10792,0.4581189230501772,11.504509740775694,89.06238358397599,0.4581189230501772,100
8,109,10891,0.4581189230501772,13.75743788523958,75.3506802527141,0.4581189230501772,100
8,110,10990,0.4581189230501772,10.17997867771692,69.59791413052402,0.4581189230501772,100
8,111,11089,0.4581189230501772,9.697092650103208,65.54869832913643,0.4581189230501772,100
8,112,11188,0.4581189230501772,8.494804474640564,88.56508329407802,0.4581189230501772,100
8,113,11287,0.4581189230501772,10.488083081030034,75.89568166428153,0.4581189230501772,100
8,114,11386,0.4581189230501772,11.86374438905578,66.81997633249141,0.4581189230501772,100
8,115,11485,0.4581189230501772,10.50558167736752,76.78402539172538,0.4581189230501772,100
8,116,11584,0.4581189230501772,12.113447960065471,78.95675625272513,0.4581189230501772,100
8,117,11683,0.4581189230501772,12.824769738940663,73.21444108777172,0.4581189230501772,100
8,118,11782,0.4581189230501772,15.25415425693705,102.21144075765633,0.4581189230501772,100
8,119,11881,0.4581189230501772,13.122642212250163,81.8590712370792,0.4581189230501772,100
8,120,11980,0.4581189230501772,9.324032508130069,66.11074795845876,0.4581189230501772,100
8,121,12079,0.4581189230501772,10.605259862053499,76.72929407867267,0.4581189230501772,100
8,122,12178,0.4581189230501772,15.570550203580062,101.12740352903378,0.4581189230501772,100
8,123,12277,0.4581189230501772,11.098325054407537,62.31811794244898,0.4581189230501772,100
8,124,12376,0.4581189230501772,12.747856914702483,88.74571203300468,0.4581189230501772,100
8,125,12475,0.4581189230501772,11.005686745365708,80.43229387324257,0.4581189230501772,100
8,126,12574,0.4581189230501772,10.947454765515674,89.51706666964138,0.4581189230501772,100
8,127,12673,0.4581189230501772,12.254594843577316,71.85442309334256,0.4581189230501772,100
8,128,12772,0.45799278380368247,12.441963185542543,93.56659961997832,0.45799278380368247,100
8,129,12871,0.45799278380368247,9.59339700026646,77.39098904116676,0.45799278380368247,100
8,130,12970,0.45799278380368247,10.20838770225648,111.42075808915278,0.45799278380368247,100
8,131,13069,0.45799278380368247,13.542942325585598,73.44570792922087,0.45799278380368247,100
8,132,13168,0.45799278380368247,9.861807113110702,95.0707139175734,0.45799278380368247,100
8,133,13267,0.45799278380368247,12.004902244712547,78.29775552404726,0.45799278380368247,100
8,134,13366,0.45799278380368247,11.346560338910049,83.06674202470926,0.45799278380368247,100
8,135,13465,0.45799278380368247,9.5614747562527,63.84811037139852,0.45799278380368247,100
8,136,13564,0.45799278380368247,12.584101015085187,88.80927241238984,0.45799278380368247,100
8,137,13663,0.45799278380368247,9.182927003532557,53.314648953633295,0.45799278380368247,100
8,138,13762,0.45799278380368247,9.595992086411787,86.53242238855726,0.45799278380368247,100
8,139,13861,0.45799278380368247,10.4361035949896,80.00322529100647,0.45799278380368247,100
8,140,13960,0.45799278380368247,10.329649811861438,68.77096412116252,0.45799278380368247,100
8,141,14059,0.45799278380368247,11.485843236371093,76.23527399625722,0.45799278380368247,100
8,142,14158,0.4152613161831925,9.827366691407915,82.71556159792212,0.4152613161831925,100
8,143,14257,0.4152613161831925,10.33433189104032,96.32023700726614,0.4152613161831925,100
8,144,14356,0.4152613161831925,9.019550658488109,62.73761909300049,0.4152613161831925,100
8,145,14455,0.4152613161831925,10.104576461641928,70.71155729212447,0.4152613161831925,100
8,146,14554,0.4152613161831925,9.243687419421422,64.64858721709682,0.4152613161831925,100
8,147,14653,0.4152613161831925,8.185757808871488,49.17398588033359,0.4152613161831925,100
8,148,14752,0.4152613161831925,10.786078774755765,75.23843747864781,0.4152613161831925,100
8,149,14851,0.4152613161831925,10.195873788899906,92.62974492641584,0.4152613161831925,100
8,150,14950,0.4152613161831925,11.387314931723417,79.31770540814918,0.4152613161831925,100
8,151,15049,0.4152613161831925,13.165014492958516,71.49389440704354,0.4152613161831925,100
8,152,15148,0.4152613161831925,15.119975084915469,101.6335411622335,0.4152613161831925,100
8,153,15247,0.4152613161831925,8.970575860308395,63.32806321303371,0.4152613161831925,100
8,154,15346,0.4152613161831925,10.858964281832552,75.900963339782,0.4152613161831925,100
8,155,15445,0.4152613161831925,8.596781173958352,63.424746984684134,0.4152613161831925,100
8,156,15544,0.4152613161831925,10.928513608487242,115.58222052507939,0.4152613161831925,100
8,157,15643,0.4152613161831925,11.676093162637757,181.08841328897591,0.4152613161831925,100
8,158,15742,0.4152613161831925,11.585554262122953,117.49113799801971,0.4152613161831925,100
8,159,15841,0.4152613161831925,9.534470897877492,65.5554679303243,0.4152613161831925,100
8,160,15940,0.4152613161831925,8.97916331925993,59.08948562214721,0.4152613161831925,100
8,161,16039,0.4152613161831925,9.206494905345046,82.64877870521973,0.4152613161831925,100
8,162,16138,0.4152613161831925,11.907785500767197,94.45085675773484,0.4152613161831925,100
8,163,16237,0.4152613161831925,10.95261289831566,68.88367830142504,0.4152613161831925,100
8,164,16336,0.4152613161831925,12.001428341571579,115.18149222178931,0.4152613161831925,100
8,165,16435,0.4152613161831925,12.534592279236003,107.05995750726962,0.4152613161831925,100
8,166,16534,0.4152613161831925,10.756675777394058,69.16077123092202,0.4152613161831925,100
8,167,16633,0.4152613161831925,11.049994795193397,98.72024343032977,0.4152613161831925,100
8,168,16732,0.4152613161831925,9.727513786157425,75.04813469526437,0.4152613161831925,100
8,169,16831,0.4152613161831925,10.510284373987975,91.49530458886245,0.4152613161831925,100
8,170,16930,0.4152613161831925,12.933933350253342,84.29285888104583,0.4152613161831925,100
8,171,17029,0.4152613161831925,14.990724862723038,77.76837401081734,0.4152613161831925,100
8,172,17128,0.4152613161831925,12.470058967616358,93.60133343247884,0.4152613161831925,100
8,173,17227,0.4152613161831925,11.34987177580253,98.13000822308207,0.4152613161831925,100
8,174,17326,0.4152613161831925,11.97718670915985,81.91465418832011,0.4152613161831925,100
8,175,17425,0.4152613161831925,11.608109008271711,79.0908909874435,0.4152613161831925,100
8,176,17524,0.4152613161831925,9.659472461087839,74.15462626912125,0.4152613161831925,100
8,177,17623,0.4152613161831925,10.549729161697478,64.16459513276823,0.4152613161831925,100
8,178,17722,0.4152613161831925,11.665745803144336,135.22407592158766,0.4152613161831925,100
8,179,17821,0.4152613161831925,11.10319706753041,59.34184373712488,0.4152613161831925,100
8,180,17920,0.4152613161831925,9.398824041636793,56.3244417775907,0.4152613161831925,100
8,181,18019,0.4152613161831925,8.942966782503216,78.55245346846944,0.4152613161831925,100
8,182,18118,0.4152613161831925,9.356667885246551,91.92772431523552,0.4152613161831925,100
8,183,18217,0.4152613161831925,9.148730197647806,63.907616541992326,0.4152613161831925,100
8,184,18316,0.3953925935907319,8.766172849965548,46.4441055090285,0.3953925935907319,100
8,185,18415,0.3953925935907319,11.006392353939653,77.13335033317313,0.3953925935907319,100
8,186,18514,0.3953925935907319,11.008976001904749,96.27942795009258,0.3953925935907319,100
8,187,18613,0.3953925935907319,10.092870508500132,60.447080779955506,0.3953925935907319,100
8,188,18712,0.3953925935907319,10.396601933688078,181.17996494588272,0.3953925935907319,100
8,189,18811,0.3953925935907319,12.286727849330184,188.06829755990094,0.3953925935907319,100
8,190,18910,0.3953925935907319,8.437035252390963,85.07843444574256,0.3953925935907319,100
8,191,19009,0.3953925935907319,10.890125041129902,67.13468012334313,0.3953925935907319,100
8,192,19108,0.3953925935907319,10.713687506623835,64.25010327619805,0.3953925935907319,100
8,193,19207,0.3953925935907319,13.190951927157931,132.83041013125833,0.3953925935907319,100
8,194,19306,0.3953925935907319,12.274370036378865,85.80696489271725,0.3953925935907319,100
8,195,19405,0.3953925935907319,10.207532754543212,84.24732589841821,0.3953925935907319,100
8,196,19504,0.3953925935907319,9.156857882641289,124.32495758753039,0.3953925935907319,100
8,197,19603,0.3953925935907319,12.118865462193723,141.09403628679692,0.3953925935907319,100
8,198,19702,0.3953925935907319,11.001430853143406,69.70271959207702,0.3953925935907319,100
8,199,19801,0.3953925935907319,11.594958046939173,129.37208660393532,0.3953925935907319,100
8,200,19900,0.3953925935907319,10.656323482138482,52.50310275018576,0.3953925935907319,100
8,201,19999,0.3953925935907319,11.190948292416099,117.90476278641054,0.3953925935907319,100
8,202,20098,0.3953925935907319,12.460111164345717,127.07468496452972,0.3953925935907319,100
8,203,20197,0.3953925935907319,9.775766182270734,100.1150258652337,0.3953925935907319,100
8,204,20296,0.3953925935907319,12.111146866340496,82.46107829926653,0.3953925935907319,100
8,205,20395,0.3953925935907319,13.766460299133305,89.49074875841042,0.3953925935907319,100
8,206,20494,0.3953925935907319,10.703509880759384,78.70205167668725,0.3953925935907319,100
8,207,20593,0.3953925935907319,13.85806080167346,127.19353910779745,0.3953925935907319,100
8,208,20692,0.3953925935907319,12.58759412886426,108.52247068649415,0.3953925935907319,100
8,209,20791,0.3953925935907319,9.885509139322176,88.45632361151794,0.3953925935907319,100
8,210,20890,0.3953925935907319,11.479542567074969,106.42870482658682,0.3953925935907319,100
8,211,20989,0.3953925935907319,10.714544946000256,57.44303490798207,0.3953925935907319,100
8,212,21088,0.3953925935907319,10.269797160664561,101.91563587161009,0.3953925935907319,100
8,213,21187,0.3953925935907319,11.803344648528334,63.63773235373894,0.3953925935907319,100
8,214,21286,0.3953925935907319,10.939169895644456,119.98112056798163,0.3953925935907319,100
8,215,21385,0.3953925935907319,10.1580186424991,43.70608637186654,0.3953925935907319,100
8,216,21484,0.3953925935907319,11.376266937696762,175.50993581468194,0.3953925935907319,100
8,217,21583,0.3953925935907319,12.223753385313294,95.72155599278042,0.3953925935907319,100
8,218,21682,0.3953925935907319,11.211313146099215,78.36120490706314,0.3953925935907319,100
8,219,21781,0.3953925935907319,10.823223294853682,86.28664841099244,0.3953925935907319,100
8,220,21880,0.3953925935907319,12.441491819244938,93.78676876761595,0.3953925935907319,100
8,221,21979,0.3953925935907319,9.336643059531372,65.78588671346716,0.3953925935907319,100
8,222,22078,0.3953925935907319,9.997003177475872,101.037501506785,0.3953925935907319,100
8,223,22177,0.3953925935907319,11.372084257468027,113.91423374008534,0.3953925935907319,100
8,224,22276,0.3953925935907319,8.74299014840771,89.11754616390975,0.3953925935907319,100
8,225,22375,0.3953925935907319,12.32026858563436,99.06714700871406,0.3953925935907319,100
8,226,22474,0.3953925935907319,9.246686403476438,76.69333305208916,0.3953925935907319,100
8,227,22573,0.3953925935907319,9.70980163614881,48.7430207406287,0.3953925935907319,100
8,228,22672,0.3953925935907319,14.35078600756551,108.55512712014016,0.3953925935907319,100
8,229,22771,0.3953925935907319,11.147359626930914,101.24720458084042,0.3953925935907319,100
8,230,22870,0.3953925935907319,12.98874314019288,125.12804406243045,0.3953925935907319,100
8,231,22969,0.3953925935907319,8.806093578029518,57.63018602879435,0.3953925935907319,100
8,232,23068,0.3953925935907319,9.268411620923256,78.72993112353616,0.3953925935907319,100
8,233,23167,0.3953925935907319,10.342758248666406,89.02517607916187,0.3953925935907319,100
8,234,23266,0.3953925935907319,8.882655573682833,61.170421358006216,0.3953925935907319,100
8,235,23365,0.3953925935907319,9.715535564379088,80.08176807184792,0.3953925935907319,100
8,236,23464,0.3953925935907319,9.255060254336232,127.87972526489297,0.3953925935907319,100
8,237,23563,0.3953925935907319,9.660025956498023,71.51318342737875,0.3953925935907319,100
8,238,23662,0.3953925935907319,9.325231748326052,58.459006065268454,0.3953925935907319,100
8,239,23761,0.3953925935907319,12.816744981658205,149.226731845476,0.3953925935907319,100
8,240,23860,0.3953925935907319,9.584066286008852,114.6937108479043,0.3953925935907319,100
8,241,23959,0.2858285905879087,12.615143891905786,109.26355793820599,0.2858285905879087,100
8,242,24058,0.2858285905879087,12.08633394798377,84.39271049405008,0.2858285905879087,100
8,243,24157,0.2858285905879087,11.353025445114191,111.35594166851833,0.2858285905879087,100
8,244,24256,0.2858285905879087,11.800156744426372,74.40180195315845,0.2858285905879087,100
8,245,24355,0.2858285905879087,10.381144013944631,44.91442236281919,0.2858285905879087,100
8,246,24454,0.2858285905879087,9.687744808698188,85.65355722503759,0.2858285905879087,100
8,247,24553,0.2858285905879087,10.479352809841771,131.52820496468857,0.2858285905879087,100
8,248,24652,0.2858285905879087,8.611776171897796,51.816574032472985,0.2858285905879087,100
8,249,24751,0.2858285905879087,13.814048754329203,94.67555953948765,0.2858285905879087,100
8,250,24850,0.2858285905879087,11.942673032137414,85.98295101064433,0.2858285905879087,100
8,251,24949,0.2858285905879087,9.716161208984323,79.76229659996324,0.2858285905879087,100
8,252,25048,0.2858285905879087,8.431577927981463,65.03296917469766,0.2858285905879087,100
8,253,25147,0.2858285905879087,11.583123030831958,80.10133790943165,0.2858285905879087,100
8,254,25246,0.2858285905879087,8.05660365764701,82.70917251447563,0.2858285905879087,100
8,255,25345,0.2858285905879087,12.886705061056942,124.86402851387894,0.2858285905879087,100
8,256,25444,0.2858285905879087,10.333586983572001,75.16981020677012,0.2858285905879087,100
8,257,25543,0.2858285905879087,10.575699636081115,83.77570918707974,0.2858285905879087,100
8,258,25642,0.2858285905879087,11.229555455402839,113.36569714024694,0.2858285905879087,100
8,259,25741,0.2858285905879087,12.234134960810756,148.5992711964992,0.2858285905879087,100
8,260,25840,0.2858285905879087,12.179699241071898,75.1724076890003,0.2858285905879087,100
8,261,25939,0.2858285905879087,13.809242967504352,106.38667663618526,0.2858285905879087,100
8,262,26038,0.2858285905879087,14.192144801717136,118.07600091981412,0.2858285905879087,100
8,263,26137,0.2858285905879087,10.719938681699658,57.231333777438586,0.2858285905879087,100
8,264,26236,0.2858285905879087,13.862298175179056,91.00246215428137,0.2858285905879087,100
8,265,26335,0.2858285905879087,12.963370164496132,84.95392517824445,0.2858285905879087,100
8,266,26434,0.2858285905879087,12.134516525408579,134.0342699449991,0.2858285905879087,100
8,267,26533,0.2858285905879087,10.571147238777039,88.43583627200405,0.2858285905879087,100
8,268,26632,0.2858285905879087,12.342586236658313,60.21494644347584,0.2858285905879087,100
8,269,26731,0.2858285905879087,11.365491296854321,66.35110519624388,0.2858285905879087,100
8,270,26830,0.2858285905879087,10.277303169209858,104.82775471592477,0.2858285905879087,100
8,271,26929,0.2858285905879087,9.836698927336869,115.09655243935488,0.2858285905879087,100
8,272,27028,0.2858285905879087,12.964389403041164,56.33133315458376,0.2858285905879087,100
8,273,27127,0.2858285905879087,12.20008483385034,80.4780657490518,0.2858285905879087,100
8,274,27226,0.2858285905879087,11.15030278163339,75.15671889892614,0.2858285905879087,100
8,275,27325,0.2858285905879087,10.042879042311784,68.89828577335993,0.2858285905879087,100
8,276,27424,0.2858285905879087,11.308032198897452,89.13056566848242,0.2858285905879087,100
8,277,27523,0.2858285905879087,9.76723959947972,66.30648418899986,0.2858285905879087,100
8,278,27622,0.2858285905879087,12.535764863187278,130.16481550495362,0.2858285905879087,100
8,279,27721,0.2858285905879087,11.11529591056055,87.2626061913537,0.2858285905879087,100
8,280,27820,0.2858285905879087,11.54651312847093,103.7444823335684,0.2858285905879087,100
8,281,27919,0.2858285905879087,13.560687133218801,89.0386281932224,0.2858285905879087,100
8,282,28018,0.2858285905879087,11.82547833204057,99.72061597613903,0.2858285905879087,100
8,283,28117,0.2858285905879087,12.431362462108504,122.84845188002858,0.2858285905879087,100
8,284,28216,0.2858285905879087,11.938888177062346,73.46726834581116,0.2858285905879087,100
8,285,28315,0.2858285905879087,11.87962975957879,90.8208630619746,0.2858285905879087,100
8,286,28414,0.2858285905879087,10.792701487899663,69.0069512155089,0.2858285905879087,100
8,287,28513,0.2858285905879087,10.754095433407986,61.5651753388647,0.2858285905879087,100
8,288,28612,0.2858285905879087,9.895989345519055,56.852826591829896,0.2858285905879087,100
8,289,28711,0.2858285905879087,12.657157625348109,95.22941429902109,0.2858285905879087,100
8,290,28810,0.2858285905879087,10.592794573533702,61.95721387412846,0.2858285905879087,100
8,291,28909,0.2858285905879087,13.928216314277968,77.95562404979108,0.2858285905879087,100
8,292,29008,0.2858285905879087,10.920807193113934,114.30294890954153,0.2858285905879087,100
8,293,29107,0.2858285905879087,10.815969560094167,72.45029999552773,0.2858285905879087,100
8,294,29206,0.2858285905879087,10.249946551222452,73.0930171943623,0.2858285905879087,100
8,295,29305,0.2858285905879087,9.019136820421076,76.25586153935687,0.2858285905879087,100
8,296,29404,0.2858285905879087,14.482455242067754,91.97207250041683,0.2858285905879087,100
8,297,29503,0.2858285905879087,10.390257724454251,69.75045490370927,0.2858285905879087,100
8,298,29602,0.2858285905879087,13.639262726956481,115.61629155625195,0.2858285905879087,100
8,299,29701,0.2858285905879087,11.55803864756964,84.05161027319649,0.2858285905879087,100
8,300,29800,0.2858285905879087,10.232261711616975,64.39199713114505,0.2858285905879087,100
8,301,29899,0.2858285905879087,10.140801733020252,69.62771420246615,0.2858285905879087,100
8,302,29998,0.2858285905879087,14.557829649363313,99.65821872438988,0.2858285905879087,100
8,303,30097,0.2858285905879087,13.4863004421002,151.9996544303976,0.2858285905879087,100
8,304,30196,0.2858285905879087,13.81080892142278,92.66469739675632,0.2858285905879087,100
8,305,30295,0.2858285905879087,12.94551162050062,85.19239581831324,0.2858285905879087,100
8,306,30394,0.2858285905879087,10.486525742172919,59.89852938816999,0.2858285905879087,100
8,307,30493,0.2858285905879087,7.598758998380475,52.55084658381084,0.2858285905879087,100
8,308,30592,0.2858285905879087,12.275703676194414,126.23433811333841,0.2858285905879087,100
8,309,30691,0.2858285905879087,13.491493209873878,111.10155005430045,0.2858285905879087,100
8,310,30790,0.2858285905879087,9.659070136597947,98.87014300494234,0.2858285905879087,100
8,311,30889,0.2858285905879087,9.72397113241049,78.73890146003424,0.2858285905879087,100
8,312,30988,0.2858285905879087,13.406580873324481,143.0795892116671,0.2858285905879087,100
8,313,31087,0.2858285905879087,8.633311663920159,90.93778372172298,0.2858285905879087,100
8,314,31186,0.2858285905879087,11.305177762751923,94.84418562527873,0.2858285905879087,100
8,315,31285,0.2858285905879087,9.679857885869241,92.16311420361886,0.2858285905879087,100
8,316,31384,0.2858285905879087,11.143483067895637,95.70955436517815,0.2858285905879087,100
8,317,31483,0.2858285905879087,12.76419061813554,76.86276932967198,0.2858285905879087,100
8,318,31582,0.2858285905879087,11.347585042515822,102.36043884003803,0.2858285905879087,100
8,319,31681,0.2858285905879087,12.562497606474565,95.7514191736502,0.2858285905879087,100
8,320,31780,0.2858285905879087,9.535934473366348,74.07737324952929,0.2858285905879087,100
8,321,31879,0.2858285905879087,10.379037722534383,102.46072356036795,0.2858285905879087,100
8,322,31978,0.2858285905879087,10.97114696894409,57.465027976440574,0.2858285905879087,100
8,323,32077,0.2858285905879087,11.669917914122442,75.29599971873276,0.2858285905879087,100
8,324,32176,0.2858285905879087,9.777070692014338,75.63950559651497,0.2858285905879087,100
8,325,32275,0.2858285905879087,10.767740262008497,70.0132511133861,0.2858285905879087,100
8,326,32374,0.2858285905879087,9.557795400631788,90.11250442481378,0.2858285905879087,100
8,327,32473,0.2858285905879087,12.084644948004202,117.32594265006037,0.2858285905879087,100
8,328,32572,0.2858285905879087,11.264956136881201,92.18490187062228,0.2858285905879087,100
8,329,32671,0.2858285905879087,9.123966698926342,71.99903942186815,0.2858285905879087,100
8,330,32770,0.2858285905879087,9.54572342381851,54.36305681050166,0.2858285905879087,100
8,331,32869,0.2858285905879087,12.538356270003352,69.02243994266146,0.2858285905879087,100
8,332,32968,0.2858285905879087,11.766036886004525,73.7362521469797,0.2858285905879087,100
8,333,33067,0.2858285905879087,11.981989095570711,95.22859443920765,0.2858285905879087,100
8,334,33166,0.2858285905879087,8.96999809691659,61.324422899396076,0.2858285905879087,100
8,335,33265,0.2858285905879087,9.99732133224292,97.00493964610482,0.2858285905879087,100
8,336,33364,0.2858285905879087,8.518358949234885,98.44625858717197,0.2858285905879087,100
8,337,33463,0.2858285905879087,12.289979823460168,106.05835328654376,0.2858285905879087,100
8,338,33562,0.2858285905879087,11.143390914471272,56.919809883454846,0.2858285905879087,100
8,339,33661,0.2858285905879087,11.565123797373223,73.30251804647114,0.2858285905879087,100
8,340,33760,0.2858285905879087,13.428492273329436,80.88714023766444,0.2858285905879087,100
8,341,33859,0.2858285905879087,11.963914413107604,95.07184509706899,0.2858285905879087,100
8,342,33958,0.2858285905879087,12.284730867713755,88.67705450492225,0.2858285905879087,100
8,343,34057,0.2858285905879087,11.420187468708255,95.03963054946048,0.2858285905879087,100
8,344,34156,0.2858285905879087,11.19676431972695,83.6679318758157,0.2858285905879087,100
8,345,34255,0.2858285905879087,9.49787505789942,73.24426035565102,0.2858285905879087,100
8,346,34354,0.2858285905879087,12.15793270405528,157.26277211786936,0.2858285905879087,100
8,347,34453,0.2858285905879087,9.872522039943807,127.2993404717427,0.2858285905879087,100
8,348,34552,0.2858285905879087,10.14605266831524,71.25694169319891,0.2858285905879087,100
8,349,34651,0.2858285905879087,11.873724734247666,82.39705579990667,0.2858285905879087,100
8,350,34750,0.2858285905879087,10.798359929442396,96.79256964069467,0.2858285905879087,100
8,351,34849,0.2858285905879087,12.034565889088096,126.7678494617962,0.2858285905879087,100
8,352,34948,0.2858285905879087,10.80147771270921,109.53609455959584,0.2858285905879087,100
8,353,35047,0.2858285905879087,9.073047011010843,92.13794873489192,0.2858285905879087,100
8,354,35146,0.2858285905879087,14.930466700123098,87.62411672844269,0.2858285905879087,100
8,355,35245,0.2858285905879087,11.98299985874847,53.66997622945785,0.2858285905879087,100
8,356,35344,0.2858285905879087,11.834858500961495,96.70518427005148,0.2858285905879087,100
8,357,35443,0.2858285905879087,13.092969419983042,102.58908004753818,0.2858285905879087,100
8,358,35542,0.2858285905879087,9.105845701686322,89.48028307895491,0.2858285905879087,100
8,359,35641,0.2858285905879087,12.306385808112442,80.53486922359056,0.2858285905879087,100
8,360,35740,0.2858285905879087,11.517400383435621,81.24651823458086,0.2858285905879087,100
8,361,35839,0.2858285905879087,12.638843036471759,73.8904635982638,0.2858285905879087,100
8,362,35938,0.2858285905879087,11.179174394156496,101.84779619981694,0.2858285905879087,100
8,363,36037,0.2858285905879087,11.472108292747174,73.1765504273391,0.2858285905879087,100
8,364,36136,0.2858285905879087,11.321472183156443,92.82160045149392,0.2858285905879087,100
8,365,36235,0.2858285905879087,11.73395530659977,85.08170938588819,0.2858285905879087,100
8,366,36334,0.2858285905879087,11.180813861446284,71.30757637563609,0.2858285905879087,100
8,367,36433,0.2858285905879087,11.525875101673673,104.65681609915497,0.2858285905879087,100
8,368,36532,0.2858285905879087,10.312937497006349,75.68281941752768,0.2858285905879087,100
8,369,36631,0.2858285905879087,11.884700990137828,98.2849550317803,0.2858285905879087,100
8,370,36730,0.2858285905879087,13.080170475771931,125.67250225730876,0.2858285905879087,100
8,371,36829,0.2858285905879087,12.504159701484024,115.61816393327682,0.2858285905879087,100
8,372,36928,0.2858285905879087,11.088119332473434,80.99727163949639,0.2858285905879087,100
8,373,37027,0.2858285905879087,15.120490350663234,88.7426827269849,0.2858285905879087,100
8,374,37126,0.2858285905879087,10.652506852572019,79.13843180908354,0.2858285905879087,100
8,375,37225,0.2858285905879087,12.238301685125043,88.31605573150088,0.2858285905879087,100
8,376,37324,0.2858285905879087,11.027012854615219,77.2976827311491,0.2858285905879087,100
8,377,37423,0.2858285905879087,9.277438341719812,95.00063097569189,0.2858285905879087,100
8,378,37522,0.2858285905879087,14.621863278041074,100.11259752898118,0.2858285905879087,100
8,379,37621,0.2858285905879087,12.80819958420607,120.30468520749653,0.2858285905879087,100
8,380,37720,0.2858285905879087,16.405486039680945,88.3445537617757,0.2858285905879087,100
8,381,37819,0.2858285905879087,12.519003242841736,87.39708041943759,0.2858285905879087,100
8,382,37918,0.2858285905879087,10.511831863399333,78.49202204355217,0.2858285905879087,100
8,383,38017,0.2858285905879087,9.8829386670893,65.54516461540499,0.2858285905879087,100
8,384,38116,0.2858285905879087,8.692857451011943,42.95370040314364,0.2858285905879087,100
8,385,38215,0.2858285905879087,8.87893535817852,73.61018683800194,0.2858285905879087,100
8,386,38314,0.2858285905879087,13.15203580058642,127.76875506355421,0.2858285905879087,100
8,387,38413,0.2858285905879087,8.79570459148635,57.25434507007246,0.2858285905879087,100
8,388,38512,0.2858285905879087,10.450611873161504,93.00535910965195,0.2858285905879087,100
8,389,38611,0.2858285905879087,11.107730165856132,85.96799489634938,0.2858285905879087,100
8,390,38710,0.2858285905879087,10.336037599341651,69.05255554086246,0.2858285905879087,100
8,391,38809,0.2858285905879087,10.643502105570525,74.1849332333698,0.2858285905879087,100
8,392,38908,0.2858285905879087,10.460110059007127,58.238476502588156,0.2858285905879087,100
8,393,39007,0.2858285905879087,8.224536328462587,71.68603841796369,0.2858285905879087,100
8,394,39106,0.2858285905879087,7.638069238170888,41.502720524268135,0.2858285905879087,100
8,395,39205,0.2858285905879087,10.679445707002172,101.92123836033062,0.2858285905879087,100
8,396,39304,0.2858285905879087,12.651320957541948,79.33946471882278,0.2858285905879087,100
8,397,39403,0.2858285905879087,11.058768094760529,82.29647750838755,0.2858285905879087,100
8,398,39502,0.2858285905879087,9.381932608137705,94.73005832011236,0.2858285905879087,100
8,399,39601,0.2858285905879087,11.2450163011,86.62885920404621,0.2858285905879087,100
8,400,39700,0.2858285905879087,12.135601450523447,98.32568713327036,0.2858285905879087,100
8,401,39799,0.2858285905879087,11.57055359103632,82.51531772056747,0.2858285905879087,100
8,402,39898,0.2858285905879087,12.419920203826461,145.24601905319616,0.2858285905879087,100
8,403,39997,0.2858285905879087,9.399618461488487,68.65565823229382,0.2858285905879087,100
8,404,40096,0.2858285905879087,8.743488366348098,78.71557490151851,0.2858285905879087,100
8,405,40195,0.2858285905879087,12.413768112024982,77.71291703456086,0.2858285905879087,100
8,406,40294,0.2858285905879087,9.73309161264574,50.439359397730925,0.2858285905879087,100
8,407,40393,0.2858285905879087,10.5288114625983,73.13326884317178,0.2858285905879087,100
8,408,40492,0.2858285905879087,13.263421481904174,197.4615589443662,0.2858285905879087,100
8,409,40591,0.2858285905879087,15.44288717492862,144.01943134753674,0.2858285905879087,100
8,410,40690,0.2858285905879087,11.749413214221251,72.42855704778611,0.2858285905879087,100
8,411,40789,0.2858285905879087,10.946919110289882,62.054574767550434,0.2858285905879087,100
8,412,40888,0.2858285905879087,12.299766883170191,69.60527635219279,0.2858285905879087,100
8,413,40987,0.2858285905879087,11.535757793617615,71.8170895090554,0.2858285905879087,100
8,414,41086,0.2858285905879087,8.108509984979882,76.32893532879403,0.2858285905879087,100
8,415,41185,0.2858285905879087,9.712453559986969,116.33679163053735,0.2858285905879087,100
8,416,41284,0.2858285905879087,11.36907253926939,73.86512384668967,0.2858285905879087,100
8,417,41383,0.2858285905879087,9.177623244514606,102.93797987757549,0.2858285905879087,100
8,418,41482,0.2858285905879087,10.414621345356755,53.426991937847774,0.2858285905879087,100
8,419,41581,0.2858285905879087,9.144316465639339,53.731656871845374,0.2858285905879087,100
8,420,41680,0.2858285905879087,12.273505049953691,89.44860048189095,0.2858285905879087,100
8,421,41779,0.2858285905879087,11.784694558342991,79.80958112044993,0.2858285905879087,100
8,422,41878,0.2858285905879087,12.440542021313346,114.41528592134526,0.2858285905879087,100
8,423,41977,0.2858285905879087,11.376549968848824,70.1377836668584,0.2858285905879087,100
8,424,42076,0.2858285905879087,10.038863514469803,74.94917627294942,0.2858285905879087,100
8,425,42175,0.2858285905879087,11.352245456749893,120.80196537132271,0.2858285905879087,100
8,426,42274,0.2858285905879087,12.287819493747769,151.15355626673508,0.2858285905879087,100
8,427,42373,0.2858285905879087,13.348566735399054,171.2907430301669,0.2858285905879087,100
8,428,42472,0.2858285905879087,9.518477686286468,84.71894899080316,0.2858285905879087,100
8,429,42571,0.2858285905879087,12.789433319188028,94.6092114269816,0.2858285905879087,100
8,430,42670,0.2858285905879087,10.1711845628949,57.766436280056666,0.2858285905879087,100
8,431,42769,0.2858285905879087,11.52039071638562,90.06484358281172,0.2858285905879087,100
8,432,42868,0.2858285905879087,14.322534847886445,116.5965875347375,0.2858285905879087,100
8,433,42967,0.2858285905879087,9.842271049913858,81.40522451714574,0.2858285905879087,100
8,434,43066,0.2858285905879087,12.76590773923499,93.60654043798249,0.2858285905879087,100
8,435,43165,0.2858285905879087,9.417012844883923,79.37832084722012,0.2858285905879087,100
8,436,43264,0.2858285905879087,10.45605731777866,64.89670129734249,0.2858285905879087,100
8,437,43363,0.2858285905879087,9.303720047861502,52.70705728821524,0.2858285905879087,100
8,438,43462,0.2858285905879087,9.486661760638047,93.29482931239355,0.2858285905879087,100
8,439,43561,0.2858285905879087,10.956743069416337,75.20719764128027,0.2858285905879087,100
8,440,43660,0.2858285905879087,12.078502695510224,89.05028644395047,0.2858285905879087,100
8,441,43759,0.2858285905879087,9.527504845715333,115.15378141214033,0.2858285905879087,100
8,442,43858,0.2858285905879087,10.101976989470456,79.94724447351186,0.2858285905879087,100
8,443,43957,0.2858285905879087,8.028618699910579,55.975695776889964,0.2858285905879087,100
8,444,44056,0.2858285905879087,11.182368895981515,92.77286115395576,0.2858285905879087,100
8,445,44155,0.2858285905879087,10.036567090358362,88.50506614175018,0.2858285905879087,100
8,446,44254,0.2858285905879087,9.508785326522068,77.60594415894145,0.2858285905879087,100
8,447,44353,0.2858285905879087,12.693387195363481,141.86598598466415,0.2858285905879087,100
8,448,44452,0.2858285905879087,13.522911888737946,80.53012551384583,0.2858285905879087,100
8,449,44551,0.2858285905879087,12.934971292176671,71.07838751256982,0.2858285905879087,100
8,450,44650,0.2858285905879087,11.391738340748898,122.04956253965912,0.2858285905879087,100
8,451,44749,0.2858285905879087,11.223157142507223,79.34199766120358,0.2858285905879087,100
8,452,44848,0.2858285905879087,10.237923273116083,108.37625653793232,0.2858285905879087,100
8,453,44947,0.2858285905879087,11.75579351112899,114.66460542660889,0.2858285905879087,100
8,454,45046,0.2858285905879087,10.085058428400147,83.25316111829359,0.2858285905879087,100
8,455,45145,0.2858285905879087,10.817191106362545,74.15749438724441,0.2858285905879087,100
8,456,45244,0.2858285905879087,10.955051899886644,106.71957244221092,0.2858285905879087,100
8,457,45343,0.2858285905879087,10.777001222655713,70.70810720350696,0.2858285905879087,100
8,458,45442,0.2858285905879087,10.682771196526721,84.26549001074385,0.2858285905879087,100
8,459,45541,0.2858285905879087,12.215655734645043,94.16686878343617,0.2858285905879087,100
8,460,45640,0.2858285905879087,11.931656765139044,78.39489164898956,0.2858285905879087,100
8,461,45739,0.2858285905879087,11.54105276966722,66.07524620962977,0.2858285905879087,100
8,462,45838,0.2858285905879087,10.52254003561578,102.96910225678592,0.2858285905879087,100
8,463,45937,0.2858285905879087,10.6540391535199,85.38753232275668,0.2858285905879087,100
8,464,46036,0.2858285905879087,10.206849996187485,86.48451252525457,0.2858285905879087,100
8,465,46135,0.2858285905879087,10.834256167502517,77.04257725389296,0.2858285905879087,100
8,466,46234,0.2858285905879087,11.904550210586656,115.37759392787906,0.2858285905879087,100
8,467,46333,0.2858285905879087,14.400558796359167,113.44862298357522,0.2858285905879087,100
8,468,46432,0.2858285905879087,10.028358524906567,84.94408889491228,0.2858285905879087,100
8,469,46531,0.2858285905879087,8.066127225095233,91.5859037358149,0.2858285905879087,100
8,470,46630,0.2858285905879087,7.95962155015171,80.23208132405227,0.2858285905879087,100
8,471,46729,0.2858285905879087,12.115223942998002,109.36812497984418,0.2858285905879087,100
8,472,46828,0.2858285905879087,12.657316422055858,96.33699771141045,0.2858285905879087,100
8,473,46927,0.2858285905879087,10.44797527779893,67.7867493352655,0.2858285905879087,100
8,474,47026,0.2858285905879087,11.776865487383036,107.26463022499723,0.2858285905879087,100
8,475,47125,0.2858285905879087,8.229058763461824,56.05755020193244,0.2858285905879087,100
8,476,47224,0.2858285905879087,8.642902915789305,51.94771492337951,0.2858285905879087,100
8,477,47323,0.2858285905879087,11.356936402632527,77.45168890614865,0.2858285905879087,100
8,478,47422,0.2858285905879087,14.791865222863466,75.96241754139005,0.2858285905879087,100
8,479,47521,0.2858285905879087,9.240087707536786,71.29175985022816,0.2858285905879087,100
8,480,47620,0.2858285905879087,7.515138840099404,47.59715220742939,0.2858285905879087,100
8,481,47719,0.2858285905879087,10.530516125959807,77.53861435838893,0.2858285905879087,100
8,482,47818,0.2858285905879087,7.509128260197412,81.79771263111095,0.2858285905879087,100
8,483,47917,0.2858285905879087,11.590963667968849,86.0733854166484,0.2858285905879087,100
8,484,48016,0.2858285905879087,10.740956752277434,84.3803611800398,0.2858285905879087,100
8,485,48115,0.2858285905879087,11.674736933315785,182.04730578436343,0.2858285905879087,100
8,486,48214,0.2858285905879087,12.556614442382388,66.57368175903146,0.2858285905879087,100
8,487,48313,0.2858285905879087,13.290981217022466,81.29841058276256,0.2858285905879087,100
8,488,48412,0.2858285905879087,9.866977562315228,87.2976623207418,0.2858285905879087,100
8,489,48511,0.2858285905879087,13.868222983806639,118.1000664564385,0.2858285905879087,100
8,490,48610,0.2858285905879087,16.972508978621967,152.9249320838131,0.2858285905879087,100
8,491,48709,0.2858285905879087,10.92412175467943,63.870035641041646,0.2858285905879087,100
8,492,48808,0.2858285905879087,11.221822874508707,98.69952898802217,0.2858285905879087,100
8,493,48907,0.2858285905879087,11.009234278808457,80.72703859552779,0.2858285905879087,100
8,494,49006,0.2858285905879087,9.446065781344984,71.6995333638096,0.2858285905879087,100
8,495,49105,0.2858285905879087,10.928974052850661,130.477753241976,0.2858285905879087,100
8,496,49204,0.2858285905879087,10.266730142566614,96.51115089206857,0.2858285905879087,100
8,497,49303,0.2858285905879087,8.664874272562203,62.952723700967226,0.2858285905879087,100
8,498,49402,0.2858285905879087,10.530163762443001,71.51955174792313,0.2858285905879087,100
8,499,49501,0.2858285905879087,11.990005784101943,90.75009673778291,0.2858285905879087,100
8,500,49600,0.2858285905879087,14.800522476283033,138.314808096188,0.2858285905879087,100
8,501,49699,0.2858285905879087,12.4811822143399,118.92978997759018,0.2858285905879087,100
8,502,49798,0.2858285905879087,12.507063263557605,99.6743905123008,0.2858285905879087,100
8,503,49897,0.2858285905879087,12.33118713577334,51.42221199557561,0.2858285905879087,100
8,504,49996,0.2858285905879087,12.932117746291631,116.8750900101373,0.2858285905879087,100
8,505,50000,0.2858285905879087,9.809918816927615,64.51249474640979,0.2858285905879087,100
9,0,100,50.47958286511485,544.2911232687682,978.4677747211031,50.47958286511485,100
9,1,199,35.95209962010779,258.5406089716112,671.2505135889911,35.95209962010779,100
9,2,298,19.71871284950819,109.58243936468935,379.27184236276406,19.71871284950819,100
9,3,397,6.931251610779067,52.832554230972356,240.75059358680429,6.931251610779067,100
9,4,496,1.932550349360673,30.34399471857108,98.19471013276306,1.932550349360673,100
9,5,595,1.932550349360673,23.497134237019722,104.06620700252078,1.932550349360673,100
9,6,694,1.6020450580177645,19.165962584007612,138.9852061205614,1.6020450580177645,100
9,7,793,1.6020450580177645,15.012088820870684,108.76915893157634,1.6020450580177645,100
9,8,892,0.6804466080083986,13.086087080461946,92.3693597290396,0.6804466080083986,100
9,9,991,0.6804466080083986,13.093411505723056,84.98608125035963,0.6804466080083986,100
9,10,1090,0.5356671987471213,13.229038764840508,76.20512191786594,0.5356671987471213,100
9,11,1189,0.5356671987471213,14.125903831794567,99.84857795149996,0.5356671987471213,100
9,12,1288,0.3847399495133135,12.120136216249314,69.5406385760103,0.3847399495133135,100
9,13,1387,0.3847399495133135,10.303360260448137,80.06741044795324,0.3847399495133135,100
9,14,1486,0.3847399495133135,12.766306960502977,60.79901601191913,0.3847399495133135,100
9,15,1585,0.3847399495133135,14.834212114963446,123.18863935707785,0.3847399495133135,100
9,16,1684,0.3847399495133135,12.574581521083719,86.22778386063442,0.3847399495133135,100
9,17,1783,0.3847399495133135,11.957602348006795,97.22370502372124,0.3847399495133135,100
9,18,1882,0.3847399495133135,11.443414573874664,77.2771459902614,0.3847399495133135,100
9,19,1981,0.3847399495133135,11.955626219852288,105.89901932373425,0.3847399495133135,100
9,20,2080,0.3847399495133135,10.009572519437825,87.75611074688499,0.3847399495133135,100
9,21,2179,0.3847399495133135,12.4919090544701,85.65542942195736,0.3847399495133135,100
9,22,2278,0.3847399495133135,10.09760438647122,90.85616530972052,0.3847399495133135,100
9,23,2377,0.3847399495133135,10.73615605819186,72.22702621767374,0.3847399495133135,100
9,24,2476,0.3847399495133135,13.087658616017702,110.06318261789075,0.3847399495133135,100
9,25,2575,0.3847399495133135,9.453882492697089,68.69892388371777,0.3847399495133135,100
9,26,2674,0.3847399495133135,10.776306628996153,132.53998346367905,0.3847399495133135,100
9,27,2773,0.3847399495133135,10.719632716090027,69.57403303572438,0.3847399495133135,100
9,28,2872,0.3847399495133135,10.849906049455855,65.82252856694608,0.3847399495133135,100
9,29,2971,0.3847399495133135,8.518816040290934,71.89845663891079,0.3847399495133135,100
9,30,3070,0.3847399495133135,8.936681757984974,64.10832577835555,0.3847399495133135,100
9,31,3169,0.38007851619254784,12.450666472455662,110.94584764258747,0.38007851619254784,100
9,32,3268,0.38007851619254784,9.081713093397088,69.98787622073148,0.38007851619254784,100
9,33,3367,0.38007851619254784,12.879692872225705,109.64954890518004,0.38007851619254784,100
9,34,3466,0.38007851619254784,8.60296353427467,57.63525020227836,0.38007851619254784,100
9,35,3565,0.38007851619254784,9.32253491552853,94.57542662550999,0.38007851619254784,100
9,36,3664,0.38007851619254784,10.592148433137215,100.3594676986419,0.38007851619254784,100
9,37,3763,0.38007851619254784,10.371211538807918,58.43013540546598,0.38007851619254784,100
9,38,3862,0.38007851619254784,11.82195814140888,110.30072478594876,0.38007851619254784,100
9,39,3961,0.38007851619254784,11.524998233072445,97.00435040512478,0.38007851619254784,100
9,40,4060,0.38007851619254784,10.081000972968894,73.40590202796886,0.38007851619254784,100
9,41,4159,0.38007851619254784,13.072851076214967,111.61812197468993,0.38007851619254784,100
9,42,4258,0.38007851619254784,12.671717521893683,71.69215939056193,0.38007851619254784,100
9,43,4357,0.38007851619254784,10.874379069351894,103.11537492689736,0.38007851619254784,100
9,44,4456,0.38007851619254784,10.627636865415175,99.8423511000018,0.38007851619254784,100
9,45,4555,0.38007851619254784,9.216213976351158,73.78377873909682,0.38007851619254784,100
9,46,4654,0.38007851619254784,14.057272756899486,84.95867923639148,0.38007851619254784,100
9,47,4753,0.38007851619254784,11.122470677477542,91.4503168607704,0.38007851619254784,100
9,48,4852,0.38007851619254784,10.935024503433796,77.32736768442818,0.38007851619254784,100
9,49,4951,0.38007851619254784,10.033139023680585,66.88907419561667,0.38007851619254784,100
9,50,5050,0.38007851619254784,11.934358699176176,128.12978373783687,0.38007851619254784,100
9,51,5149,0.38007851619254784,12.520636952752952,93.10555248868462,0.38007851619254784,100
9,52,5248,0.38007851619254784,12.683450374495605,101.58888207982815,0.38007851619254784,100
9,53,5347,0.38007851619254784,13.62729713749652,147.00209528262667,0.38007851619254784,100
9,54,5446,0.38007851619254784,8.655268367473049,86.93574368315252,0.38007851619254784,100
9,55,5545,0.38007851619254784,12.00141343908245,96.08794050254829,0.38007851619254784,100
9,56,5644,0.38007851619254784,11.907361295416267,113.82967932793012,0.38007851619254784,100
9,57,5743,0.38007851619254784,10.88734768663274,82.16951825910675,0.38007851619254784,100
9,58,5842,0.38007851619254784,13.382442299242713,87.5756751959883,0.38007851619254784,100
9,59,5941,0.38007851619254784,10.225278671988344,66.27238530960422,0.38007851619254784,100
9,60,6040,0.38007851619254784,10.355386143794615,65.31575861846942,0.38007851619254784,100
9,61,6139,0.38007851619254784,8.364834549566753,49.7102177121017,0.38007851619254784,100
9,62,6238,0.38007851619254784,10.273205876319446,97.90185191277769,0.38007851619254784,100
9,63,6337,0.38007851619254784,13.767152211805062,77.9674007096995,0.38007851619254784,100
9,64,6436,0.38007851619254784,8.92638765479224,53.63634809264411,0.38007851619254784,100
9,65,6535,0.38007851619254784,9.915663382185956,77.15597520132674,0.38007851619254784,100
9,66,6634,0.38007851619254784,9.96515921944878,73.76102039555656,0.38007851619254784,100
9,67,6733,0.38007851619254784,10.668351682547826,73.50940328362348,0.38007851619254784,100
9,68,6832,0.38007851619254784,9.984544561881453,105.04258882827467,0.38007851619254784,100
9,69,6931,0.38007851619254784,12.124146039445463,163.46087589257698,0.38007851619254784,100
9,70,7030,0.38007851619254784,10.827782776725694,78.90771284610564,0.38007851619254784,100
9,71,7129,0.38007851619254784,11.389277211807284,117.1979537466591,0.38007851619254784,100
9,72,7228,0.38007851619254784,11.719494349594788,114.38016527649505,0.38007851619254784,100
9,73,7327,0.38007851619254784,11.489277180781514,70.73064523791575,0.38007851619254784,100
9,74,7426,0.38007851619254784,10.523154754739087,125.95995289528136,0.38007851619254784,100
9,75,7525,0.38007851619254784,9.591804037995455,198.34901295100067,0.38007851619254784,100
9,76,7624,0.38007851619254784,13.926256455392197,128.2410812933856,0.38007851619254784,100
9,77,7723,0.38007851619254784,10.90896003493709,99.83859637532771,0.38007851619254784,100
9,78,7822,0.38007851619254784,14.958979080321877,97.05486567776879,0.38007851619254784,100
9,79,7921,0.38007851619254784,8.386460961863587,60.139452805525096,0.38007851619254784,100
9,80,8020,0.38007851619254784,11.033018345038696,73.32185246254751,0.38007851619254784,100
9,81,8119,0.38007851619254784,13.856298026053254,123.02983341467987,0.38007851619254784,100
9,82,8218,0.38007851619254784,8.379460534825874,72.93939285195303,0.38007851619254784,100
9,83,8317,0.38007851619254784,10.626080137430227,63.254784444961054,0.38007851619254784,100
9,84,8416,0.38007851619254784,10.762200111619766,85.50012991198916,0.38007851619254784,100
9,85,8515,0.38007851619254784,14.418534921256445,124.31735951812871,0.38007851619254784,100
9,86,8614,0.38007851619254784,12.925334542287603,61.52552125278237,0.38007851619254784,100
9,87,8713,0.38007851619254784,15.054245196470447,96.4451231653519,0.38007851619254784,100
9,88,8812,0.38007851619254784,11.257150293686877,99.75292166396092,0.38007851619254784,100
9,89,8911,0.38007851619254784,12.821201147044688,119.59791717607915,0.38007851619254784,100
9,90,9010,0.38007851619254784,11.901887290471562,112.67316984477755,0.38007851619254784,100
9,91,9109,0.37612462820948966,10.775899242060099,120.24375315748195,0.37612462820948966,100
9,92,9208,0.37612462820948966,13.093442880056209,119.77324912069284,0.37612462820948966,100
9,93,9307,0.37612462820948966,10.722709395536459,120.09210211076017,0.37612462820948966,100
9,94,9406,0.37612462820948966,9.938643154857113,95.68079689161013,0.37612462820948966,100
9,95,9505,0.37612462820948966,12.274871022847693,94.84122304263157,0.37612462820948966,100
9,96,9604,0.37612462820948966,13.507642218754597,91.12632366602381,0.37612462820948966,100
9,97,9703,0.37612462820948966,10.339257940960579,72.62064293251589,0.37612462820948966,100
9,98,9802,0.37612462820948966,11.240944649821351,102.92591293063086,0.37612462820948966,100
9,99,9901,0.37612462820948966,11.67959832413678,70.65611530638016,0.37612462820948966,100
9,100,10000,0.37612462820948966,13.04141176693237,107.87357619582468,0.37612462820948966,100
9,101,10099,0.29089803314483864,13.733827513757467,121.78981170295052,0.29089803314483864,100
9,102,10198,0.29089803314483864,10.025149362537746,56.85897771489092,0.29089803314483864,100
9,103,10297,0.29089803314483864,9.673052018272593,80.61370790362194,0.29089803314483864,100
9,104,10396,0.29089803314483864,15.363227331279312,73.8802464956809,0.29089803314483864,100
9,105,10495,0.29089803314483864,12.002740911500634,102.98724046773721,0.29089803314483864,100
9,106,10594,0.29089803314483864,13.579250705565958,200.18697736697825,0.29089803314483864,100
9,107,10693,0.29089803314483864,10.993374427941422,72.12491708297519,0.29089803314483864,100
9,108,10792,0.29089803314483864,11.528977010034325,81.44750561180419,0.29089803314483864,100
9,109,10891,0.29089803314483864,13.04530991490895,90.08191276789509,0.29089803314483864,100
9,110,10990,0.29089803314483864,9.421412019046896,55.240862970414156,0.29089803314483864,100
9,111,11089,0.29089803314483864,10.192097833345594,71.44986004562982,0.29089803314483864,100
9,112,11188,0.29089803314483864,11.514344406285803,71.62663555646917,0.29089803314483864,100
9,113,11287,0.29089803314483864,9.939495434652482,75.91587147780736,0.29089803314483864,100
9,114,11386,0.29089803314483864,12.544349468205592,142.17378973098204,0.29089803314483864,100
9,115,11485,0.29089803314483864,8.680148686030716,50.88906662348036,0.29089803314483864,100
9,116,11584,0.29089803314483864,13.82611472079661,153.4417364551179,0.29089803314483864,100
9,117,11683,0.29089803314483864,9.38680458177101,100.75237751861758,0.29089803314483864,100
9,118,11782,0.29089803314483864,9.51024758433792,83.62927342389422,0.29089803314483864,100
9,119,11881,0.29089803314483864,9.488890816480156,60.969021737017336,0.29089803314483864,100
9,120,11980,0.29089803314483864,11.255056147113084,96.77246393060967,0.29089803314483864,100
9,121,12079,0.29089803314483864,8.445457620220129,53.298110469519344,0.29089803314483864,100
9,122,12178,0.29089803314483864,9.082334369838499,68.0642723944811,0.29089803314483864,100
9,123,12277,0.29089803314483864,7.931835208345973,73.18988104303129,0.29089803314483864,100
9,124,12376,0.29089803314483864,12.034179828011174,54.66227192917286,0.29089803314483864,100
9,125,12475,0.29089803314483864,11.647024234299872,69.19908839857636,0.29089803314483864,100
9,126,12574,0.29089803314483864,13.523007108616945,121.944018295695,0.29089803314483864,100
9,127,12673,0.29089803314483864,12.453215507791139,70.4857590340676,0.29089803314483864,100
9,128,12772,0.29089803314483864,12.404509699197513,65.42809226111527,0.29089803314483864,100
9,129,12871,0.29089803314483864,8.385986265714529,72.16947779319767,0.29089803314483864,100
9,130,12970,0.29089803314483864,11.792983909707909,84.1262683244919,0.29089803314483864,100
9,131,13069,0.29089803314483864,14.215021142953455,149.1161320199638,0.29089803314483864,100
9,132,13168,0.2586560094174798,9.895425331751047,87.71520062157038,0.2586560094174798,100
9,133,13267,0.2586560094174798,13.201587319282721,98.88758795301302,0.2586560094174798,100
9,134,13366,0.2586560094174798,8.71280196712088,71.85293079235745,0.2586560094174798,100
9,135,13465,0.2586560094174798,11.70107359307807,115.04051216272981,0.2586560094174798,100
9,136,13564,0.2586560094174798,11.791128004463587,106.63124293440056,0.2586560094174798,100
9,137,13663,0.2586560094174798,12.57963225654202,88.54677536205713,0.2586560094174798,100
9,138,13762,0.2586560094174798,10.692971186846792,82.57933511842681,0.2586560094174798,100
9,139,13861,0.2586560094174798,13.150537472393369,130.3115792423046,0.2586560094174798,100
9,140,13960,0.2586560094174798,11.299570386234473,107.1210903966976,0.2586560094174798,100
9,141,14059,0.2586560094174798,10.804424271256202,69.45544554107735,0.2586560094174798,100
9,142,14158,0.2586560094174798,9.720930223550726,63.12902113238342,0.2586560094174798,100
9,143,14257,0.2586560094174798,11.966638120235714,132.99523005859137,0.2586560094174798,100
9,144,14356,0.2586560094174798,11.952088072971712,118.70563261400275,0.2586560094174798,100
9,145,14455,0.2586560094174798,13.330273599944809,73.27190178488983,0.2586560094174798,100
9,146,14554,0.2586560094174798,10.366045245676169,81.70375255935443,0.2586560094174798,100
9,147,14653,0.2586560094174798,17.722983313193957,201.60278166067965,0.2586560094174798,100
9,148,14752,0.2586560094174798,11.135307052411783,116.2306942774174,0.2586560094174798,100
9,149,14851,0.2586560094174798,11.370070941665817,90.25880521263508,0.2586560094174798,100
9,150,14950,0.2586560094174798,10.961408356422451,100.13720589314934,0.2586560094174798,100
9,151,15049,0.2586560094174798,11.489057086889991,89.58105564126708,0.2586560094174798,100
9,152,15148,0.2586560094174798,12.259685175882272,78.0491873873719,0.2586560094174798,100
9,153,15247,0.2586560094174798,9.497906625953997,79.79806751424714,0.2586560094174798,100
9,154,15346,0.2586560094174798,10.481093813947696,88.10302824113757,0.2586560094174798,100
9,155,15445,0.2586560094174798,7.0383657206086365,50.380043351254066,0.2586560094174798,100
9,156,15544,0.2586560094174798,12.885640700943423,124.33670454981534,0.2586560094174798,100
9,157,15643,0.2586560094174798,9.349490174962911,62.86096819349616,0.2586560094174798,100
9,158,15742,0.2586560094174798,10.643970260364622,68.27461990114969,0.2586560094174798,100
9,159,15841,0.2586560094174798,10.14136798851869,101.03690513983948,0.2586560094174798,100
9,160,15940,0.2586560094174798,13.514840715159938,69.39700807525858,0.2586560094174798,100
9,161,16039,0.2586560094174798,10.823075716826406,62.05694596380806,0.2586560094174798,100
9,162,16138,0.2586560094174798,11.006279662255581,58.537182892026976,0.2586560094174798,100
9,163,16237,0.2586560094174798,9.656845748452787,58.350041317109685,0.2586560094174798,100
9,164,16336,0.2586560094174798,13.758125969124029,74.50112603172147,0.2586560094174798,100
9,165,16435,0.2586560094174798,10.09041547933315,48.16328509825547,0.2586560094174798,100
9,166,16534,0.2586560094174798,10.714389497253794,98.37144991249716,0.2586560094174798,100
9,167,16633,0.2586560094174798,11.04928016948684,60.14055619471723,0.2586560094174798,100
9,168,16732,0.2586560094174798,9.797058503499578,56.42763344354562,0.2586560094174798,100
9,169,16831,0.2586560094174798,10.62935724354906,132.89081582987134,0.2586560094174798,100
9,170,16930,0.2586560094174798,11.87770332334734,68.8697537951904,0.2586560094174798,100
9,171,17029,0.2586560094174798,11.656381577788277,54.32739548139306,0.2586560094174798,100
9,172,17128,0.2586560094174798,10.827838739194425,96.10055080968812,0.2586560094174798,100
9,173,17227,0.2586560094174798,11.992176794058757,69.1704390981755,0.2586560094174798,100
9,174,17326,0.2586560094174798,10.497839401889777,84.60997486182276,0.2586560094174798,100
9,175,17425,0.2586560094174798,12.002003789351704,85.29925695964639,0.2586560094174798,100
9,176,17524,0.2586560094174798,13.563466310807007,80.73335578282851,0.2586560094174798,100
9,177,17623,0.2586560094174798,11.235505212534179,91.78125299857452,0.2586560094174798,100
9,178,17722,0.2586560094174798,9.076407488274945,62.86758520505564,0.2586560094174798,100
9,179,17821,0.2586560094174798,11.708649588315197,150.07481718843925,0.2586560094174798,100
9,180,17920,0.2586560094174798,10.691554583988948,112.74623462408282,0.2586560094174798,100
9,181,18019,0.2586560094174798,10.577805546167685,67.9095954764992,0.2586560094174798,100
9,182,18118,0.2586560094174798,11.637875616463738,107.32910665212945,0.2586560094174798,100
9,183,18217,0.2586560094174798,10.90563557620846,55.28034330004481,0.2586560094174798,100
9,184,18316,0.2586560094174798,11.288773018409547,83.11763411532915,0.2586560094174798,100
9,185,18415,0.2586560094174798,11.620798026690796,126.49190848340056,0.2586560094174798,100
9,186,18514,0.2586560094174798,10.48629445224044,74.91383083181252,0.2586560094174798,100
9,187,18613,0.2586560094174798,13.396911609413547,82.8437482670811,0.2586560094174798,100
9,188,18712,0.2586560094174798,11.160467792233668,81.04376760865694,0.2586560094174798,100
9,189,18811,0.2586560094174798,13.147718132124954,73.40292082687357,0.2586560094174798,100
9,190,18910,0.2586560094174798,11.942582944347023,43.30080287620716,0.2586560094174798,100
9,191,19009,0.2586560094174798,14.136129874618142,107.99905087999306,0.2586560094174798,100
9,192,19108,0.2586560094174798,13.641575413067653,102.83467247907228,0.2586560094174798,100
9,193,19207,0.2586560094174798,11.364931909210823,109.74614444993401,0.2586560094174798,100
9,194,19306,0.2586560094174798,10.88118327706039,95.76497703979375,0.2586560094174798,100
9,195,19405,0.2586560094174798,13.052342534114638,87.80779627524102,0.2586560094174798,100
9,196,19504,0.2586560094174798,14.010118484869354,83.86220803280712,0.2586560094174798,100
9,197,19603,0.2586560094174798,10.167790528610995,70.22951628810736,0.2586560094174798,100
9,198,19702,0.2586560094173851,13.853008048364488,79.06065990749768,0.2586560094173851,100
9,199,19801,0.2586560094173851,9.130301910138686,54.26582988874348,0.2586560094173851,100
9,200,19900,0.2586560094173851,12.043399954165313,96.38421446029504,0.2586560094173851,100
9,201,19999,0.2586560094173851,10.11655174524467,79.7654536453632,0.2586560094173851,100
9,202,20098,0.2586560094173851,11.782341029614548,124.08422567203988,0.2586560094173851,100
9,203,20197,0.2586560094173851,13.032438046598216,90.54359850563483,0.2586560094173851,100
9,204,20296,0.2586560094173851,13.279185592441575,90.91647135593199,0.2586560094173851,100
9,205,20395,0.2586560094173851,14.250328116234492,123.64524178396647,0.2586560094173851,100
9,206,20494,0.2586560094173851,13.047150673900855,100.33848799368967,0.2586560094173851,100
9,207,20593,0.2586560094173851,12.015529016120299,83.81037758389203,0.2586560094173851,100
9,208,20692,0.2586560094173851,11.992424257559456,72.47536355570578,0.2586560094173851,100
9,209,20791,0.2586560094173851,8.954943284881464,53.910797299274485,0.2586560094173851,100
9,210,20890,0.2586560094173851,13.87066409311761,103.25644057483711,0.2586560094173851,100
9,211,20989,0.2586560094173851,10.818821975844655,57.65043574153947,0.2586560094173851,100
9,212,21088,0.2586560094173851,11.944625199385445,94.11861091175813,0.2586560094173851,100
9,213,21187,0.2586560094173851,13.05160429769206,87.56348478137936,0.2586560094173851,100
9,214,21286,0.2586560094173851,9.479070825094517,49.590952221582725,0.2586560094173851,100
9,215,21385,0.2586560094173851,13.446409861205291,132.02476241682618,0.2586560094173851,100
9,216,21484,0.2586560094173851,9.0190027857904,60.21329426323765,0.2586560094173851,100
9,217,21583,0.2586560094173851,11.343408953033366,110.57232980608141,0.2586560094173851,100
9,218,21682,0.2586560094173851,10.64241293791172,67.47554511729767,0.2586560094173851,100
9,219,21781,0.2586560094173851,9.737278174469145,45.55386118620029,0.2586560094173851,100
9,220,21880,0.2586560094173851,14.28762718817353,106.52652472910846,0.2586560094173851,100
9,221,21979,0.2586560094173851,13.716761026665429,125.03650000368576,0.2586560094173851,100
9,222,22078,0.2586560094173851,12.477635894184571,105.49949524999342,0.2586560094173851,100
9,223,22177,0.2586560094173851,12.005945737298635,82.00456042838547,0.2586560094173851,100
9,224,22276,0.2586560094173851,10.561839611096927,104.90685171002396,0.2586560094173851,100
9,225,22375,0.2586560094173851,9.771726670021156,83.06848620362814,0.2586560094173851,100
9,226,22474,0.2586560094173851,10.230972937662424,59.329351957471545,0.2586560094173851,100
9,227,22573,0.2586560094173851,9.865877651167857,51.799611499454784,0.2586560094173851,100
9,228,22672,0.2586560094173851,11.059825376242738,80.53995430714785,0.2586560094173851,100
9,229,22771,0.2586560094173851,9.954243385407416,60.77552323872921,0.2586560094173851,100
9,230,22870,0.2586560094173851,12.927745004600716,90.81612602715569,0.2586560094173851,100
9,231,22969,0.2586560094173851,12.717754965259257,72.45524019651474,0.2586560094173851,100
9,232,23068,0.2586560094173851,8.591570825563007,50.25406372793259,0.2586560094173851,100
9,233,23167,0.2586560094173851,12.11593912501181,93.95829228080558,0.2586560094173851,100
9,234,23266,0.2586560094173851,12.960638853207929,85.4431175530919,0.2586560094173851,100
9,235,23365,0.2586560094172903,10.494615694226873,60.958719009241044,0.2586560094172903,100
9,236,23464,0.2586560094172903,12.79113497017855,90.60245880738235,0.2586560094172903,100
9,237,23563,0.2586560094172903,11.31095776578472,130.9014802366191,0.2586560094172903,100
9,238,23662,0.2586560094172903,8.870212029256233,71.84294451911822,0.2586560094172903,100
9,239,23761,0.2586560094172903,10.073714241469412,88.70409195438961,0.2586560094172903,100
9,240,23860,0.2586560094172903,10.822137259033541,83.5786629425763,0.2586560094172903,100
9,241,23959,0.2586560094172903,6.825646885096848,39.663686344697446,0.2586560094172903,100
9,242,24058,0.2586560094172903,13.558328529844221,197.26621198544586,0.2586560094172903,100
9,243,24157,0.2586560094172903,15.67127168429509,96.81238724912447,0.2586560094172903,100
9,244,24256,0.2586560094172903,15.091266669998497,129.56787474651594,0.2586560094172903,100
9,245,24355,0.2586560094172903,11.856653120638098,56.76567545872708,0.2586560094172903,100
9,246,24454,0.2586560094172903,11.267727133588787,145.9033496617378,0.2586560094172903,100
9,247,24553,0.2586560094172903,13.639014583318225,109.56320666995155,0.2586560094172903,100
9,248,24652,0.2586560094172903,9.33406497683496,110.7702206456135,0.2586560094172903,100
9,249,24751,0.2586560094172903,9.65488018880249,84.41962764282582,0.2586560094172903,100
9,250,24850,0.2586560094172903,11.060690744064948,95.36823570201383,0.2586560094172903,100
9,251,24949,0.2586560094172903,12.46807042949375,116.0238669481107,0.2586560094172903,100
9,252,25048,0.2586560094172903,8.126247936502127,75.81919556838412,0.2586560094172903,100
9,253,25147,0.2586560094172903,11.677158317741455,106.54314923455311,0.2586560094172903,100
9,254,25246,0.2586560094172903,10.97142641049927,75.19090964852953,0.2586560094172903,100
9,255,25345,0.2586560094172903,15.86870389940435,148.58891158018957,0.2586560094172903,100
9,256,25444,0.2586560094172903,13.192800191255737,88.21201920621591,0.2586560094172903,100
9,257,25543,0.2586560094172903,13.272158039675196,100.1796928617347,0.2586560094172903,100
9,258,25642,0.2586560094172903,12.508695767816462,77.40040149684953,0.2586560094172903,100
9,259,25741,0.2586560094172903,13.466235375713367,95.66459854429479,0.2586560094172903,100
9,260,25840,0.2586560094172903,11.929898415643434,88.17515056896498,0.2586560094172903,100
9,261,25939,0.2586560094172903,11.92438132069072,119.0139444103283,0.2586560094172903,100
9,262,26038,0.2586560094172903,13.152074448219171,98.26098237455402,0.2586560094172903,100
9,263,26137,0.2586560094172903,11.674043744392588,100.82730663880002,0.2586560094172903,100
9,264,26236,0.2586560094172903,10.35593275409019,98.79989446711431,0.2586560094172903,100
9,265,26335,0.2586560094172903,9.260101074542344,73.1077473373487,0.2586560094172903,100
9,266,26434,0.2586560094172903,11.456515719386315,84.73513644576964,0.2586560094172903,100
9,267,26533,0.2586560094172903,12.940984809097527,103.94859603676059,0.2586560094172903,100
9,268,26632,0.2586560094172903,8.37971220222084,53.09880503482743,0.2586560094172903,100
9,269,26731,0.2586560094172903,10.217147465630974,84.4708887165102,0.2586560094172903,100
9,270,26830,0.2586560094172903,12.055002144529402,84.45943980068247,0.2586560094172903,100
9,271,26929,0.2586560094172903,13.931550785149907,103.51256458609261,0.2586560094172903,100
9,272,27028,0.2586560094172903,10.487230383707503,115.62438397010897,0.2586560094172903,100
9,273,27127,0.2586560094172903,8.795546443833333,101.0876586725371,0.2586560094172903,100
9,274,27226,0.2586560094172903,10.07155329978574,58.95487544723014,0.2586560094172903,100
9,275,27325,0.2586560094172903,10.252675990979276,66.47606822802139,0.2586560094172903,100
9,276,27424,0.2586560094172903,16.65128723429837,201.85763087099915,0.2586560094172903,100
9,277,27523,0.2586560094172903,9.496704970949015,83.21730630676052,0.2586560094172903,100
9,278,27622,0.2586560094172903,7.338432454655276,116.94566036585148,0.2586560094172903,100
9,279,27721,0.2586560094172903,10.965463524097986,74.37847376102268,0.2586560094172903,100
9,280,27820,0.2586560094172903,9.069402269810983,119.37743267136035,0.2586560094172903,100
9,281,27919,0.2586560094172903,12.245728599411057,126.74309165395357,0.2586560094172903,100
9,282,28018,0.2586560094172903,13.164165715693848,82.11737281844835,0.2586560094172903,100
9,283,28117,0.2586560094172903,8.857978236155137,54.107800410566796,0.2586560094172903,100
9,284,28216,0.2586560094172903,13.960400229051071,122.55797148558221,0.2586560094172903,100
9,285,28315,0.2586560094172903,10.667880971906497,128.6982731714302,0.2586560094172903,100
9,286,28414,0.2586560094172903,11.896482120196124,88.51133153782044,0.2586560094172903,100
9,287,28513,0.2586560094172903,11.340446003698675,89.8303632462103,0.2586560094172903,100
9,288,28612,0.2586560094172903,10.18864135849285,80.24029004897321,0.2586560094172903,100
9,289,28711,0.2586560094172903,9.858576090173933,67.99209163496545,0.2586560094172903,100
9,290,28810,0.2586560094172903,9.611168728374631,53.62134614833803,0.2586560094172903,100
9,291,28909,0.2586560094172903,8.235719969345181,78.67612297231258,0.2586560094172903,100
9,292,29008,0.2586560094172903,11.02040925455418,72.67546947447279,0.2586560094172903,100
9,293,29107,0.2586560094172903,13.880134744722419,114.16333638699463,0.2586560094172903,100
9,294,29206,0.2586560094172903,12.76033264924708,110.19718101101006,0.2586560094172903,100
9,295,29305,0.2586560094172903,9.937472166827249,89.29899765561184,0.2586560094172903,100
9,296,29404,0.2586560094172903,11.52792663056132,56.36461652037784,0.2586560094172903,100
9,297,29503,0.2586560094172903,12.761625524277017,83.4556844410187,0.2586560094172903,100
9,298,29602,0.2586560094172903,10.500431522302716,91.64192484152528,0.2586560094172903,100
9,299,29701,0.2586560094172903,13.45851125678127,69.63017935094499,0.2586560094172903,100
9,300,29800,0.2586560094172903,12.706411365817328,100.62804883515338,0.2586560094172903,100
9,301,29899,0.2586560094172903,8.761601466037138,45.31451628594008,0.2586560094172903,100
9,302,29998,0.2586560094172903,10.736078216086785,64.65586196466849,0.2586560094172903,100
9,303,30097,0.2586560094172903,12.785522977343108,77.67478000720446,0.2586560094172903,100
9,304,30196,0.2586560094172903,10.115554540138405,69.6396931885723,0.2586560094172903,100
9,305,30295,0.2586560094172903,10.163603136900175,101.91312663013927,0.2586560094172903,100
9,306,30394,0.2586560094172903,11.858283844110561,93.42130341856956,0.2586560094172903,100
9,307,30493,0.2586560094172903,11.871080727478354,91.85271495447552,0.2586560094172903,100
9,308,30592,0.2586560094172903,13.652012687863294,81.00370045843123,0.2586560094172903,100
9,309,30691,0.2586560094172903,9.176003144566893,112.420804051305,0.2586560094172903,100
9,310,30790,0.2586560094172903,10.3324404796608,73.30242865491469,0.2586560094172903,100
9,311,30889,0.2586560094172903,12.200692355603302,84.2495481938668,0.2586560094172903,100
9,312,30988,0.2586560094172903,10.166557095223308,65.27503253771297,0.2586560094172903,100
9,313,31087,0.2586560094172903,10.407962434553331,80.98688526539954,0.2586560094172903,100
9,314,31186,0.2586560094172903,7.306820061731075,76.26294958197602,0.2586560094172903,100
9,315,31285,0.2586560094172903,11.948633895778867,75.99971769586047,0.2586560094172903,100
9,316,31384,0.2586560094172903,10.902951602929699,65.34084135239044,0.2586560094172903,100
9,317,31483,0.2586560094172903,13.512013958237178,126.40425072669045,0.2586560094172903,100
9,318,31582,0.2586560094172903,14.362437539384986,108.46258999833965,0.2586560094172903,100
9,319,31681,0.2586560094172903,10.807444139187517,108.55889714624097,0.2586560094172903,100
9,320,31780,0.2586560094172903,10.274492229546189,87.8414537648781,0.2586560094172903,100
9,321,31879,0.2586560094172903,9.02449885462634,45.32071080055056,0.2586560094172903,100
9,322,31978,0.2586560094172903,11.259463847179859,86.4799291939492,0.2586560094172903,100
9,323,32077,0.2586560094172903,9.758356241258323,65.96683298313394,0.2586560094172903,100
9,324,32176,0.2586560094172903,10.577666470264715,81.10166013307662,0.2586560094172903,100
9,325,32275,0.2586560094172903,12.561842929944543,89.45905209360863,0.2586560094172903,100
9,326,32374,0.2586560094172903,12.548210903369482,60.14736299954065,0.2586560094172903,100
9,327,32473,0.2586560094172903,9.377786438202117,45.63515657936767,0.2586560094172903,100
9,328,32572,0.2586560094172903,13.011908696783166,84.45533677832917,0.2586560094172903,100
9,329,32671,0.2586560094172903,12.369005001134605,92.76292750502326,0.2586560094172903,100
9,330,32770,0.2586560094172903,12.208522627459079,139.9617927224671,0.2586560094172903,100
9,331,32869,0.2586560094172903,10.873026579918191,129.8150019161112,0.2586560094172903,100
9,332,32968,0.2586560094172903,11.845471387429336,88.98916657090564,0.2586560094172903,100
9,333,33067,0.2586560094172903,10.046511458187243,81.59649451424801,0.2586560094172903,100
9,334,33166,0.2586560094172903,13.375599310147674,134.79668289866675,0.2586560094172903,100
9,335,33265,0.2586560094172903,10.120929032087012,97.0758580007261,0.2586560094172903,100
9,336,33364,0.2586560094172903,10.715850565463352,80.04647305952614,0.2586560094172903,100
9,337,33463,0.2586560094172903,10.908041215750213,97.6820762532542,0.2586560094172903,100
9,338,33562,0.2586560094172903,10.137655707858977,67.9931213718842,0.2586560094172903,100
9,339,33661,0.2586560094172903,10.065745592987996,68.4395836141385,0.2586560094172903,100
9,340,33760,0.2586560094172903,12.122398411953192,86.37089479149809,0.2586560094172903,100
9,341,33859,0.2586560094172903,13.55815116033112,111.4120423987579,0.2586560094172903,100
9,342,33958,0.2586560094172903,12.680772009804917,69.00506675424697,0.2586560094172903,100
9,343,34057,0.2586560094172903,11.117604343830132,65.45476148254625,0.2586560094172903,100
9,344,34156,0.2586560094172903,11.359628932457627,77.49066057245771,0.2586560094172903,100
9,345,34255,0.2586560094172903,9.303875934317352,128.53681230917883,0.2586560094172903,100
9,346,34354,0.2586560094172903,16.723133432553897,121.14788347357779,0.2586560094172903,100
9,347,34453,0.2586560094172903,12.932605222139795,85.48828453122104,0.2586560094172903,100
9,348,34552,0.2586560094172903,12.94086932216726,178.5098667875381,0.2586560094172903,100
9,349,34651,0.2586560094172903,10.457410454649029,87.64123504793609,0.2586560094172903,100
9,350,34750,0.2586560094172903,12.528555678921913,101.17486681711681,0.2586560094172903,100
9,351,34849,0.2586560094172903,12.252849476336086,58.481322833578666,0.2586560094172903,100
9,352,34948,0.2586560094172903,10.198951642398317,93.71709203496131,0.2586560094172903,100
9,353,35047,0.2586560094172903,13.204323664901635,115.02042754089099,0.2586560094172903,100
9,354,35146,0.2586560094172903,11.57243416805425,93.68815464119245,0.2586560094172903,100
9,355,35245,0.2586560094172903,10.87159878115116,92.02396518538623,0.2586560094172903,100
9,356,35344,0.2586560094172903,11.736430011549043,155.57330028463807,0.2586560094172903,100
9,357,35443,0.2586560094172903,9.215541175113124,65.94549534256855,0.2586560094172903,100
9,358,35542,0.2586560094172903,8.6884767900329,81.54660020127454,0.2586560094172903,100
9,359,35641,0.2586560094172903,14.64210813415755,107.23082888682714,0.2586560094172903,100
9,360,35740,0.2586560094172903,13.909188622342704,97.07261909991166,0.2586560094172903,100
9,361,35839,0.2586560094172903,13.071041296913698,163.25032628881976,0.2586560094172903,100
9,362,35938,0.2586560094172903,9.71487917802628,105.78724115161596,0.2586560094172903,100
9,363,36037,0.2586560094172903,11.40367102785766,89.48742848823458,0.2586560094172903,100
9,364,36136,0.2586560094172903,11.020729272811883,65.4336053904596,0.2586560094172903,100
9,365,36235,0.2586560094172903,9.627208397473142,78.26248008927857,0.2586560094172903,100
9,366,36334,0.2586560094172903,12.139913015198438,90.38216840061307,0.2586560094172903,100
9,367,36433,0.2586560094172903,7.956724721277899,67.28298659769649,0.2586560094172903,100
9,368,36532,0.2586560094172903,8.965341089222342,56.24101211807748,0.2586560094172903,100
9,369,36631,0.2586560094172903,9.098487790002975,50.010033098751045,0.2586560094172903,100
9,370,36730,0.2586560094172903,9.288144095122032,87.55106442812647,0.2586560094172903,100
9,371,36829,0.2586560094172903,10.409229015150128,75.85943924157067,0.2586560094172903,100
9,372,36928,0.2586560094172903,11.465111001741612,108.97410429897273,0.2586560094172903,100
9,373,37027,0.2586560094172903,9.090372292591384,73.44558684007265,0.2586560094172903,100
9,374,37126,0.2586560094172903,11.045852287245964,139.98585282723633,0.2586560094172903,100
9,375,37225,0.2586560094172903,14.472213242923909,132.944694764968,0.2586560094172903,100
9,376,37324,0.2586560094172903,10.673102164415356,87.04616016818646,0.2586560094172903,100
9,377,37423,0.2586560094172903,13.231383703922601,105.8074654644384,0.2586560094172903,100
9,378,37522,0.2586560094172903,10.200023430587493,56.544472973371704,0.2586560094172903,100
9,379,37621,0.2586560094172903,12.582545858528864,109.33513752328976,0.2586560094172903,100
9,380,37720,0.2586560094172903,8.734197369671067,60.610717813455146,0.2586560094172903,100
9,381,37819,0.2586560094172903,10.816161902229815,88.49687208152433,0.2586560094172903,100
9,382,37918,0.2586560094172903,7.955783338709443,59.372148450513244,0.2586560094172903,100
9,383,38017,0.2586560094172903,12.929024532413498,104.68445636843877,0.2586560094172903,100
9,384,38116,0.2586560094172903,10.88255978071253,77.99493333306337,0.2586560094172903,100
9,385,38215,0.2586560094172903,10.249234610896286,120.28042009366861,0.2586560094172903,100
9,386,38314,0.2586560094172903,10.91952085685288,88.90169962081882,0.2586560094172903,100
9,387,38413,0.2586560094172903,15.820034089501616,100.08164574100421,0.2586560094172903,100
9,388,38512,0.2586560094172903,12.043768016235468,158.30193450058476,0.2586560094172903,100
9,389,38611,0.2586560094172903,10.488670111656827,78.03401427980943,0.2586560094172903,100
9,390,38710,0.2586560094172903,11.935128846814939,86.01248592829278,0.2586560094172903,100
9,391,38809,0.2586560094172903,10.871052962245424,73.51270141863331,0.2586560094172903,100
9,392,38908,0.2586560094172903,12.251551010163887,92.93107624153532,0.2586560094172903,100
9,393,39007,0.2586560094172903,10.960429566971124,100.13035754398646,0.2586560094172903,100
9,394,39106,0.2586560094172903,9.925307910592329,62.23814745268981,0.2586560094172903,100
9,395,39205,0.2586560094172903,11.01657615149625,96.63962083232559,0.2586560094172903,100
9,396,39304,0.2586560094172903,9.161125699724254,67.14307770591294,0.2586560094172903,100
9,397,39403,0.2586560094172903,10.236197941845333,53.80831863236295,0.2586560094172903,100
9,398,39502,0.2586560094172903,12.198471656393506,90.38584085148976,0.2586560094172903,100
9,399,39601,0.2586560094172903,11.493624512838764,77.22166665419597,0.2586560094172903,100
9,400,39700,0.2586560094172903,12.101199429277528,122.81609284185964,0.2586560094172903,100
9,401,39799,0.2586560094172903,12.020959664300499,90.91785965281198,0.2586560094172903,100
9,402,39898,0.2586560094172903,11.765658257729932,101.52529893802468,0.2586560094172903,100
9,403,39997,0.2586560094172903,8.547865845067104,74.24029461992173,0.2586560094172903,100
9,404,40096,0.2586560094172903,10.63369839007549,75.67449749688421,0.2586560094172903,100
9,405,40195,0.2586560094172903,9.242059170504428,106.74896285011793,0.2586560094172903,100
9,406,40294,0.2586560094172903,10.522403037559473,65.59494553878406,0.2586560094172903,100
9,407,40393,0.2586560094172903,10.831568266792042,78.97160997146372,0.2586560094172903,100
9,408,40492,0.2586560094172903,13.235746770990739,75.36867800767881,0.2586560094172903,100
9,409,40591,0.2586560094172903,9.136481263979487,56.10162996227681,0.2586560094172903,100
9,410,40690,0.2586560094172903,11.990669056538222,74.88567103352996,0.2586560094172903,100
9,411,40789,0.2586560094172903,11.590321740916378,130.60855202990334,0.2586560094172903,100
9,412,40888,0.2586560094172903,8.196703246827434,87.66465904573604,0.2586560094172903,100
9,413,40987,0.2586560094172903,13.461921438458674,116.39920727781188,0.2586560094172903,100
9,414,41086,0.2586560094172903,11.65105100811327,75.14634724017107,0.2586560094172903,100
9,415,41185,0.2586560094172903,10.823883216592444,63.526924621487595,0.2586560094172903,100
9,416,41284,0.2586560094172903,11.8330837702849,65.3669616751249,0.2586560094172903,100
9,417,41383,0.2586560094172903,9.599956178231857,75.75784117668297,0.2586560094172903,100
9,418,41482,0.2586560094172903,9.53070579037093,57.36451253477288,0.2586560094172903,100
9,419,41581,0.2586560094172903,11.92392130295012,98.05336929250569,0.2586560094172903,100
9,420,41680,0.2586560094172903,9.701780346855763,66.78928706157197,0.2586560094172903,100
9,421,41779,0.2586560094172903,12.949481102551584,96.69082989380475,0.2586560094172903,100
9,422,41878,0.2586560094172903,13.918704144605725,91.89478966046619,0.2586560094172903,100
9,423,41977,0.2586560094172903,10.335192788074638,61.0975280992745,0.2586560094172903,100
9,424,42076,0.2586560094172903,10.140860984252306,112.9227907987238,0.2586560094172903,100
9,425,42175,0.2586560094172903,12.533134772825585,151.62037449395848,0.2586560094172903,100
9,426,42274,0.2586560094172903,12.234098848097133,85.97414237624395,0.2586560094172903,100
9,427,42373,0.2586560094172903,6.277747441836958,62.26791420204735,0.2586560094172903,100
9,428,42472,0.2586560094172903,11.500002689446049,76.49539984795477,0.2586560094172903,100
9,429,42571,0.2586560094172903,10.005111199914488,88.25332386686004,0.2586560094172903,100
9,430,42670,0.2586560094172903,13.53788068273406,111.60461229764053,0.2586560094172903,100
9,431,42769,0.2586560094172903,11.870873259686782,101.9303261997096,0.2586560094172903,100
9,432,42868,0.2586560094172903,8.913896117876156,74.4085411313924,0.2586560094172903,100
9,433,42967,0.2586560094172903,11.891822749658079,73.08112948474921,0.2586560094172903,100
9,434,43066,0.2586560094172903,11.93790372536844,95.61221331366178,0.2586560094172903,100
9,435,43165,0.2586560094172903,13.411724707388846,86.07067577943408,0.2586560094172903,100
9,436,43264,0.2586560094172903,11.46014098475256,86.48404176639575,0.2586560094172903,100
9,437,43363,0.2586560094172903,10.582582722157577,75.98512381797694,0.2586560094172903,100
9,438,43462,0.2586560094172903,10.609527557414117,87.96089292471841,0.2586560094172903,100
9,439,43561,0.2586560094172903,9.985433566106549,182.54995736472824,0.2586560094172903,100
9,440,43660,0.2586560094172903,12.47615548643622,70.81842048511615,0.2586560094172903,100
9,441,43759,0.2586560094172903,10.041421430903153,128.07033123902642,0.2586560094172903,100
9,442,43858,0.2586560094172903,10.35624866438139,119.22485008891806,0.2586560094172903,100
9,443,43957,0.2586560094172903,10.272084655207694,60.059499412288275,0.2586560094172903,100
9,444,44056,0.2586560094172903,11.790753317828365,94.65328162050915,0.2586560094172903,100
9,445,44155,0.2586560094172903,8.954422160484908,86.90950960812377,0.2586560094172903,100
9,446,44254,0.2586560094172903,11.11486988688662,97.20720804821205,0.2586560094172903,100
9,447,44353,0.2586560094172903,9.06124283489222,77.53737942961479,0.2586560094172903,100
9,448,44452,0.2586560094172903,12.829703468522428,166.00788341613332,0.2586560094172903,100
9,449,44551,0.2586560094172903,12.803608257332055,112.37349097725853,0.2586560094172903,100
9,450,44650,0.2586560094172903,12.517176395522165,82.19332441722784,0.2586560094172903,100
9,451,44749,0.2586560094172903,14.33171930287592,132.03034360702418,0.2586560094172903,100
9,452,44848,0.2586560094172903,8.99378697524123,90.70471891111947,0.2586560094172903,100
9,453,44947,0.2586560094172903,15.020343293640648,110.81119083032588,0.2586560094172903,100
9,454,45046,0.2586560094172903,12.704360607653644,82.07934121409303,0.2586560094172903,100
9,455,45145,0.2586560094172903,7.9010171393061555,44.44005698106512,0.2586560094172903,100
9,456,45244,0.2586560094172903,13.330351333302936,128.73017492628412,0.2586560094172903,100
9,457,45343,0.2586560094172903,12.622143635622765,60.737303599012165,0.2586560094172903,100
9,458,45442,0.2586560094172903,8.587197488393985,57.7145058487542,0.2586560094172903,100
9,459,45541,0.2586560094172903,10.937213639162737,110.56560202011443,0.2586560094172903,100
9,460,45640,0.2586560094172903,11.756825200689894,121.6928408951411,0.2586560094172903,100
9,461,45739,0.2586560094172903,11.03180151893451,77.01601362945635,0.2586560094172903,100
9,462,45838,0.2586560094172903,12.057640252566372,102.45416287729834,0.2586560094172903,100
9,463,45937,0.2586560094172903,10.93612180719083,79.50599099820198,0.2586560094172903,100
9,464,46036,0.2586560094172903,13.75403231241217,139.52150563413886,0.2586560094172903,100
9,465,46135,0.2586560094172903,14.52937839853635,124.03735341431903,0.2586560094172903,100
9,466,46234,0.2586560094172903,12.630415378062764,109.15916287690563,0.2586560094172903,100
9,467,46333,0.2586560094172903,11.75284936036827,77.87664985811894,0.2586560094172903,100
9,468,46432,0.2586560094172903,11.267439384496283,112.43333805393755,0.2586560094172903,100
9,469,46531,0.2586560094172903,11.350853828275378,59.14273484083869,0.2586560094172903,100
9,470,46630,0.2586560094172903,9.403308142542556,47.618652558488336,0.2586560094172903,100
9,471,46729,0.2586560094172903,10.573670004702944,81.55650286099798,0.2586560094172903,100
9,472,46828,0.2586560094172903,9.893455869369642,63.39789187549608,0.2586560094172903,100
9,473,46927,0.2586560094172903,10.619960967750174,96.15134731685838,0.2586560094172903,100
9,474,47026,0.2586560094172903,12.084409975198476,71.51379632482386,0.2586560094172903,100
9,475,47125,0.2586560094172903,13.6979542682316,114.50331510094244,0.2586560094172903,100
9,476,47224,0.2586560094172903,12.233111992924886,80.58742889118699,0.2586560094172903,100
9,477,47323,0.2586560094172903,11.270295943371229,59.82651734516994,0.2586560094172903,100
9,478,47422,0.2586560094172903,12.953973879185241,148.08236061597972,0.2586560094172903,100
9,479,47521,0.2586560094172903,13.701372294442454,116.6000148238104,0.2586560094172903,100
9,480,47620,0.2586560094172903,16.157224510443665,128.47661729650304,0.2586560094172903,100
9,481,47719,0.2586560094172903,10.526188944580007,96.20746737637727,0.2586560094172903,100
9,482,47818,0.2586560094172903,12.301895959977536,121.99317618456894,0.2586560094172903,100
9,483,47917,0.2586560094172903,10.81020281971946,90.41521915158452,0.2586560094172903,100
9,484,48016,0.2586560094172903,8.406767645920963,94.36361452656692,0.2586560094172903,100
9,485,48115,0.2586560094172903,9.093141338939832,66.72403430859008,0.2586560094172903,100
9,486,48214,0.2586560094172903,12.554423622342703,89.59991993945629,0.2586560094172903,100
9,487,48313,0.2586560094172903,11.075708809941863,81.15933894004488,0.2586560094172903,100
9,488,48412,0.2586560094172903,10.884917960826785,82.11658884018388,0.2586560094172903,100
9,489,48511,0.2586560094172903,11.463897633254371,89.58891755396364,0.2586560094172903,100
9,490,48610,0.2586560094172903,9.959766504287565,99.53330406389057,0.2586560094172903,100
9,491,48709,0.2586560094172903,15.441059598660654,154.37674871698363,0.2586560094172903,100
9,492,48808,0.2586560094172903,12.128537436298117,108.11738684527074,0.2586560094172903,100
9,493,48907,0.2586560094172903,12.65893344323586,128.28174733503684,0.2586560094172903,100
9,494,49006,0.2586560094172903,13.203581758729491,88.42035259803511,0.2586560094172903,100
9,495,49105,0.2586560094172903,11.709748384846607,106.96028830908209,0.2586560094172903,100
9,496,49204,0.2586560094172903,12.646218304994845,84.74199006826666,0.2586560094172903,100
9,497,49303,0.2586560094172903,13.401373897928043,76.09422884228977,0.2586560094172903,100
9,498,49402,0.2586560094172903,11.594876606051436,68.58087454893541,0.2586560094172903,100
9,499,49501,0.2586560094172903,12.671670485730358,104.77580620643833,0.2586560094172903,100
9,500,49600,0.2586560094172903,9.6484199482838,68.80131933707081,0.2586560094172903,100
9,501,49699,0.2586560094172903,13.740261127801917,121.48646158723072,0.2586560094172903,100
9,502,49798,0.2586560094172903,10.535036653438825,114.5145037179253,0.2586560094172903,100
9,503,49897,0.2586560094172903,11.021932549609096,86.99662006756209,0.2586560094172903,100
9,504,49996,0.2586560094172903,12.201102256780366,94.11514540183519,0.2586560094172903,100
9,505,50000,0.2586560094172903,9.780266373123238,47.895245414180366,0.2586560094172903,100
10,0,100,88.77808948457664,557.5795656340637,972.8733842250545,88.77808948457664,100
10,1,199,35.19529284257631,277.94716470721926,667.6915270701331,35.19529284257631,100
10,2,298,32.03465723732185,142.51933309674567,409.7828873962902,32.03465723732185,100
10,3,397,12.022634474383981,65.61556091063257,196.44330127966273,12.022634474383981,100
10,4,496,5.657703091477787,38.222909871535215,122.97726946364232,5.657703091477787,100
10,5,595,1.845137473996834,24.749290564081658,145.6769185463929,1.845137473996834,100
10,6,694,1.488485035428503,16.675415335826436,95.51477845758008,1.488485035428503,100
10,7,793,1.488485035428503,13.80830391395662,78.38160129373618,1.488485035428503,100
10,8,892,0.4638629939302803,11.61922672158252,98.78683032956559,0.4638629939302803,100
10,9,991,0.4638629939302803,13.277659873402852,104.08161629071184,0.4638629939302803,100
10,10,1090,0.4477964898905858,8.989767253028667,71.80861471552446,0.4477964898905858,100
10,11,1189,0.4477964898905858,10.252746866168884,74.82675556626499,0.4477964898905858,100
10,12,1288,0.4477964898905858,11.261793096657465,118.56200567908694,0.4477964898905858,100
10,13,1387,0.4477964898905858,11.571632569816416,156.44996420404226,0.4477964898905858,100
10,14,1486,0.4477964898905858,9.324471379260803,60.08799041235914,0.4477964898905858,100
10,15,1585,0.4477964898905858,12.658348648395345,143.99230665590358,0.4477964898905858,100
10,16,1684,0.4477964898905858,12.632426177319301,114.05821602860071,0.4477964898905858,100
10,17,1783,0.4477964898905858,9.755730855876106,78.64136498219928,0.4477964898905858,100
10,18,1882,0.4477964898905858,13.607093137114232,102.34047620751377,0.4477964898905858,100
10,19,1981,0.4477964898905858,12.059195016900683,159.17016130694535,0.4477964898905858,100
10,20,2080,0.4477964898905858,8.491694900214195,85.66015204830342,0.4477964898905858,100
10,21,2179,0.4477964898905858,12.17584068755232,64.83389439272202,0.4477964898905858,100
10,22,2278,0.4477964898905858,13.349923489423086,70.19106740233633,0.4477964898905858,100
10,23,2377,0.4477964898905858,10.555261321164048,114.1212580343134,0.4477964898905858,100
10,24,2476,0.4477964898905858,10.178183126363201,97.58804274333325,0.4477964898905858,100
10,25,2575,0.4477964898905858,12.260558514860927,76.37105532769425,0.4477964898905858,100
10,26,2674,0.4477964898905858,10.138410989443491,72.12197128692519,0.4477964898905858,100
10,27,2773,0.4477964898905858,9.91180567411077,58.13476485872327,0.4477964898905858,100
10,28,2872,0.4477964898905858,12.94910354167513,139.89616427771676,0.4477964898905858,100
10,29,2971,0.4477964898905858,11.781207810525725,69.86248557257264,0.4477964898905858,100
10,30,3070,0.4477964898905858,8.38057996032223,79.75865131379797,0.4477964898905858,100
10,31,3169,0.4477964898905858,10.815961215476058,91.38774558546936,0.4477964898905858,100
10,32,3268,0.4477964898905858,10.83688042766341,109.241025142742,0.4477964898905858,100
10,33,3367,0.4477964898905858,8.326597511526145,75.98864671132377,0.4477964898905858,100
10,34,3466,0.4477964898905858,10.337467396057502,124.18797024516641,0.4477964898905858,100
10,35,3565,0.4477964898905858,12.430634931661109,90.47646390134146,0.4477964898905858,100
10,36,3664,0.4477964898905858,9.764822970715015,84.44431305241314,0.4477964898905858,100
10,37,3763,0.4477964898905858,11.510762305338499,103.4685735522947,0.4477964898905858,100
10,38,3862,0.4477964898905858,10.518238305770314,70.92975170286657,0.4477964898905858,100
10,39,3961,0.4477964898905858,11.584062641002156,130.7753188565669,0.4477964898905858,100
10,40,4060,0.4477964898905858,9.788421852564749,62.25268752840945,0.4477964898905858,100
10,41,4159,0.4477964898905858,8.244855983031504,86.50046903416948,0.4477964898905858,100
10,42,4258,0.4477964898905858,13.346008072222103,74.45967886736669,0.4477964898905858,100
10,43,4357,0.4477964898905858,16.34768831514366,115.68441376899968,0.4477964898905858,100
10,44,4456,0.4477964898905858,13.40496590427613,81.93997215011609,0.4477964898905858,100
10,45,4555,0.4477964898905858,13.468259729034862,118.22675819157223,0.4477964898905858,100
10,46,4654,0.4477964898905858,12.75827683639209,92.6679609498617,0.4477964898905858,100
10,47,4753,0.4477964898905858,8.554361468385197,42.47066347663927,0.4477964898905858,100
10,48,4852,0.4477964898905858,12.146116235197502,75.72062855906192,0.4477964898905858,100
10,49,4951,0.4477964898905858,8.158955727736785,72.99951949688106,0.4477964898905858,100
10,50,5050,0.4477964898905858,9.447525685770458,69.86622932229021,0.4477964898905858,100
10,51,5149,0.4477964898905858,13.187745601354266,71.57593306442462,0.4477964898905858,100
10,52,5248,0.4477964898905858,12.44865129066826,73.03685585438481,0.4477964898905858,100
10,53,5347,0.4477964898905858,12.631769234821208,93.72386755665933,0.4477964898905858,100
10,54,5446,0.4477964898905858,10.709924664724474,65.43406451173111,0.4477964898905858,100
10,55,5545,0.4477964898905858,12.226930779061384,91.2381733922767,0.4477964898905858,100
10,56,5644,0.4477964898905858,11.789570530054267,99.36883590276862,0.4477964898905858,100
10,57,5743,0.4477964898905858,9.0820488692357,78.84041049963801,0.4477964898905858,100
10,58,5842,0.4477964898905858,9.011047832946241,81.09508254259246,0.4477964898905858,100
10,59,5941,0.4477964898905858,10.45278027920342,100.62558134411458,0.4477964898905858,100
10,60,6040,0.4477964898905858,12.194385728892982,159.4746481881672,0.4477964898905858,100
10,61,6139,0.4477964898905858,10.987523567306573,109.29230478026514,0.4477964898905858,100
10,62,6238,0.4477964898905858,11.757233768766401,78.92298610047408,0.4477964898905858,100
10,63,6337,0.4477964898905858,12.190795708035168,85.79732423825646,0.4477964898905858,100
10,64,6436,0.38505755872397907,10.610167131735578,98.8043034986758,0.38505755872397907,100
10,65,6535,0.38505755872397907,10.384438216413828,112.02192917357507,0.38505755872397907,100
10,66,6634,0.38505755872397907,8.930853373070084,64.8079292659472,0.38505755872397907,100
10,67,6733,0.38505755872397907,11.282225985507717,111.19266145235957,0.38505755872397907,100
10,68,6832,0.38505755872397907,11.620720654318768,128.93644945415474,0.38505755872397907,100
10,69,6931,0.38505755872397907,10.124691800574602,72.98804449634811,0.38505755872397907,100
10,70,7030,0.38505755872397907,12.375636637454559,80.07628005312459,0.38505755872397907,100
10,71,7129,0.38505755872397907,11.63569573110108,129.24053546945592,0.38505755872397907,100
10,72,7228,0.38505755872397907,9.171872022844722,94.86223060701923,0.38505755872397907,100
10,73,7327,0.38505755872397907,12.75248921641373,90.97438294936863,0.38505755872397907,100
10,74,7426,0.38505755872397907,12.507194271003893,76.86719579153949,0.38505755872397907,100
10,75,7525,0.38505755872397907,11.583568437356313,113.87002561646455,0.38505755872397907,100
10,76,7624,0.38505755872397907,12.976111177430107,91.11464332368261,0.38505755872397907,100
10,77,7723,0.38505755872397907,13.59306263798117,89.47983759485626,0.38505755872397907,100
10,78,7822,0.38505755872397907,13.041699475096557,72.6498235858536,0.38505755872397907,100
10,79,7921,0.38505755872397907,12.094710147894546,79.60703966860629,0.38505755872397907,100
10,80,8020,0.38505755872397907,13.706155368299262,139.3750439292975,0.38505755872397907,100
10,81,8119,0.38505755872397907,10.3794509365559,105.32608740786473,0.38505755872397907,100
10,82,8218,0.38505755872397907,12.97353611274434,127.52131074563007,0.38505755872397907,100
10,83,8317,0.38505755872397907,12.606475884632687,77.02714942379478,0.38505755872397907,100
10,84,8416,0.38505755872397907,10.526802418092966,68.01031421423973,0.38505755872397907,100
10,85,8515,0.38505755872397907,11.22037429306277,65.42635580653416,0.38505755872397907,100
10,86,8614,0.38505755872397907,10.636123711450415,88.02564411113886,0.38505755872397907,100
10,87,8713,0.38505755872397907,14.111824119698218,123.34619232811953,0.38505755872397907,100
10,88,8812,0.38505755872397907,16.44878248607186,114.52009770572427,0.38505755872397907,100
10,89,8911,0.38505755872397907,14.057550361324113,136.16015383082433,0.38505755872397907,100
10,90,9010,0.38505755872397907,13.70901950553856,95.80363241440861,0.38505755872397907,100
10,91,9109,0.38505755872397907,12.6814889536255,125.92194375704238,0.38505755872397907,100
10,92,9208,0.38505755872397907,11.034321209081549,87.7696876017245,0.38505755872397907,100
10,93,9307,0.38505755872397907,9.280950948826694,81.3832430553519,0.38505755872397907,100
10,94,9406,0.38505755872397907,13.59515498913556,82.5760108866737,0.38505755872397907,100
10,95,9505,0.3544363779705665,11.099438485857018,89.37461054764884,0.3544363779705665,100
10,96,9604,0.3544363779705665,11.830076087419002,150.01561136742217,0.3544363779705665,100
10,97,9703,0.3544363779705665,10.565785895488055,70.14220315274298,0.3544363779705665,100
10,98,9802,0.3544363779705665,10.075720734310277,71.1055261444404,0.3544363779705665,100
10,99,9901,0.3544363779705665,12.654468068020769,80.3352313451906,0.3544363779705665,100
10,100,10000,0.3544363779705665,12.576934103254887,68.03112912148767,0.3544363779705665,100
10,101,10099,0.3544363779705665,9.768949955202034,64.31651501327188,0.3544363779705665,100
10,102,10198,0.3544363779705665,12.314282849859321,70.5003691352256,0.3544363779705665,100
10,103,10297,0.3544363779705665,17.96030454268968,109.57508306368045,0.3544363779705665,100
10,104,10396,0.3544363779705665,13.233773586299247,110.98672264298023,0.3544363779705665,100
10,105,10495,0.23372553438962007,13.483663818304032,169.66426422282802,0.23372553438962007,100
10,106,10594,0.23372553438962007,10.652793489174353,92.92691725216753,0.23372553438962007,100
10,107,10693,0.23372553438962007,9.321680871550036,101.00692216715939,0.23372553438962007,100
10,108,10792,0.23372553438962007,11.932284498774127,73.21488922263991,0.23372553438962007,100
10,109,10891,0.23372553438962007,12.873067809956055,92.02016739942628,0.23372553438962007,100
10,110,10990,0.23372553438962007,12.215847991915357,86.03486877589788,0.23372553438962007,100
10,111,11089,0.23372553438962007,13.386535484677744,171.45237492406173,0.23372553438962007,100
10,112,11188,0.23372553438962007,11.567937308038681,92.66744201943233,0.23372553438962007,100
10,113,11287,0.23372553438962007,10.450234892704648,99.52702845128593,0.23372553438962007,100
10,114,11386,0.23372553438962007,12.343856187902754,83.36748756168835,0.23372553438962007,100
10,115,11485,0.23372553438962007,9.814160189263422,83.30454354200181,0.23372553438962007,100
10,116,11584,0.23372553438962007,12.424763281898477,84.94171512179446,0.23372553438962007,100
10,117,11683,0.23372553438962007,10.6012634486205,81.05564407815416,0.23372553438962007,100
10,118,11782,0.23372553438962007,12.075463606421053,103.40760168914764,0.23372553438962007,100
10,119,11881,0.23372553438962007,14.32202160775545,95.55615713256032,0.23372553438962007,100
10,120,11980,0.23372553438962007,12.071311424182026,110.49667692738322,0.23372553438962007,100
10,121,12079,0.23372553438962007,11.461470594793271,70.98211311252881,0.23372553438962007,100
10,122,12178,0.23372553438962007,12.329964161776804,115.02106503161383,0.23372553438962007,100
10,123,12277,0.23372553438962007,12.144535831752933,89.80727383245969,0.23372553438962007,100
10,124,12376,0.23372553438962007,11.460324049068566,78.94523544067032,0.23372553438962007,100
10,125,12475,0.23372553438962007,9.62112828334575,108.83094406374715,0.23372553438962007,100
10,126,12574,0.23372553438962007,11.43450540573877,95.18797729674459,0.23372553438962007,100
10,127,12673,0.23372553438962007,9.978195272723106,84.86640567418293,0.23372553438962007,100
10,128,12772,0.23372553438962007,9.472403873708874,64.88498080725051,0.23372553438962007,100
10,129,12871,0.23372553438962007,10.734107124422364,68.43614534188448,0.23372553438962007,100
10,130,12970,0.23372553438962007,12.493458765281714,78.26804993695106,0.23372553438962007,100
10,131,13069,0.23372553438962007,11.759036217307143,87.24338466742022,0.23372553438962007,100
10,132,13168,0.23372553438962007,10.411887497700473,72.50577950509259,0.23372553438962007,100
10,133,13267,0.23372553438962007,9.400087649940144,84.18357869018827,0.23372553438962007,100
10,134,13366,0.23372553438962007,12.802778515144942,106.51277300255737,0.23372553438962007,100
10,135,13465,0.23372553438962007,13.181220803547207,72.97772572915534,0.23372553438962007,100
10,136,13564,0.23372553438962007,11.11216548708922,94.55341692869496,0.23372553438962007,100
10,137,13663,0.23372553438962007,10.551280158382292,93.18917315229655,0.23372553438962007,100
10,138,13762,0.23372553438962007,9.955912024853653,87.23627903395048,0.23372553438962007,100
10,139,13861,0.23372553438962007,10.572368505289228,94.86441494833215,0.23372553438962007,100
10,140,13960,0.23372553438962007,13.540333477034583,131.45417994678053,0.23372553438962007,100
10,141,14059,0.23372553438962007,12.194557687172065,70.68422808811486,0.23372553438962007,100
10,142,14158,0.23372553438962007,10.380612176848594,58.97388041291194,0.23372553438962007,100
10,143,14257,0.23372553438962007,10.08350691138456,62.737035900219105,0.23372553438962007,100
10,144,14356,0.23372553438962007,12.30204330020815,84.61579776144183,0.23372553438962007,100
10,145,14455,0.23372553438962007,10.939247495492168,86.71581653898146,0.23372553438962007,100
10,146,14554,0.23372553438962007,8.679607692226133,72.79480053039782,0.23372553438962007,100
10,147,14653,0.23372553438962007,9.136949506892599,71.1515313458897,0.23372553438962007,100
10,148,14752,0.23372553438962007,10.190423224056001,83.72844454102632,0.23372553438962007,100
10,149,14851,0.23372553438962007,11.261367200074993,91.08247694131055,0.23372553438962007,100
10,150,14950,0.23372553438962007,11.607629521388894,105.98798215394612,0.23372553438962007,100
10,151,15049,0.23372553438962007,16.096701306384045,101.57203528438198,0.23372553438962007,100
10,152,15148,0.23372553438962007,12.346691161314105,120.1166959857176,0.23372553438962007,100
10,153,15247,0.23372553438962007,12.45633597100814,136.43719374632073,0.23372553438962007,100
10,154,15346,0.23372553438962007,11.200275048457765,105.79449996686752,0.23372553438962007,100
10,155,15445,0.23372553438962007,8.749356487241016,54.155067845489185,0.23372553438962007,100
10,156,15544,0.23372553438962007,9.143732453195394,96.76476170542651,0.23372553438962007,100
10,157,15643,0.23372553438962007,10.875646243534568,103.81513971432004,0.23372553438962007,100
10,158,15742,0.23372553438962007,8.73336577948964,53.6779780581178,0.23372553438962007,100
10,159,15841,0.23372553438962007,11.050609376550213,90.930134581129,0.23372553438962007,100
10,160,15940,0.23372553438962007,13.575007883664181,137.38050183389564,0.23372553438962007,100
10,161,16039,0.23372553438962007,9.427818428512673,61.80974195832537,0.23372553438962007,100
10,162,16138,0.23372553438962007,11.797388552760179,90.34607638101465,0.23372553438962007,100
10,163,16237,0.23372553438962007,12.970917743648874,137.9637770963144,0.23372553438962007,100
10,164,16336,0.23372553438962007,11.536837337767532,104.154209610324,0.23372553438962007,100
10,165,16435,0.23372553438962007,11.870193813665392,164.66699587667594,0.23372553438962007,100
10,166,16534,0.23372553438962007,11.705301781358152,67.46285050666637,0.23372553438962007,100
10,167,16633,0.23372553438962007,11.779465247479074,74.37560859388104,0.23372553438962007,100
10,168,16732,0.23372553438962007,8.875379834144434,64.38346471963625,0.23372553438962007,100
10,169,16831,0.23372553438962007,10.663861368344156,76.17301264027594,0.23372553438962007,100
10,170,16930,0.23372553438962007,12.521171084553956,96.4871768248597,0.23372553438962007,100
10,171,17029,0.23372553438962007,9.026686503418743,80.83870436042874,0.23372553438962007,100
10,172,17128,0.23372553438962007,14.80407653562049,204.13506807099998,0.23372553438962007,100
10,173,17227,0.23372553438962007,8.809692624673836,131.81375648503627,0.23372553438962007,100
10,174,17326,0.23372553438962007,10.523608684027376,76.14768231958207,0.23372553438962007,100
10,175,17425,0.23372553438962007,12.120668598506827,117.69559146972692,0.23372553438962007,100
10,176,17524,0.23372553438962007,12.678987731505643,110.29889100829804,0.23372553438962007,100
10,177,17623,0.23372553438962007,12.264274083559403,119.42670187153163,0.23372553438962007,100
10,178,17722,0.23372553438962007,11.719419523201227,72.39713004180982,0.23372553438962007,100
10,179,17821,0.23372553438962007,11.546322025042377,86.21834687211886,0.23372553438962007,100
10,180,17920,0.23372553438962007,10.782672172627423,59.715060036550085,0.23372553438962007,100
10,181,18019,0.23372553438962007,10.47796671949971,83.3493016223913,0.23372553438962007,100
10,182,18118,0.23372553438962007,11.475775727523851,97.60550331838593,0.23372553438962007,100
10,183,18217,0.23372553438962007,11.446451831954766,99.70251913448516,0.23372553438962007,100
10,184,18316,0.23372553438962007,11.255572343362626,98.68917207727635,0.23372553438962007,100
10,185,18415,0.23372553438962007,14.725954216935436,100.25961342207009,0.23372553438962007,100
10,186,18514,0.23372553438962007,11.898620671030294,78.39334778861166,0.23372553438962007,100
10,187,18613,0.23372553438962007,12.41042219631516,67.89552054550198,0.23372553438962007,100
10,188,18712,0.23372553438962007,10.473215614308451,111.86921785843411,0.23372553438962007,100
10,189,18811,0.23372553438962007,10.065028804934082,72.96464850723893,0.23372553438962007,100
10,190,18910,0.23372553438962007,12.110069391357635,108.41989170336805,0.23372553438962007,100
10,191,19009,0.23372553438962007,9.053006235103744,64.24556835753006,0.23372553438962007,100
10,192,19108,0.23372553438962007,11.897570571385888,81.13870365143099,0.23372553438962007,100
10,193,19207,0.23372553438962007,12.745015053042726,81.37702542796048,0.23372553438962007,100
10,194,19306,0.23372553438962007,10.325393159871,103.42088087411541,0.23372553438962007,100
10,195,19405,0.23372553438962007,10.277080605461203,82.82408035512833,0.23372553438962007,100
10,196,19504,0.23372553438962007,9.453175070532968,51.03951240629143,0.23372553438962007,100
10,197,19603,0.23372553438962007,8.365732239388088,78.51052298678611,0.23372553438962007,100
10,198,19702,0.23372553438962007,11.32487467319439,101.77435293084211,0.23372553438962007,100
10,199,19801,0.23372553438962007,11.79652785548199,66.14882388397935,0.23372553438962007,100
10,200,19900,0.23372553438962007,8.686086764212115,51.47973891058024,0.23372553438962007,100
10,201,19999,0.23372553438962007,7.950018372578824,39.83206636706267,0.23372553438962007,100
10,202,20098,0.23372553438962007,11.611838627716159,65.1715781344381,0.23372553438962007,100
10,203,20197,0.23372553438962007,11.549064834584115,71.35740253723476,0.23372553438962007,100
10,204,20296,0.23372553438962007,10.574981713205304,113.40643421864107,0.23372553438962007,100
10,205,20395,0.23372553438962007,10.532305941220166,85.89623076191997,0.23372553438962007,100
10,206,20494,0.23372553438962007,9.30034215602094,72.13906881936904,0.23372553438962007,100
10,207,20593,0.23372553438962007,13.088737076896528,93.21041855067642,0.23372553438962007,100
10,208,20692,0.23372553438962007,12.34324316308983,143.82081071808213,0.23372553438962007,100
10,209,20791,0.23372553438962007,10.36043327998476,91.15328694442326,0.23372553438962007,100
10,210,20890,0.23372553438962007,11.822297328842351,91.37282575772957,0.23372553438962007,100
10,211,20989,0.23372553438962007,10.084573575434097,44.88786486519085,0.23372553438962007,100
10,212,21088,0.23372553438962007,11.670173371838294,118.22729246084783,0.23372553438962007,100
10,213,21187,0.23372553438962007,10.890474387338914,66.45345911549744,0.23372553438962007,100
10,214,21286,0.23372553438962007,11.734989849603783,111.56192149652672,0.23372553438962007,100
10,215,21385,0.23372553438962007,11.170230272155418,70.7760372235986,0.23372553438962007,100
10,216,21484,0.23372553438962007,10.870520408796892,151.12177858363603,0.23372553438962007,100
10,217,21583,0.23372553438962007,9.488000032278674,70.76568267547236,0.23372553438962007,100
10,218,21682,0.23372553438962007,13.972271002971183,101.9917028791198,0.23372553438962007,100
10,219,21781,0.23372553438962007,12.039418508537267,129.4164075422918,0.23372553438962007,100
10,220,21880,0.23372553438962007,11.57945511188687,82.20291831511594,0.23372553438962007,100
10,221,21979,0.23372553438962007,14.600162378321842,147.54805389878203,0.23372553438962007,100
10,222,22078,0.23372553438962007,13.85119761719945,109.06329796176455,0.23372553438962007,100
10,223,22177,0.23372553438962007,8.81591543678673,86.04087535407126,0.23372553438962007,100
10,224,22276,0.23372553438962007,10.705652700545718,60.11529732334173,0.23372553438962007,100
10,225,22375,0.23372553438962007,11.408080172992332,93.87109899135132,0.23372553438962007,100
10,226,22474,0.23372553438962007,12.080720371019455,68.376355533703,0.23372553438962007,100
10,227,22573,0.23372553438962007,12.853292642174546,90.75530815431868,0.23372553438962007,100
10,228,22672,0.23372553438962007,16.85161315226072,111.67053691231928,0.23372553438962007,100
10,229,22771,0.23372553438962007,8.380761833865211,46.03565829931032,0.23372553438962007,100
10,230,22870,0.23372553438962007,14.27785766482635,86.81804957484435,0.23372553438962007,100
10,231,22969,0.23372553438962007,10.61698660866475,111.3372357056386,0.23372553438962007,100
10,232,23068,0.23372553438962007,11.588067904682404,95.6095624006826,0.23372553438962007,100
10,233,23167,0.23372553438962007,10.995791643227808,69.28428422444125,0.23372553438962007,100
10,234,23266,0.23372553438962007,13.941485926774556,149.8461010247353,0.23372553438962007,100
10,235,23365,0.23372553438962007,10.336111956269038,66.05801390949534,0.23372553438962007,100
10,236,23464,0.23372553438962007,15.038864963871454,126.30081478237875,0.23372553438962007,100
10,237,23563,0.23372553438962007,13.179564167616167,70.7682558896881,0.23372553438962007,100
10,238,23662,0.23372553438962007,11.499484548163458,83.19452884498598,0.23372553438962007,100
10,239,23761,0.23372553438962007,10.52484579884463,80.72927222952379,0.23372553438962007,100
10,240,23860,0.23372553438962007,8.740604049477655,71.60287794157189,0.23372553438962007,100
10,241,23959,0.23372553438962007,10.27373239517395,76.40042180805652,0.23372553438962007,100
10,242,24058,0.23372553438962007,10.190164599879077,76.83946576465112,0.23372553438962007,100
10,243,24157,0.23372553438962007,11.409982501046295,82.0844643159551,0.23372553438962007,100
10,244,24256,0.23372553438962007,8.173198995640538,71.27291116967422,0.23372553438962007,100
10,245,24355,0.23372553438962007,13.425424165879658,72.78895311495774,0.23372553438962007,100
10,246,24454,0.23372553438962007,8.54044844948732,45.993561498445196,0.23372553438962007,100
10,247,24553,0.23372553438962007,10.341245168351026,90.0284483982451,0.23372553438962007,100
10,248,24652,0.23372553438962007,8.869243639879022,69.5768310501475,0.23372553438962007,100
10,249,24751,0.23372553438962007,11.414967883287652,94.90857865280206,0.23372553438962007,100
10,250,24850,0.23372553438962007,10.82992287504722,93.40468879783322,0.23372553438962007,100
10,251,24949,0.23372553438962007,11.219041219726542,63.52983860048408,0.23372553438962007,100
10,252,25048,0.23372553438962007,12.494277745504988,119.78825882801644,0.23372553438962007,100
10,253,25147,0.23372553438962007,12.78801401057019,118.10212167118262,0.23372553438962007,100
10,254,25246,0.23372553438962007,14.97399924331129,101.68123849295364,0.23372553438962007,100
10,255,25345,0.23372553438962007,8.075657720925816,70.50628266986732,0.23372553438962007,100
10,256,25444,0.23372553438962007,12.003475302950115,81.81101592084835,0.23372553438962007,100
10,257,25543,0.23372553438962007,11.840693783625392,92.96935630242088,0.23372553438962007,100
10,258,25642,0.23372553438962007,12.6787804369209,114.68464083801044,0.23372553438962007,100
10,259,25741,0.23372553438962007,10.553008983106782,77.41512317866514,0.23372553438962007,100
10,260,25840,0.23372553438962007,9.967268020185054,107.40389778223863,0.23372553438962007,100
10,261,25939,0.23372553438962007,14.054907398098589,73.67170589925149,0.23372553438962007,100
10,262,26038,0.23372553438962007,11.669694785962749,99.78402864061907,0.23372553438962007,100
10,263,26137,0.23372553438962007,11.148643792310956,129.21625521638043,0.23372553438962007,100
10,264,26236,0.23372553438962007,10.201188823874396,59.74132770548114,0.23372553438962007,100
10,265,26335,0.23372553438962007,10.438614538884021,87.91376129134676,0.23372553438962007,100
10,266,26434,0.23372553438962007,9.702856661882892,85.91166093088864,0.23372553438962007,100
10,267,26533,0.23372553438962007,12.871725890828213,100.28824539966342,0.23372553438962007,100
10,268,26632,0.23372553438962007,8.88113049941385,50.02419460850351,0.23372553438962007,100
10,269,26731,0.23372553438962007,12.837097551181003,74.57182021061826,0.23372553438962007,100
10,270,26830,0.23372553438962007,11.325552263655124,67.05446265408803,0.23372553438962007,100
10,271,26929,0.23372553438962007,10.005733847761757,73.43766541086922,0.23372553438962007,100
10,272,27028,0.23372553438962007,10.809841288334644,82.67002381763733,0.23372553438962007,100
10,273,27127,0.23372553438962007,8.98730056100386,111.97792056278473,0.23372553438962007,100
10,274,27226,0.23372553438962007,8.596905788826845,87.31764256116212,0.23372553438962007,100
10,275,27325,0.23372553438962007,11.08135868105074,135.98283861755175,0.23372553438962007,100
10,276,27424,0.23372553438962007,8.407213104694884,66.78699195982449,0.23372553438962007,100
10,277,27523,0.23372553438962007,10.717363218691032,75.08546055154473,0.23372553438962007,100
10,278,27622,0.23372553438962007,13.269306165012024,108.64204178954407,0.23372553438962007,100
10,279,27721,0.23372553438962007,7.5637657929758335,63.38387170438739,0.23372553438962007,100
10,280,27820,0.23372553438962007,9.78059435786915,75.35759974226114,0.23372553438962007,100
10,281,27919,0.23372553438962007,9.656142887395257,119.49332786476687,0.23372553438962007,100
10,282,28018,0.23372553438962007,11.171689046139194,75.03496312041233,0.23372553438962007,100
10,283,28117,0.23372553438962007,9.356735920630468,63.97324903811622,0.23372553438962007,100
10,284,28216,0.23372553438962007,11.892823621589308,90.2887386301753,0.23372553438962007,100
10,285,28315,0.23372553438962007,10.386853927939116,90.17603874803304,0.23372553438962007,100
10,286,28414,0.23372553438962007,13.679732570075176,109.15760108890181,0.23372553438962007,100
10,287,28513,0.23372553438962007,14.348987916296768,123.24501464069719,0.23372553438962007,100
10,288,28612,0.23372553438962007,11.410440816423096,73.031295853928,0.23372553438962007,100
10,289,28711,0.23372553438962007,8.56065042535691,62.94226930093154,0.23372553438962007,100
10,290,28810,0.23372553438962007,10.155062155928016,105.79538328520628,0.23372553438962007,100
10,291,28909,0.23372553438962007,8.648377890776697,80.04605075923354,0.23372553438962007,100
10,292,29008,0.23372553438962007,9.350655980754654,74.29653564889894,0.23372553438962007,100
10,293,29107,0.23372553438962007,11.341091614759973,100.91608851656984,0.23372553438962007,100
10,294,29206,0.23372553438962007,8.88197292236556,65.57881614297335,0.23372553438962007,100
10,295,29305,0.23372553438962007,12.70167805308601,72.66161960253099,0.23372553438962007,100
10,296,29404,0.23372553438962007,11.608645156734404,114.13719306290778,0.23372553438962007,100
10,297,29503,0.23372553438962007,11.45661406116958,99.52420485705032,0.23372553438962007,100
10,298,29602,0.23372553438962007,9.710799205366751,57.59737636662173,0.23372553438962007,100
10,299,29701,0.23372553438962007,9.623914516156866,80.25858752826349,0.23372553438962007,100
10,300,29800,0.23372553438962007,11.333981287112564,60.28971081520233,0.23372553438962007,100
10,301,29899,0.23372553438962007,10.326093979370413,83.64068887463498,0.23372553438962007,100
10,302,29998,0.23372553438962007,13.17766146376458,74.22064549580827,0.23372553438962007,100
10,303,30097,0.23372553438962007,9.57749423544301,107.95404274558197,0.23372553438962007,100
10,304,30196,0.23372553438962007,10.043380754548586,101.41676245295291,0.23372553438962007,100
10,305,30295,0.23372553438962007,10.931781618639985,83.62648650322498,0.23372553438962007,100
10,306,30394,0.23372553438962007,11.853261389537952,89.8654764079323,0.23372553438962007,100
10,307,30493,0.23372553438962007,8.96844237475406,58.2320134447651,0.23372553438962007,100
10,308,30592,0.23372553438962007,9.83772782551095,59.23712595646181,0.23372553438962007,100
10,309,30691,0.23372553438962007,9.58543084738844,66.5836376240377,0.23372553438962007,100
10,310,30790,0.23372553438962007,10.960070108337925,123.24036201010387,0.23372553438962007,100
10,311,30889,0.23372553438962007,10.943526208576863,84.3487606270287,0.23372553438962007,100
10,312,30988,0.23372553438962007,13.765577671354404,101.70159009963248,0.23372553438962007,100
10,313,31087,0.23372553438962007,11.022880753748284,93.1383512967554,0.23372553438962007,100
10,314,31186,0.23372553438962007,10.030279324279812,79.65849974639504,0.23372553438962007,100
10,315,31285,0.23372553438962007,8.693558768233416,72.0142164963857,0.23372553438962007,100
10,316,31384,0.23372553438962007,11.92533383052534,96.89562021807284,0.23372553438962007,100
10,317,31483,0.23372553438962007,13.349486257847554,69.03533279155003,0.23372553438962007,100
10,318,31582,0.23372553438962007,10.222385365977802,98.1073091135557,0.23372553438962007,100
10,319,31681,0.23372553438962007,10.186229785531722,79.1761384818547,0.23372553438962007,100
10,320,31780,0.23372553438962007,13.23245988025032,105.26231480978926,0.23372553438962007,100
10,321,31879,0.23372553438962007,12.960348836543899,119.1359796150629,0.23372553438962007,100
10,322,31978,0.23372553438962007,11.823786284892035,208.79288252286506,0.23372553438962007,100
10,323,32077,0.23372553438962007,10.025994637851976,80.59541506971206,0.23372553438962007,100
10,324,32176,0.23372553438962007,9.803954516507465,89.46907598825122,0.23372553438962007,100
10,325,32275,0.23372553438962007,12.027542053260374,113.47032985367929,0.23372553438962007,100
10,326,32374,0.23372553438962007,11.827273119850805,96.40635148123704,0.23372553438962007,100
10,327,32473,0.23372553438962007,10.260151374658125,71.96030418787679,0.23372553438962007,100
10,328,32572,0.23372553438962007,8.735042327583006,110.14659634322565,0.23372553438962007,100
10,329,32671,0.23372553438962007,8.662762928409181,83.65846498392725,0.23372553438962007,100
10,330,32770,0.23372553438962007,10.14200348045104,81.45872014665034,0.23372553438962007,100
10,331,32869,0.23372553438962007,10.970310591885678,72.0315160382078,0.23372553438962007,100
10,332,32968,0.23372553438962007,11.540699853827855,80.58217975364948,0.23372553438962007,100
10,333,33067,0.23372553438962007,8.391896082996,89.92086435231445,0.23372553438962007,100
10,334,33166,0.23372553438962007,12.51610218385267,88.76775883167534,0.23372553438962007,100
10,335,33265,0.23372553438962007,13.135391630532984,86.48693231490506,0.23372553438962007,100
10,336,33364,0.23372553438962007,12.95104615761015,89.36229663048597,0.23372553438962007,100
10,337,33463,0.23372553438962007,11.91220900945864,101.09798280643535,0.23372553438962007,100
10,338,33562,0.23372553438962007,9.151220622224693,88.71966705979662,0.23372553438962007,100
10,339,33661,0.23372553438962007,11.476468620583796,80.36051453162845,0.23372553438962007,100
10,340,33760,0.23372553438962007,10.22322428281158,78.53490377379222,0.23372553438962007,100
10,341,33859,0.23372553438962007,10.642416272278014,88.69384065709029,0.23372553438962007,100
10,342,33958,0.23372553438962007,11.039449094492111,92.06786214046235,0.23372553438962007,100
10,343,34057,0.23372553438962007,10.583822686261534,89.76026359969151,0.23372553438962007,100
10,344,34156,0.23372553438962007,11.877997488183976,85.1038555188846,0.23372553438962007,100
10,345,34255,0.23372553438962007,8.889754645682807,55.008095393650954,0.23372553438962007,100
10,346,34354,0.23372553438962007,11.870002051719844,134.28391387599177,0.23372553438962007,100
10,347,34453,0.23372553438962007,9.187943848848281,58.79478236037844,0.23372553438962007,100
10,348,34552,0.23372553438962007,11.363324387304017,73.16736770201412,0.23372553438962007,100
10,349,34651,0.23372553438962007,12.408234248295349,106.81560977080125,0.23372553438962007,100
10,350,34750,0.23372553438962007,14.045270036189573,76.34697592700228,0.23372553438962007,100
10,351,34849,0.23372553438962007,8.857527411942408,45.26514880094385,0.23372553438962007,100
10,352,34948,0.23372553438962007,11.10680384209827,51.58593733211086,0.23372553438962007,100
10,353,35047,0.23372553438962007,9.760866435321514,48.21313138870418,0.23372553438962007,100
10,354,35146,0.23372553438962007,12.353119132788093,108.64549444823619,0.23372553438962007,100
10,355,35245,0.23372553438962007,8.086104978146473,53.50703164857323,0.23372553438962007,100
10,356,35344,0.23372553438962007,10.279142365477256,87.49163479191813,0.23372553438962007,100
10,357,35443,0.23372553438962007,12.719725786368272,106.16425420817949,0.23372553438962007,100
10,358,35542,0.23372553438962007,9.532379815688214,63.49811570035135,0.23372553438962007,100
10,359,35641,0.23372553438962007,15.040040450205936,103.59082510128738,0.23372553438962007,100
10,360,35740,0.23372553438962007,7.1806319565911085,79.12854428250749,0.23372553438962007,100
10,361,35839,0.23372553438962007,13.373130707759376,98.46935830986665,0.23372553438962007,100
10,362,35938,0.23372553438962007,12.829674453784714,69.40327421932234,0.23372553438962007,100
10,363,36037,0.23372553438962007,9.83290442195115,72.32138914321584,0.23372553438962007,100
10,364,36136,0.23372553438962007,9.664951217003823,76.23129498381186,0.23372553438962007,100
10,365,36235,0.23372553438962007,9.610443516772603,100.58302811292069,0.23372553438962007,100
10,366,36334,0.23372553438962007,12.114950136097816,59.21412897361151,0.23372553438962007,100
10,367,36433,0.23372553438962007,13.477452356473442,97.85965085543683,0.23372553438962007,100
10,368,36532,0.23372553438962007,10.202049775196835,64.69124452069171,0.23372553438962007,100
10,369,36631,0.23372553438962007,11.12330294825181,82.72731715703212,0.23372553438962007,100
10,370,36730,0.23372553438962007,9.614741169104953,73.05003668839262,0.23372553438962007,100
10,371,36829,0.23372553438962007,8.576796271903612,88.57493905658458,0.23372553438962007,100
10,372,36928,0.23372553438962007,6.941387836125996,53.89058224786679,0.23372553438962007,100
10,373,37027,0.23372553438962007,11.964410461928438,82.78987953870924,0.23372553438962007,100
10,374,37126,0.23372553438962007,10.490249889302374,84.87537312767827,0.23372553438962007,100
10,375,37225,0.23372553438962007,11.711780980746505,75.8667525773173,0.23372553438962007,100
10,376,37324,0.23372553438962007,11.310445487633308,64.55764140366084,0.23372553438962007,100
10,377,37423,0.23372553438962007,11.077279735820706,55.693769692122906,0.23372553438962007,100
10,378,37522,0.23372553438962007,13.242656241797231,104.73718350275517,0.23372553438962007,100
10,379,37621,0.23372553438962007,10.16451453203631,107.19789926045979,0.23372553438962007,100
10,380,37720,0.23372553438962007,10.384035485742832,93.64292658978043,0.23372553438962007,100
10,381,37819,0.23372553438962007,9.520406293542836,100.72532632040802,0.23372553438962007,100
10,382,37918,0.23372553438962007,8.843226653145832,57.77881211832621,0.23372553438962007,100
10,383,38017,0.23372553438962007,11.451614876612275,84.70317574313987,0.23372553438962007,100
10,384,38116,0.23372553438962007,10.784631790734318,79.09419742573532,0.23372553438962007,100
10,385,38215,0.23372553438962007,10.091252988150488,82.22696813743795,0.23372553438962007,100
10,386,38314,0.23372553438962007,14.108698699847992,70.80544708766651,0.23372553438962007,100
10,387,38413,0.23372553438962007,10.754591964067377,60.41323333904535,0.23372553438962007,100
10,388,38512,0.23372553438962007,10.904665991869583,77.18756505685103,0.23372553438962007,100
10,389,38611,0.23372553438962007,8.03639693310031,86.71236450216357,0.23372553438962007,100
10,390,38710,0.23372553438962007,11.222113426918549,73.99422277590668,0.23372553438962007,100
10,391,38809,0.23372553438962007,11.721771686187202,125.1815327904791,0.23372553438962007,100
10,392,38908,0.23372553438962007,12.209039426110794,106.55795375775453,0.23372553438962007,100
10,393,39007,0.23372553438962007,12.789787704465645,105.44057608469058,0.23372553438962007,100
10,394,39106,0.23372553438962007,12.00782211465322,81.12743945163196,0.23372553438962007,100
10,395,39205,0.23372553438962007,11.911083831651656,70.91639816564627,0.23372553438962007,100
10,396,39304,0.23372553438962007,14.016276702877471,115.9303228392721,0.23372553438962007,100
10,397,39403,0.23372553438962007,14.719848816314077,122.44590781174193,0.23372553438962007,100
10,398,39502,0.23372553438962007,9.761442828365865,59.2767296692187,0.23372553438962007,100
10,399,39601,0.23372553438962007,11.02387501677224,133.9305518835379,0.23372553438962007,100
10,400,39700,0.23372553438962007,10.450570528943754,132.76435246392478,0.23372553438962007,100
10,401,39799,0.23372553438962007,12.76079034257479,66.30793888830354,0.23372553438962007,100
10,402,39898,0.23372553438962007,14.18294325218433,80.31343937295547,0.23372553438962007,100
10,403,39997,0.23372553438962007,12.953157628014715,102.614438017181,0.23372553438962007,100
10,404,40096,0.23372553438962007,10.000324276299816,64.00142526269863,0.23372553438962007,100
10,405,40195,0.23372553438962007,12.443894207103352,88.20036004373573,0.23372553438962007,100
10,406,40294,0.23372553438962007,11.236122657445573,89.63261279262237,0.23372553438962007,100
10,407,40393,0.23372553438962007,8.10317365095331,52.430611986257,0.23372553438962007,100
10,408,40492,0.23372553438962007,11.497701468446786,129.763187810846,0.23372553438962007,100
10,409,40591,0.23372553438962007,9.9237708041559,52.55208675504583,0.23372553438962007,100
10,410,40690,0.23372553438962007,11.522800938202158,94.0422213225699,0.23372553438962007,100
10,411,40789,0.23372553438962007,11.335952588571663,120.2027859934282,0.23372553438962007,100
10,412,40888,0.23372553438962007,10.384223164690574,174.69113844388082,0.23372553438962007,100
10,413,40987,0.23372553438962007,10.952140182761731,52.818118938906466,0.23372553438962007,100
10,414,41086,0.23372553438962007,10.73659375166452,89.3337724116679,0.23372553438962007,100
10,415,41185,0.23372553438962007,10.070076438204493,56.84772086812533,0.23372553438962007,100
10,416,41284,0.23372553438962007,8.713623348908932,62.14689543726699,0.23372553438962007,100
10,417,41383,0.23372553438962007,11.994218662216369,62.04150279168645,0.23372553438962007,100
10,418,41482,0.23372553438962007,8.714222159139698,81.54676910406343,0.23372553438962007,100
10,419,41581,0.23372553438962007,10.342446848409942,68.45816395895872,0.23372553438962007,100
10,420,41680,0.23372553438962007,9.509374488131186,83.47137997312024,0.23372553438962007,100
10,421,41779,0.23372553438962007,9.241570468804426,83.0463674160375,0.23372553438962007,100
10,422,41878,0.23372553438962007,11.820054036960057,119.39871203323507,0.23372553438962007,100
10,423,41977,0.23372553438962007,9.69528752187192,90.67288436647202,0.23372553438962007,100
10,424,42076,0.23372553438962007,13.789857874740132,108.10069936496829,0.23372553438962007,100
10,425,42175,0.23372553438962007,13.804206786248038,139.13396022282947,0.23372553438962007,100
10,426,42274,0.23372553438962007,9.264024663984195,83.98201559054677,0.23372553438962007,100
10,427,42373,0.23372553438962007,9.343522586370831,63.870663443177,0.23372553438962007,100
10,428,42472,0.23372553438962007,10.874025823467361,81.9422112517341,0.23372553438962007,100
10,429,42571,0.23372553438962007,11.91307977198828,123.34686254781855,0.23372553438962007,100
10,430,42670,0.23372553438962007,10.510027605102534,78.40344538115284,0.23372553438962007,100
10,431,42769,0.23372553438962007,9.757536644432165,106.27226544795262,0.23372553438962007,100
10,432,42868,0.23372553438962007,11.889790628630758,105.02970555929794,0.23372553438962007,100
10,433,42967,0.23372553438962007,10.345031785217419,78.07244649048656,0.23372553438962007,100
10,434,43066,0.23372553438962007,13.34299957132926,123.33904737167201,0.23372553438962007,100
10,435,43165,0.23372553438962007,12.80510353192266,97.83120815585723,0.23372553438962007,100
10,436,43264,0.23372553438962007,13.129474538920492,126.65733629976363,0.23372553438962007,100
10,437,43363,0.23372553438962007,9.951868958805937,127.9589393051578,0.23372553438962007,100
10,438,43462,0.23372553438962007,13.230524791004235,165.85472661232657,0.23372553438962007,100
10,439,43561,0.23372553438962007,9.926457956167413,63.471911031783776,0.23372553438962007,100
10,440,43660,0.23372553438962007,11.02939684488586,113.3973637914124,0.23372553438962007,100
10,441,43759,0.23372553438962007,8.897983958711807,100.7131746193004,0.23372553438962007,100
10,442,43858,0.23372553438962007,14.106002885338022,108.66059172208904,0.23372553438962007,100
10,443,43957,0.23372553438962007,9.41136991370015,112.268059701874,0.23372553438962007,100
10,444,44056,0.23372553438962007,10.790548190351169,84.72158400536189,0.23372553438962007,100
10,445,44155,0.23372553438962007,12.188464606683874,82.45996650354829,0.23372553438962007,100
10,446,44254,0.23372553438962007,7.444456377712258,46.31189748358615,0.23372553438962007,100
10,447,44353,0.23372553438962007,9.738552478599127,70.98927227807235,0.23372553438962007,100
10,448,44452,0.23372553438962007,14.336299055141701,135.7732871803097,0.23372553438962007,100
10,449,44551,0.23372553438962007,11.15954044342849,87.0113317693705,0.23372553438962007,100
10,450,44650,0.23372553438962007,14.624696618915925,101.25537284170383,0.23372553438962007,100
10,451,44749,0.23372553438962007,11.185000061450655,55.551696858132374,0.23372553438962007,100
10,452,44848,0.23372553438962007,9.904635604375278,65.9002851676737,0.23372553438962007,100
10,453,44947,0.23372553438962007,10.12596292387743,101.25948702882562,0.23372553438962007,100
10,454,45046,0.23372553438962007,9.94053460904523,63.87350644298165,0.23372553438962007,100
10,455,45145,0.23372553438962007,10.407774242721937,98.20237520996383,0.23372553438962007,100
10,456,45244,0.23372553438962007,7.182676940640997,130.62313076456854,0.23372553438962007,100
10,457,45343,0.23372553438962007,8.463849668150303,81.84863263775858,0.23372553438962007,100
10,458,45442,0.23372553438962007,10.343528807300808,102.68970414747666,0.23372553438962007,100
10,459,45541,0.23372553438962007,16.383194424812256,113.70575147372445,0.23372553438962007,100
10,460,45640,0.23372553438962007,13.722189807435843,141.12987737081062,0.23372553438962007,100
10,461,45739,0.23372553438962007,12.76690334793962,85.106027704541,0.23372553438962007,100
10,462,45838,0.23372553438962007,10.722103185504857,79.99208064348515,0.23372553438962007,100
10,463,45937,0.23372553438962007,9.586247876848285,69.08359943677566,0.23372553438962007,100
10,464,46036,0.23372553438962007,11.613828440378306,93.90239286484424,0.23372553438962007,100
10,465,46135,0.23372553438962007,7.975973251078119,144.30515712045724,0.23372553438962007,100
10,466,46234,0.23372553438962007,14.346838841047468,93.7752606976741,0.23372553438962007,100
10,467,46333,0.23372553438962007,11.018270421856611,69.49697934254161,0.23372553438962007,100
10,468,46432,0.23372553438962007,10.297532184466359,61.290941863363464,0.23372553438962007,100
10,469,46531,0.23372553438962007,8.133031244115323,61.710642139280296,0.23372553438962007,100
10,470,46630,0.23372553438962007,12.09480429044508,94.070298462934,0.23372553438962007,100
10,471,46729,0.23372553438962007,11.653746613645133,113.63245670310805,0.23372553438962007,100
10,472,46828,0.23372553438962007,12.707206803284867,83.71581006506977,0.23372553438962007,100
10,473,46927,0.23372553438962007,10.417026284223455,76.63833040703543,0.23372553438962007,100
10,474,47026,0.23372553438962007,12.007366820635298,94.39051724618223,0.23372553438962007,100
10,475,47125,0.23372553438962007,10.890292164635504,106.15114337763535,0.23372553438962007,100
10,476,47224,0.23372553438962007,11.039401966374054,87.47160282623962,0.23372553438962007,100
10,477,47323,0.23372553438962007,13.0338181310565,82.35410877701673,0.23372553438962007,100
10,478,47422,0.23372553438962007,12.176886448727448,85.71450748865526,0.23372553438962007,100
10,479,47521,0.23372553438962007,9.29456148417776,66.88182079191674,0.23372553438962007,100
10,480,47620,0.23372553438962007,13.422895448880974,97.48431500385122,0.23372553438962007,100
10,481,47719,0.23372553438962007,10.6036673807114,179.22848431957658,0.23372553438962007,100
10,482,47818,0.23372553438962007,10.664193257020251,65.38757227893458,0.23372553438962007,100
10,483,47917,0.23372553438962007,10.214962824519583,69.95341178772097,0.23372553438962007,100
10,484,48016,0.23372553438962007,11.613012143435544,143.53519435275982,0.23372553438962007,100
10,485,48115,0.23372553438962007,11.011310043783679,79.87504353606536,0.23372553438962007,100
10,486,48214,0.23372553438962007,13.343423530498951,97.78008295794992,0.23372553438962007,100
10,487,48313,0.23372553438962007,10.5123858017003,86.52182769919781,0.23372553438962007,100
10,488,48412,0.23372553438962007,11.606772881947766,97.97341178835079,0.23372553438962007,100
10,489,48511,0.23372553438962007,11.828126329246764,78.66452977644839,0.23372553438962007,100
10,490,48610,0.23372553438962007,11.82486102176424,117.86663244191882,0.23372553438962007,100
10,491,48709,0.23372553438962007,8.601161688183398,93.79553752001627,0.23372553438962007,100
10,492,48808,0.23372553438962007,10.5925333820892,81.69052711816191,0.23372553438962007,100
10,493,48907,0.23372553438962007,11.34397749397207,92.36266723264528,0.23372553438962007,100
10,494,49006,0.23372553438962007,10.847670288247821,65.61792069012328,0.23372553438962007,100
10,495,49105,0.23372553438962007,11.398423098241631,100.99472467896734,0.23372553438962007,100
10,496,49204,0.23372553438962007,10.490811730607259,61.22331706395987,0.23372553438962007,100
10,497,49303,0.23372553438962007,10.496293283356401,84.52316357869434,0.23372553438962007,100
10,498,49402,0.23372553438962007,12.082733297899813,74.09976109431996,0.23372553438962007,100
10,499,49501,0.23372553438962007,12.899423388066447,185.99722920953383,0.23372553438962007,100
10,500,49600,0.23372553438962007,11.395983132302302,96.41792709609581,0.23372553438962007,100
10,501,49699,0.23372553438962007,8.827583467136963,65.6203035839809,0.23372553438962007,100
10,502,49798,0.23372553438962007,10.648451920171606,88.89549561295209,0.23372553438962007,100
10,503,49897,0.23372553438962007,10.546680865271812,75.87035900540005,0.23372553438962007,100
10,504,49996,0.23372553438962007,9.628299881029745,80.91010154849523,0.23372553438962007,100
10,505,50000,0.23372553438962007,7.339352172387508,36.368616665567195,0.23372553438962007,100
11,0,100,91.46297917120874,571.8100276969642,986.4183306523861,91.46297917120874,100
11,1,199,50.98039686026633,274.997779658948,545.3403726945126,50.98039686026633,100
11,2,298,10.922661312369097,116.89330230067955,333.1828808982154,10.922661312369097,100
11,3,397,9.024215970467374,55.225002032582054,164.57948533424565,9.024215970467374,100
11,4,496,1.2110372147420434,30.0043442080009,148.75881265014183,1.2110372147420434,100
11,5,595,1.2110372147420434,20.75201110645966,92.13749534545329,1.2110372147420434,100
11,6,694,1.2110372147420434,17.55986591388204,91.23515384375202,1.2110372147420434,100
11,7,793,0.7774445746149227,14.116530501336053,86.60073947560933,0.7774445746149227,100
11,8,892,0.5504152408369989,14.270446578427828,115.54099122503189,0.5504152408369989,100
11,9,991,0.5504152408369989,11.41426234784691,111.28196004880897,0.5504152408369989,100
11,10,1090,0.5504152408369989,12.789236077086288,70.38693518068823,0.5504152408369989,100
11,11,1189,0.5504152408369989,9.770582731144266,85.43077525170482,0.5504152408369989,100
11,12,1288,0.5504152408369989,11.105320840770151,91.24570256552995,0.5504152408369989,100
11,13,1387,0.5504152408369989,11.883738491985167,77.67810440547473,0.5504152408369989,100
11,14,1486,0.5504152408369989,10.172274710822025,66.19052174251162,0.5504152408369989,100
11,15,1585,0.5504152408369989,14.116393071951679,109.76036457830577,0.5504152408369989,100
11,16,1684,0.5504152408369989,8.508392368826284,57.726462160824305,0.5504152408369989,100
11,17,1783,0.5504152408369989,10.934869427550382,97.93968680016137,0.5504152408369989,100
11,18,1882,0.5504152408369989,9.097841003037779,63.545897701122186,0.5504152408369989,100
11,19,1981,0.5504152408369989,11.232111937351492,87.45236868261021,0.5504152408369989,100
11,20,2080,0.5266915781522266,8.118244510430388,56.89854760324936,0.5266915781522266,100
11,21,2179,0.38426912993807844,10.908676054102562,86.33097035257907,0.38426912993807844,100
11,22,2278,0.38426912993807844,10.460259914612685,124.19609760193855,0.38426912993807844,100
11,23,2377,0.38426912993807844,9.61596178633977,64.08756598764978,0.38426912993807844,100
11,24,2476,0.38426912993807844,9.563867414687616,52.578904430263755,0.38426912993807844,100
11,25,2575,0.38426912993807844,10.428792139322791,62.54788544919356,0.38426912993807844,100
11,26,2674,0.38426912993807844,9.661118355936027,85.17076565759265,0.38426912993807844,100
11,27,2773,0.38426912993807844,9.139810364736173,60.700762363425184,0.38426912993807844,100
11,28,2872,0.38426912993807844,12.631464105365193,127.49500309304852,0.38426912993807844,100
11,29,2971,0.38426912993807844,9.699700867157627,66.33888229808387,0.38426912993807844,100
11,30,3070,0.38426912993807844,11.736191278444098,156.3555089824918,0.38426912993807844,100
11,31,3169,0.38426912993807844,13.95650503650698,107.60407842225598,0.38426912993807844,100
11,32,3268,0.38426912993807844,11.947897855768655,93.70210104274912,0.38426912993807844,100
11,33,3367,0.38426912993807844,13.750621660390921,53.90087956775984,0.38426912993807844,100
11,34,3466,0.38426912993807844,9.784436156309306,82.268876015253,0.38426912993807844,100
11,35,3565,0.38426912993807844,11.466098957999604,95.31017230579711,0.38426912993807844,100
11,36,3664,0.38426912993807844,12.072936567226657,122.91469712443796,0.38426912993807844,100
11,37,3763,0.38426912993807844,10.632873017019067,105.88150769424358,0.38426912993807844,100
11,38,3862,0.38426912993807844,12.480212485558827,72.84475323224684,0.38426912993807844,100
11,39,3961,0.38426912993807844,10.765449898394262,74.54424591500205,0.38426912993807844,100
11,40,4060,0.38426912993807844,12.26276404568015,98.76915005870782,0.38426912993807844,100
11,41,4159,0.38426912993807844,13.913307850906353,89.49750716637426,0.38426912993807844,100
11,42,4258,0.38426912993807844,11.065226179394985,97.54524872715582,0.38426912993807844,100
11,43,4357,0.38426912993807844,9.192281720217723,69.7316021325757,0.38426912993807844,100
11,44,4456,0.38426912993807844,10.894846593445896,62.33667815957675,0.38426912993807844,100
11,45,4555,0.38426912993807844,8.785143341700365,57.552076135995726,0.38426912993807844,100
11,46,4654,0.38426912993807844,11.428086038988175,126.41981543315859,0.38426912993807844,100
11,47,4753,0.38426912993807844,10.055824904128905,75.55030215608896,0.38426912993807844,100
11,48,4852,0.38426912993807844,9.0508183479197,124.97689931409397,0.38426912993807844,100
11,49,4951,0.38426912993807844,9.045657119009777,49.543857239100646,0.38426912993807844,100
11,50,5050,0.38426912993807844,13.823401152104674,156.33274778675613,0.38426912993807844,100
11,51,5149,0.38426912993807844,10.311175972534109,102.45366364863963,0.38426912993807844,100
11,52,5248,0.38426912993807844,10.196914010508888,89.41360034028297,0.38426912993807844,100
11,53,5347,0.38426912993807844,13.307181806312055,126.45514016687063,0.38426912993807844,100
11,54,5446,0.38426912993807844,9.443158688041478,48.78926880848561,0.38426912993807844,100
11,55,5545,0.38426912993807844,9.80645259671538,81.62857642498821,0.38426912993807844,100
11,56,5644,0.38426912993807844,10.265974288688078,122.84880699718991,0.38426912993807844,100
11,57,5743,0.38426912993807844,11.210540701812494,100.56823208989742,0.38426912993807844,100
11,58,5842,0.38426912993807844,8.725340003270112,75.02383605738669,0.38426912993807844,100
11,59,5941,0.38426912993807844,12.06952747148514,71.89437910041649,0.38426912993807844,100
11,60,6040,0.38426912993807844,9.970172492836442,63.67950326006331,0.38426912993807844,100
11,61,6139,0.38426912993807844,10.915197177286252,93.15792867625923,0.38426912993807844,100
11,62,6238,0.38426912993807844,10.760322544714086,86.84147249054082,0.38426912993807844,100
11,63,6337,0.38426912993807844,12.865014087808683,93.26383141643015,0.38426912993807844,100
11,64,6436,0.38426912993807844,10.109969092453492,126.35582210824262,0.38426912993807844,100
11,65,6535,0.38426912993807844,11.556903964054996,127.67147406985569,0.38426912993807844,100
11,66,6634,0.38426912993807844,10.919140017757957,97.65643989438192,0.38426912993807844,100
11,67,6733,0.38426912993807844,13.533114437093705,120.4263454280823,0.38426912993807844,100
11,68,6832,0.38426912993807844,10.194696348337393,67.40227983469514,0.38426912993807844,100
11,69,6931,0.38426912993807844,9.732509012929363,51.1766148475579,0.38426912993807844,100
11,70,7030,0.38426912993807844,9.363387544532848,73.04593509157007,0.38426912993807844,100
11,71,7129,0.38426912993807844,11.134374672336987,79.52696406866818,0.38426912993807844,100
11,72,7228,0.38426912993807844,14.45567560345184,75.44127424648364,0.38426912993807844,100
11,73,7327,0.38426912993807844,13.050776316093085,79.68354174270118,0.38426912993807844,100
11,74,7426,0.38426912993807844,12.886172659539014,104.76441721517497,0.38426912993807844,100
11,75,7525,0.38426912993807844,14.065660596168534,137.10445023961333,0.38426912993807844,100
11,76,7624,0.38426912993807844,11.294874157063234,59.225586001629374,0.38426912993807844,100
11,77,7723,0.38426912993807844,9.777487544037903,75.92328335064803,0.38426912993807844,100
11,78,7822,0.38426912993807844,11.510364331933916,83.97646463234577,0.38426912993807844,100
11,79,7921,0.38426912993807844,8.380280158668404,75.79887050687104,0.38426912993807844,100
11,80,8020,0.38426912993807844,12.45548998055958,85.40737981223666,0.38426912993807844,100
11,81,8119,0.38426912993807844,13.516469946382129,96.18752372360676,0.38426912993807844,100
11,82,8218,0.38426912993807844,8.567606797020142,56.30829752681501,0.38426912993807844,100
11,83,8317,0.38426912993807844,11.127548419286489,156.06016725710504,0.38426912993807844,100
11,84,8416,0.38426912993807844,9.658283679775996,55.486529192800866,0.38426912993807844,100
11,85,8515,0.38426912993807844,9.623191952343062,76.54076653504346,0.38426912993807844,100
11,86,8614,0.38426912993807844,10.938440279329468,91.63236737680795,0.38426912993807844,100
11,87,8713,0.38426912993807844,13.49216685479703,87.95954557436988,0.38426912993807844,100
11,88,8812,0.38426912993807844,7.725763465903693,57.81059278004971,0.38426912993807844,100
11,89,8911,0.38426912993807844,10.776084469715876,120.6126423146728,0.38426912993807844,100
11,90,9010,0.38426912993807844,10.487480360177619,88.88123069517934,0.38426912993807844,100
11,91,9109,0.38426912993807844,9.766345875003504,74.35777145276099,0.38426912993807844,100
11,92,9208,0.38426912993807844,11.708044617340422,107.52747163306945,0.38426912993807844,100
11,93,9307,0.38426912993807844,8.735102474331848,80.89520696699064,0.38426912993807844,100
11,94,9406,0.38426912993807844,8.260646547019212,67.19496513282702,0.38426912993807844,100
11,95,9505,0.38426912993807844,9.051382798112776,69.3305102895659,0.38426912993807844,100
11,96,9604,0.38426912993807844,10.364822829359653,98.01645482977118,0.38426912993807844,100
11,97,9703,0.38426912993807844,9.97483054956173,71.52092485543432,0.38426912993807844,100
11,98,9802,0.38426912993807844,12.581577956761722,112.23617636342377,0.38426912993807844,100
11,99,9901,0.38426912993807844,12.460781766935341,93.22994573440502,0.38426912993807844,100
11,100,10000,0.38426912993807844,11.298080540755574,89.5133176181422,0.38426912993807844,100
11,101,10099,0.38426912993807844,8.292251025801406,55.637432782022366,0.38426912993807844,100
11,102,10198,0.38426912993807844,7.252956894862091,41.47477851672841,0.38426912993807844,100
11,103,10297,0.38426912993807844,10.198685743858752,78.41164726229843,0.38426912993807844,100
11,104,10396,0.38426912993807844,10.988139220847502,141.97900732906197,0.38426912993807844,100
11,105,10495,0.38426912993807844,12.534916265879861,139.19550868321645,0.38426912993807844,100
11,106,10594,0.38426912993807844,9.435113790878669,93.87400483923655,0.38426912993807844,100
11,107,10693,0.38426912993807844,8.075873773278845,65.20025158253632,0.38426912993807844,100
11,108,10792,0.38426912993807844,10.793277257034834,81.79626781918168,0.38426912993807844,100
11,109,10891,0.38426912993807844,10.12805684087304,74.72094622288802,0.38426912993807844,100
11,110,10990,0.38426912993807844,9.667005115768308,98.79690377559359,0.38426912993807844,100
11,111,11089,0.38426912993807844,10.872658374488603,57.0950941089438,0.38426912993807844,100
11,112,11188,0.38426912993807844,11.972324040125981,152.47919650925976,0.38426912993807844,100
11,113,11287,0.38426912993807844,11.281979910443559,59.73419709310724,0.38426912993807844,100
11,114,11386,0.38426912993807844,8.70564131014034,55.882601685036114,0.38426912993807844,100
11,115,11485,0.38426912993807844,11.622436603151968,108.66711297672934,0.38426912993807844,100
11,116,11584,0.38426912993807844,10.789589903641732,112.87298246397566,0.38426912993807844,100
11,117,11683,0.38426912993807844,8.930755557994882,48.5454823248071,0.38426912993807844,100
11,118,11782,0.38426912993807844,10.277949902420119,64.7676265767083,0.38426912993807844,100
11,119,11881,0.38426912993807844,9.708802612172278,68.07044076769202,0.38426912993807844,100
11,120,11980,0.38426912993807844,7.285345779009348,58.62065571249116,0.38426912993807844,100
11,121,12079,0.38426912993807844,10.1461548759232,120.72450114027914,0.38426912993807844,100
11,122,12178,0.38426912993807844,9.837580574301823,83.20772519158818,0.38426912993807844,100
11,123,12277,0.38426912993807844,9.137402957302694,56.8413422068803,0.38426912993807844,100
11,124,12376,0.38426912993807844,8.555364179904796,69.09715061532941,0.38426912993807844,100
11,125,12475,0.38426912993807844,9.109054310272413,71.33704714711399,0.38426912993807844,100
11,126,12574,0.38426912993807844,10.595093209312989,64.99740714849352,0.38426912993807844,100
11,127,12673,0.38426912993807844,10.381476634787036,69.63536042342359,0.38426912993807844,100
11,128,12772,0.38426912993807844,11.323034924345826,70.17589539374656,0.38426912993807844,100
11,129,12871,0.38426912993807844,10.45513901748729,150.1137073748513,0.38426912993807844,100
11,130,12970,0.38426912993807844,9.93144314598947,100.3312494691409,0.38426912993807844,100
11,131,13069,0.38426912993807844,11.28850974424404,67.15891318669784,0.38426912993807844,100
11,132,13168,0.38426912993807844,10.109326732777287,78.11214997531792,0.38426912993807844,100
11,133,13267,0.38426912993807844,8.932230638620455,52.89801776417357,0.38426912993807844,100
11,134,13366,0.38426912993807844,7.076318413252577,82.97508893595817,0.38426912993807844,100
11,135,13465,0.38426912993807844,8.752345951012266,57.31935655012931,0.38426912993807844,100
11,136,13564,0.38426912993807844,11.666443022891029,77.16603448056306,0.38426912993807844,100
11,137,13663,0.38426912993807844,10.695092766001268,104.81103673675223,0.38426912993807844,100
11,138,13762,0.38426912993807844,13.23299605345214,65.12634582277661,0.38426912993807844,100
11,139,13861,0.38426912993807844,11.480725995630904,174.9011038256427,0.38426912993807844,100
11,140,13960,0.38426912993807844,10.027375110685927,55.11830325788281,0.38426912993807844,100
11,141,14059,0.38426912993807844,8.583747735749943,68.84405441594808,0.38426912993807844,100
11,142,14158,0.38426912993807844,8.917185280049738,85.69573222879191,0.38426912993807844,100
11,143,14257,0.38426912993807844,9.279371236238143,54.006317224388816,0.38426912993807844,100
11,144,14356,0.38426912993807844,12.016163832518748,97.62810928196657,0.38426912993807844,100
11,145,14455,0.38426912993807844,15.46312588283427,71.17439671254871,0.38426912993807844,100
11,146,14554,0.38426912993807844,12.85023868269683,100.97886548844369,0.38426912993807844,100
11,147,14653,0.38426912993807844,12.693588348816956,93.92504560633932,0.38426912993807844,100
11,148,14752,0.38426912993807844,9.701940765349528,57.733357691963235,0.38426912993807844,100
11,149,14851,0.38426912993807844,11.376437681378881,79.38947689084155,0.38426912993807844,100
11,150,14950,0.38426912993807844,10.618821968821239,80.52198464804121,0.38426912993807844,100
11,151,15049,0.38426912993807844,10.05092980084088,55.03165916208582,0.38426912993807844,100
11,152,15148,0.38426912993807844,9.9370338567668,85.80260219876328,0.38426912993807844,100
11,153,15247,0.38426912993807844,9.670467644258188,80.08523029479436,0.38426912993807844,100
11,154,15346,0.38426912993807844,11.568693540344936,69.32588944843272,0.38426912993807844,100
11,155,15445,0.38426912993807844,12.217879674509936,86.26361547958268,0.38426912993807844,100
11,156,15544,0.38426912993807844,9.572334649771713,59.923381722058465,0.38426912993807844,100
11,157,15643,0.38426912993807844,9.826736577145438,56.24887527082596,0.38426912993807844,100
11,158,15742,0.38426912993807844,12.766141002304925,131.00104993846617,0.38426912993807844,100
11,159,15841,0.38426912993807844,11.347611475408666,82.84383168377047,0.38426912993807844,100
11,160,15940,0.38426912993807844,13.321869725396493,117.58733945949464,0.38426912993807844,100
11,161,16039,0.38426912993807844,12.269269142854748,91.88912632835665,0.38426912993807844,100
11,162,16138,0.38426912993807844,10.741260954611182,112.481388521971,0.38426912993807844,100
11,163,16237,0.38426912993807844,10.929631613857985,96.81394265335105,0.38426912993807844,100
11,164,16336,0.38426912993807844,12.91524332447576,88.26859186502492,0.38426912993807844,100
11,165,16435,0.38426912993807844,12.162462803974043,114.56773376070736,0.38426912993807844,100
11,166,16534,0.38426912993807844,8.512770049956288,64.49156122174733,0.38426912993807844,100
11,167,16633,0.38426912993807844,9.153305072576064,103.15831177835305,0.38426912993807844,100
11,168,16732,0.38426912993807844,14.212694867174998,116.08078881146379,0.38426912993807844,100
11,169,16831,0.38426912993807844,10.566058421085307,177.43014477757646,0.38426912993807844,100
11,170,16930,0.38426912993807844,12.823490217528951,118.06642301323147,0.38426912993807844,100
11,171,17029,0.38426912993807844,11.618969551591817,77.33741228254935,0.38426912993807844,100
11,172,17128,0.38426912993807844,11.502533187154265,107.76445621160873,0.38426912993807844,100
11,173,17227,0.38426912993807844,9.425140993037951,125.28777488466685,0.38426912993807844,100
11,174,17326,0.38426912993807844,10.234483428868545,95.85114353707152,0.38426912993807844,100
11,175,17425,0.38426912993807844,13.09115298581542,92.59801485989472,0.38426912993807844,100
11,176,17524,0.38426912993807844,11.089130538351407,75.97113605745207,0.38426912993807844,100
11,177,17623,0.38426912993807844,9.953400574196928,92.57813152902548,0.38426912993807844,100
11,178,17722,0.38426912993807844,11.0412193876099,87.4922686270535,0.38426912993807844,100
11,179,17821,0.38426912993807844,12.41355168080157,80.77259817433273,0.38426912993807844,100
11,180,17920,0.38426912993807844,11.07571581438401,102.14990470748427,0.38426912993807844,100
11,181,18019,0.38426912993807844,11.714770405656735,94.32988123704492,0.38426912993807844,100
11,182,18118,0.38426912993807844,9.62313606127932,52.68907573270965,0.38426912993807844,100
11,183,18217,0.38426912993807844,13.046610746879505,84.37139430087693,0.38426912993807844,100
11,184,18316,0.38426912993807844,10.477838176982562,62.085732937549906,0.38426912993807844,100
11,185,18415,0.38426912993807844,11.34903067022988,99.91089837309096,0.38426912993807844,100
11,186,18514,0.38426912993807844,11.262260712263087,60.70456134667292,0.38426912993807844,100
11,187,18613,0.38426912993807844,10.019811173348113,84.66159642141123,0.38426912993807844,100
11,188,18712,0.38426912993807844,14.066549732889818,75.85002415589624,0.38426912993807844,100
11,189,18811,0.38426912993807844,8.204286892416471,78.71329068876956,0.38426912993807844,100
11,190,18910,0.38426912993807844,9.700841552899242,85.12676255093957,0.38426912993807844,100
11,191,19009,0.38426912993807844,10.394816810559341,129.46411464408644,0.38426912993807844,100
11,192,19108,0.38426912993807844,8.77075536857287,99.35293769278282,0.38426912993807844,100
11,193,19207,0.38426912993807844,10.912971762793365,98.81921027570439,0.38426912993807844,100
11,194,19306,0.38426912993807844,14.272950482818846,216.40421637597717,0.38426912993807844,100
11,195,19405,0.38426912993807844,9.880584959541773,116.98648720114531,0.38426912993807844,100
11,196,19504,0.38426912993807844,10.172303874144857,70.65672374596554,0.38426912993807844,100
11,197,19603,0.38426912993807844,13.973777229441458,78.03245793268175,0.38426912993807844,100
11,198,19702,0.38426912993807844,10.373602695637535,113.15743613223755,0.38426912993807844,100
11,199,19801,0.38426912993807844,11.8503635786376,71.07502761986902,0.38426912993807844,100
11,200,19900,0.38426912993807844,9.66626036915869,66.59945314010163,0.38426912993807844,100
11,201,19999,0.38426912993807844,11.246332177676818,111.62561251996635,0.38426912993807844,100
11,202,20098,0.38426912993807844,10.712294078417088,115.01750152093753,0.38426912993807844,100
11,203,20197,0.38426912993807844,10.629134157532135,69.04900907907744,0.38426912993807844,100
11,204,20296,0.38426912993807844,11.131329760525837,74.95061737751286,0.38426912993807844,100
11,205,20395,0.38426912993807844,8.177804565998324,52.976690052327605,0.38426912993807844,100
11,206,20494,0.38426912993807844,15.049200595020546,105.92266983749897,0.38426912993807844,100
11,207,20593,0.38426912993807844,10.668609528302131,136.02602244502285,0.38426912993807844,100
11,208,20692,0.38426912993807844,10.268439608836484,84.6345144648426,0.38426912993807844,100
11,209,20791,0.38426912993807844,9.825163217185205,61.808545804340866,0.38426912993807844,100
11,210,20890,0.38426912993807844,11.4168715144709,113.1424028070344,0.38426912993807844,100
11,211,20989,0.38426912993807844,8.240249581724646,40.5470789073567,0.38426912993807844,100
11,212,21088,0.38426912993807844,10.530004451740778,70.00951118465808,0.38426912993807844,100
11,213,21187,0.38426912993807844,10.66045699092072,80.15197081222081,0.38426912993807844,100
11,214,21286,0.38426912993807844,10.748580478369163,89.79233612727953,0.38426912993807844,100
11,215,21385,0.38426912993807844,10.690815872331,81.11316570969892,0.38426912993807844,100
11,216,21484,0.38426912993807844,10.101711340348185,108.62554628907323,0.38426912993807844,100
11,217,21583,0.38426912993807844,10.554220866951244,74.762015580048,0.38426912993807844,100
11,218,21682,0.38426912993807844,14.383785163992934,148.0040047424114,0.38426912993807844,100
11,219,21781,0.38426912993807844,10.304711807914877,74.90067894208806,0.38426912993807844,100
11,220,21880,0.38426912993807844,10.152157123861121,87.91582019699474,0.38426912993807844,100
11,221,21979,0.38426912993807844,9.615592285872463,62.3196695457517,0.38426912993807844,100
11,222,22078,0.38426912993807844,13.353464003173691,101.3289374952169,0.38426912993807844,100
11,223,22177,0.38426912993807844,9.899690149242431,81.21402473117458,0.38426912993807844,100
11,224,22276,0.38426912993807844,11.782823456696793,91.17705395977673,0.38426912993807844,100
11,225,22375,0.38426912993807844,10.127259437740724,73.10992857735528,0.38426912993807844,100
11,226,22474,0.24596061651718815,9.139943177197638,66.15378301897977,0.24596061651718815,100
11,227,22573,0.24596061651718815,12.011577607969654,114.92420890091732,0.24596061651718815,100
11,228,22672,0.24596061651718815,11.333815396591765,111.43690231517782,0.24596061651718815,100
11,229,22771,0.24596061651718815,10.29042806953358,85.86259156429281,0.24596061651718815,100
11,230,22870,0.24596061651718815,11.396285522043483,69.36655907010228,0.24596061651718815,100
11,231,22969,0.24596061651718815,11.319797410174957,80.64918675288348,0.24596061651718815,100
11,232,23068,0.24596061651718815,11.544876072356537,131.66495747539744,0.24596061651718815,100
11,233,23167,0.24596061651718815,12.499622723732024,106.81626862979246,0.24596061651718815,100
11,234,23266,0.24596061651718815,9.353251522075574,63.05508910894479,0.24596061651718815,100
11,235,23365,0.24596061651718815,9.100742642751177,77.79434021077465,0.24596061651718815,100
11,236,23464,0.24596061651718815,9.941573447008318,73.8165311490584,0.24596061651718815,100
11,237,23563,0.24596061651718815,10.673293210768279,71.12792182833682,0.24596061651718815,100
11,238,23662,0.24596061651718815,11.25836614742612,91.92881985050488,0.24596061651718815,100
11,239,23761,0.24596061651718815,12.17350079397615,62.3712721048797,0.24596061651718815,100
11,240,23860,0.24596061651718815,11.611533400998107,104.88153512315934,0.24596061651718815,100
11,241,23959,0.24596061651718815,8.995302717795305,79.98786612717578,0.24596061651718815,100
11,242,24058,0.24596061651718815,11.140178879999636,86.22241068641527,0.24596061651718815,100
11,243,24157,0.24596061651718815,11.379700297254464,87.5467953651624,0.24596061651718815,100
11,244,24256,0.24596061651718815,9.705728260713492,70.81845710609085,0.24596061651718815,100
11,245,24355,0.24596061651718815,12.11998508960283,73.78934015285887,0.24596061651718815,100
11,246,24454,0.24596061651718815,11.371596908225584,71.0405594536536,0.24596061651718815,100
11,247,24553,0.24596061651718815,12.543221621421317,72.79159633181581,0.24596061651718815,100
11,248,24652,0.24596061651718815,10.819359529037113,94.11488664256771,0.24596061651718815,100
11,249,24751,0.24596061651718815,11.837435070025784,70.99196871714452,0.24596061651718815,100
11,250,24850,0.24596061651718815,8.467678999001743,67.35528996237629,0.24596061651718815,100
11,251,24949,0.24596061651718815,11.989830998149706,111.81533999350319,0.24596061651718815,100
11,252,25048,0.24596061651718815,12.197178858023626,89.26008737248752,0.24596061651718815,100
11,253,25147,0.24596061651718815,11.557479303014315,82.86059537751908,0.24596061651718815,100
11,254,25246,0.24596061651718815,12.002689349774043,84.3202944332516,0.24596061651718815,100
11,255,25345,0.24596061651718815,14.3158432413211,116.23466686336795,0.24596061651718815,100
11,256,25444,0.24596061651718815,12.931253499350445,75.34638495612343,0.24596061651718815,100
11,257,25543,0.24596061651718815,14.398639232526207,66.75687756345063,0.24596061651718815,100
11,258,25642,0.24596061651718815,11.521532147124152,81.5764058594511,0.24596061651718815,100
11,259,25741,0.24596061651718815,11.663009592024162,87.65793811557249,0.24596061651718815,100
11,260,25840,0.24596061651718815,13.724372105856148,125.08668295851946,0.24596061651718815,100
11,261,25939,0.24596061651718815,10.750073291045924,93.72930471979979,0.24596061651718815,100
11,262,26038,0.24596061651718815,8.524692127880188,56.26036357974419,0.24596061651718815,100
11,263,26137,0.24596061651718815,12.702634859358005,90.11150475480751,0.24596061651718815,100
11,264,26236,0.24596061651718815,14.057852431907547,127.49060465256588,0.24596061651718815,100
11,265,26335,0.24596061651718815,12.752960765702063,114.88336996877538,0.24596061651718815,100
11,266,26434,0.24596061651718815,12.491927249626816,109.34257182824066,0.24596061651718815,100
11,267,26533,0.24596061651718815,9.16854035219926,84.2467334291532,0.24596061651718815,100
11,268,26632,0.24596061651718815,11.73638867312146,70.36507894956654,0.24596061651718815,100
11,269,26731,0.24596061651718815,11.423179882370553,80.5158381700209,0.24596061651718815,100
11,270,26830,0.24596061651718815,10.708993761692765,83.35210840861646,0.24596061651718815,100
11,271,26929,0.24596061651718815,8.571281779377774,57.29364004475213,0.24596061651718815,100
11,272,27028,0.24596061651718815,8.403807998672992,42.79004390229311,0.24596061651718815,100
11,273,27127,0.24596061651718815,8.330564073748233,68.83570971969284,0.24596061651718815,100
11,274,27226,0.24596061651718815,8.632715891050742,98.99475585628785,0.24596061651718815,100
11,275,27325,0.24596061651718815,13.378031173886633,102.07218714763725,0.24596061651718815,100
11,276,27424,0.24596061651718815,12.195287843012366,97.30728835225756,0.24596061651718815,100
11,277,27523,0.24596061651718815,15.483802672691024,127.75175484872749,0.24596061651718815,100
11,278,27622,0.24596061651718815,14.166176478859873,124.29431585285856,0.24596061651718815,100
11,279,27721,0.24596061651718815,8.985304306110264,122.43422551029226,0.24596061651718815,100
11,280,27820,0.24596061651718815,12.008290913718703,103.41079201226333,0.24596061651718815,100
11,281,27919,0.24596061651718815,11.078767789955656,66.11315572597293,0.24596061651718815,100
11,282,28018,0.24596061651718815,9.421632806036067,99.80277083419217,0.24596061651718815,100
11,283,28117,0.24596061651718815,12.31845316313181,89.61747575520516,0.24596061651718815,100
11,284,28216,0.24596061651718815,9.875632933612758,121.50573984347722,0.24596061651718815,100
11,285,28315,0.24596061651718815,12.388056918928084,97.42487640240367,0.24596061651718815,100
11,286,28414,0.24596061651718815,12.682434958147782,106.60366004901718,0.24596061651718815,100
11,287,28513,0.24596061651718815,11.901659347509899,85.2896985735516,0.24596061651718815,100
11,288,28612,0.24596061651718815,11.899301763621018,146.8353296339944,0.24596061651718815,100
11,289,28711,0.24596061651718815,14.180655971298341,172.96038940845293,0.24596061651718815,100
11,290,28810,0.24596061651718815,11.754102179434467,127.10814585696309,0.24596061651718815,100
11,291,28909,0.24596061651718815,8.315056632380568,51.25913478979084,0.24596061651718815,100
11,292,29008,0.24596061651718815,8.514329296549219,116.78437521363765,0.24596061651718815,100
11,293,29107,0.24596061651718815,10.676955101857947,58.702834815352524,0.24596061651718815,100
11,294,29206,0.24596061651718815,9.272747570370592,64.13366853371139,0.24596061651718815,100
11,295,29305,0.24596061651718815,9.149665969023573,63.076060266951096,0.24596061651718815,100
11,296,29404,0.24596061651718815,10.245103976861417,66.15720407141083,0.24596061651718815,100
11,297,29503,0.24596061651718815,10.899325080546184,75.84752825446783,0.24596061651718815,100
11,298,29602,0.24596061651718815,11.446974027036497,69.58605310856659,0.24596061651718815,100
11,299,29701,0.24596061651718815,8.128148131482213,67.65160723683042,0.24596061651718815,100
11,300,29800,0.24596061651718815,13.132886678572634,78.01099479749239,0.24596061651718815,100
11,301,29899,0.24596061651718815,9.11788839871141,92.0058460357961,0.24596061651718815,100
11,302,29998,0.24596061651718815,8.912092496327116,70.20987801457836,0.24596061651718815,100
11,303,30097,0.24596061651718815,9.558480336308493,97.3927419691137,0.24596061651718815,100
11,304,30196,0.24596061651718815,9.692157864408156,58.312068529606485,0.24596061651718815,100
11,305,30295,0.24596061651718815,9.94876320684262,74.49000141237028,0.24596061651718815,100
11,306,30394,0.24596061651718815,11.12517891837422,73.90634237800388,0.24596061651718815,100
11,307,30493,0.24596061651718815,13.308766866436502,115.26223967707215,0.24596061651718815,100
11,308,30592,0.24596061651718815,14.51598328860191,99.88621932305303,0.24596061651718815,100
11,309,30691,0.24596061651718815,12.459985586350586,80.22448122706007,0.24596061651718815,100
11,310,30790,0.24596061651718815,11.427599692001127,93.59240939319267,0.24596061651718815,100
11,311,30889,0.24596061651718815,8.649165380229332,54.47426237772653,0.24596061651718815,100
11,312,30988,0.24596061651718815,10.625510962025885,92.15434056531213,0.24596061651718815,100
11,313,31087,0.24596061651718815,10.644770578647506,89.13414828129062,0.24596061651718815,100
11,314,31186,0.24596061651718815,11.84082138943819,70.45083324382617,0.24596061651718815,100
11,315,31285,0.24596061651718815,13.302531372374542,112.84011440137661,0.24596061651718815,100
11,316,31384,0.24596061651718815,13.71755879989101,161.7482529163876,0.24596061651718815,100
11,317,31483,0.24596061651718815,8.881647824291742,65.538297349287,0.24596061651718815,100
11,318,31582,0.24596061651718815,12.911466433142632,124.37796725855848,0.24596061651718815,100
11,319,31681,0.24596061651718815,11.174485251398808,115.16634472066802,0.24596061651718815,100
11,320,31780,0.24596061651718815,13.206208792062554,51.70815130221984,0.24596061651718815,100
11,321,31879,0.24596061651718815,14.269290713779332,84.73879388859189,0.24596061651718815,100
11,322,31978,0.24596061651718815,12.955527012349757,89.47033661741216,0.24596061651718815,100
11,323,32077,0.24596061651718815,10.033188326581666,70.33519363771886,0.24596061651718815,100
11,324,32176,0.24596061651718815,10.840887427554817,81.68728421776822,0.24596061651718815,100
11,325,32275,0.24596061651718815,12.7287694656265,92.25997252834416,0.24596061651718815,100
11,326,32374,0.24596061651718815,11.399576604000067,85.69411025310721,0.24596061651718815,100
11,327,32473,0.24596061651718815,9.431855379357316,58.24038746392798,0.24596061651718815,100
11,328,32572,0.24596061651718815,8.503696714355272,66.76786020972509,0.24596061651718815,100
11,329,32671,0.24596061651718815,11.795425022122274,138.80153304287853,0.24596061651718815,100
11,330,32770,0.24596061651718815,8.62860530885302,89.35484809506863,0.24596061651718815,100
11,331,32869,0.24596061651718815,13.35723049133332,75.68705822371297,0.24596061651718815,100
11,332,32968,0.24596061651718815,11.339260457453891,144.69318219592898,0.24596061651718815,100
11,333,33067,0.24596061651718815,11.91159976820906,112.79668987773083,0.24596061651718815,100
11,334,33166,0.24596061651718815,11.218626993018898,89.59232415579892,0.24596061651718815,100
11,335,33265,0.24596061651718815,11.564152851929325,95.12817084039098,0.24596061651718815,100
11,336,33364,0.24596061651718815,10.7888032855862,100.83474812290714,0.24596061651718815,100
11,337,33463,0.24596061651718815,10.99714222216182,71.6436993771764,0.24596061651718815,100
11,338,33562,0.24596061651718815,12.40180725269631,126.88215326701099,0.24596061651718815,100
11,339,33661,0.24596061651718815,11.214407619980353,109.61191963524149,0.24596061651718815,100
11,340,33760,0.24596061651718815,12.340892473597,97.21158782528758,0.24596061651718815,100
11,341,33859,0.24596061651718815,10.884540314427829,96.89115431273163,0.24596061651718815,100
11,342,33958,0.24596061651718815,12.69483710457788,105.24022336981936,0.24596061651718815,100
11,343,34057,0.24596061651718815,9.923173124407242,60.08903734461906,0.24596061651718815,100
11,344,34156,0.24596061651718815,12.456295807411523,82.644053373486,0.24596061651718815,100
11,345,34255,0.24596061651718815,9.6586979887849,46.92683647016084,0.24596061651718815,100
11,346,34354,0.24596061651718815,11.28473405201609,79.97618964011642,0.24596061651718815,100
11,347,34453,0.24596061651718815,11.973804164172602,70.7917563646506,0.24596061651718815,100
11,348,34552,0.24596061651718815,15.56566330551842,244.71149537617868,0.24596061651718815,100
11,349,34651,0.24596061651718815,10.407436274425988,59.19280255600713,0.24596061651718815,100
11,350,34750,0.24596061651718815,11.308539006539098,73.16768172534496,0.24596061651718815,100
11,351,34849,0.24596061651718815,9.33704496669947,107.96762178916907,0.24596061651718815,100
11,352,34948,0.24596061651718815,9.62613513765218,105.49017169280366,0.24596061651718815,100
11,353,35047,0.24596061651718815,13.860067664131918,149.55884093745783,0.24596061651718815,100
11,354,35146,0.24596061651718815,10.24355425997182,59.90623184791469,0.24596061651718815,100
11,355,35245,0.24596061651718815,12.00683246630628,86.43768907008614,0.24596061651718815,100
11,356,35344,0.24596061651718815,11.698707045621996,108.64572120736958,0.24596061651718815,100
11,357,35443,0.24596061651718815,15.099120288249146,109.06007077620296,0.24596061651718815,100
11,358,35542,0.24596061651718815,10.623121488751062,74.81279510309696,0.24596061651718815,100
11,359,35641,0.24596061651718815,14.989604605481624,99.67022943263721,0.24596061651718815,100
11,360,35740,0.24596061651718815,15.66073512137692,211.39006700692204,0.24596061651718815,100
11,361,35839,0.24596061651718815,14.60790890643293,88.82998995467034,0.24596061651718815,100
11,362,35938,0.24596061651718815,11.789461675240958,81.9665957236484,0.24596061651718815,100
11,363,36037,0.24596061651718815,9.168368936070618,90.01172285240992,0.24596061651718815,100
11,364,36136,0.24596061651718815,13.065172922405672,75.29310166426079,0.24596061651718815,100
11,365,36235,0.24596061651718815,10.482369007948996,83.6444577592913,0.24596061651718815,100
11,366,36334,0.24596061651718815,12.630844250809362,105.11853714458061,0.24596061651718815,100
11,367,36433,0.24596061651718815,11.652001338433859,61.893569640473316,0.24596061651718815,100
11,368,36532,0.24596061651718815,11.95647093602048,93.97416925566004,0.24596061651718815,100
11,369,36631,0.24596061651718815,13.838308586033108,95.94149929866394,0.24596061651718815,100
11,370,36730,0.24596061651718815,10.778628420411174,106.32882609336772,0.24596061651718815,100
11,371,36829,0.24596061651718815,11.868384646731826,86.69396274454502,0.24596061651718815,100
11,372,36928,0.24596061651718815,10.359654369634091,59.72578528176435,0.24596061651718815,100
11,373,37027,0.24596061651718815,10.806767015497691,75.07189496148126,0.24596061651718815,100
11,374,37126,0.24596061651718815,12.480085999349166,76.76001321061042,0.24596061651718815,100
11,375,37225,0.24596061651718815,12.236849063632306,89.65601346668471,0.24596061651718815,100
11,376,37324,0.24596061651718815,10.08787241507623,68.39200247351602,0.24596061651718815,100
11,377,37423,0.24596061651718815,9.791656691544738,75.5308652084603,0.24596061651718815,100
11,378,37522,0.24596061651718815,13.489581701602116,126.0153458991594,0.24596061651718815,100
11,379,37621,0.24596061651718815,9.740975390104472,72.0310830988964,0.24596061651718815,100
11,380,37720,0.24596061651718815,13.775006619631297,83.86538105346818,0.24596061651718815,100
11,381,37819,0.24596061651718815,11.519891471482197,84.28304119213868,0.24596061651718815,100
11,382,37918,0.24596061651718815,11.8392074212135,87.71434982594312,0.24596061651718815,100
11,383,38017,0.24596061651718815,9.867867484750567,85.05624524889299,0.24596061651718815,100
11,384,38116,0.24596061651718815,14.047557780596883,143.53049026356723,0.24596061651718815,100
11,385,38215,0.24596061651718815,13.424011331960106,95.96189686616704,0.24596061651718815,100
11,386,38314,0.24596061651718815,10.860596194330974,82.9939365657794,0.24596061651718815,100
11,387,38413,0.24596061651718815,12.609225873609166,89.66547757740247,0.24596061651718815,100
11,388,38512,0.24596061651718815,11.880827137261617,56.52413163303606,0.24596061651718815,100
11,389,38611,0.24596061651718815,10.95333900672026,108.48019293684177,0.24596061651718815,100
11,390,38710,0.24596061651718815,10.171535421484673,58.500747937866485,0.24596061651718815,100
11,391,38809,0.24596061651718815,10.975482820860424,84.08390369462313,0.24596061651718815,100
11,392,38908,0.24596061651718815,13.382856663530015,117.65494334562914,0.24596061651718815,100
11,393,39007,0.24596061651718815,11.571225094867806,112.88309778739102,0.24596061651718815,100
11,394,39106,0.24596061651718815,11.105959273025322,74.18102395774366,0.24596061651718815,100
11,395,39205,0.24596061651718815,9.963173893616858,70.00491145823037,0.24596061651718815,100
11,396,39304,0.24596061651718815,8.350509574572964,46.711702928976884,0.24596061651718815,100
11,397,39403,0.24596061651718815,11.160723505612564,92.77964720805203,0.24596061651718815,100
11,398,39502,0.24596061651718815,10.157388678594586,71.34010577248819,0.24596061651718815,100
11,399,39601,0.24596061651718815,9.886446821075516,73.37301165550508,0.24596061651718815,100
11,400,39700,0.24596061651718815,10.123298400066282,67.252831810366,0.24596061651718815,100
11,401,39799,0.24596061651718815,10.373099553049025,71.20281113242419,0.24596061651718815,100
11,402,39898,0.24596061651718815,11.932995191336973,88.24302882578094,0.24596061651718815,100
11,403,39997,0.24596061651718815,11.021859769877773,99.3619635395371,0.24596061651718815,100
11,404,40096,0.24596061651718815,10.353568343382925,112.46119983310473,0.24596061651718815,100
11,405,40195,0.24596061651718815,11.915618339913609,66.83877477952105,0.24596061651718815,100
11,406,40294,0.24596061651718815,10.778085194201854,108.6600819630161,0.24596061651718815,100
11,407,40393,0.24596061651718815,11.492576033104337,91.80964907270484,0.24596061651718815,100
11,408,40492,0.24596061651718815,12.05385136844428,93.1077008282127,0.24596061651718815,100
11,409,40591,0.24596061651718815,12.011566884106797,93.81985847941733,0.24596061651718815,100
11,410,40690,0.24596061651718815,12.37955108187363,129.27080443008145,0.24596061651718815,100
11,411,40789,0.24596061651718815,12.983183789425512,98.09812305646437,0.24596061651718815,100
11,412,40888,0.24596061651718815,12.135578540443278,92.0669202724508,0.24596061651718815,100
11,413,40987,0.24596061651718815,11.268155764993708,68.08599556671325,0.24596061651718815,100
11,414,41086,0.24596061651718815,12.910159024268907,110.11549981588426,0.24596061651718815,100
11,415,41185,0.24596061651718815,9.48376832191383,43.9766397672934,0.24596061651718815,100
11,416,41284,0.24596061651718815,9.774162363382505,66.0086732780702,0.24596061651718815,100
11,417,41383,0.24596061651718815,10.747688093912716,62.607794449563656,0.24596061651718815,100
11,418,41482,0.24596061651718815,13.739980695345244,70.57082330967742,0.24596061651718815,100
11,419,41581,0.24596061651718815,13.031215182697833,121.72080607128373,0.24596061651718815,100
11,420,41680,0.24596061651718815,11.350922834093556,73.76212790315824,0.24596061651718815,100
11,421,41779,0.24596061651718815,11.276614859245514,63.72515619534782,0.24596061651718815,100
11,422,41878,0.24596061651718815,14.082557344211756,106.57914206766985,0.24596061651718815,100
11,423,41977,0.24596061651718815,12.355039253093668,81.11720237857743,0.24596061651718815,100
11,424,42076,0.24596061651718815,13.846909508850022,91.39456837430177,0.24596061651718815,100
11,425,42175,0.24596061651718815,9.989613681384343,65.26737489265277,0.24596061651718815,100
11,426,42274,0.24596061651718815,10.373939972689088,85.46789743715033,0.24596061651718815,100
11,427,42373,0.24596061651718815,11.94518969431901,144.88281957026035,0.24596061651718815,100
11,428,42472,0.24596061651718815,10.364690420491378,56.70410221852401,0.24596061651718815,100
11,429,42571,0.24596061651718815,9.820939981353098,50.601834310242346,0.24596061651718815,100
11,430,42670,0.24596061651718815,7.933478603457204,69.34062591199555,0.24596061651718815,100
11,431,42769,0.24596061651718815,11.365687171536063,96.77994740842321,0.24596061651718815,100
11,432,42868,0.24596061651718815,13.516267614444248,148.5803123490591,0.24596061651718815,100
11,433,42967,0.24596061651718815,9.11036385709747,60.587296224969656,0.24596061651718815,100
11,434,43066,0.24596061651718815,8.616600490601899,56.15043535998193,0.24596061651718815,100
11,435,43165,0.24596061651718815,11.630589026943696,99.32950955291948,0.24596061651718815,100
11,436,43264,0.24596061651718815,11.715709981168475,76.15967608639393,0.24596061651718815,100
11,437,43363,0.24596061651718815,11.79868363566753,101.51140678979056,0.24596061651718815,100
11,438,43462,0.24596061651718815,9.320958697286477,55.07872582115064,0.24596061651718815,100
11,439,43561,0.24596061651718815,10.587022750916006,117.62200711784509,0.24596061651718815,100
11,440,43660,0.24596061651718815,10.441651875814157,81.80755679063142,0.24596061651718815,100
11,441,43759,0.24596061651718815,9.692798225888891,57.87248113055093,0.24596061651718815,100
11,442,43858,0.24596061651718815,13.593440174881357,89.46990798900104,0.24596061651718815,100
11,443,43957,0.24596061651718815,10.727979062010242,71.26147181208613,0.24596061651718815,100
11,444,44056,0.24596061651718815,12.301221862257442,133.71000388973047,0.24596061651718815,100
11,445,44155,0.24596061651718815,11.493573909613012,104.85845341152285,0.24596061651718815,100
11,446,44254,0.24596061651718815,10.62319350018234,104.24849167388805,0.24596061651718815,100
11,447,44353,0.24596061651718815,11.224255050264892,95.23259590920306,0.24596061651718815,100
11,448,44452,0.24596061651718815,9.549451224428994,81.97393301185791,0.24596061651718815,100
11,449,44551,0.24596061651718815,12.536099567137805,95.14174018378787,0.24596061651718815,100
11,450,44650,0.24596061651718815,10.40792557718622,90.27856879315,0.24596061651718815,100
11,451,44749,0.24596061651718815,11.263059224843055,118.28652909478026,0.24596061651718815,100
11,452,44848,0.24596061651718815,9.831312191568614,57.82260321891932,0.24596061651718815,100
11,453,44947,0.24596061651718815,11.516628791482452,52.889983851038984,0.24596061651718815,100
11,454,45046,0.24596061651718815,8.745679290340197,91.18374182403906,0.24596061651718815,100
11,455,45145,0.24596061651718815,10.919917135236686,87.35937482852134,0.24596061651718815,100
11,456,45244,0.24596061651718815,14.794635105719262,199.30217003121444,0.24596061651718815,100
11,457,45343,0.24596061651718815,12.779133773782894,55.338758314780215,0.24596061651718815,100
11,458,45442,0.24596061651718815,12.293605178463055,78.35561766770867,0.24596061651718815,100
11,459,45541,0.24596061651718815,8.966647773898924,99.24590125794752,0.24596061651718815,100
11,460,45640,0.24596061651718815,12.970708016195156,103.01169321386196,0.24596061651718815,100
11,461,45739,0.24596061651718815,14.882015318754416,89.88293779904338,0.24596061651718815,100
11,462,45838,0.24596061651718815,12.158717627957287,103.18037078436397,0.24596061651718815,100
11,463,45937,0.24596061651718815,12.502801735713966,93.2257833940588,0.24596061651718815,100
11,464,46036,0.24596061651718815,16.553158077972725,167.36081174181976,0.24596061651718815,100
11,465,46135,0.24596061651718815,12.329654486712968,171.7310152320896,0.24596061651718815,100
11,466,46234,0.24596061651718815,10.70496038505899,76.06687104897478,0.24596061651718815,100
11,467,46333,0.24596061651718815,10.770252387438665,69.36250909122072,0.24596061651718815,100
11,468,46432,0.24596061651718815,12.927341018735419,124.17822380651427,0.24596061651718815,100
11,469,46531,0.24596061651718815,12.115782039209845,80.4696767137833,0.24596061651718815,100
11,470,46630,0.24596061651718815,12.869889204643618,104.06266338673991,0.24596061651718815,100
11,471,46729,0.24596061651718815,12.284181469306288,72.75124727599086,0.24596061651718815,100
11,472,46828,0.24596061651718815,15.260522951390058,101.13610847638735,0.24596061651718815,100
11,473,46927,0.24596061651718815,11.417391731880901,72.44740788556746,0.24596061651718815,100
11,474,47026,0.24596061651718815,8.489344142304935,46.46439687251721,0.24596061651718815,100
11,475,47125,0.24596061651718815,8.216545439681546,81.40228088155034,0.24596061651718815,100
11,476,47224,0.24596061651718815,12.625732876105898,113.01198780285615,0.24596061651718815,100
11,477,47323,0.24596061651718815,11.41948864651708,96.07422223843511,0.24596061651718815,100
11,478,47422,0.24596061651718815,12.213271516223493,70.99345193216914,0.24596061651718815,100
11,479,47521,0.24596061651718815,12.740959128863542,120.18421330192233,0.24596061651718815,100
11,480,47620,0.24596061651718815,12.096581624308099,98.74563776171428,0.24596061651718815,100
11,481,47719,0.24596061651718815,17.263649249085237,171.39096348520405,0.24596061651718815,100
11,482,47818,0.24596061651718815,12.517794959289523,74.26275403953478,0.24596061651718815,100
11,483,47917,0.24596061651718815,12.080610166765238,88.56746107645061,0.24596061651718815,100
11,484,48016,0.24596061651718815,12.466167865906444,102.20328038625996,0.24596061651718815,100
11,485,48115,0.24596061651718815,9.816978426959222,57.981012181615974,0.24596061651718815,100
11,486,48214,0.24596061651718815,12.091699856510983,62.51326266626677,0.24596061651718815,100
11,487,48313,0.24596061651718815,8.455611600110942,75.85357504939218,0.24596061651718815,100
11,488,48412,0.24596061651718815,14.504824728607176,148.03009792228542,0.24596061651718815,100
11,489,48511,0.24596061651718815,11.085441061204758,76.78136089694439,0.24596061651718815,100
11,490,48610,0.24596061651718815,13.327078531694081,117.78494112621141,0.24596061651718815,100
11,491,48709,0.24596061651718815,8.496486724393698,49.299848547636614,0.24596061651718815,100
11,492,48808,0.24596061651718815,10.78062367702861,83.42618821578775,0.24596061651718815,100
11,493,48907,0.24596061651718815,10.702629042197772,97.57794865086655,0.24596061651718815,100
11,494,49006,0.24596061651718815,10.68647427469037,72.27151130669,0.24596061651718815,100
11,495,49105,0.24596061651718815,10.227477769057796,78.47203493112424,0.24596061651718815,100
11,496,49204,0.24596061651718815,11.158798384558912,80.70531211194134,0.24596061651718815,100
11,497,49303,0.24596061651718815,13.61802502571923,123.2504100232621,0.24596061651718815,100
11,498,49402,0.24596061651718815,9.854818335271522,67.544305202656,0.24596061651718815,100
11,499,49501,0.24596061651718815,8.031010750328244,64.58052768381573,0.24596061651718815,100
11,500,49600,0.24596061651718815,7.526256394434865,82.63169008551519,0.24596061651718815,100
11,501,49699,0.24596061651718815,8.687993376854138,86.23845024504364,0.24596061651718815,100
11,502,49798,0.24596061651718815,11.14334987136723,80.28145729693009,0.24596061651718815,100
11,503,49897,0.24596061651718815,9.915464317855328,68.112823300707,0.24596061651718815,100
11,504,49996,0.24596061651718815,13.627740559963534,126.07400099781046,0.24596061651718815,100
11,505,50000,0.24596061651718815,10.062573423970441,67.56440255718363,0.24596061651718815,100
12,0,100,218.06616689482385,613.1425683767441,1143.2070530247552,218.06616689482385,100
12,1,199,71.1435922135179,339.40416592118635,680.393099729902,71.1435922135179,100
12,2,298,32.844461954278444,146.82519100421894,360.3417551933964,32.844461954278444,100
12,3,397,2.6615360748212096,67.26587703447636,191.33510604813142,2.6615360748212096,100
12,4,496,2.6615360748212096,33.03606078866918,143.2344380601217,2.6615360748212096,100
12,5,595,1.1723044302177672,21.609629933769412,130.44667762303123,1.1723044302177672,100
12,6,694,0.5179754644381263,16.34404501157451,97.59247367285644,0.5179754644381263,100
12,7,793,0.5179754644381263,15.723932183226662,100.23384884758542,0.5179754644381263,100
12,8,892,0.12494292029275705,11.305179997948699,123.97677297127716,0.12494292029275705,100
12,9,991,0.12494292029275705,10.270846310636623,51.10310445307027,0.12494292029275705,100
12,10,1090,0.12494292029275705,10.953256078179507,64.69208405798472,0.12494292029275705,100
12,11,1189,0.12494292029275705,9.93992071359696,66.07647875210637,0.12494292029275705,100
12,12,1288,0.12494292029275705,10.961075084528675,122.83842337878175,0.12494292029275705,100
12,13,1387,0.12494292029275705,13.23945664601788,66.610185807685,0.12494292029275705,100
12,14,1486,0.12494292029275705,12.979956976776,96.47365512301145,0.12494292029275705,100
12,15,1585,0.12494292029275705,13.130513565109284,86.85792505929007,0.12494292029275705,100
12,16,1684,0.12494292029275705,14.35736259814816,119.88856615119502,0.12494292029275705,100
12,17,1783,0.12494292029275705,12.872120448107555,90.0224980319075,0.12494292029275705,100
12,18,1882,0.12494292029275705,14.524265547047234,87.07332134012485,0.12494292029275705,100
12,19,1981,0.12494292029275705,12.320237387054739,65.87541122606963,0.12494292029275705,100
12,20,2080,0.12494292029275705,13.00084899158012,87.20470193370785,0.12494292029275705,100
12,21,2179,0.12494292029275705,11.11508294118733,74.68498911796439,0.12494292029275705,100
12,22,2278,0.12494292029275705,15.747789739884062,66.52148198720693,0.12494292029275705,100
12,23,2377,0.12494292029275705,15.178363201689997,120.45283308552854,0.12494292029275705,100
12,24,2476,0.12494292029275705,12.036810974709073,89.93516339957823,0.12494292029275705,100
12,25,2575,0.12494292029275705,10.775642377508134,74.39745804485784,0.12494292029275705,100
12,26,2674,0.12494292029275705,12.23901214258358,121.34870523013265,0.12494292029275705,100
12,27,2773,0.12494292029275705,11.583331735926523,68.29387997550752,0.12494292029275705,100
12,28,2872,0.12494292029275705,9.771669361772101,60.49868625084921,0.12494292029275705,100
12,29,2971,0.12494292029275705,9.986379696125796,68.45274772950083,0.12494292029275705,100
12,30,3070,0.12494292029275705,11.1677788796508,89.09253009313294,0.12494292029275705,100
12,31,3169,0.12494292029275705,12.593807627000938,85.0180049186571,0.12494292029275705,100
12,32,3268,0.12494292029275705,12.00844289453396,115.54168535276888,0.12494292029275705,100
12,33,3367,0.12494292029275705,11.818198965001095,77.51935498594203,0.12494292029275705,100
12,34,3466,0.12494292029275705,12.22147003990235,89.77693345241579,0.12494292029275705,100
12,35,3565,0.12494292029275705,12.390604585736591,114.35474161336224,0.12494292029275705,100
12,36,3664,0.12494292029275705,12.34551459168752,111.73761349163446,0.12494292029275705,100
12,37,3763,0.12494292029275705,11.992444384059857,79.13127445921324,0.12494292029275705,100
12,38,3862,0.12494292029275705,10.91257528822728,62.44581549571069,0.12494292029275705,100
12,39,3961,0.12494292029275705,12.473863149630867,109.47417485497047,0.12494292029275705,100
12,40,4060,0.12494292029275705,11.467134580250931,95.2314868154738,0.12494292029275705,100
12,41,4159,0.12494292029275705,14.452221686647997,73.939156466339,0.12494292029275705,100
12,42,4258,0.12494292029275705,12.43752664284186,93.52715883410106,0.12494292029275705,100
12,43,4357,0.12494292029275705,11.348576759758792,116.99519650895081,0.12494292029275705,100
12,44,4456,0.12494292029275705,11.525173603740084,58.98520865068279,0.12494292029275705,100
12,45,4555,0.12494292029275705,12.883418320416245,80.34111835254984,0.12494292029275705,100
12,46,4654,0.12494292029275705,10.74253421548075,75.74826763639652,0.12494292029275705,100
12,47,4753,0.12494292029275705,13.059384756391117,83.14121131700342,0.12494292029275705,100
12,48,4852,0.12494292029275705,10.335912985057114,76.71516450948155,0.12494292029275705,100
12,49,4951,0.12494292029275705,15.066225587581311,94.66712671131404,0.12494292029275705,100
12,50,5050,0.12494292029275705,10.716338703175195,104.7098660733783,0.12494292029275705,100
12,51,5149,0.12494292029275705,10.299187223016407,79.57965450545323,0.12494292029275705,100
12,52,5248,0.12494292029275705,9.354543168433615,95.141912971418,0.12494292029275705,100
12,53,5347,0.12494292029275705,10.947394068966089,105.05575168178503,0.12494292029275705,100
12,54,5446,0.12494292029275705,9.987085131974208,72.31062974906736,0.12494292029275705,100
12,55,5545,0.12494292029275705,13.703708171758153,76.48112402655684,0.12494292029275705,100
12,56,5644,0.12494292029275705,9.693650151130463,108.24988415885102,0.12494292029275705,100
12,57,5743,0.12494292029275705,11.473918790589796,59.918319054724,0.12494292029275705,100
12,58,5842,0.12494292029275705,8.537428044393135,67.18456170274665,0.12494292029275705,100
12,59,5941,0.12494292029275705,9.92771377842311,129.69265893178468,0.12494292029275705,100
12,60,6040,0.12494292029275705,13.334180808082206,150.27458323197686,0.12494292029275705,100
12,61,6139,0.12494292029275705,9.887292476063832,60.62944816781001,0.12494292029275705,100
12,62,6238,0.12494292029275705,9.76686772304477,95.73265392447038,0.12494292029275705,100
12,63,6337,0.12494292029275705,13.74349639367042,67.28452166198143,0.12494292029275705,100
12,64,6436,0.12494292029275705,12.523419232057538,69.68586056776667,0.12494292029275705,100
12,65,6535,0.12494292029275705,12.265167026619345,98.10191464843841,0.12494292029275705,100
12,66,6634,0.12494292029275705,15.443260655494118,158.93955993123078,0.12494292029275705,100
12,67,6733,0.12494292029275705,13.920824934022336,111.58380799116713,0.12494292029275705,100
12,68,6832,0.12494292029275705,9.69839996927976,82.14326243109558,0.12494292029275705,100
12,69,6931,0.12494292029275705,11.466285916957542,95.40607411753136,0.12494292029275705,100
12,70,7030,0.12494292029275705,15.887502489113288,143.06385290639568,0.12494292029275705,100
12,71,7129,0.12494292029275705,15.93789840817473,139.82785075760017,0.12494292029275705,100
12,72,7228,0.12494292029275705,12.504621880497263,63.882313637263415,0.12494292029275705,100
12,73,7327,0.12494292029275705,11.085212731333504,85.62860136304725,0.12494292029275705,100
12,74,7426,0.12494292029275705,10.224535991798673,85.22432240364112,0.12494292029275705,100
12,75,7525,0.12494292029275705,15.481387082983984,87.84471496549169,0.12494292029275705,100
12,76,7624,0.12494292029275705,11.696434462457846,67.94305183312636,0.12494292029275705,100
12,77,7723,0.12494292029275705,10.811534913213038,75.10755549738379,0.12494292029275705,100
12,78,7822,0.12494292029275705,10.253468848411183,73.33750674939388,0.12494292029275705,100
12,79,7921,0.12494292029275705,10.968689610348473,87.67648967575593,0.12494292029275705,100
12,80,8020,0.12494292029275705,13.195661768869442,103.76477276444832,0.12494292029275705,100
12,81,8119,0.12494292029275705,11.74604125726178,65.63041357346819,0.12494292029275705,100
12,82,8218,0.12494292029275705,12.388007879199444,68.32255222897017,0.12494292029275705,100
12,83,8317,0.12494292029275705,7.1376646258192284,42.52127216987578,0.12494292029275705,100
12,84,8416,0.12494292029275705,11.926860573100416,66.78716201597977,0.12494292029275705,100
12,85,8515,0.12494292029275705,13.139692143170329,88.47289921778884,0.12494292029275705,100
12,86,8614,0.12494292029275705,11.905437581193612,98.25845774634948,0.12494292029275705,100
12,87,8713,0.12494292029275705,9.5806456002108,69.08741387385395,0.12494292029275705,100
12,88,8812,0.12494292029275705,9.158340962559574,81.85504814709643,0.12494292029275705,100
12,89,8911,0.12494292029275705,11.568938529078949,100.15441479585114,0.12494292029275705,100
12,90,9010,0.12494292029275705,12.258008955278141,177.15400414575058,0.12494292029275705,100
12,91,9109,0.12494292029275705,11.242041869861689,60.375529361800425,0.12494292029275705,100
12,92,9208,0.12494292029275705,7.552900398526367,65.74043729999043,0.12494292029275705,100
12,93,9307,0.12494292029275705,14.039916291385566,153.78352571098156,0.12494292029275705,100
12,94,9406,0.12494292029275705,14.328896799806476,127.7461794750215,0.12494292029275705,100
12,95,9505,0.12494292029275705,10.8614141502224,113.37837127163942,0.12494292029275705,100
12,96,9604,0.12494292029275705,9.9739092784127,80.78533983442216,0.12494292029275705,100
12,97,9703,0.12494292029275705,13.413595404817777,139.17185852164346,0.12494292029275705,100
12,98,9802,0.12494292029275705,13.688765248387558,130.76458809342637,0.12494292029275705,100
12,99,9901,0.12494292029275705,9.797812839251849,63.03341832854967,0.12494292029275705,100
12,100,10000,0.12494292029275705,11.175496172909806,57.4712284622566,0.12494292029275705,100
12,101,10099,0.12494292029275705,15.711989674547779,128.84426938699082,0.12494292029275705,100
12,102,10198,0.12494292029275705,10.790092959269721,62.9136462518787,0.12494292029275705,100
12,103,10297,0.12494292029275705,11.075373946923012,66.57059079645828,0.12494292029275705,100
12,104,10396,0.12494292029275705,9.850366056115282,73.06565029327803,0.12494292029275705,100
12,105,10495,0.12494292029275705,12.352248258152251,89.60340449115657,0.12494292029275705,100
12,106,10594,0.12494292029275705,11.896886815008227,87.62880024032266,0.12494292029275705,100
12,107,10693,0.12494292029275705,11.410564887133184,76.23866277973465,0.12494292029275705,100
12,108,10792,0.12494292029275705,12.3917810462548,87.92211115024038,0.12494292029275705,100
12,109,10891,0.12494292029275705,9.93040830671299,70.5823179293362,0.12494292029275705,100
12,110,10990,0.12494292029275705,10.906227047987596,96.99771945067565,0.12494292029275705,100
12,111,11089,0.12494292029275705,9.440685207206089,78.76807121281283,0.12494292029275705,100
12,112,11188,0.12494292029275705,12.263107260540405,58.88571756657559,0.12494292029275705,100
12,113,11287,0.12494292029275705,9.645535249474609,72.9565621289734,0.12494292029275705,100
12,114,11386,0.12494292029275705,11.02264859560461,67.96181219111078,0.12494292029275705,100
12,115,11485,0.12494292029275705,11.511250763706034,64.01927112464924,0.12494292029275705,100
12,116,11584,0.12494292029275705,10.427725247496173,108.73736738119045,0.12494292029275705,100
12,117,11683,0.12494292029275705,13.25294367892186,112.09525829561039,0.12494292029275705,100
12,118,11782,0.12494292029275705,11.526699691515407,66.93466728047851,0.12494292029275705,100
12,119,11881,0.12494292029275705,9.14987835073134,69.22597357876636,0.12494292029275705,100
12,120,11980,0.11908685394266089,11.343908823909285,71.68795571112095,0.11908685394266089,100
12,121,12079,0.11418542144385418,11.066916430754214,114.48982038498303,0.11418542144385418,100
12,122,12178,0.1087520337201277,13.047451073338534,103.24271615436786,0.1087520337201277,100
12,123,12277,0.1087520337201277,8.534722002118478,62.922808365231454,0.1087520337201277,100
12,124,12376,0.1087520337201277,9.623025657523819,64.19751324296263,0.1087520337201277,100
12,125,12475,0.1087520337201277,10.875869886336458,96.95097481961444,0.1087520337201277,100
12,126,12574,0.1087520337201277,11.982002005035921,80.58551875158999,0.1087520337201277,100
12,127,12673,0.1087520337201277,9.298661392980929,80.47082113188233,0.1087520337201277,100
12,128,12772,0.1087520337201277,11.483306036764475,81.52603105619565,0.1087520337201277,100
12,129,12871,0.1087520337201277,10.684182219705079,89.78988564225759,0.1087520337201277,100
12,130,12970,0.1087520337201277,11.5453630704743,84.24139056147665,0.1087520337201277,100
12,131,13069,0.1087520337201277,12.208609567410747,89.77862395791433,0.1087520337201277,100
12,132,13168,0.1087520337201277,12.506891070424851,115.23327490582095,0.1087520337201277,100
12,133,13267,0.1087520337201277,11.74748586107083,57.33031389777345,0.1087520337201277,100
12,134,13366,0.1087520337201277,11.335673311826463,78.9141095535088,0.1087520337201277,100
12,135,13465,0.1087520337201277,9.12164426106337,50.874318888298625,0.1087520337201277,100
12,136,13564,0.1087520337201277,8.333875178535312,85.59135601982541,0.1087520337201277,100
12,137,13663,0.1087520337201277,9.776795577311495,94.17722516642989,0.1087520337201277,100
12,138,13762,0.1087520337201277,9.982083529843766,56.735012628640675,0.1087520337201277,100
12,139,13861,0.1087520337201277,12.10100464583737,73.3703614179883,0.1087520337201277,100
12,140,13960,0.1087520337201277,9.907323428604005,100.1035526829467,0.1087520337201277,100
12,141,14059,0.1087520337201277,9.226586882651143,87.37423917303244,0.1087520337201277,100
12,142,14158,0.1087520337201277,8.825905816400095,64.62168002173966,0.1087520337201277,100
12,143,14257,0.1087520337201277,10.60414041820989,100.81075426437108,0.1087520337201277,100
12,144,14356,0.1087520337201277,10.899903305045486,60.37348055285798,0.1087520337201277,100
12,145,14455,0.1087520337201277,12.18365640730677,125.02997579274114,0.1087520337201277,100
12,146,14554,0.1087520337201277,11.349872379392961,76.35015152578862,0.1087520337201277,100
12,147,14653,0.1087520337201277,9.327472985431262,68.85025736628342,0.1087520337201277,100
12,148,14752,0.1087520337201277,10.657640661251484,91.40000433633692,0.1087520337201277,100
12,149,14851,0.1087520337201277,10.195575075601495,65.95797677224755,0.1087520337201277,100
12,150,14950,0.1087520337201277,12.149675512242691,122.56247066281189,0.1087520337201277,100
12,151,15049,0.1087520337201277,12.270460582826036,74.51569846449357,0.1087520337201277,100
12,152,15148,0.1087520337201277,9.667349602543947,79.54298495498958,0.1087520337201277,100
12,153,15247,0.1087520337201277,10.447112016004214,72.99236242657841,0.1087520337201277,100
12,154,15346,0.1087520337201277,11.883256448070412,105.08452736958975,0.1087520337201277,100
12,155,15445,0.1087520337201277,11.82134555571973,116.33277149109988,0.1087520337201277,100
12,156,15544,0.1087520337201277,11.110263526908733,135.66594137146072,0.1087520337201277,100
12,157,15643,0.1087520337201277,9.835754376807843,89.73314281618022,0.1087520337201277,100
12,158,15742,0.10875203371988817,7.660659950689076,57.994078645162425,0.10875203371988817,100
12,159,15841,0.10875203371988817,10.390590561939998,61.85019451581515,0.10875203371988817,100
12,160,15940,0.10875203371988817,11.772838856521936,79.06585655597154,0.10875203371988817,100
12,161,16039,0.10875203371988817,10.702631085053824,85.42569330526015,0.10875203371988817,100
12,162,16138,0.10875203371988817,10.47638943324214,95.28398820912146,0.10875203371988817,100
12,163,16237,0.10875203371988817,12.431910412556071,77.4421421753777,0.10875203371988817,100
12,164,16336,0.10875203371988817,13.145263098021987,75.57322346549093,0.10875203371988817,100
12,165,16435,0.10875203371988817,12.256671123721096,100.49545089972187,0.10875203371988817,100
12,166,16534,0.10875203371988817,12.239386475556355,90.14765349937869,0.10875203371988817,100
12,167,16633,0.10875203371988817,13.725022062247817,107.66210514528075,0.10875203371988817,100
12,168,16732,0.10875203371988817,8.460958072923164,73.79908645142918,0.10875203371988817,100
12,169,16831,0.10875203371988817,14.441472386938049,97.93450253693346,0.10875203371988817,100
12,170,16930,0.10875203371988817,10.994880398461031,93.86928813148884,0.10875203371988817,100
12,171,17029,0.10875203371988817,12.608482662467116,108.49051483217556,0.10875203371988817,100
12,172,17128,0.10875203371988817,12.68547356125869,178.24552344744558,0.10875203371988817,100
12,173,17227,0.10875203371988817,8.89961872384784,74.57472803868302,0.10875203371988817,100
12,174,17326,0.10875203371988817,13.484981751465005,130.97451126055512,0.10875203371988817,100
12,175,17425,0.10875203371988817,11.918537900180851,100.00721228427899,0.10875203371988817,100
12,176,17524,0.10875203371988817,8.823963802338303,98.83070545495694,0.10875203371988817,100
12,177,17623,0.10875203371988817,10.634371330716295,61.458111577178315,0.10875203371988817,100
12,178,17722,0.10875203371988817,10.696708390984279,79.1037377464443,0.10875203371988817,100
12,179,17821,0.10875203371988817,10.59550629571945,162.06409523400598,0.10875203371988817,100
12,180,17920,0.10875203371988817,12.460823413371033,100.0440883660753,0.10875203371988817,100
12,181,18019,0.10875203371988817,10.504075445477365,97.50851747980813,0.10875203371988817,100
12,182,18118,0.10875203371988817,12.053860447483993,86.41363316024555,0.10875203371988817,100
12,183,18217,0.10875203371988817,10.405498817425716,70.51507321944862,0.10875203371988817,100
12,184,18316,0.10875203371988817,9.151685677158632,77.13159676971841,0.10875203371988817,100
12,185,18415,0.10875203371988817,9.491710086187169,57.732480077121224,0.10875203371988817,100
12,186,18514,0.10875203371988817,11.661232173519036,66.15557082001762,0.10875203371988817,100
12,187,18613,0.10875203371988817,11.903666961462852,137.24759859528515,0.10875203371988817,100
12,188,18712,0.10875203371988817,9.690572635966744,86.71352779692141,0.10875203371988817,100
12,189,18811,0.10875203371988817,12.668722074181371,87.30680995023184,0.10875203371988817,100
12,190,18910,0.10875203371988817,14.946250031059312,81.26571445988627,0.10875203371988817,100
12,191,19009,0.10875203371988817,9.993725036831442,82.84546116283629,0.10875203371988817,100
12,192,19108,0.10875203371988817,10.373865027884962,63.82030136778331,0.10875203371988817,100
12,193,19207,0.10875203371988817,12.029463889685399,88.84302356514391,0.10875203371988817,100
12,194,19306,0.10875203371988817,9.28280320307498,64.50484015093548,0.10875203371988817,100
12,195,19405,0.10875203371988817,11.164052096319045,91.43115538046223,0.10875203371988817,100
12,196,19504,0.10875203371988817,14.6587775870353,82.69774789253144,0.10875203371988817,100
12,197,19603,0.10875203371988817,12.910333874122907,169.5039040245322,0.10875203371988817,100
12,198,19702,0.10875203371988817,12.98571038473581,80.67994240296204,0.10875203371988817,100
12,199,19801,0.10875203371988817,12.28729930982395,207.47991658216787,0.10875203371988817,100
12,200,19900,0.10875203371988817,10.911175681300515,82.38967706124733,0.10875203371988817,100
12,201,19999,0.10875203371988817,9.02311256623192,122.56008967009546,0.10875203371988817,100
12,202,20098,0.10875203371988817,10.708199125283352,67.43583895624884,0.10875203371988817,100
12,203,20197,0.10875203371988817,11.562131938044853,116.91782748121058,0.10875203371988817,100
12,204,20296,0.10875203371988817,10.049451297675569,83.31377347519206,0.10875203371988817,100
12,205,20395,0.10875203371988817,12.726223403158913,76.45118306514698,0.10875203371988817,100
12,206,20494,0.10875203371988817,11.174883857502055,72.00035941644184,0.10875203371988817,100
12,207,20593,0.10875203371988817,14.38280840452646,165.01149590481356,0.10875203371988817,100
12,208,20692,0.10875203371988817,9.33850885646088,114.31283875821475,0.10875203371988817,100
12,209,20791,0.10875203371988817,11.235332719421201,85.39513436419932,0.10875203371988817,100
12,210,20890,0.10875203371988817,12.252464896759763,144.18709868704076,0.10875203371988817,100
12,211,20989,0.10875203371988817,11.886692320237541,135.22413659928202,0.10875203371988817,100
12,212,21088,0.10875203371988817,11.44680530985109,63.890069942726,0.10875203371988817,100
12,213,21187,0.10875203371988817,12.352333104405433,134.57770634028174,0.10875203371988817,100
12,214,21286,0.10875203371988817,8.576871189501606,98.04317842531158,0.10875203371988817,100
12,215,21385,0.10875203371988817,11.820574741664391,159.28555996258902,0.10875203371988817,100
12,216,21484,0.10875203371988817,13.707961530250355,133.10819231975225,0.10875203371988817,100
12,217,21583,0.10875203371988817,12.078988495017887,99.5684304946662,0.10875203371988817,100
12,218,21682,0.10875203371988817,9.845089600301403,101.54487535166183,0.10875203371988817,100
12,219,21781,0.10875203371988817,13.274374834958133,97.47040152750769,0.10875203371988817,100
12,220,21880,0.10875203371988817,9.929864213806,108.0336570026596,0.10875203371988817,100
12,221,21979,0.10875203371988817,11.342189504522956,70.06166108179116,0.10875203371988817,100
12,222,22078,0.10875203371988817,11.102709128741617,117.23055588644374,0.10875203371988817,100
12,223,22177,0.10875203371988817,14.035763706945819,105.3145411405806,0.10875203371988817,100
12,224,22276,0.10875203371988817,11.919184940244673,83.48006695376588,0.10875203371988817,100
12,225,22375,0.10875203371988817,13.755977627017547,91.4108296095059,0.10875203371988817,100
12,226,22474,0.10875203371988817,9.908968271835171,52.04514347219784,0.10875203371988817,100
12,227,22573,0.10875203371988817,12.123445143696836,59.58738092266519,0.10875203371988817,100
12,228,22672,0.10875203371988817,14.470390860632927,121.28574340015781,0.10875203371988817,100
12,229,22771,0.10875203371988817,10.277007444728234,90.07934357057738,0.10875203371988817,100
12,230,22870,0.10875203371988817,11.211028608910812,71.34629499668567,0.10875203371988817,100
12,231,22969,0.10875203371988817,11.052536472298073,99.42107873360739,0.10875203371988817,100
12,232,23068,0.10875203371988817,11.607118036093176,105.75263410413649,0.10875203371988817,100
12,233,23167,0.10875203371988817,9.89288397303493,74.60283815159481,0.10875203371988817,100
12,234,23266,0.10875203371988817,11.741035521416306,97.27657398148774,0.10875203371988817,100
12,235,23365,0.10875203371988817,10.788617270065119,90.01982815423072,0.10875203371988817,100
12,236,23464,0.10875203371988817,12.1804109251526,84.22523333584637,0.10875203371988817,100
12,237,23563,0.10875203371988817,12.048698621578607,68.01544959880027,0.10875203371988817,100
12,238,23662,0.10875203371988817,9.504016519045244,64.12090577087079,0.10875203371988817,100
12,239,23761,0.10875203371988817,12.840171775873593,74.91024473503379,0.10875203371988817,100
12,240,23860,0.10875203371988817,10.573591037042334,68.09807229363905,0.10875203371988817,100
12,241,23959,0.10875203371988817,10.101507671640405,48.53016403628741,0.10875203371988817,100
12,242,24058,0.10875203371988817,6.722029582712435,59.65946476619641,0.10875203371988817,100
12,243,24157,0.10875203371988817,12.407332102021154,79.97188803371847,0.10875203371988817,100
12,244,24256,0.10875203371988817,10.948583053089578,55.37065778807777,0.10875203371988817,100
12,245,24355,0.10875203371988817,14.459865650802044,110.14065986538044,0.10875203371988817,100
12,246,24454,0.10875203371988817,10.347016613178525,69.80599893390271,0.10875203371988817,100
12,247,24553,0.10875203371988817,11.684764826932247,107.47405409593748,0.10875203371988817,100
12,248,24652,0.10875203371988817,13.554003589987895,83.26939486893102,0.10875203371988817,100
12,249,24751,0.10875203371988817,12.255247645591234,105.18738775152173,0.10875203371988817,100
12,250,24850,0.10875203371988817,10.839881988238089,92.70833103502251,0.10875203371988817,100
12,251,24949,0.10875203371988817,11.300827501227968,120.30737946592723,0.10875203371988817,100
12,252,25048,0.10875203371988817,9.394967380138604,60.916342163445684,0.10875203371988817,100
12,253,25147,0.10875203371988817,11.78404872568069,72.51049044432857,0.10875203371988817,100
12,254,25246,0.10875203371988817,11.837295035257434,98.1378120475658,0.10875203371988817,100
12,255,25345,0.10875203371988817,9.363025504160554,90.79105963188239,0.10875203371988817,100
12,256,25444,0.10875203371988817,12.725277419181818,130.05665893847402,0.10875203371988817,100
12,257,25543,0.10875203371988817,8.59770264718023,75.83205820596751,0.10875203371988817,100
12,258,25642,0.10875203371988817,9.035099614981183,98.76667464829117,0.10875203371988817,100
12,259,25741,0.10875203371988817,9.477134505212389,62.8127204674955,0.10875203371988817,100
12,260,25840,0.10875203371988817,13.48115461352811,98.34279414099662,0.10875203371988817,100
12,261,25939,0.10875203371988817,10.153147890671756,86.46783671552176,0.10875203371988817,100
12,262,26038,0.10875203371988817,9.94351411319897,79.04203592884468,0.10875203371988817,100
12,263,26137,0.10875203371988817,9.988852061814292,92.72580473713673,0.10875203371988817,100
12,264,26236,0.10875203371988817,11.270452684793549,120.70156327280087,0.10875203371988817,100
12,265,26335,0.10875203371988817,13.423242592171333,121.33174399848801,0.10875203371988817,100
12,266,26434,0.10875203371988817,9.620643742121532,75.85233971320281,0.10875203371988817,100
12,267,26533,0.10875203371988817,8.70972195714931,85.0032106107408,0.10875203371988817,100
12,268,26632,0.10875203371988817,12.525093436451874,89.45195719007538,0.10875203371988817,100
12,269,26731,0.10875203371988817,10.907931172845728,55.92063767373079,0.10875203371988817,100
12,270,26830,0.10875203371988817,11.455222301018862,102.7784746932413,0.10875203371988817,100
12,271,26929,0.10875203371988817,12.191381848083521,91.9527171572205,0.10875203371988817,100
12,272,27028,0.10875203371988817,15.630430316504237,104.2319302128469,0.10875203371988817,100
12,273,27127,0.10875203371988817,12.326736561999564,74.57515384237543,0.10875203371988817,100
12,274,27226,0.10875203371988817,12.776050686210429,76.41619984274958,0.10875203371988817,100
12,275,27325,0.10875203371988817,11.380045495276585,78.7966076060901,0.10875203371988817,100
12,276,27424,0.10875203371988817,12.968062739691595,124.25586734058668,0.10875203371988817,100
12,277,27523,0.10875203371988817,10.99857094023099,103.79946016591299,0.10875203371988817,100
12,278,27622,0.10875203371988817,13.635804205917545,81.12710047217007,0.10875203371988817,100
12,279,27721,0.10875203371988817,11.342144539112693,96.75123541007197,0.10875203371988817,100
12,280,27820,0.10875203371988817,10.7421440854631,119.99637324307287,0.10875203371988817,100
12,281,27919,0.10875203371988817,12.426906039741857,86.79213248388643,0.10875203371988817,100
12,282,28018,0.10875203371988817,13.27819269800223,80.34554274745605,0.10875203371988817,100
12,283,28117,0.10875203371988817,10.387428114253023,53.56162339823132,0.10875203371988817,100
12,284,28216,0.10875203371988817,10.385964448676404,91.72797705908344,0.10875203371988817,100
12,285,28315,0.10875203371988817,9.10130224666663,48.67649693953715,0.10875203371988817,100
12,286,28414,0.10875203371988817,13.073984337692547,147.04150402561035,0.10875203371988817,100
12,287,28513,0.10875203371988817,12.000699564651459,87.23041793843008,0.10875203371988817,100
12,288,28612,0.10875203371988817,11.917471681896256,90.82196692270482,0.10875203371988817,100
12,289,28711,0.10875203371988817,9.025901997183327,67.74469379285695,0.10875203371988817,100
12,290,28810,0.10875203371988817,11.291623355413956,52.465375167787634,0.10875203371988817,100
12,291,28909,0.10875203371988817,12.995392164611093,80.96752308919292,0.10875203371988817,100
12,292,29008,0.10875203371988817,12.060847879223077,112.60403111075615,0.10875203371988817,100
12,293,29107,0.10875203371988817,11.573391871670253,81.9871140686539,0.10875203371988817,100
12,294,29206,0.10875203371988817,12.808004226882888,79.10764413760897,0.10875203371988817,100
12,295,29305,0.10875203371988817,11.538533288792143,87.43988649508628,0.10875203371988817,100
12,296,29404,0.10875203371988817,13.154511622167286,137.52415853770898,0.10875203371988817,100
12,297,29503,0.10875203371988817,14.676318464434235,149.27497369096784,0.10875203371988817,100
12,298,29602,0.10875203371988817,8.572098627839562,76.99022411224962,0.10875203371988817,100
12,299,29701,0.10875203371988817,11.374057794458786,64.75189245569538,0.10875203371988817,100
12,300,29800,0.10875203371988817,10.379449616628476,99.80674595171872,0.10875203371988817,100
12,301,29899,0.10875203371988817,9.703575522841502,80.94947550375349,0.10875203371988817,100
12,302,29998,0.10875203371988817,12.98984390124525,126.04378338243505,0.10875203371988817,100
12,303,30097,0.10875203371988817,10.783366601179898,71.24899409022002,0.10875203371988817,100
12,304,30196,0.10875203371988817,13.102928957027126,97.1877826483753,0.10875203371988817,100
12,305,30295,0.10875203371988817,9.593681453131007,54.759941842213976,0.10875203371988817,100
12,306,30394,0.10875203371988817,12.938090898804141,107.89732916299378,0.10875203371988817,100
12,307,30493,0.10875203371988817,12.001804036070842,84.8874873316872,0.10875203371988817,100
12,308,30592,0.10875203371988817,10.381229604206345,77.8613413083728,0.10875203371988817,100
12,309,30691,0.10875203371988817,11.699495983942656,121.04853658252968,0.10875203371988817,100
12,310,30790,0.10875203371988817,12.570129081510267,107.99183301519022,0.10875203371988817,100
12,311,30889,0.10875203371988817,9.873027208878126,52.89117388313388,0.10875203371988817,100
12,312,30988,0.10875203371988817,9.883507334375718,85.02660647955213,0.10875203371988817,100
12,313,31087,0.10875203371988817,13.637432813581432,105.80351753825909,0.10875203371988817,100
12,314,31186,0.10875203371988817,13.73232811574829,93.47660431522776,0.10875203371988817,100
12,315,31285,0.10875203371988817,11.76038086086923,85.31165271082307,0.10875203371988817,100
12,316,31384,0.10875203371988817,11.136591917100086,59.559845143377856,0.10875203371988817,100
12,317,31483,0.10875203371988817,12.661543641062599,93.0567003763965,0.10875203371988817,100
12,318,31582,0.10875203371988817,17.325940558787057,119.03020389315436,0.10875203371988817,100
12,319,31681,0.10875203371988817,10.187546243989509,109.60653369943729,0.10875203371988817,100
12,320,31780,0.10875203371988817,11.255377914995098,59.867524721732394,0.10875203371988817,100
12,321,31879,0.10875203371988817,9.302051200232183,59.632082848187025,0.10875203371988817,100
12,322,31978,0.10875203371988817,12.823339145172085,138.86283451231583,0.10875203371988817,100
12,323,32077,0.10875203371988817,10.770115876644045,50.81767321122241,0.10875203371988817,100
12,324,32176,0.10875203371988817,13.9182329201511,159.18069308730165,0.10875203371988817,100
12,325,32275,0.10875203371988817,8.940568608556958,72.22765175430575,0.10875203371988817,100
12,326,32374,0.10875203371988817,12.418182065383757,90.21848913973207,0.10875203371988817,100
12,327,32473,0.10875203371988817,11.688060481866515,102.4073575977195,0.10875203371988817,100
12,328,32572,0.10875203371988817,13.166262922617241,84.10929485347853,0.10875203371988817,100
12,329,32671,0.10875203371988817,10.52780867707361,64.81792807682926,0.10875203371988817,100
12,330,32770,0.10875203371988817,11.060112973703442,104.90353678459451,0.10875203371988817,100
12,331,32869,0.10875203371988817,9.92434268386602,65.82388124829389,0.10875203371988817,100
12,332,32968,0.10875203371988817,12.521981194445992,122.9348988587895,0.10875203371988817,100
12,333,33067,0.10875203371988817,11.470668008169932,132.82647322533347,0.10875203371988817,100
12,334,33166,0.10875203371988817,9.933162875110858,84.65055634479565,0.10875203371988817,100
12,335,33265,0.10875203371988817,11.376791884972198,146.81637690031428,0.10875203371988817,100
12,336,33364,0.10875203371988817,11.609056790081116,76.98930270880274,0.10875203371988817,100
12,337,33463,0.10875203371988817,12.013046370557628,110.80052644016071,0.10875203371988817,100
12,338,33562,0.10875203371988817,8.799225744871036,55.60935691410702,0.10875203371988817,100
12,339,33661,0.10875203371988817,8.941165154161943,87.12221069050646,0.10875203371988817,100
12,340,33760,0.10875203371988817,10.305025050755653,72.31146290024786,0.10875203371988817,100
12,341,33859,0.10875203371988817,12.088642644998352,98.94279603484866,0.10875203371988817,100
12,342,33958,0.10875203371988817,8.255831485470178,92.95782281239626,0.10875203371988817,100
12,343,34057,0.10875203371988817,12.167745799973487,84.12729512060132,0.10875203371988817,100
12,344,34156,0.10875203371988817,11.898418980800095,97.42648931673989,0.10875203371988817,100
12,345,34255,0.10875203371988817,9.784906068883627,63.82398198161912,0.10875203371988817,100
12,346,34354,0.10875203371988817,12.016408236980316,104.47796355550481,0.10875203371988817,100
12,347,34453,0.10875203371988817,15.867244389079481,184.37323128243835,0.10875203371988817,100
12,348,34552,0.10875203371988817,10.578261181276646,87.73767198407896,0.10875203371988817,100
12,349,34651,0.10875203371988817,11.349400471782225,84.59903388462207,0.10875203371988817,100
12,350,34750,0.10875203371988817,9.994056307461268,70.58345508183181,0.10875203371988817,100
12,351,34849,0.10875203371988817,16.599148659347012,156.93801965537492,0.10875203371988817,100
12,352,34948,0.10875203371988817,13.690609592102629,78.65365416327941,0.10875203371988817,100
12,353,35047,0.10875203371988817,14.73769543159447,144.78428625122103,0.10875203371988817,100
12,354,35146,0.10875203371988817,11.581158432296183,99.94003599339275,0.10875203371988817,100
12,355,35245,0.10875203371988817,9.143534755428135,77.27569871399878,0.10875203371988817,100
12,356,35344,0.10875203371988817,10.100667455373612,105.27865823283908,0.10875203371988817,100
12,357,35443,0.10875203371988817,14.194830175316147,128.31054479734263,0.10875203371988817,100
12,358,35542,0.10875203371988817,11.579563107236389,72.11457891262108,0.10875203371988817,100
12,359,35641,0.10875203371988817,12.94978930014074,84.04254835705545,0.10875203371988817,100
12,360,35740,0.10875203371988817,13.642755473150055,114.79982606027991,0.10875203371988817,100
12,361,35839,0.10875203371988817,10.827147672024799,75.01748820025105,0.10875203371988817,100
12,362,35938,0.10875203371988817,13.001524349242493,82.93974482950567,0.10875203371988817,100
12,363,36037,0.10875203371988817,11.42097739346211,70.83998429250724,0.10875203371988817,100
12,364,36136,0.10875203371988817,9.451743724781942,85.11126949569069,0.10875203371988817,100
12,365,36235,0.10875203371988817,10.331548194791814,94.94241940714858,0.10875203371988817,100
12,366,36334,0.10875203371988817,9.926813404868927,89.09120089974799,0.10875203371988817,100
12,367,36433,0.10875203371988817,11.968704137191148,107.90765037783105,0.10875203371988817,100
12,368,36532,0.10875203371988817,10.20769037430995,140.09002950403385,0.10875203371988817,100
12,369,36631,0.10875203371988817,10.173509312966907,68.02784513469432,0.10875203371988817,100
12,370,36730,0.10875203371988817,11.913378119651968,103.80767175922774,0.10875203371988817,100
12,371,36829,0.10875203371988817,13.10577941216734,119.38463100504781,0.10875203371988817,100
12,372,36928,0.10875203371988817,12.08943414016462,114.05543233640834,0.10875203371988817,100
12,373,37027,0.10875203371988817,8.726698143916106,69.27631115924194,0.10875203371988817,100
12,374,37126,0.10875203371988817,9.016058687956152,51.801613008376805,0.10875203371988817,100
12,375,37225,0.10875203371988817,12.243141038058972,106.30526488011625,0.10875203371988817,100
12,376,37324,0.10875203371988817,12.643204109241356,152.72553679049318,0.10875203371988817,100
12,377,37423,0.10875203371988817,12.068220892500683,104.73481396402633,0.10875203371988817,100
12,378,37522,0.10875203371988817,14.068380795288853,144.3214665057801,0.10875203371988817,100
12,379,37621,0.10875203371988817,11.232370763778752,59.734155929487535,0.10875203371988817,100
12,380,37720,0.10875203371988817,10.694491753878129,86.34194133411441,0.10875203371988817,100
12,381,37819,0.10875203371988817,11.48344860764203,89.77512106328173,0.10875203371988817,100
12,382,37918,0.10875203371988817,11.750847105983448,93.90284638451476,0.10875203371988817,100
12,383,38017,0.10875203371988817,12.267029300041699,163.73964579303373,0.10875203371988817,100
12,384,38116,0.10875203371988817,10.88104335686355,81.29454313823402,0.10875203371988817,100
12,385,38215,0.10875203371988817,10.83772582612879,106.20925312479012,0.10875203371988817,100
12,386,38314,0.10875203371988817,9.240173143174573,76.53983764020329,0.10875203371988817,100
12,387,38413,0.10875203371988817,11.220555098987967,74.80767918414887,0.10875203371988817,100
12,388,38512,0.10875203371988817,9.760605973741157,80.80299851980669,0.10875203371988817,100
12,389,38611,0.10875203371988817,10.44909233641662,79.96028457261681,0.10875203371988817,100
12,390,38710,0.10875203371988817,12.985703740672893,85.60341002073642,0.10875203371988817,100
12,391,38809,0.10875203371988817,12.405293429139947,81.91072404335327,0.10875203371988817,100
12,392,38908,0.10875203371988817,10.431519906504924,76.75847849490916,0.10875203371988817,100
12,393,39007,0.10875203371988817,10.324161211494754,60.29812163628741,0.10875203371988817,100
12,394,39106,0.10875203371988817,10.456369153779582,83.53805589248677,0.10875203371988817,100
12,395,39205,0.10875203371988817,8.173754963480402,45.44125816022833,0.10875203371988817,100
12,396,39304,0.10875203371988817,12.196453338947451,77.91361178958057,0.10875203371988817,100
12,397,39403,0.10875203371988817,13.21928181110069,92.5608679706174,0.10875203371988817,100
12,398,39502,0.10875203371988817,10.96692124026702,81.78276700778184,0.10875203371988817,100
12,399,39601,0.10875203371988817,6.776267577935123,77.75913566924618,0.10875203371988817,100
12,400,39700,0.10875203371988817,8.412984350690259,83.14170857346011,0.10875203371988817,100
12,401,39799,0.10875203371988817,11.855662781423291,130.307205711358,0.10875203371988817,100
12,402,39898,0.10875203371988817,13.124183598484112,116.92801834554334,0.10875203371988817,100
12,403,39997,0.10875203371988817,9.835528740226557,64.37533730859614,0.10875203371988817,100
12,404,40096,0.10875203371988817,11.869596268955723,86.45548710111541,0.10875203371988817,100
12,405,40195,0.10875203371988817,8.236121976578126,83.54593646885999,0.10875203371988817,100
12,406,40294,0.10875203371988817,11.272517313807292,69.26337591844812,0.10875203371988817,100
12,407,40393,0.10875203371988817,12.390387609945606,78.28503372211104,0.10875203371988817,100
12,408,40492,0.10875203371988817,13.338121432953043,90.24289667251878,0.10875203371988817,100
12,409,40591,0.10875203371988817,12.283125140644778,110.745725683676,0.10875203371988817,100
12,410,40690,0.10875203371988817,10.49109890075104,62.24675634186852,0.10875203371988817,100
12,411,40789,0.10875203371988817,11.527059500883945,71.83796354813053,0.10875203371988817,100
12,412,40888,0.10875203371988817,11.922121426992511,114.40195618765239,0.10875203371988817,100
12,413,40987,0.10875203371988817,15.128520323630628,110.07668606979108,0.10875203371988817,100
12,414,41086,0.10875203371988817,13.6848916124744,64.79424265733938,0.10875203371988817,100
12,415,41185,0.10875203371988817,12.192382890098083,85.9279628004141,0.10875203371988817,100
12,416,41284,0.10875203371988817,10.470198413351193,75.83010507667153,0.10875203371988817,100
12,417,41383,0.10875203371988817,9.915791400836781,61.44359842167212,0.10875203371988817,100
12,418,41482,0.10875203371988817,13.003420889969197,94.19814013956258,0.10875203371988817,100
12,419,41581,0.10875203371988817,11.670353751612296,97.21972318979232,0.10875203371988817,100
12,420,41680,0.10875203371988817,11.162209111301165,78.53198684408838,0.10875203371988817,100
12,421,41779,0.10875203371988817,9.92783947688401,82.79741435706251,0.10875203371988817,100
12,422,41878,0.10875203371988817,11.999156442709419,102.72046897927083,0.10875203371988817,100
12,423,41977,0.10875203371988817,9.760670861758046,81.63864041156964,0.10875203371988817,100
12,424,42076,0.10875203371988817,10.332553515671949,73.93093893461366,0.10875203371988817,100
12,425,42175,0.10875203371988817,14.645591138510003,135.55371784336768,0.10875203371988817,100
12,426,42274,0.10875203371988817,12.488622017214807,85.89168316452415,0.10875203371988817,100
12,427,42373,0.10875203371988817,12.505179667269667,87.59753122583423,0.10875203371988817,100
12,428,42472,0.10875203371988817,8.602779318984446,54.82629329571677,0.10875203371988817,100
12,429,42571,0.10875203371988817,11.156532685638359,81.20367736368388,0.10875203371988817,100
12,430,42670,0.10875203371988817,8.306430333292441,46.849444204797436,0.10875203371988817,100
12,431,42769,0.10875203371988817,10.455421360360518,63.844594021783024,0.10875203371988817,100
12,432,42868,0.10875203371988817,12.744343529583118,87.58130767148288,0.10875203371988817,100
12,433,42967,0.10875203371988817,10.581384635684264,81.6407982138259,0.10875203371988817,100
12,434,43066,0.10875203371988817,12.70490155525913,84.31672920342606,0.10875203371988817,100
12,435,43165,0.10875203371988817,11.640749555456614,75.58785166281213,0.10875203371988817,100
12,436,43264,0.10875203371988817,10.483467341809364,81.3915097704687,0.10875203371988817,100
12,437,43363,0.10875203371988817,9.606997450302547,63.21114578401135,0.10875203371988817,100
12,438,43462,0.10875203371988817,11.160833933534873,96.24052690943863,0.10875203371988817,100
12,439,43561,0.10875203371988817,10.782220790602105,75.5785188870687,0.10875203371988817,100
12,440,43660,0.10875203371988817,11.744769663509105,98.78635217948784,0.10875203371988817,100
12,441,43759,0.10875203371988817,13.542846776890332,107.42566738775935,0.10875203371988817,100
12,442,43858,0.10875203371988817,11.125174747814421,88.06507049876504,0.10875203371988817,100
12,443,43957,0.10875203371988817,9.680942219186486,82.47668202084068,0.10875203371988817,100
12,444,44056,0.10875203371988817,11.777975941409192,59.668130652088124,0.10875203371988817,100
12,445,44155,0.10875203371988817,9.93861820504854,61.84365756314945,0.10875203371988817,100
12,446,44254,0.10875203371988817,12.093911633671388,76.78589245406376,0.10875203371988817,100
12,447,44353,0.10875203371988817,7.79066826129358,121.1716963170701,0.10875203371988817,100
12,448,44452,0.10875203371988817,14.269276792152016,62.119781119188765,0.10875203371988817,100
12,449,44551,0.10875203371988817,12.103808791428717,79.191426841867,0.10875203371988817,100
12,450,44650,0.10875203371988817,12.307165435570061,132.8178494056631,0.10875203371988817,100
12,451,44749,0.10875203371988817,9.960303241099792,56.57417775391994,0.10875203371988817,100
12,452,44848,0.10875203371988817,12.557969585203354,131.89550772693792,0.10875203371988817,100
12,453,44947,0.10875203371988817,10.031244749554437,58.621691028305996,0.10875203371988817,100
12,454,45046,0.10875203371988817,9.370362010161756,78.99179398946609,0.10875203371988817,100
12,455,45145,0.10875203371988817,11.379612258257202,89.1085763832826,0.10875203371988817,100
12,456,45244,0.10875203371988817,12.132169537268723,100.48605022575539,0.10875203371988817,100
12,457,45343,0.10875203371988817,10.887911398832006,83.32771997914033,0.10875203371988817,100
12,458,45442,0.10875203371988817,11.224461486004673,54.01296750427876,0.10875203371988817,100
12,459,45541,0.10875203371988817,10.468534088280927,91.99924104427605,0.10875203371988817,100
12,460,45640,0.10875203371988817,9.507858333755546,71.58054451641763,0.10875203371988817,100
12,461,45739,0.10875203371988817,13.464879643662096,66.91020032069956,0.10875203371988817,100
12,462,45838,0.10875203371988817,10.265920149965032,100.84723350411697,0.10875203371988817,100
12,463,45937,0.10875203371988817,9.459111079067888,62.020230468534855,0.10875203371988817,100
12,464,46036,0.10875203371988817,11.098803436995015,84.7378777273005,0.10875203371988817,100
12,465,46135,0.10875203371988817,8.427049020884851,56.63231339783189,0.10875203371988817,100
12,466,46234,0.10875203371988817,11.546756100679787,67.3591754897468,0.10875203371988817,100
12,467,46333,0.10875203371988817,9.650930309394829,109.29772128142928,0.10875203371988817,100
12,468,46432,0.10875203371988817,11.942250562970472,90.51818389433339,0.10875203371988817,100
12,469,46531,0.10875203371988817,13.151450577470207,95.55934156442808,0.10875203371988817,100
12,470,46630,0.10875203371988817,9.264343406586333,96.04441829720543,0.10875203371988817,100
12,471,46729,0.10875203371988817,8.770350056139732,56.25368701464387,0.10875203371988817,100
12,472,46828,0.10875203371988817,8.58527005965114,95.149424872384,0.10875203371988817,100
12,473,46927,0.10875203371988817,10.396595933231504,79.34740337169298,0.10875203371988817,100
12,474,47026,0.10875203371988817,9.86188775352009,51.92945870987407,0.10875203371988817,100
12,475,47125,0.10875203371988817,10.592493164188836,66.1702644278705,0.10875203371988817,100
12,476,47224,0.10875203371988817,13.339329598940791,95.7580756019165,0.10875203371988817,100
12,477,47323,0.10875203371988817,13.042119209403282,69.0444116506317,0.10875203371988817,100
12,478,47422,0.10875203371988817,12.606716338045977,118.6777545348502,0.10875203371988817,100
12,479,47521,0.10875203371988817,11.850329261709696,95.3066994169343,0.10875203371988817,100
12,480,47620,0.10875203371988817,11.932323352801014,90.5795863981034,0.10875203371988817,100
12,481,47719,0.10875203371988817,10.113981401823965,77.38414559127555,0.10875203371988817,100
12,482,47818,0.10875203371988817,11.700940176924682,83.3791973320983,0.10875203371988817,100
12,483,47917,0.10875203371988817,12.81053346959929,76.72493326420064,0.10875203371988817,100
12,484,48016,0.10875203371988817,11.117169170513032,90.1433085112992,0.10875203371988817,100
12,485,48115,0.10875203371988817,8.469025769246391,58.91475722390439,0.10875203371988817,100
12,486,48214,0.10875203371988817,9.025699955191744,98.58883791134603,0.10875203371988817,100
12,487,48313,0.10875203371988817,10.787156524463901,94.21588150612013,0.10875203371988817,100
12,488,48412,0.10875203371988817,9.172661287355282,49.33000591510423,0.10875203371988817,100
12,489,48511,0.10875203371988817,8.274077603497098,83.34173027187421,0.10875203371988817,100
12,490,48610,0.10875203371988817,10.606517710285852,79.29251800962882,0.10875203371988817,100
12,491,48709,0.10875203371988817,12.142294272721156,172.16363925442255,0.10875203371988817,100
12,492,48808,0.10875203371988817,10.709796671723895,95.75521409127863,0.10875203371988817,100
12,493,48907,0.10875203371988817,8.972043803436984,60.657144413424724,0.10875203371988817,100
12,494,49006,0.10875203371988817,8.314277109098017,51.02964282367492,0.10875203371988817,100
12,495,49105,0.10875203371988817,8.095264600101778,97.16571887570383,0.10875203371988817,100
12,496,49204,0.10875203371988817,9.792822127248384,91.8201557718053,0.10875203371988817,100
12,497,49303,0.10875203371988817,9.962867762131188,140.59153723868926,0.10875203371988817,100
12,498,49402,0.10875203371988817,12.820186119220223,100.16679798655068,0.10875203371988817,100
12,499,49501,0.10875203371988817,11.174844494400217,74.45253937144423,0.10875203371988817,100
12,500,49600,0.10875203371988817,8.668942344887228,126.57130801731617,0.10875203371988817,100
12,501,49699,0.10875203371988817,11.18538674567825,167.83648949074816,0.10875203371988817,100
12,502,49798,0.10875203371988817,10.39985600366524,146.88939572259224,0.10875203371988817,100
12,503,49897,0.10875203371988817,10.053220385203078,89.1247693207516,0.10875203371988817,100
12,504,49996,0.10875203371988817,9.330556132486798,68.40155458446576,0.10875203371988817,100
12,505,50000,0.10875203371988817,7.2162029218465396,40.77192095304879,0.10875203371988817,100
13,0,100,134.97142942700478,538.5573627336449,1148.2914289429411,134.97142942700478,100
13,1,199,37.09512453895761,279.04846569908887,573.7959029494423,37.09512453895761,100
13,2,298,28.601739561716528,140.3120333135396,388.32388839578783,28.601739561716528,100
13,3,397,9.961091723922594,62.84460951017264,174.19963800448753,9.961091723922594,100
13,4,496,6.374172308816938,35.71174728855055,164.695268973237,6.374172308816938,100
13,5,595,1.8705417142226763,26.545348467549676,157.10767363583457,1.8705417142226763,100
13,6,694,0.8053052705755742,19.79424502419629,117.6878071900037,0.8053052705755742,100
13,7,793,0.8053052705755742,14.549613671702678,115.8991876303072,0.8053052705755742,100
13,8,892,0.6142699895883339,11.370465110447878,70.1447467584325,0.6142699895883339,100
13,9,991,0.6142699895883339,13.970412403040427,100.11390865043678,0.6142699895883339,100
13,10,1090,0.47220509904392793,11.002730138173696,62.698325741998254,0.47220509904392793,100
13,11,1189,0.47220509904392793,11.349801781655254,79.94496996435478,0.47220509904392793,100
13,12,1288,0.47220509904392793,11.354996237391271,133.0110490233084,0.47220509904392793,100
13,13,1387,0.47220509904392793,13.118870464992913,117.99405351124,0.47220509904392793,100
13,14,1486,0.3353294328210842,11.262912075587762,92.86392752868518,0.3353294328210842,100
13,15,1585,0.3353294328210842,11.119060576272686,66.86001362338945,0.3353294328210842,100
13,16,1684,0.3353294328210842,13.827781789659308,88.46170063418207,0.3353294328210842,100
13,17,1783,0.3353294328210842,11.112955290220045,63.76944810927536,0.3353294328210842,100
13,18,1882,0.3353294328210842,12.789050209649115,92.91622950594542,0.3353294328210842,100
13,19,1981,0.3353294328210842,14.481149347594679,95.36666867760955,0.3353294328210842,100
13,20,2080,0.3353294328210842,10.534736368329392,73.5036264664059,0.3353294328210842,100
13,21,2179,0.3353294328210842,11.302067419274021,103.5243977187099,0.3353294328210842,100
13,22,2278,0.3353294328210842,8.402192942712155,55.32542500481486,0.3353294328210842,100
13,23,2377,0.3353294328210842,13.726849804609476,83.00287859119733,0.3353294328210842,100
13,24,2476,0.3353294328210842,12.820632208576674,103.48972945206613,0.3353294328210842,100
13,25,2575,0.3353294328210842,11.13188952767447,75.54403210429274,0.3353294328210842,100
13,26,2674,0.3353294328210842,12.46490806656584,71.62095862155174,0.3353294328210842,100
13,27,2773,0.3353294328210842,12.192743092387687,62.84116910831001,0.3353294328210842,100
13,28,2872,0.3353294328210842,12.732709431715842,91.82988079212335,0.3353294328210842,100
13,29,2971,0.3353294328210842,11.346911864156029,68.08856586033946,0.3353294328210842,100
13,30,3070,0.3353294328210842,9.687893608783504,44.99540509263111,0.3353294328210842,100
13,31,3169,0.3353294328210842,12.078134912633264,100.1069189968602,0.3353294328210842,100
13,32,3268,0.3353294328210842,10.56396716568749,70.96025491693727,0.3353294328210842,100
13,33,3367,0.3353294328210842,11.985714866318585,84.72636389885275,0.3353294328210842,100
13,34,3466,0.3353294328210842,12.044163840447963,135.00055357965718,0.3353294328210842,100
13,35,3565,0.3353294328210842,8.701430088505669,73.09401474390057,0.3353294328210842,100
13,36,3664,0.3353294328210842,12.359935118755905,87.37157565557588,0.3353294328210842,100
13,37,3763,0.3353294328210842,12.084746031501183,67.38482912662376,0.3353294328210842,100
13,38,3862,0.3353294328210842,9.32060206853746,70.82525148677443,0.3353294328210842,100
13,39,3961,0.3353294328210842,10.392539608684014,75.54786467960251,0.3353294328210842,100
13,40,4060,0.3353294328210842,7.574582560265154,57.442822643977856,0.3353294328210842,100
13,41,4159,0.3353294328210842,11.135991964262523,77.55241486204856,0.3353294328210842,100
13,42,4258,0.3353294328210842,12.316918927104043,82.88970270626797,0.3353294328210842,100
13,43,4357,0.3353294328210842,9.668993602622844,75.76972065599793,0.3353294328210842,100
13,44,4456,0.3353294328210842,10.17490537174311,79.48144053931115,0.3353294328210842,100
13,45,4555,0.3353294328210842,10.359306061840023,126.41692259496584,0.3353294328210842,100
13,46,4654,0.3353294328210842,9.17556931190277,64.55369441792449,0.3353294328210842,100
13,47,4753,0.3353294328210842,13.166317653345407,126.99218615633039,0.3353294328210842,100
13,48,4852,0.3353294328210842,12.613975211931127,88.98740046580667,0.3353294328210842,100
13,49,4951,0.3353294328210842,12.073268809090173,78.68938664575059,0.3353294328210842,100
13,50,5050,0.3353294328210842,12.461383544431078,78.90414885188741,0.3353294328210842,100
13,51,5149,0.3353294328210842,12.003965713154189,112.87685183799717,0.3353294328210842,100
13,52,5248,0.3353294328210842,12.797039052873117,63.131126245252624,0.3353294328210842,100
13,53,5347,0.3353294328210842,11.368001656105214,91.1945864394723,0.3353294328210842,100
13,54,5446,0.3353294328210842,13.798104667434746,132.10591268485732,0.3353294328210842,100
13,55,5545,0.3353294328210842,11.205712871776148,104.68182313330517,0.3353294328210842,100
13,56,5644,0.3353294328210842,9.128491452041922,80.23444286814677,0.3353294328210842,100
13,57,5743,0.3353294328210842,12.576654154074138,123.84978120655713,0.3353294328210842,100
13,58,5842,0.3353294328210842,9.892774392238007,72.20125537735557,0.3353294328210842,100
13,59,5941,0.3353294328210842,13.4523465343613,125.95487736165914,0.3353294328210842,100
13,60,6040,0.3353294328210842,8.100177225958157,53.56945197447777,0.3353294328210842,100
13,61,6139,0.3353294328210842,9.06087858029526,72.92187986590719,0.3353294328210842,100
13,62,6238,0.3353294328210842,12.337697021277277,136.40353927796932,0.3353294328210842,100
13,63,6337,0.3353294328210842,10.51493464509104,149.590273473005,0.3353294328210842,100
13,64,6436,0.3353294328210842,11.255651806917161,78.65075672281893,0.3353294328210842,100
13,65,6535,0.3353294328210842,11.286502151049659,90.16094249318101,0.3353294328210842,100
13,66,6634,0.3353294328210842,12.856376387441083,122.28232472643465,0.3353294328210842,100
13,67,6733,0.26351136493358635,11.191990018198176,70.58484769452141,0.26351136493358635,100
13,68,6832,0.26351136493358635,13.654841203352197,102.80673008132554,0.26351136493358635,100
13,69,6931,0.26351136493358635,11.790423547969882,75.32326796149438,0.26351136493358635,100
13,70,7030,0.26351136493358635,8.270564400654472,113.53949006768772,0.26351136493358635,100
13,71,7129,0.26351136493358635,8.722642872505538,59.457613814840755,0.26351136493358635,100
13,72,7228,0.26351136493358635,7.793885778938597,44.58409753250487,0.26351136493358635,100
13,73,7327,0.26351136493358635,13.26496758373415,72.95018993061277,0.26351136493358635,100
13,74,7426,0.26351136493358635,11.160596215768544,83.30228263546255,0.26351136493358635,100
13,75,7525,0.26351136493358635,12.31107868155824,71.27265599252584,0.26351136493358635,100
13,76,7624,0.26351136493358635,10.185880985207971,70.59651065270621,0.26351136493358635,100
13,77,7723,0.26351136493358635,9.896435686394389,86.27505980345563,0.26351136493358635,100
13,78,7822,0.26351136493358635,9.467348769659905,65.95254502980829,0.26351136493358635,100
13,79,7921,0.26351136493358635,13.284599778041493,106.23422994193733,0.26351136493358635,100
13,80,8020,0.26351136493358635,13.758399325061468,95.02467565931462,0.26351136493358635,100
13,81,8119,0.26351136493358635,10.277667952377831,64.42822021788587,0.26351136493358635,100
13,82,8218,0.26351136493358635,9.971064326991286,51.9370655048505,0.26351136493358635,100
13,83,8317,0.26351136493358635,11.580274576825621,103.13721736771411,0.26351136493358635,100
13,84,8416,0.26351136493358635,11.312530807636954,123.24270536469251,0.26351136493358635,100
13,85,8515,0.26351136493358635,10.821482735722757,81.92049482524388,0.26351136493358635,100
13,86,8614,0.26351136493358635,12.292038660425899,98.72789763010074,0.26351136493358635,100
13,87,8713,0.26351136493358635,11.333640118639867,123.49681115023759,0.26351136493358635,100
13,88,8812,0.26351136493358635,12.889344719238316,98.11196332655906,0.26351136493358635,100
13,89,8911,0.26351136493358635,9.825422881041398,80.14026006803155,0.26351136493358635,100
13,90,9010,0.26351136493358635,10.957226800074874,84.87881581856799,0.26351136493358635,100
13,91,9109,0.26351136493358635,12.8121524138325,130.07021636599222,0.26351136493358635,100
13,92,9208,0.26351136493358635,9.034032649277076,54.58765263911907,0.26351136493358635,100
13,93,9307,0.26351136493358635,10.943430392265398,119.29908832965128,0.26351136493358635,100
13,94,9406,0.26351136493358635,9.395683831987835,65.29180123266511,0.26351136493358635,100
13,95,9505,0.26351136493358635,12.535064557206958,84.83294998224345,0.26351136493358635,100
13,96,9604,0.26351136493358635,10.345429723422935,88.00318571316853,0.26351136493358635,100
13,97,9703,0.26351136493358635,9.197190172324838,72.18133014613119,0.26351136493358635,100
13,98,9802,0.26351136493358635,12.16499522121893,71.08700805287847,0.26351136493358635,100
13,99,9901,0.26351136493358635,12.641189620994906,75.12139045350482,0.26351136493358635,100
13,100,10000,0.26351136493358635,13.695736652646874,131.11751975241432,0.26351136493358635,100
13,101,10099,0.26351136493358635,9.44341105831802,72.82271125318726,0.26351136493358635,100
13,102,10198,0.26351136493358635,13.254262121431655,74.8219024409149,0.26351136493358635,100
13,103,10297,0.26351136493358635,11.661370704634157,94.38039617698513,0.26351136493358635,100
13,104,10396,0.26351136493358635,11.803613930374265,134.81104197366685,0.26351136493358635,100
13,105,10495,0.26351136493358635,12.11083421114109,65.37263282201666,0.26351136493358635,100
13,106,10594,0.26351136493358635,10.782590799647442,56.22373065810419,0.26351136493358635,100
13,107,10693,0.26351136493358635,10.051094586587707,67.11904891985648,0.26351136493358635,100
13,108,10792,0.26351136493358635,10.958085002411483,68.35825071660547,0.26351136493358635,100
13,109,10891,0.26351136493358635,11.117655794206955,122.0781244014002,0.26351136493358635,100
13,110,10990,0.26351136493358635,10.239963280966007,61.44940959673439,0.26351136493358635,100
13,111,11089,0.26351136493358635,11.495900281821612,54.86738897076338,0.26351136493358635,100
13,112,11188,0.26351136493358635,11.269980872366675,80.3405076825913,0.26351136493358635,100
13,113,11287,0.26351136493358635,14.399535096882378,112.10714418230513,0.26351136493358635,100
13,114,11386,0.26351136493358635,11.742536646754616,118.17995786301279,0.26351136493358635,100
13,115,11485,0.26351136493358635,10.502008296735184,80.66334993124595,0.26351136493358635,100
13,116,11584,0.26351136493358635,11.015560816403145,104.81667652348534,0.26351136493358635,100
13,117,11683,0.26351136493358635,11.411590527414681,83.07393480070871,0.26351136493358635,100
13,118,11782,0.26351136493358635,15.791313064098869,102.601915715138,0.26351136493358635,100
13,119,11881,0.26351136493358635,11.836006704933311,89.84768435293526,0.26351136493358635,100
13,120,11980,0.26351136493358635,13.273792636924563,107.34848398456118,0.26351136493358635,100
13,121,12079,0.26351136493358635,11.441266868426949,67.21945760275062,0.26351136493358635,100
13,122,12178,0.26351136493358635,10.299545379607174,94.21239161747995,0.26351136493358635,100
13,123,12277,0.26351136493358635,11.43956435649857,150.81934592541734,0.26351136493358635,100
13,124,12376,0.26351136493358635,10.769219394820942,122.64176901666066,0.26351136493358635,100
13,125,12475,0.26351136493358635,13.617229400974281,72.88251930504983,0.26351136493358635,100
13,126,12574,0.26351136493358635,16.5031347775685,98.13336839682272,0.26351136493358635,100
13,127,12673,0.26351136493358635,12.494097509225133,94.35185520346435,0.26351136493358635,100
13,128,12772,0.26351136493358635,12.275185102243912,111.85469953256188,0.26351136493358635,100
13,129,12871,0.26351136493358635,13.579709829492826,118.92137123737857,0.26351136493358635,100
13,130,12970,0.26351136493358635,10.781423934261944,74.50472675414481,0.26351136493358635,100
13,131,13069,0.26351136493358635,9.074965024131362,62.168563682179695,0.26351136493358635,100
13,132,13168,0.26351136493358635,14.092062382227333,95.00069507873319,0.26351136493358635,100
13,133,13267,0.26351136493358635,10.849289937740634,85.8525027913364,0.26351136493358635,100
13,134,13366,0.26351136493358635,10.121771281318209,76.05265133610492,0.26351136493358635,100
13,135,13465,0.26351136493358635,11.323072927925752,71.79271588634501,0.26351136493358635,100
13,136,13564,0.26351136493358635,9.61068480462722,52.53109032912102,0.26351136493358635,100
13,137,13663,0.26351136493358635,12.682095706857332,122.5845207271339,0.26351136493358635,100
13,138,13762,0.26351136493358635,11.818251001750948,60.17189099459398,0.26351136493358635,100
13,139,13861,0.26351136493358635,12.319945985022024,83.99653526405262,0.26351136493358635,100
13,140,13960,0.26351136493358635,12.370121153364353,130.84491948494704,0.26351136493358635,100
13,141,14059,0.26351136493358635,10.791947565122861,123.4664628688769,0.26351136493358635,100
13,142,14158,0.26351136493358635,11.625659902126705,84.3884056806616,0.26351136493358635,100
13,143,14257,0.26351136493358635,11.479170222632359,152.85239426112489,0.26351136493358635,100
13,144,14356,0.26351136493358635,13.093923749723519,86.25044539493597,0.26351136493358635,100
13,145,14455,0.26351136493358635,11.16564145185858,80.84058354161725,0.26351136493358635,100
13,146,14554,0.26351136493358635,11.109941697495904,68.61812227868303,0.26351136493358635,100
13,147,14653,0.26351136493358635,10.159723479059146,75.62016605975556,0.26351136493358635,100
13,148,14752,0.26351136493358635,15.681743259315375,110.45566908706618,0.26351136493358635,100
13,149,14851,0.26351136493358635,9.475956664384107,68.00603912181073,0.26351136493358635,100
13,150,14950,0.26351136493358635,15.19683868777855,80.25278556418536,0.26351136493358635,100
13,151,15049,0.26351136493358635,14.988019469292357,88.4317922890297,0.26351136493358635,100
13,152,15148,0.26351136493358635,17.082379680826907,116.10136926683234,0.26351136493358635,100
13,153,15247,0.26351136493358635,13.076474022512512,98.32595833968865,0.26351136493358635,100
13,154,15346,0.26351136493358635,8.373447522498905,76.72320328477038,0.26351136493358635,100
13,155,15445,0.26351136493358635,13.885550167806292,75.35632937285435,0.26351136493358635,100
13,156,15544,0.26351136493358635,12.515732289754387,139.40432034760417,0.26351136493358635,100
13,157,15643,0.26351136493358635,11.539252063728814,62.35711692496378,0.26351136493358635,100
13,158,15742,0.26351136493358635,12.071664754304178,68.79660200363799,0.26351136493358635,100
13,159,15841,0.26351136493358635,12.372919753500824,94.01302302346241,0.26351136493358635,100
13,160,15940,0.26351136493358635,11.242813171484912,91.21037365300458,0.26351136493358635,100
13,161,16039,0.26351136493358635,12.290344609242497,226.87531454945898,0.26351136493358635,100
13,162,16138,0.26351136493358635,9.098559202048483,74.18056495210371,0.26351136493358635,100
13,163,16237,0.26351136493358635,15.827110418226935,121.04997057602112,0.26351136493358635,100
13,164,16336,0.26351136493358635,11.298056749041749,99.63566496561194,0.26351136493358635,100
13,165,16435,0.26351136493358635,13.30391369330677,122.80023927015945,0.26351136493358635,100
13,166,16534,0.26351136493358635,12.409408188992822,108.31111612519508,0.26351136493358635,100
13,167,16633,0.26351136493358635,9.975601016176473,73.47689175772375,0.26351136493358635,100
13,168,16732,0.26351136493358635,9.6766197456168,112.99635804162439,0.26351136493358635,100
13,169,16831,0.26351136493358635,11.019127289956238,102.42739259210806,0.26351136493358635,100
13,170,16930,0.26351136493358635,10.693751810642127,77.90321252664089,0.26351136493358635,100
13,171,17029,0.26351136493358635,11.66386228034363,97.36409767319556,0.26351136493358635,100
13,172,17128,0.26351136493358635,9.06537315232922,49.70931323517554,0.26351136493358635,100
13,173,17227,0.26351136493358635,13.774042417534675,87.73212511072884,0.26351136493358635,100
13,174,17326,0.26351136493358635,12.90110365283005,90.23747314568182,0.26351136493358635,100
13,175,17425,0.26351136493358635,9.1075086806124,70.93765183478054,0.26351136493358635,100
13,176,17524,0.26351136493358635,9.51746533919307,84.60923287842935,0.26351136493358635,100
13,177,17623,0.26351136493358635,12.025403712127686,80.0570043037259,0.26351136493358635,100
13,178,17722,0.26351136493358635,12.2814638176184,70.59844078421443,0.26351136493358635,100
13,179,17821,0.26351136493358635,11.009913299352561,122.38685733769015,0.26351136493358635,100
13,180,17920,0.26351136493358635,11.303907825076356,102.1730625023768,0.26351136493358635,100
13,181,18019,0.26351136493358635,10.145990059298367,105.16859457699103,0.26351136493358635,100
13,182,18118,0.26351136493358635,15.446429357153038,92.08033069810347,0.26351136493358635,100
13,183,18217,0.26351136493358635,11.540267731321215,66.4118963564317,0.26351136493358635,100
13,184,18316,0.26351136493358635,10.781504609321317,109.58365510231468,0.26351136493358635,100
13,185,18415,0.26351136493358635,14.9817285886471,157.28469113349988,0.26351136493358635,100
13,186,18514,0.26351136493358635,15.325627481661302,195.69305606267784,0.26351136493358635,100
13,187,18613,0.26351136493358635,11.545411582611944,81.36547583317838,0.26351136493358635,100
13,188,18712,0.26351136493358635,9.80687230185354,67.9432205134437,0.26351136493358635,100
13,189,18811,0.26351136493358635,15.764503685258505,90.07402003874468,0.26351136493358635,100
13,190,18910,0.26351136493358635,12.989833790174163,58.68118525698779,0.26351136493358635,100
13,191,19009,0.26351136493358635,14.168575389708717,114.72948441207888,0.26351136493358635,100
13,192,19108,0.26351136493358635,11.986427411639168,106.45895257574486,0.26351136493358635,100
13,193,19207,0.26351136493358635,11.935040260750213,120.38793683946976,0.26351136493358635,100
13,194,19306,0.26351136493358635,11.681346908510362,100.36223466651252,0.26351136493358635,100
13,195,19405,0.26351136493358635,9.444312922580467,87.4747236520122,0.26351136493358635,100
13,196,19504,0.26351136493358635,11.592218367220417,114.01644130220299,0.26351136493358635,100
13,197,19603,0.26351136493358635,10.42520224983196,93.37768701435895,0.26351136493358635,100
13,198,19702,0.26351136493358635,14.85418964880972,94.23768560141703,0.26351136493358635,100
13,199,19801,0.26351136493358635,8.569959146681983,71.93738924012197,0.26351136493358635,100
13,200,19900,0.26351136493358635,11.625138951361112,96.43238181047663,0.26351136493358635,100
13,201,19999,0.26351136493358635,13.273884777902856,89.65902318496249,0.26351136493358635,100
13,202,20098,0.26351136493358635,13.26205064415047,112.97199140555618,0.26351136493358635,100
13,203,20197,0.26351136493358635,12.32963916973427,100.52995296285545,0.26351136493358635,100
13,204,20296,0.26351136493358635,10.794011880610325,70.60415090471153,0.26351136493358635,100
13,205,20395,0.26351136493358635,10.73862439818327,97.24210713520124,0.26351136493358635,100
13,206,20494,0.26351136493358635,11.639418344205554,93.40605984374972,0.26351136493358635,100
13,207,20593,0.26351136493358635,14.485105455260575,123.39099713314181,0.26351136493358635,100
13,208,20692,0.26351136493358635,10.929574149468984,81.62325780066679,0.26351136493358635,100
13,209,20791,0.26351136493358635,13.17473405998945,76.11652510789985,0.26351136493358635,100
13,210,20890,0.26351136493358635,12.91254311402218,107.14226949622896,0.26351136493358635,100
13,211,20989,0.26351136493358635,12.111071603898829,77.34606482961846,0.26351136493358635,100
13,212,21088,0.26351136493358635,10.336571351585379,71.42806835543567,0.26351136493358635,100
13,213,21187,0.26351136493358635,7.940724624231097,50.90878521729725,0.26351136493358635,100
13,214,21286,0.26351136493358635,10.599264836526169,119.86128848170858,0.26351136493358635,100
13,215,21385,0.26351136493358635,11.68103648209294,111.15704168378278,0.26351136493358635,100
13,216,21484,0.26351136493358635,12.891124954694547,123.07802534373934,0.26351136493358635,100
13,217,21583,0.26351136493358635,10.267111033348247,81.17139937492499,0.26351136493358635,100
13,218,21682,0.26351136493358635,12.143431410041796,174.13478112241728,0.26351136493358635,100
13,219,21781,0.26351136493358635,12.756717938192528,114.32734265358545,0.26351136493358635,100
13,220,21880,0.26351136493358635,10.313266979661528,57.63599265973602,0.26351136493358635,100
13,221,21979,0.26351136493358635,10.052991438085085,65.13207526167363,0.26351136493358635,100
13,222,22078,0.26351136493358635,11.081091380358796,61.19395760746231,0.26351136493358635,100
13,223,22177,0.26351136493358635,12.89913718699744,88.14179584451225,0.26351136493358635,100
13,224,22276,0.26351136493358635,8.67448482790767,43.23583558819918,0.26351136493358635,100
13,225,22375,0.26351136493358635,10.782857851465046,66.27350308147274,0.26351136493358635,100
13,226,22474,0.26351136493358635,13.718295808436704,106.0963735621707,0.26351136493358635,100
13,227,22573,0.26351136493358635,9.957547342071063,57.49273971375402,0.26351136493358635,100
13,228,22672,0.26351136493358635,11.355278420932315,83.59948039400638,0.26351136493358635,100
13,229,22771,0.26351136493358635,13.004292137918355,85.44200036683189,0.26351136493358635,100
13,230,22870,0.26351136493358635,9.686574267101781,125.59606513791373,0.26351136493358635,100
13,231,22969,0.26351136493358635,7.462723940183844,41.62281700940667,0.26351136493358635,100
13,232,23068,0.26351136493358635,11.364277083592965,86.21315231691287,0.26351136493358635,100
13,233,23167,0.26351136493358635,9.71030469415913,79.71406900558883,0.26351136493358635,100
13,234,23266,0.26351136493358635,11.954518558129573,102.33487839983214,0.26351136493358635,100
13,235,23365,0.26351136493358635,14.377137866958684,100.42807948628797,0.26351136493358635,100
13,236,23464,0.26351136493358635,10.026157603436507,72.89415731346264,0.26351136493358635,100
13,237,23563,0.26351136493358635,9.410111148552508,90.39574001659719,0.26351136493358635,100
13,238,23662,0.26351136493358635,11.941163014556816,81.64065939353813,0.26351136493358635,100
13,239,23761,0.26351136493358635,9.909187243269162,52.55149961349589,0.26351136493358635,100
13,240,23860,0.26351136493358635,11.229338499355725,67.419183349765,0.26351136493358635,100
13,241,23959,0.26351136493358635,12.205283822023807,78.10584906333781,0.26351136493358635,100
13,242,24058,0.26351136493358635,11.484826841265951,100.42881290668737,0.26351136493358635,100
13,243,24157,0.26351136493358635,11.256687819020499,221.0218270643309,0.26351136493358635,100
13,244,24256,0.26351136493358635,11.00211459625054,112.9335946902152,0.26351136493358635,100
13,245,24355,0.26351136493358635,12.673352102671807,87.56794519374469,0.26351136493358635,100
13,246,24454,0.26351136493358635,11.257818632197013,91.92117485665497,0.26351136493358635,100
13,247,24553,0.26351136493358635,14.270593926944684,184.29263971927298,0.26351136493358635,100
13,248,24652,0.26351136493358635,12.96525032291617,79.10319184305247,0.26351136493358635,100
13,249,24751,0.26351136493358635,11.485404898641288,82.32337312794543,0.26351136493358635,100
13,250,24850,0.26351136493358635,11.254160310847118,108.1834028773144,0.26351136493358635,100
13,251,24949,0.26351136493358635,10.776686568897752,87.84217111324658,0.26351136493358635,100
13,252,25048,0.26351136493358635,9.815994441096798,59.389470139759936,0.26351136493358635,100
13,253,25147,0.26351136493358635,14.418590204712107,107.93577668269288,0.26351136493358635,100
13,254,25246,0.26351136493358635,14.276728268721033,95.01866186837802,0.26351136493358635,100
13,255,25345,0.26351136493358635,10.520550402958774,76.9357739323209,0.26351136493358635,100
13,256,25444,0.26351136493358635,11.798159914507524,74.51083523106074,0.26351136493358635,100
13,257,25543,0.26351136493358635,13.55483375388392,82.88763503608483,0.26351136493358635,100
13,258,25642,0.26351136493358635,11.809398959982907,69.41945146527917,0.26351136493358635,100
13,259,25741,0.26351136493358635,11.098765006910066,88.14978852484035,0.26351136493358635,100
13,260,25840,0.26351136493358635,11.09021695084658,129.98823431155566,0.26351136493358635,100
13,261,25939,0.26351136493358635,10.325138995167073,85.59618392194565,0.26351136493358635,100
13,262,26038,0.26351136493358635,10.567285024610412,69.98067115222801,0.26351136493358635,100
13,263,26137,0.26351136493358635,12.61702556604422,107.25944628451496,0.26351136493358635,100
13,264,26236,0.26351136493358635,10.50920250557729,83.51864820046721,0.26351136493358635,100
13,265,26335,0.26351136493358635,12.380856106210988,77.93928129830952,0.26351136493358635,100
13,266,26434,0.26351136493358635,13.363793425895476,84.8952749702983,0.26351136493358635,100
13,267,26533,0.26351136493358635,11.056688440740055,69.37547911182308,0.26351136493358635,100
13,268,26632,0.26351136493358635,11.856482378091785,117.88388420091313,0.26351136493358635,100
13,269,26731,0.26351136493358635,13.161505951054126,116.33624438467307,0.26351136493358635,100
13,270,26830,0.26351136493358635,9.926841393223926,59.99032215624664,0.26351136493358635,100
13,271,26929,0.2635113649335168,12.922783505999314,75.7185726530891,0.2635113649335168,100
13,272,27028,0.2635113649335168,13.437663631272503,72.07637529089511,0.2635113649335168,100
13,273,27127,0.2635113649335168,12.905564471444409,129.4443007591707,0.2635113649335168,100
13,274,27226,0.2635113649335168,12.107851244269476,58.7728633713094,0.2635113649335168,100
13,275,27325,0.2635113649335168,10.043715137291224,70.8279075224949,0.2635113649335168,100
13,276,27424,0.2635113649335168,10.949290144595944,64.88622779215719,0.2635113649335168,100
13,277,27523,0.2635113649335168,9.749484134062847,77.56923853965777,0.2635113649335168,100
13,278,27622,0.2635113649335168,12.759341468247614,137.89429836914917,0.2635113649335168,100
13,279,27721,0.2635113649335168,10.833553649117464,94.59352973587575,0.2635113649335168,100
13,280,27820,0.2635113649335168,13.70272442531449,156.3782358245241,0.2635113649335168,100
13,281,27919,0.2635113649335168,9.621177962301084,64.89327708098992,0.2635113649335168,100
13,282,28018,0.2635113649335168,11.137779540608799,64.18528829286193,0.2635113649335168,100
13,283,28117,0.2635113649335168,10.097785349257652,79.30031771410177,0.2635113649335168,100
13,284,28216,0.2635113649335168,10.910242160582847,66.76702229339617,0.2635113649335168,100
13,285,28315,0.2635113649335168,8.512038403903734,117.65677880246588,0.2635113649335168,100
13,286,28414,0.2635113649335168,9.272156896350415,77.29887944663294,0.2635113649335168,100
13,287,28513,0.2635113649335168,9.675906290797673,95.5224042679575,0.2635113649335168,100
13,288,28612,0.2635113649335168,9.31940121064032,78.52443626628322,0.2635113649335168,100
13,289,28711,0.2635113649335168,12.606770086581777,128.92293888209647,0.2635113649335168,100
13,290,28810,0.2635113649335168,10.64909792665093,115.62496242954647,0.2635113649335168,100
13,291,28909,0.2635113649335168,12.883626306009848,102.42721190968875,0.2635113649335168,100
13,292,29008,0.2635113649335168,10.78121498808968,61.172882191470485,0.2635113649335168,100
13,293,29107,0.2635113649335168,6.464288510913666,67.59314148853771,0.2635113649335168,100
13,294,29206,0.2635113649335168,8.482434949746512,64.77341782405298,0.2635113649335168,100
13,295,29305,0.2635113649335168,12.407508190069477,124.5331826362195,0.2635113649335168,100
13,296,29404,0.2635113649335168,9.281460737889153,82.95522686548244,0.2635113649335168,100
13,297,29503,0.2635113649335168,10.653621643909286,76.72013355867547,0.2635113649335168,100
13,298,29602,0.2635113649335168,8.553409864904966,66.29218630742632,0.2635113649335168,100
13,299,29701,0.2635113649335168,10.624595193144891,94.0818353481262,0.2635113649335168,100
13,300,29800,0.2635113649335168,11.18634235998761,95.6478156925066,0.2635113649335168,100
13,301,29899,0.2635113649335168,10.809361511648959,73.64892477062445,0.2635113649335168,100
13,302,29998,0.2635113649335168,11.240826481982682,99.47904995565631,0.2635113649335168,100
13,303,30097,0.2635113649335168,10.124324732949184,59.65836588495339,0.2635113649335168,100
13,304,30196,0.2635113649335168,9.978796207982821,77.36386290253022,0.2635113649335168,100
13,305,30295,0.2635113649335168,12.123555847162029,133.60028570634518,0.2635113649335168,100
13,306,30394,0.2635113649335168,13.191367795038971,89.08310536999987,0.2635113649335168,100
13,307,30493,0.2635113649335168,11.168854413139565,48.166287441788626,0.2635113649335168,100
13,308,30592,0.2635113649335168,11.929682988759856,104.37799346567643,0.2635113649335168,100
13,309,30691,0.2635113649335168,8.580314949428633,65.931354720885,0.2635113649335168,100
13,310,30790,0.2635113649335168,9.786333552184384,65.31874485067146,0.2635113649335168,100
13,311,30889,0.2635113649335168,12.826874067807465,70.03239939546093,0.2635113649335168,100
13,312,30988,0.2635113649335168,11.79464723175636,116.75574743920518,0.2635113649335168,100
13,313,31087,0.2635113649335168,9.361845725849903,87.86982407620478,0.2635113649335168,100
13,314,31186,0.2635113649335168,10.251192828029943,98.11339467759876,0.2635113649335168,100
13,315,31285,0.2635113649335168,10.241803724367946,104.71615955543407,0.2635113649335168,100
13,316,31384,0.2635113649335168,9.718159905456965,59.278630899957676,0.2635113649335168,100
13,317,31483,0.2635113649335168,11.794133617895305,96.65912088116613,0.2635113649335168,100
13,318,31582,0.2635113649335168,13.86136875082789,92.72409635844758,0.2635113649335168,100
13,319,31681,0.2635113649335168,8.32837629707745,71.88290327326274,0.2635113649335168,100
13,320,31780,0.2635113649335168,8.208570368198226,49.13816289455771,0.2635113649335168,100
13,321,31879,0.2635113649335168,9.695742342634684,72.09135719362597,0.2635113649335168,100
13,322,31978,0.2635113649335168,14.135809669424034,97.55017506286603,0.2635113649335168,100
13,323,32077,0.2635113649335168,12.774881540416336,103.96792074598788,0.2635113649335168,100
13,324,32176,0.2635113649335168,16.531888777288,132.2644575007005,0.2635113649335168,100
13,325,32275,0.2635113649335168,11.746761415458659,77.8495095268815,0.2635113649335168,100
13,326,32374,0.2635113649335168,10.54377207744543,120.68173459513558,0.2635113649335168,100
13,327,32473,0.2635113649335168,8.82117639298357,63.33536530565268,0.2635113649335168,100
13,328,32572,0.2635113649335168,9.336272037784479,59.68224360140073,0.2635113649335168,100
13,329,32671,0.2635113649335168,9.959008371124117,88.3739974227379,0.2635113649335168,100
13,330,32770,0.2635113649335168,10.82986272422208,74.63650693870107,0.2635113649335168,100
13,331,32869,0.2635113649335168,13.310323659505263,121.37753829612532,0.2635113649335168,100
13,332,32968,0.2635113649335168,10.106402181267605,121.74923529861627,0.2635113649335168,100
13,333,33067,0.2635113649335168,10.967883548708937,69.4391676775853,0.2635113649335168,100
13,334,33166,0.2635113649335168,11.324210243447624,59.012422163764846,0.2635113649335168,100
13,335,33265,0.2635113649335168,10.797428942125766,137.0700639690187,0.2635113649335168,100
13,336,33364,0.2635113649335168,12.350307023820886,105.91295180185071,0.2635113649335168,100
13,337,33463,0.2635113649335168,9.793595546101804,68.83132086965747,0.2635113649335168,100
13,338,33562,0.2635113649335168,11.766973799756189,73.15475509193426,0.2635113649335168,100
13,339,33661,0.2635113649335168,9.595801248568106,65.17663117982801,0.2635113649335168,100
13,340,33760,0.2635113649335168,10.805746779842773,94.67535271089494,0.2635113649335168,100
13,341,33859,0.2635113649335168,10.623328445966967,127.39072433323285,0.2635113649335168,100
13,342,33958,0.2635113649335168,9.638070555531636,52.497954044988376,0.2635113649335168,100
13,343,34057,0.2635113649335168,11.946744372190874,108.7319263895613,0.2635113649335168,100
13,344,34156,0.2635113649335168,10.446620837476297,64.82503298983569,0.2635113649335168,100
13,345,34255,0.2635113649335168,13.471068380504459,59.75125464799907,0.2635113649335168,100
13,346,34354,0.2635113649335168,11.631030706020503,69.62177267803489,0.2635113649335168,100
13,347,34453,0.2635113649335168,10.520417461332448,61.736512183391845,0.2635113649335168,100
13,348,34552,0.2635113649335168,13.150709080563013,151.46726211564234,0.2635113649335168,100
13,349,34651,0.2635113649335168,13.00160401083924,86.94480457495371,0.2635113649335168,100
13,350,34750,0.2635113649335168,10.870517187472801,95.60345076928297,0.2635113649335168,100
13,351,34849,0.2635113649335168,10.732176333969573,109.33683985528641,0.2635113649335168,100
13,352,34948,0.2635113649335168,9.310502712640849,46.89994147789268,0.2635113649335168,100
13,353,35047,0.2635113649335168,12.022869779758318,136.13505241545272,0.2635113649335168,100
13,354,35146,0.2635113649335168,13.146294784217071,110.15273728600012,0.2635113649335168,100
13,355,35245,0.2635113649335168,10.34175780583406,82.72095316766372,0.2635113649335168,100
13,356,35344,0.2635113649335168,11.619820685346426,74.27573807283729,0.2635113649335168,100
13,357,35443,0.2635113649335168,12.296169290079131,125.66114173556781,0.2635113649335168,100
13,358,35542,0.2635113649335168,10.663855521698203,72.88255225598613,0.2635113649335168,100
13,359,35641,0.2635113649335168,12.20698860181617,80.40722151401343,0.2635113649335168,100
13,360,35740,0.2635113649335168,15.242434590572204,105.18194004859808,0.2635113649335168,100
13,361,35839,0.2635113649335168,9.25377541140668,47.723932719397666,0.2635113649335168,100
13,362,35938,0.2635113649335168,11.589758922058696,90.58452631481937,0.2635113649335168,100
13,363,36037,0.2635113649335168,12.656516384491178,81.69393155458216,0.2635113649335168,100
13,364,36136,0.2635113649335168,7.918111052152393,50.08059442683385,0.2635113649335168,100
13,365,36235,0.2635113649335168,10.075928906246343,67.09471640360954,0.2635113649335168,100
13,366,36334,0.2635113649335168,9.669410825582432,77.83571898986888,0.2635113649335168,100
13,367,36433,0.2635113649335168,10.79083900805033,59.43357508096781,0.2635113649335168,100
13,368,36532,0.2635113649335168,12.178576688081632,63.75007811093824,0.2635113649335168,100
13,369,36631,0.2635113649335168,11.80018200794113,90.23043520997402,0.2635113649335168,100
13,370,36730,0.2635113649335168,8.602259800807913,76.15467858512625,0.2635113649335168,100
13,371,36829,0.2635113649335168,11.78419400452338,79.00769841571699,0.2635113649335168,100
13,372,36928,0.2635113649335168,9.979295755689812,84.13348632125648,0.2635113649335168,100
13,373,37027,0.2635113649335168,14.143564517393065,96.76758948579804,0.2635113649335168,100
13,374,37126,0.2635113649335168,9.92969867721768,56.428677564428114,0.2635113649335168,100
13,375,37225,0.2635113649335168,10.339764055644993,119.629839659413,0.2635113649335168,100
13,376,37324,0.2635113649335168,9.742090911730317,59.0615503371386,0.2635113649335168,100
13,377,37423,0.2635113649335168,13.081436809732612,143.59931673223895,0.2635113649335168,100
13,378,37522,0.2635113649335168,14.537344604404398,124.61034066734605,0.2635113649335168,100
13,379,37621,0.2635113649335168,15.250170210918968,93.09033502689792,0.2635113649335168,100
13,380,37720,0.2635113649335168,13.436368002948836,97.54222371404313,0.2635113649335168,100
13,381,37819,0.2635113649335168,12.39235107250116,80.37183650264198,0.2635113649335168,100
13,382,37918,0.2635113649335168,8.053947229838027,74.32139880056548,0.2635113649335168,100
13,383,38017,0.2635113649335168,11.863973810154919,70.08465970605589,0.2635113649335168,100
13,384,38116,0.2635113649335168,11.713682060945075,85.03811196383788,0.2635113649335168,100
13,385,38215,0.2635113649335168,12.955783572820266,120.54137585550058,0.2635113649335168,100
13,386,38314,0.2635113649335168,12.918309657454408,146.34805422246774,0.2635113649335168,100
13,387,38413,0.2635113649335168,9.390640293265182,75.70211761755697,0.2635113649335168,100
13,388,38512,0.2635113649335168,13.257224322943934,103.20981124454453,0.2635113649335168,100
13,389,38611,0.2635113649335168,12.210139350469511,91.85650192646558,0.2635113649335168,100
13,390,38710,0.2635113649335168,13.835689639141746,140.7869396586347,0.2635113649335168,100
13,391,38809,0.2635113649335168,9.745673313379063,67.79043411952846,0.2635113649335168,100
13,392,38908,0.2635113649335168,11.376557486085705,86.51382137600186,0.2635113649335168,100
13,393,39007,0.2635113649335168,14.016617074881799,87.86964244365596,0.2635113649335168,100
13,394,39106,0.2635113649335168,12.459796706660438,97.12223669887216,0.2635113649335168,100
13,395,39205,0.2635113649335168,11.779144506168556,149.28779652398723,0.2635113649335168,100
13,396,39304,0.2635113649335168,7.1143379027772085,54.43539192828206,0.2635113649335168,100
13,397,39403,0.2635113649335168,10.002324179177487,96.6781911678776,0.2635113649335168,100
13,398,39502,0.2635113649335168,11.640185587998886,93.74926995087594,0.2635113649335168,100
13,399,39601,0.2635113649335168,10.053673558137051,68.29489876311385,0.2635113649335168,100
13,400,39700,0.2635113649335168,11.76721634797292,96.67544295072038,0.2635113649335168,100
13,401,39799,0.2635113649335168,11.238830149532347,98.65684824852859,0.2635113649335168,100
13,402,39898,0.2635113649335168,14.361498238629729,91.73270642992736,0.2635113649335168,100
13,403,39997,0.2635113649335168,10.965247190311537,77.9452977183306,0.2635113649335168,100
13,404,40096,0.2635113649335168,12.071493070784033,85.28598723169982,0.2635113649335168,100
13,405,40195,0.2635113649335168,11.973137015590135,81.90602757112593,0.2635113649335168,100
13,406,40294,0.2635113649335168,11.266137803090448,82.33683262763968,0.2635113649335168,100
13,407,40393,0.2635113649335168,11.81153927901695,127.2582103690452,0.2635113649335168,100
13,408,40492,0.2635113649335168,11.80093726660112,87.52379787133977,0.2635113649335168,100
13,409,40591,0.2635113649335168,12.499298215962039,99.68288277258777,0.2635113649335168,100
13,410,40690,0.2635113649335168,11.758123919264051,106.63188969369698,0.2635113649335168,100
13,411,40789,0.2635113649335168,8.87829127361557,66.69357036526596,0.2635113649335168,100
13,412,40888,0.2635113649335168,9.713073667712768,51.51857230440929,0.2635113649335168,100
13,413,40987,0.2635113649335168,15.653351142641316,109.51082445631998,0.2635113649335168,100
13,414,41086,0.2635113649335168,9.981859739288705,72.63994269828959,0.2635113649335168,100
13,415,41185,0.2635113649335168,10.347114764515451,89.71964569093059,0.2635113649335168,100
13,416,41284,0.2635113649335168,13.891652985968037,148.69159983051105,0.2635113649335168,100
13,417,41383,0.2635113649335168,12.763332303541171,85.9914124905088,0.2635113649335168,100
13,418,41482,0.2635113649335168,12.840637613319535,97.19049509747262,0.2635113649335168,100
13,419,41581,0.2635113649335168,11.302965642884551,61.805893353739606,0.2635113649335168,100
13,420,41680,0.2635113649335168,11.051365371430215,58.64792945331932,0.2635113649335168,100
13,421,41779,0.2635113649335168,11.973246818984881,101.88854657837904,0.2635113649335168,100
13,422,41878,0.2635113649335168,14.020285113460893,130.34463500217132,0.2635113649335168,100
13,423,41977,0.2635113649335168,13.052969831831724,82.87334929295031,0.2635113649335168,100
13,424,42076,0.2635113649335168,10.36976245401405,79.34964612040913,0.2635113649335168,100
13,425,42175,0.2635113649335168,13.159148063740588,131.92137290034154,0.2635113649335168,100
13,426,42274,0.2635113649335168,10.363362533126441,82.7997545627518,0.2635113649335168,100
13,427,42373,0.2635113649335168,11.070865884202524,70.37618380461345,0.2635113649335168,100
13,428,42472,0.2635113649335168,12.890516516892548,83.40152318268527,0.2635113649335168,100
13,429,42571,0.2635113649335168,11.441323642058494,74.52326518448595,0.2635113649335168,100
13,430,42670,0.2635113649335168,10.937767763361375,77.86257944414491,0.2635113649335168,100
13,431,42769,0.2635113649335168,10.414299254086638,90.45486793555744,0.2635113649335168,100
13,432,42868,0.2635113649335168,9.875704758759833,67.63976960282328,0.2635113649335168,100
13,433,42967,0.2635113649335168,10.788169806458475,74.73840259208868,0.2635113649335168,100
13,434,43066,0.2635113649335168,9.491114988812535,116.87667237595757,0.2635113649335168,100
13,435,43165,0.2635113649335168,10.408643627151399,85.40857662876911,0.2635113649335168,100
13,436,43264,0.2635113649335168,10.992825791676927,79.2168960179006,0.2635113649335168,100
13,437,43363,0.2635113649335168,15.108996309454367,103.17276366164266,0.2635113649335168,100
13,438,43462,0.2635113649335168,11.894390256791912,91.4713380868879,0.2635113649335168,100
13,439,43561,0.2635113649335168,13.262390539931248,109.90736530911767,0.2635113649335168,100
13,440,43660,0.2635113649335168,12.34159707511458,64.54099502847802,0.2635113649335168,100
13,441,43759,0.2635113649335168,9.141133401815694,68.96777009516524,0.2635113649335168,100
13,442,43858,0.2635113649335168,13.412823055507804,101.97921788841842,0.2635113649335168,100
13,443,43957,0.2635113649335168,12.688993509639593,70.51010165781817,0.2635113649335168,100
13,444,44056,0.2635113649335168,12.869454530206847,85.6814765708313,0.2635113649335168,100
13,445,44155,0.2635113649335168,10.852013400017517,87.3179377826816,0.2635113649335168,100
13,446,44254,0.2635113649335168,11.309866480582498,85.62414658342719,0.2635113649335168,100
13,447,44353,0.2635113649335168,9.133850664764658,66.11071940454721,0.2635113649335168,100
13,448,44452,0.2635113649335168,11.255746665369927,66.40963891689506,0.2635113649335168,100
13,449,44551,0.2635113649335168,9.9862166880779,68.79999084794953,0.2635113649335168,100
13,450,44650,0.2635113649335168,10.391346258515831,76.92978072353837,0.2635113649335168,100
13,451,44749,0.2635113649335168,10.075639465345589,114.42937478465943,0.2635113649335168,100
13,452,44848,0.2635113649335168,12.639119232615956,57.78822684833771,0.2635113649335168,100
13,453,44947,0.2635113649335168,14.241042209017847,130.08270372040027,0.2635113649335168,100
13,454,45046,0.2635113649335168,11.137565245740184,82.65172869713624,0.2635113649335168,100
13,455,45145,0.2635113649335168,10.786982816104462,154.84763596828856,0.2635113649335168,100
13,456,45244,0.2635113649335168,10.713788172898374,65.7567247380451,0.2635113649335168,100
13,457,45343,0.2635113649335168,11.214779941468334,65.2061839135259,0.2635113649335168,100
13,458,45442,0.2635113649335168,12.610593279491852,107.10627273801171,0.2635113649335168,100
13,459,45541,0.2635113649335168,8.054992680557337,55.55441295067076,0.2635113649335168,100
13,460,45640,0.2635113649335168,13.127745462850834,110.4113232819086,0.2635113649335168,100
13,461,45739,0.2635113649335168,12.092756539856277,85.83367679160959,0.2635113649335168,100
13,462,45838,0.2635113649335168,8.340502804398099,56.12824769067763,0.2635113649335168,100
13,463,45937,0.2635113649335168,9.970063241093305,60.86076146718347,0.2635113649335168,100
13,464,46036,0.2635113649335168,11.510606779569171,59.05836550269363,0.2635113649335168,100
13,465,46135,0.2635113649335168,10.991712452603332,68.61386525781016,0.2635113649335168,100
13,466,46234,0.2635113649335168,11.768847401163635,83.57365242053903,0.2635113649335168,100
13,467,46333,0.2635113649335168,10.81954866985152,92.56954343780116,0.2635113649335168,100
13,468,46432,0.2635113649335168,10.60150422575961,81.59257918766896,0.2635113649335168,100
13,469,46531,0.2635113649335168,10.561257368088539,69.44852366323772,0.2635113649335168,100
13,470,46630,0.2635113649335168,10.492932519298678,61.7420327637349,0.2635113649335168,100
13,471,46729,0.2635113649335168,11.510967225653093,109.55961311948572,0.2635113649335168,100
13,472,46828,0.2635113649335168,12.025812980801474,108.05088683065719,0.2635113649335168,100
13,473,46927,0.2635113649335168,11.834745207235883,96.86327449828003,0.2635113649335168,100
13,474,47026,0.2635113649335168,13.02153736069069,107.32138587249315,0.2635113649335168,100
13,475,47125,0.2635113649335168,13.249231747827332,93.23857203639365,0.2635113649335168,100
13,476,47224,0.2635113649335168,12.030603404806666,89.60683074805844,0.2635113649335168,100
13,477,47323,0.2635113649335168,13.24010223375035,120.29801279626386,0.2635113649335168,100
13,478,47422,0.2635113649335168,8.260333935069273,55.02015574540029,0.2635113649335168,100
13,479,47521,0.2635113649335168,11.968508982201925,96.09025832145971,0.2635113649335168,100
13,480,47620,0.2635113649335168,11.527314288825107,65.53565069645462,0.2635113649335168,100
13,481,47719,0.2635113649335168,12.591900415591306,119.73826733691017,0.2635113649335168,100
13,482,47818,0.2635113649335168,14.134180695415303,116.406166855611,0.2635113649335168,100
13,483,47917,0.2635113649335168,12.97881298599108,97.60034477571239,0.2635113649335168,100
13,484,48016,0.2635113649335168,13.734520924270758,123.59731203129728,0.2635113649335168,100
13,485,48115,0.2635113649335168,10.784686018602333,86.6451624999979,0.2635113649335168,100
13,486,48214,0.2635113649335168,9.415513227124425,81.53417732170307,0.2635113649335168,100
13,487,48313,0.2635113649335168,10.031497474807077,65.34986120301843,0.2635113649335168,100
13,488,48412,0.2635113649335168,12.128253998684091,86.29148320026376,0.2635113649335168,100
13,489,48511,0.2635113649335168,14.570966531836968,70.19318136155462,0.2635113649335168,100
13,490,48610,0.2635113649335168,11.599094612232353,91.22001802280374,0.2635113649335168,100
13,491,48709,0.2635113649335168,9.807424765226957,59.36423268755122,0.2635113649335168,100
13,492,48808,0.2635113649335168,10.226589669763328,113.58119303214507,0.2635113649335168,100
13,493,48907,0.2635113649335168,8.990029458122693,49.754214648347876,0.2635113649335168,100
13,494,49006,0.2635113649335168,8.974485009241471,82.0213935864743,0.2635113649335168,100
13,495,49105,0.2635113649335168,11.541320152374137,143.68197238172826,0.2635113649335168,100
13,496,49204,0.2635113649335168,11.18903326686978,105.54003120408653,0.2635113649335168,100
13,497,49303,0.2635113649335168,12.166113626790581,77.64247172479294,0.2635113649335168,100
13,498,49402,0.2635113649335168,11.492284485580337,85.87426700807467,0.2635113649335168,100
13,499,49501,0.2635113649335168,10.182669720686823,65.30878050650223,0.2635113649335168,100
13,500,49600,0.2635113649335168,14.419995274620565,104.2688142947305,0.2635113649335168,100
13,501,49699,0.2635113649335168,10.683116587207557,74.58752694606179,0.2635113649335168,100
13,502,49798,0.2635113649335168,12.582761012314295,87.81135861234854,0.2635113649335168,100
13,503,49897,0.2635113649335168,11.566050957002325,161.525517049958,0.2635113649335168,100
13,504,49996,0.2635113649335168,11.753439621506768,69.02794562102844,0.2635113649335168,100
13,505,50000,0.2635113649335168,9.900017103918962,47.59998758583177,0.2635113649335168,100
14,0,100,169.47600176231404,558.0308180047793,1024.6897999971623,169.47600176231404,100
14,1,199,103.74605945655192,311.40557644998705,611.0593493211345,103.74605945655192,100
14,2,298,28.46792166042756,153.3901642359825,426.9058049836486,28.46792166042756,100
14,3,397,13.919942136648194,83.76998676113556,257.75893882093635,13.919942136648194,100
14,4,496,5.9815237749600545,41.67805264661618,209.3712238954525,5.9815237749600545,100
14,5,595,5.127516111042197,21.3703541366394,78.03887281518202,5.127516111042197,100
14,6,694,2.381856567049836,18.984990731694314,102.12184836476827,2.381856567049836,100
14,7,793,1.2827754690550246,18.033420429362096,92.37444712527684,1.2827754690550246,100
14,8,892,0.7358279065566351,12.575044113344584,72.96437433895032,0.7358279065566351,100
14,9,991,0.571198132314417,13.34335760692723,181.93528440248895,0.571198132314417,100
14,10,1090,0.571198132314417,10.70739715575692,76.23824215401213,0.571198132314417,100
14,11,1189,0.5120111845865288,12.742992307874136,95.08983315301717,0.5120111845865288,100
14,12,1288,0.4989043139318571,10.92237545649824,76.56379565802814,0.4989043139318571,100
14,13,1387,0.4989043139318571,9.991816919940678,70.5622759639357,0.4989043139318571,100
14,14,1486,0.4989043139318571,9.600499296322264,73.94275323359429,0.4989043139318571,100
14,15,1585,0.4989043139318571,14.949060273359487,102.09379908791733,0.4989043139318571,100
14,16,1684,0.4989043139318571,12.753775637336819,70.51169450163867,0.4989043139318571,100
14,17,1783,0.4894875711574692,10.14832463017244,56.984757266101845,0.4894875711574692,100
14,18,1882,0.4894875711574692,11.804989992953432,134.40777821787026,0.4894875711574692,100
14,19,1981,0.4894875711574692,10.740551769676976,69.4082589732058,0.4894875711574692,100
14,20,2080,0.4894875711574692,10.479889751792413,74.72173457370096,0.4894875711574692,100
14,21,2179,0.4894875711574692,9.224317256637494,93.05127129090822,0.4894875711574692,100
14,22,2278,0.4894875711574692,8.9757429483883,65.03934382653556,0.4894875711574692,100
14,23,2377,0.4894875711574692,9.573493163139348,82.70318577955955,0.4894875711574692,100
14,24,2476,0.4894875711574692,11.952163249848825,81.1650477930145,0.4894875711574692,100
14,25,2575,0.4894875711574692,9.54657586129204,84.56818701297234,0.4894875711574692,100
14,26,2674,0.4894875711574692,11.581069861320769,60.72932351292419,0.4894875711574692,100
14,27,2773,0.4894875711574692,11.750873091106005,79.74081015037319,0.4894875711574692,100
14,28,2872,0.4894875711574692,10.366792129546921,66.00390176142453,0.4894875711574692,100
14,29,2971,0.4894875711574692,12.914344714459132,114.66451179371336,0.4894875711574692,100
14,30,3070,0.4894875711574692,11.043874924700908,171.91153118464268,0.4894875711574692,100
14,31,3169,0.4894875711574692,11.99004299062781,78.6486117091747,0.4894875711574692,100
14,32,3268,0.4894875711574692,7.984115198837491,68.62545952725257,0.4894875711574692,100
14,33,3367,0.4894875711574692,11.432575930981029,82.56724293559564,0.4894875711574692,100
14,34,3466,0.4894875711574692,11.287495335687376,74.42738538855669,0.4894875711574692,100
14,35,3565,0.4894875711574692,9.004382140957333,58.920099590397584,0.4894875711574692,100
14,36,3664,0.4894875711574692,12.316619150359976,98.93470761879723,0.4894875711574692,100
14,37,3763,0.4894875711574692,9.333421614789202,115.39084953754049,0.4894875711574692,100
14,38,3862,0.4894875711574692,10.118087393945698,89.47211716079622,0.4894875711574692,100
14,39,3961,0.4894875711574692,10.053607434898154,89.47062640474705,0.4894875711574692,100
14,40,4060,0.4894875711574692,14.331383289459437,80.82679983892471,0.4894875711574692,100
14,41,4159,0.4894875711574692,12.340462041758366,74.52022229325433,0.4894875711574692,100
14,42,4258,0.4894875711574692,9.677422971685946,65.14981318780676,0.4894875711574692,100
14,43,4357,0.4894875711574692,11.2611322739853,65.63658223818716,0.4894875711574692,100
14,44,4456,0.4894875711574692,10.447629593639192,121.80540075619179,0.4894875711574692,100
14,45,4555,0.4894875711574692,9.701337296089322,87.58218643451907,0.4894875711574692,100
14,46,4654,0.4894875711574692,10.972342506854522,96.84062408853323,0.4894875711574692,100
14,47,4753,0.4894875711574692,12.739491621768803,117.17974657497187,0.4894875711574692,100
14,48,4852,0.4894875711574692,9.498335839657624,120.57617723411106,0.4894875711574692,100
14,49,4951,0.4894875711574692,11.553540004323402,72.92874375870379,0.4894875711574692,100
14,50,5050,0.4894875711574692,12.703701439949155,73.37908572354623,0.4894875711574692,100
14,51,5149,0.4894875711574692,11.62986242496494,45.336777853711965,0.4894875711574692,100
14,52,5248,0.48766411350514277,9.70292062340979,163.61681718931777,0.48766411350514277,100
14,53,5347,0.48766411350514277,12.443007408051136,200.14904757632343,0.48766411350514277,100
14,54,5446,0.48766411350514277,10.736510518236617,58.06865319107478,0.48766411350514277,100
14,55,5545,0.48766411350514277,13.805287223620951,86.96783065490192,0.48766411350514277,100
14,56,5644,0.48766411350514277,11.734155391400758,102.95247351183828,0.48766411350514277,100
14,57,5743,0.48766411350514277,9.094890051681512,56.84985637786166,0.48766411350514277,100
14,58,5842,0.41486179970385073,9.1876299710948,89.91658627400707,0.41486179970385073,100
14,59,5941,0.41486179970385073,11.879538751087116,110.795815922979,0.41486179970385073,100
14,60,6040,0.41486179970385073,11.36311483161343,72.35593911456972,0.41486179970385073,100
14,61,6139,0.41486179970385073,10.563375502311942,65.87673030756578,0.41486179970385073,100
14,62,6238,0.41486179970385073,9.72274983502153,78.53612954645868,0.41486179970385073,100
14,63,6337,0.41486179970385073,11.621952282464774,87.13080445635836,0.41486179970385073,100
14,64,6436,0.41486179970385073,9.361582352773024,68.5034951530617,0.41486179970385073,100
14,65,6535,0.41486179970385073,14.192544265466376,112.38485096470875,0.41486179970385073,100
14,66,6634,0.41486179970385073,13.738707237781831,126.30991240845239,0.41486179970385073,100
14,67,6733,0.41486179970385073,9.854965790567444,125.04185904716051,0.41486179970385073,100
14,68,6832,0.41486179970385073,15.574692576117098,158.1795094167562,0.41486179970385073,100
14,69,6931,0.41486179970385073,13.317181481904036,135.14641644136157,0.41486179970385073,100
14,70,7030,0.41486179970385073,9.120839051228073,83.01625015952678,0.41486179970385073,100
14,71,7129,0.41486179970385073,10.345900155104319,81.97210060110051,0.41486179970385073,100
14,72,7228,0.41486179970385073,11.399434883989521,83.14312458603847,0.41486179970385073,100
14,73,7327,0.41486179970385073,9.106694190152114,64.32546293378203,0.41486179970385073,100
14,74,7426,0.41486179970385073,13.872324100125345,91.76224121349182,0.41486179970385073,100
14,75,7525,0.41486179970385073,14.686221688660167,147.73328586380723,0.41486179970385073,100
14,76,7624,0.41486179970385073,10.723639113222562,62.79145954271669,0.41486179970385073,100
14,77,7723,0.41486179970385073,11.614721497112816,105.41792109808341,0.41486179970385073,100
14,78,7822,0.41486179970385073,9.126539017384351,62.230018354279416,0.41486179970385073,100
14,79,7921,0.41486179970385073,8.008684318810786,55.3093305440242,0.41486179970385073,100
14,80,8020,0.41486179970385073,8.900013487759463,68.79423555808887,0.41486179970385073,100
14,81,8119,0.41486179970385073,12.595423948136151,96.21140333987566,0.41486179970385073,100
14,82,8218,0.41486179970385073,12.86431177813969,68.23490972084313,0.41486179970385073,100
14,83,8317,0.41486179970385073,10.092414125207567,97.3994957237544,0.41486179970385073,100
14,84,8416,0.41486179970385073,10.441499057835195,63.65395291574992,0.41486179970385073,100
14,85,8515,0.41486179970385073,11.655560032365951,90.8440789278989,0.41486179970385073,100
14,86,8614,0.41486179970385073,12.881335634795112,93.50505640110428,0.41486179970385073,100
14,87,8713,0.41486179970385073,13.237038462497,120.30103434101872,0.41486179970385073,100
14,88,8812,0.41486179970385073,10.675063195548898,70.16681121932348,0.41486179970385073,100
14,89,8911,0.41486179970385073,9.423129891733712,70.57726872891915,0.41486179970385073,100
14,90,9010,0.41486179970385073,11.542170600473726,103.5321506647447,0.41486179970385073,100
14,91,9109,0.41486179970385073,8.860945178305716,82.24452201044419,0.41486179970385073,100
14,92,9208,0.41486179970385073,10.66170745750141,88.37530575827786,0.41486179970385073,100
14,93,9307,0.41486179970385073,10.911182198101137,84.18807721898627,0.41486179970385073,100
14,94,9406,0.41486179970385073,12.644268223769881,96.71392635612855,0.41486179970385073,100
14,95,9505,0.41486179970385073,12.711851452684634,86.2741686179468,0.41486179970385073,100
14,96,9604,0.41486179970385073,10.818733239298197,129.84571232711815,0.41486179970385073,100
14,97,9703,0.41486179970385073,11.750067358746765,73.1255806037044,0.41486179970385073,100
14,98,9802,0.41486179970385073,8.082878657769115,64.68236326645369,0.41486179970385073,100
14,99,9901,0.41486179970385073,9.93493223507322,77.44154006188981,0.41486179970385073,100
14,100,10000,0.41486179970385073,12.916670949067994,94.44033841123571,0.41486179970385073,100
14,101,10099,0.41486179970385073,12.843371661648899,101.83686903851864,0.41486179970385073,100
14,102,10198,0.41486179970385073,13.441250123796134,80.41715614274644,0.41486179970385073,100
14,103,10297,0.41486179970385073,9.548036010789911,73.300554507844,0.41486179970385073,100
14,104,10396,0.41486179970385073,11.549804464653269,108.83458035036257,0.41486179970385073,100
14,105,10495,0.41486179970385073,9.355920407867394,101.1236823814457,0.41486179970385073,100
14,106,10594,0.41486179970385073,11.097664484032867,90.10986872851953,0.41486179970385073,100
14,107,10693,0.41486179970385073,12.528534214885616,102.19203354558653,0.41486179970385073,100
14,108,10792,0.41486179970385073,11.093986949110118,59.78630066373075,0.41486179970385073,100
14,109,10891,0.41486179970385073,10.467450162555028,106.88435192291318,0.41486179970385073,100
14,110,10990,0.41486179970385073,10.524423213979246,76.29293545577421,0.41486179970385073,100
14,111,11089,0.41486179970385073,11.187295499149194,64.6765547288142,0.41486179970385073,100
14,112,11188,0.41486179970385073,8.743282967991764,53.831666474310644,0.41486179970385073,100
14,113,11287,0.41486179970385073,8.21475115454295,67.75892521002629,0.41486179970385073,100
14,114,11386,0.41486179970385073,9.162728374625004,53.3703260853214,0.41486179970385073,100
14,115,11485,0.41486179970385073,10.504318517487759,72.22928435262932,0.41486179970385073,100
14,116,11584,0.41486179970385073,11.762905358387536,62.94257130635461,0.41486179970385073,100
14,117,11683,0.41486179970385073,9.686958873744242,66.66918675896271,0.41486179970385073,100
14,118,11782,0.41486179970385073,9.986453181834229,76.55688528948977,0.41486179970385073,100
14,119,11881,0.41486179970385073,9.716458945583653,72.74742138874839,0.41486179970385073,100
14,120,11980,0.41486179970385073,8.075068789370912,76.13330465566551,0.41486179970385073,100
14,121,12079,0.41486179970385073,11.557880414800293,89.74102357738168,0.41486179970385073,100
14,122,12178,0.41486179970385073,11.773621830501366,66.8164214377687,0.41486179970385073,100
14,123,12277,0.41486179970385073,9.347212706655428,65.02347543049174,0.41486179970385073,100
14,124,12376,0.41486179970385073,10.978208768743032,86.36885835053344,0.41486179970385073,100
14,125,12475,0.41486179970385073,15.0814454863894,149.4078634354754,0.41486179970385073,100
14,126,12574,0.41486179970385073,12.724101734392676,104.54249666800993,0.41486179970385073,100
14,127,12673,0.41486179970385073,12.405671979554363,70.31735949403016,0.41486179970385073,100
14,128,12772,0.41486179970385073,12.451136463121053,148.99659827707112,0.41486179970385073,100
14,129,12871,0.41486179970385073,12.263350811331415,80.64616550262372,0.41486179970385073,100
14,130,12970,0.41486179970385073,9.44106122169901,57.579397753094305,0.41486179970385073,100
14,131,13069,0.41486179970385073,10.682135709770195,62.93074482351638,0.41486179970385073,100
14,132,13168,0.41486179970385073,10.435670649195282,118.81279464464026,0.41486179970385073,100
14,133,13267,0.41486179970385073,7.458726639588124,48.1673240968671,0.41486179970385073,100
14,134,13366,0.41486179970385073,13.726946204684014,139.9334928005153,0.41486179970385073,100
14,135,13465,0.41486179970385073,11.246293820972758,113.9419711713583,0.41486179970385073,100
14,136,13564,0.41486179970385073,8.571107068351099,64.88997489834603,0.41486179970385073,100
14,137,13663,0.41486179970385073,13.037120828018228,61.42536636579757,0.41486179970385073,100
14,138,13762,0.41486179970385073,11.382983890138314,83.46419823941584,0.41486179970385073,100
14,139,13861,0.41486179970385073,12.120737926839587,90.32254221228148,0.41486179970385073,100
14,140,13960,0.41486179970385073,11.783428944442942,99.06528980316777,0.41486179970385073,100
14,141,14059,0.41486179970385073,8.035235052727819,41.72165508812299,0.41486179970385073,100
14,142,14158,0.41486179970385073,10.734417061802485,65.41624671081655,0.41486179970385073,100
14,143,14257,0.41486179970385073,12.644639239936405,98.2453818229842,0.41486179970385073,100
14,144,14356,0.41486179970385073,14.25398554018302,110.20926589400635,0.41486179970385073,100
14,145,14455,0.41486179970385073,11.169172308389282,82.41350084453532,0.41486179970385073,100
14,146,14554,0.41486179970385073,11.915093158552954,111.31231028002588,0.41486179970385073,100
14,147,14653,0.41486179970385073,11.680066852046842,63.63214519142135,0.41486179970385073,100
14,148,14752,0.41486179970385073,12.635438204923966,80.8855600792093,0.41486179970385073,100
14,149,14851,0.41486179970385073,9.508262313708364,102.8770508031155,0.41486179970385073,100
14,150,14950,0.41486179970385073,9.774021139493334,61.71215843417064,0.41486179970385073,100
14,151,15049,0.41486179970385073,13.78061272867833,162.76060029666465,0.41486179970385073,100
14,152,15148,0.41486179970385073,10.64969533803991,96.53339887549659,0.41486179970385073,100
14,153,15247,0.41486179970385073,10.234436323201258,67.94830102472503,0.41486179970385073,100
14,154,15346,0.41486179970385073,10.301531025244971,107.2856976059778,0.41486179970385073,100
14,155,15445,0.41486179970385073,7.996544938026773,54.097273787242855,0.41486179970385073,100
14,156,15544,0.41486179970385073,10.172199846518005,65.15264676004828,0.41486179970385073,100
14,157,15643,0.41486179970385073,9.171393976972535,51.39419235526076,0.41486179970385073,100
14,158,15742,0.41486179970385073,10.24660958119923,74.67063757232222,0.41486179970385073,100
14,159,15841,0.41486179970385073,12.106220435394661,92.21835862296088,0.41486179970385073,100
14,160,15940,0.41486179970385073,10.222345094482552,91.29796424586844,0.41486179970385073,100
14,161,16039,0.41486179970385073,10.706435486794929,86.34924081987869,0.41486179970385073,100
14,162,16138,0.41486179970385073,10.138004833135955,94.89560287740538,0.41486179970385073,100
14,163,16237,0.41486179970385073,9.990748540529086,86.13974457920509,0.41486179970385073,100
14,164,16336,0.41486179970385073,10.255323171213881,108.80214190843535,0.41486179970385073,100
14,165,16435,0.41486179970385073,14.53193312835048,100.86350804305778,0.41486179970385073,100
14,166,16534,0.41486179970385073,10.355329643892095,68.41758088973992,0.41486179970385073,100
14,167,16633,0.41486179970385073,7.352858844106792,79.14483559483138,0.41486179970385073,100
14,168,16732,0.41486179970385073,8.829256274837215,88.86494392424481,0.41486179970385073,100
14,169,16831,0.41486179970385073,12.095506401932171,90.44757709782832,0.41486179970385073,100
14,170,16930,0.41486179970385073,12.813867835502792,113.34723185630742,0.41486179970385073,100
14,171,17029,0.41486179970385073,11.981023043904713,85.67609543714826,0.41486179970385073,100
14,172,17128,0.41486179970385073,12.307431030421661,51.44641654299284,0.41486179970385073,100
14,173,17227,0.41486179970385073,10.369312019492277,120.35078786857086,0.41486179970385073,100
14,174,17326,0.41486179970385073,9.783709744547076,76.50448837367459,0.41486179970385073,100
14,175,17425,0.41486179970385073,12.39281573050608,75.6967591693787,0.41486179970385073,100
14,176,17524,0.41486179970385073,13.505476370591186,124.37032085729234,0.41486179970385073,100
14,177,17623,0.41486179970385073,10.383014480211742,72.02068762738018,0.41486179970385073,100
14,178,17722,0.41486179970385073,8.325222815227947,64.03069932560729,0.41486179970385073,100
14,179,17821,0.41486179970385073,13.565139051152373,88.01384009946489,0.41486179970385073,100
14,180,17920,0.41486179970385073,11.854660315266962,66.5343320411868,0.41486179970385073,100
14,181,18019,0.41486179970385073,10.706147181559391,86.78150239219525,0.41486179970385073,100
14,182,18118,0.41486179970385073,13.29470622567501,110.98191450189219,0.41486179970385073,100
14,183,18217,0.41486179970385073,9.928581611407752,64.0336103572206,0.41486179970385073,100
14,184,18316,0.41486179970385073,9.799939266453535,82.05117538113261,0.41486179970385073,100
14,185,18415,0.41486179970385073,9.897675908625027,78.74561188949016,0.41486179970385073,100
14,186,18514,0.41486179970385073,13.941575790057367,107.32200679216942,0.41486179970385073,100
14,187,18613,0.41486179970385073,12.190506027204588,78.24560330666851,0.41486179970385073,100
14,188,18712,0.41486179970385073,12.440397643615704,84.25998452572256,0.41486179970385073,100
14,189,18811,0.41486179970385073,9.419687163776098,81.18238151293637,0.41486179970385073,100
14,190,18910,0.41486179970385073,12.366687698211729,83.26314359035166,0.41486179970385073,100
14,191,19009,0.41486179970385073,12.431656671073055,71.92478871758064,0.41486179970385073,100
14,192,19108,0.41486179970385073,13.27749651446307,99.45920919049182,0.41486179970385073,100
14,193,19207,0.41486179970385073,11.496915362990357,73.53994426123666,0.41486179970385073,100
14,194,19306,0.41486179970385073,12.078871385490778,105.04275626937661,0.41486179970385073,100
14,195,19405,0.41486179970385073,13.979120262458181,88.97315513626397,0.41486179970385073,100
14,196,19504,0.41486179970385073,9.376500328255226,88.32372645415391,0.41486179970385073,100
14,197,19603,0.41486179970385073,9.75351131307564,70.14719664738567,0.41486179970385073,100
14,198,19702,0.41486179970385073,9.94577764053592,99.157482673643,0.41486179970385073,100
14,199,19801,0.41486179970385073,9.946136458437799,101.6179543160862,0.41486179970385073,100
14,200,19900,0.41486179970385073,10.929091794984188,87.31314987071346,0.41486179970385073,100
14,201,19999,0.41486179970385073,8.879425025752335,71.42929676119869,0.41486179970385073,100
14,202,20098,0.41486179970385073,12.678347930690858,96.6444947455603,0.41486179970385073,100
14,203,20197,0.41486179970385073,10.929197744888462,69.80507720233719,0.41486179970385073,100
14,204,20296,0.41486179970385073,9.260791553381866,78.47372265412346,0.41486179970385073,100
14,205,20395,0.41486179970385073,9.196541261858043,100.12025227115188,0.41486179970385073,100
14,206,20494,0.41486179970385073,14.172688336579567,86.39563630640549,0.41486179970385073,100
14,207,20593,0.41486179970385073,12.33190774873599,113.34684355041419,0.41486179970385073,100
14,208,20692,0.41486179970385073,11.285283483107557,64.02748782883664,0.41486179970385073,100
14,209,20791,0.4124935470209934,12.345704467211354,76.85355607358596,0.4124935470209934,100
14,210,20890,0.4124935470209934,9.702754947024562,58.62829094923876,0.4124935470209934,100
14,211,20989,0.4124935470209934,10.814961208208349,115.01546572713313,0.4124935470209934,100
14,212,21088,0.4124935470209934,14.143034461980715,102.64584630099148,0.4124935470209934,100
14,213,21187,0.4124935470209934,8.965176316262498,57.796648833458065,0.4124935470209934,100
14,214,21286,0.4124935470209934,8.104719185187124,47.251368403585865,0.4124935470209934,100
14,215,21385,0.4124935470209934,11.242808134605784,96.03434410367305,0.4124935470209934,100
14,216,21484,0.4124935470209934,11.221294976671517,142.3848248296354,0.4124935470209934,100
14,217,21583,0.4124935470209934,11.370565496763856,78.6649774317329,0.4124935470209934,100
14,218,21682,0.4124935470209934,11.01257337589967,99.99742508731254,0.4124935470209934,100
14,219,21781,0.4124935470209934,12.034729840051074,118.06840295684154,0.4124935470209934,100
14,220,21880,0.4124935470209934,12.281986974807598,112.36460675731836,0.4124935470209934,100
14,221,21979,0.4124935470209934,8.863943276645799,84.37670742332881,0.4124935470209934,100
14,222,22078,0.4124935470209934,9.365179827449262,55.83410110451031,0.4124935470209934,100
14,223,22177,0.4124935470209934,10.858529406390588,93.34345783003528,0.4124935470209934,100
14,224,22276,0.4124935470209934,9.533371791686044,152.1386155048351,0.4124935470209934,100
14,225,22375,0.4124935470209934,14.247318771185014,85.73836279976953,0.4124935470209934,100
14,226,22474,0.4124935470209934,11.583565003598085,123.74266380330785,0.4124935470209934,100
14,227,22573,0.4124935470209934,11.101741123558394,79.2175768514853,0.4124935470209934,100
14,228,22672,0.4124935470209934,10.729814380350724,104.56259789995666,0.4124935470209934,100
14,229,22771,0.4124935470209934,11.510274210582848,72.20461178108938,0.4124935470209934,100
14,230,22870,0.4124935470209934,12.013906818773021,79.99522463935826,0.4124935470209934,100
14,231,22969,0.4124935470209934,9.3726558300902,58.472927991784324,0.4124935470209934,100
14,232,23068,0.40880897529531474,10.673889867638607,73.75384718347286,0.40880897529531474,100
14,233,23167,0.40880897529531474,11.238279635791905,61.869548255591845,0.40880897529531474,100
14,234,23266,0.40880897529531474,15.774440336971267,103.55251179395115,0.40880897529531474,100
14,235,23365,0.40880897529531474,11.432928388877153,94.24579023267331,0.40880897529531474,100
14,236,23464,0.40880897529531474,10.108509733041865,94.7797378138991,0.40880897529531474,100
14,237,23563,0.40880897529531474,10.297378428842071,78.84930509995095,0.40880897529531474,100
14,238,23662,0.40880897529531474,11.613692510769567,99.92579121193813,0.40880897529531474,100
14,239,23761,0.40880897529531474,15.393159507760606,135.2631567007283,0.40880897529531474,100
14,240,23860,0.40880897529531474,13.747945259292543,112.58322273616835,0.40880897529531474,100
14,241,23959,0.40880897529531474,11.020953220561157,79.4992680613358,0.40880897529531474,100
14,242,24058,0.40880897529531474,8.83444455889907,92.22653119679272,0.40880897529531474,100
14,243,24157,0.40880897529531474,13.090473777308425,149.92494019325483,0.40880897529531474,100
14,244,24256,0.40880897529531474,13.135063784836582,164.92837537742002,0.40880897529531474,100
14,245,24355,0.40880897529531474,9.702266063531791,59.2364620553133,0.40880897529531474,100
14,246,24454,0.40880897529531474,10.043253793114934,52.94360591129797,0.40880897529531474,100
14,247,24553,0.40880897529531474,11.420826149216925,63.6992477768282,0.40880897529531474,100
14,248,24652,0.40880897529531474,12.328574235305485,120.66845167560041,0.40880897529531474,100
14,249,24751,0.40880897529531474,11.934790327264174,82.08923281840765,0.40880897529531474,100
14,250,24850,0.40880897529531474,11.200092315246696,97.73605527746881,0.40880897529531474,100
14,251,24949,0.40880897529531474,10.73732374014767,56.1172022651327,0.40880897529531474,100
14,252,25048,0.40880897529531474,11.550820455708608,79.95043992447115,0.40880897529531474,100
14,253,25147,0.40880897529531474,12.090256277338774,140.0380405973333,0.40880897529531474,100
14,254,25246,0.40880897529531474,12.208414326838431,60.137779694847154,0.40880897529531474,100
14,255,25345,0.40880897529531474,9.94653977208289,71.86739619387596,0.40880897529531474,100
14,256,25444,0.40880897529531474,12.452016293969216,124.5242071771857,0.40880897529531474,100
14,257,25543,0.40880897529531474,12.044630173998494,112.69931465018564,0.40880897529531474,100
14,258,25642,0.40880897529531474,9.010625679854847,63.78420992737625,0.40880897529531474,100
14,259,25741,0.40880897529531474,12.0261166326838,86.0386441260489,0.40880897529531474,100
14,260,25840,0.40880897529531474,10.314019698986296,83.06119559103675,0.40880897529531474,100
14,261,25939,0.40880897529531474,7.090406083074043,48.02601873952333,0.40880897529531474,100
14,262,26038,0.40880897529531474,9.994978225348468,127.9436754826923,0.40880897529531474,100
14,263,26137,0.40880897529531474,10.479699413820553,86.44903865208266,0.40880897529531474,100
14,264,26236,0.40880897529531474,13.057747574805767,113.414320023912,0.40880897529531474,100
14,265,26335,0.40880897529531474,9.996266101950098,72.24682842447602,0.40880897529531474,100
14,266,26434,0.40880897529531474,11.272313632323574,79.7286353641729,0.40880897529531474,100
14,267,26533,0.40880897529531474,9.95515765506769,126.33356285078531,0.40880897529531474,100
14,268,26632,0.40880897529531474,12.264616909675102,93.44223196417413,0.40880897529531474,100
14,269,26731,0.40880897529531474,8.24370975019099,72.52096230025384,0.40880897529531474,100
14,270,26830,0.40880897529531474,8.631530945852521,82.58952604976534,0.40880897529531474,100
14,271,26929,0.40880897529531474,12.349896235988806,74.78076348197277,0.40880897529531474,100
14,272,27028,0.40880897529531474,12.183380298846574,73.99085249192535,0.40880897529531474,100
14,273,27127,0.40880897529531474,11.31794069408894,107.31338911901854,0.40880897529531474,100
14,274,27226,0.40880897529531474,10.946781554670899,84.6710778572242,0.40880897529531474,100
14,275,27325,0.40880897529531474,11.965523854648342,97.77998122662073,0.40880897529531474,100
14,276,27424,0.40880897529531474,9.945434021220033,57.865693509444775,0.40880897529531474,100
14,277,27523,0.4033035228572838,9.131005046693552,77.52062983496452,0.4033035228572838,100
14,278,27622,0.4033035228572838,11.482882770024284,110.98065854641267,0.4033035228572838,100
14,279,27721,0.4033035228572838,10.426676253029799,64.50227873138353,0.4033035228572838,100
14,280,27820,0.4033035228572838,12.43644993406354,114.78383229134674,0.4033035228572838,100
14,281,27919,0.4033035228572838,10.449211907099455,51.23954546672422,0.4033035228572838,100
14,282,28018,0.4033035228572838,8.614717797375107,76.59245335297618,0.4033035228572838,100
14,283,28117,0.4033035228572838,10.050062996540614,78.4186141682441,0.4033035228572838,100
14,284,28216,0.4033035228572838,9.496880920970842,88.00326564979433,0.4033035228572838,100
14,285,28315,0.4033035228572838,11.585272718212615,120.93797067363134,0.4033035228572838,100
14,286,28414,0.4033035228572838,11.10769902061015,68.46717147520202,0.4033035228572838,100
14,287,28513,0.4033035228572838,10.203246859888608,134.15144790747877,0.4033035228572838,100
14,288,28612,0.4033035228572838,11.811515060085979,93.01651284696904,0.4033035228572838,100
14,289,28711,0.4033035228572838,11.108138528606325,107.38082726216658,0.4033035228572838,100
14,290,28810,0.4033035228572838,10.621707412339708,90.31114287891413,0.4033035228572838,100
14,291,28909,0.4033035228572838,11.293523582230296,102.09647698243832,0.4033035228572838,100
14,292,29008,0.4033035228572838,12.693197085555509,138.7211669610474,0.4033035228572838,100
14,293,29107,0.4033035228572838,12.852384359058185,125.70351653995871,0.4033035228572838,100
14,294,29206,0.4033035228572838,11.613974933417843,175.30139696554374,0.4033035228572838,100
14,295,29305,0.4033035228572838,9.980064512448067,92.17713241271031,0.4033035228572838,100
14,296,29404,0.4033035228572838,15.231742417737012,130.10712685227543,0.4033035228572838,100
14,297,29503,0.4033035228572838,7.890833507738791,53.102313815269014,0.4033035228572838,100
14,298,29602,0.4033035228572838,10.535287504952796,56.29095108868421,0.4033035228572838,100
14,299,29701,0.4033035228572838,9.139533124066293,79.1762167106567,0.4033035228572838,100
14,300,29800,0.4033035228572838,12.913179725628261,110.47974685734835,0.4033035228572838,100
14,301,29899,0.4033035228572838,13.033726964800904,90.31406844230904,0.4033035228572838,100
14,302,29998,0.4033035228572838,12.504920328701836,70.10020265289107,0.4033035228572838,100
14,303,30097,0.4033035228572838,6.719622001816555,58.586102388883724,0.4033035228572838,100
14,304,30196,0.4033035228572838,11.43262617684505,100.6861416793926,0.4033035228572838,100
14,305,30295,0.4033035228572838,10.916080540785247,67.2581456846847,0.4033035228572838,100
14,306,30394,0.4033035228572838,13.499329413270015,79.91735111179297,0.4033035228572838,100
14,307,30493,0.4033035228572838,12.224768632686352,125.94235686382329,0.4033035228572838,100
14,308,30592,0.4033035228572838,9.26049344596397,83.28849394071305,0.4033035228572838,100
14,309,30691,0.4033035228572838,10.883575201538655,75.5925346462046,0.4033035228572838,100
14,310,30790,0.4033035228572838,11.207466372470266,77.88400166474398,0.4033035228572838,100
14,311,30889,0.4033035228572838,11.859449339640493,113.57950836822593,0.4033035228572838,100
14,312,30988,0.4033035228572838,9.832723946404316,125.81007107053576,0.4033035228572838,100
14,313,31087,0.4033035228572838,11.294776288145286,80.00629696558298,0.4033035228572838,100
14,314,31186,0.4033035228572838,11.354898073104174,86.88994694153988,0.4033035228572838,100
14,315,31285,0.3619261505777519,9.327357182504953,68.15303145169088,0.3619261505777519,100
14,316,31384,0.3619261505777519,11.184383086368141,76.66395772114589,0.3619261505777519,100
14,317,31483,0.3619261505777519,10.001838795187279,109.88501606006528,0.3619261505777519,100
14,318,31582,0.3619261505777519,11.981347905503998,83.42194168205899,0.3619261505777519,100
14,319,31681,0.3619261505777519,12.050070609389259,156.40420160892972,0.3619261505777519,100
14,320,31780,0.3619261505777519,11.072737165414049,79.6833870326196,0.3619261505777519,100
14,321,31879,0.3619261505777519,10.128203618719818,59.49000449963943,0.3619261505777519,100
14,322,31978,0.3619261505777519,13.286345643416121,71.95090980403607,0.3619261505777519,100
14,323,32077,0.3619261505777519,10.462030982302927,77.92550861975776,0.3619261505777519,100
14,324,32176,0.3619261505777519,10.646402834826661,107.99398133672271,0.3619261505777519,100
14,325,32275,0.3619261505777519,11.760250763023656,120.21112260718728,0.3619261505777519,100
14,326,32374,0.3619261505777519,11.586461262008111,84.93657286558161,0.3619261505777519,100
14,327,32473,0.3619261505777519,12.440936111820697,67.63257688866607,0.3619261505777519,100
14,328,32572,0.3619261505777519,10.74642090398205,67.75249664204875,0.3619261505777519,100
14,329,32671,0.3619261505777519,9.879256854634091,70.97374612370922,0.3619261505777519,100
14,330,32770,0.3619261505777519,11.599374317314858,134.04683589739312,0.3619261505777519,100
14,331,32869,0.3619261505777519,10.256178339380574,89.14629471239697,0.3619261505777519,100
14,332,32968,0.3619261505777519,9.912019613879881,68.44471203396483,0.3619261505777519,100
14,333,33067,0.3619261505777519,9.356346888080921,124.44133876544826,0.3619261505777519,100
14,334,33166,0.3619261505777519,7.526100330887606,104.19981221305223,0.3619261505777519,100
14,335,33265,0.3619261505777519,11.660393108739804,102.83270364706458,0.3619261505777519,100
14,336,33364,0.3619261505777519,9.412552407284277,85.18012472443299,0.3619261505777519,100
14,337,33463,0.3619261505777519,11.773500972263307,137.85785858088943,0.3619261505777519,100
14,338,33562,0.3619261505777519,12.966144216231136,77.28335768612034,0.3619261505777519,100
14,339,33661,0.3619261505777519,9.094785992066834,74.1526584094865,0.3619261505777519,100
14,340,33760,0.3619261505777519,9.163183070870947,74.01962378039198,0.3619261505777519,100
14,341,33859,0.3619261505777519,9.36596505660361,136.03313331945205,0.3619261505777519,100
14,342,33958,0.3619261505777519,11.641844114262838,103.38403927713443,0.3619261505777519,100
14,343,34057,0.3619261505777519,12.849636954249522,101.47609036846487,0.3619261505777519,100
14,344,34156,0.3619261505777519,9.264781487452169,69.47143081119654,0.3619261505777519,100
14,345,34255,0.3619261505777519,10.868951100250952,94.73020804530604,0.3619261505777519,100
14,346,34354,0.3619261505777519,12.020445594098573,109.50909459199248,0.3619261505777519,100
14,347,34453,0.3619261505777519,12.2200246767687,71.17406977053808,0.3619261505777519,100
14,348,34552,0.3619261505777519,10.723550446708154,98.76020112726293,0.3619261505777519,100
14,349,34651,0.3619261505777519,7.672984106114553,50.710925175658694,0.3619261505777519,100
14,350,34750,0.3619261505777519,11.798966008796357,89.85084831417599,0.3619261505777519,100
14,351,34849,0.3619261505777519,11.617638806239185,131.93470071857274,0.3619261505777519,100
14,352,34948,0.3619261505777519,10.055589676588767,76.36751771084089,0.3619261505777519,100
14,353,35047,0.3619261505777519,13.895587766208543,114.55479420067871,0.3619261505777519,100
14,354,35146,0.3619261505777519,7.961930167069029,87.30197834783303,0.3619261505777519,100
14,355,35245,0.3619261505777519,8.064845832733472,74.44234936473676,0.3619261505777519,100
14,356,35344,0.3619261505777519,12.488369866555693,90.98521890515273,0.3619261505777519,100
14,357,35443,0.3619261505777519,9.347170154890629,70.85682920921319,0.3619261505777519,100
14,358,35542,0.3619261505777519,13.216200221444433,92.20538430959337,0.3619261505777519,100
14,359,35641,0.3619261505777519,9.547252019994657,55.64156608673463,0.3619261505777519,100
14,360,35740,0.3619261505777519,10.00049431187958,50.34533915391989,0.3619261505777519,100
14,361,35839,0.3619261505777519,10.27637422709559,86.48218682174993,0.3619261505777519,100
14,362,35938,0.3619261505777519,11.44303430554484,75.1512339476957,0.3619261505777519,100
14,363,36037,0.3619261505777519,11.190616198941653,143.99977308964858,0.3619261505777519,100
14,364,36136,0.3619261505777519,12.277614607119158,69.80272841614061,0.3619261505777519,100
14,365,36235,0.3619261505777519,11.754030121360117,94.03956438823198,0.3619261505777519,100
14,366,36334,0.3619261505777519,11.188840605853672,100.97725058620377,0.3619261505777519,100
14,367,36433,0.3619261505777519,9.290137784036645,99.16748297713713,0.3619261505777519,100
14,368,36532,0.3619261505777519,10.979615538854215,141.83132061478523,0.3619261505777519,100
14,369,36631,0.3619261505777519,10.259969978572718,91.24465949760364,0.3619261505777519,100
14,370,36730,0.3619261505777519,12.079783392016052,69.64989464324233,0.3619261505777519,100
14,371,36829,0.3619261505777519,11.848377328350285,91.63621450879766,0.3619261505777519,100
14,372,36928,0.3619261505777519,11.992138587321142,75.7955872297726,0.3619261505777519,100
14,373,37027,0.3619261505777519,12.899192192965804,158.70758406061933,0.3619261505777519,100
14,374,37126,0.3619261505777519,10.911321745062951,78.73131736566351,0.3619261505777519,100
14,375,37225,0.3619261505777519,8.236982743763244,60.337279190298084,0.3619261505777519,100
14,376,37324,0.3619261505777519,9.956752562176426,101.4060102146528,0.3619261505777519,100
14,377,37423,0.3619261505777519,11.215886140356693,113.54089280881333,0.3619261505777519,100
14,378,37522,0.3619261505777519,11.34951817006626,67.95931694829014,0.3619261505777519,100
14,379,37621,0.3619261505777519,12.20751136550858,67.30341435471081,0.3619261505777519,100
14,380,37720,0.3619261505777519,13.44272222671972,100.12349686952847,0.3619261505777519,100
14,381,37819,0.3619261505777519,11.590402405186198,92.99599958067661,0.3619261505777519,100
14,382,37918,0.3619261505777519,9.366399779102343,59.96517034897575,0.3619261505777519,100
14,383,38017,0.3619261505777519,13.102070563795785,83.88788721662067,0.3619261505777519,100
14,384,38116,0.3619261505777519,10.905635800171478,74.34565545773552,0.3619261505777519,100
14,385,38215,0.3619261505777519,12.665475792564246,127.70237296584057,0.3619261505777519,100
14,386,38314,0.3619261505777519,8.598064438997689,82.20153191330208,0.3619261505777519,100
14,387,38413,0.3619261505777519,10.30011888318608,64.65422128460754,0.3619261505777519,100
14,388,38512,0.3619261505777519,11.825655241018424,87.2685221865292,0.3619261505777519,100
14,389,38611,0.3619261505777519,11.941790491560159,90.16735290283147,0.3619261505777519,100
14,390,38710,0.3619261505777519,13.735326178457827,82.66223559179726,0.3619261505777519,100
14,391,38809,0.3619261505777519,13.64811175392809,101.00822300724847,0.3619261505777519,100
14,392,38908,0.3619261505777519,11.656107828244394,80.82062770759694,0.3619261505777519,100
14,393,39007,0.3619261505777519,13.39039386454266,114.75515339960722,0.3619261505777519,100
14,394,39106,0.3619261505777519,10.130301717584917,89.83401510329679,0.3619261505777519,100
14,395,39205,0.3619261505777519,8.200529209515445,60.2161508349737,0.3619261505777519,100
14,396,39304,0.3619261505777519,9.143709338271577,100.3676321762682,0.3619261505777519,100
14,397,39403,0.3619261505777519,11.381188946383222,68.79837616880988,0.3619261505777519,100
14,398,39502,0.3619261505777519,10.391573462021473,112.09710038340711,0.3619261505777519,100
14,399,39601,0.3619261505777519,10.020244132964972,58.60923923359109,0.3619261505777519,100
14,400,39700,0.3619261505777519,12.487405765074001,101.88634822661126,0.3619261505777519,100
14,401,39799,0.3619261505777519,12.05379746620915,134.0269303174469,0.3619261505777519,100
14,402,39898,0.3619261505777519,11.406800837411799,83.11848047254259,0.3619261505777519,100
14,403,39997,0.3619261505777519,11.31993886936893,86.20152700596255,0.3619261505777519,100
14,404,40096,0.3619261505777519,10.664646843085425,82.01679316332736,0.3619261505777519,100
14,405,40195,0.3619261505777519,14.141649052736964,181.16221453068493,0.3619261505777519,100
14,406,40294,0.3619261505777519,8.807937689257068,57.47117417390288,0.3619261505777519,100
14,407,40393,0.3619261505777519,10.664942293617475,81.8527364312078,0.3619261505777519,100
14,408,40492,0.3619261505777519,13.031073851068866,75.16015219255445,0.3619261505777519,100
14,409,40591,0.3619261505777519,12.076353374489965,61.80563731486855,0.3619261505777519,100
14,410,40690,0.3619261505777519,10.699897196649701,85.7870971360548,0.3619261505777519,100
14,411,40789,0.3619261505777519,11.143190655735093,139.5505813670476,0.3619261505777519,100
14,412,40888,0.3619261505777519,13.323512146600326,89.69432031309343,0.3619261505777519,100
14,413,40987,0.3619261505777519,12.36245320788051,105.0138394768222,0.3619261505777519,100
14,414,41086,0.3619261505777519,11.814534972374426,94.28052641436763,0.3619261505777519,100
14,415,41185,0.3619261505777519,11.350950667806947,75.70173692599658,0.3619261505777519,100
14,416,41284,0.3619261505777519,14.436479480674011,117.65422448210462,0.3619261505777519,100
14,417,41383,0.3619261505777519,12.564851704763123,83.36156403336938,0.3619261505777519,100
14,418,41482,0.3619261505777519,10.892678192325103,55.343026679017065,0.3619261505777519,100
14,419,41581,0.3619261505777519,12.870890051920561,111.01745498449378,0.3619261505777519,100
14,420,41680,0.3619261505777519,9.031553848121359,67.70295916506024,0.3619261505777519,100
14,421,41779,0.3619261505777519,9.226007657140592,84.57746048267538,0.3619261505777519,100
14,422,41878,0.3619261505777519,8.747896651395546,120.62276954092069,0.3619261505777519,100
14,423,41977,0.3619261505777519,9.458151653944093,66.60703815102762,0.3619261505777519,100
14,424,42076,0.3619261505777519,9.213699490068455,52.99858228243572,0.3619261505777519,100
14,425,42175,0.3619261505777519,11.258247312689289,118.50831063377915,0.3619261505777519,100
14,426,42274,0.3619261505777519,10.433876431917158,66.79123646633455,0.3619261505777519,100
14,427,42373,0.3619261505777519,12.662995984449,83.74759040532001,0.3619261505777519,100
14,428,42472,0.3619261505777519,10.264303991771696,99.96845720705777,0.3619261505777519,100
14,429,42571,0.3619261505777519,11.770278383031895,83.42507338813719,0.3619261505777519,100
14,430,42670,0.3619261505777519,10.14451224117591,88.72419975499119,0.3619261505777519,100
14,431,42769,0.3619261505777519,12.638315782760335,83.23862465363372,0.3619261505777519,100
14,432,42868,0.3619261505777519,10.284499148688267,41.45384894448459,0.3619261505777519,100
14,433,42967,0.3619261505777519,8.833358901147466,104.3337653088736,0.3619261505777519,100
14,434,43066,0.3619261505777519,10.84838403119627,89.25727255748951,0.3619261505777519,100
14,435,43165,0.3619261505777519,9.133723470865442,71.80034630124051,0.3619261505777519,100
14,436,43264,0.3619261505777519,11.98545877912333,81.43079565194061,0.3619261505777519,100
14,437,43363,0.3619261505777519,13.388582185694448,126.28418469979785,0.3619261505777519,100
14,438,43462,0.3619261505777519,12.334593760175412,69.12895114211534,0.3619261505777519,100
14,439,43561,0.3619261505777519,12.837474517941509,90.19874393700056,0.3619261505777519,100
14,440,43660,0.3317737542593501,11.573717068477588,117.75643718147455,0.3317737542593501,100
14,441,43759,0.3317737542593501,14.083658601497213,112.02939162406618,0.3317737542593501,100
14,442,43858,0.3317737542593501,12.930407298156664,66.34018673216396,0.3317737542593501,100
14,443,43957,0.3317737542593501,11.707905958270912,151.9575216402,0.3317737542593501,100
14,444,44056,0.3317737542593501,11.476964168959226,115.57637580743216,0.3317737542593501,100
14,445,44155,0.3317737542593501,12.305737166647614,120.37413269470773,0.3317737542593501,100
14,446,44254,0.3317737542593501,13.53793715463324,80.34900430777311,0.3317737542593501,100
14,447,44353,0.3317737542593501,11.238127782571537,73.54775647918635,0.3317737542593501,100
14,448,44452,0.3317737542593501,11.524593659517118,93.52155221992804,0.3317737542593501,100
14,449,44551,0.3317737542593501,12.25391612856606,85.19005192832476,0.3317737542593501,100
14,450,44650,0.3317737542593501,9.98953814782778,67.37658294172775,0.3317737542593501,100
14,451,44749,0.3317737542593501,9.810781726361535,77.71255037076256,0.3317737542593501,100
14,452,44848,0.3317737542593501,10.716181190533899,69.7005107928859,0.3317737542593501,100
14,453,44947,0.3317737542593501,11.593362582325044,54.79317513323874,0.3317737542593501,100
14,454,45046,0.3317737542593501,11.744151130701988,103.10527887306284,0.3317737542593501,100
14,455,45145,0.3317737542593501,15.307862551172443,130.6932213608291,0.3317737542593501,100
14,456,45244,0.3317737542593501,9.717498165751401,80.4880701031439,0.3317737542593501,100
14,457,45343,0.3317737542593501,11.365827435315337,140.6363988144166,0.3317737542593501,100
14,458,45442,0.3317737542593501,11.472173796602364,106.41399986123606,0.3317737542593501,100
14,459,45541,0.3317737542593501,10.208827077546095,47.24388548018542,0.3317737542593501,100
14,460,45640,0.3317737542593501,10.798804821861479,79.50081632482177,0.3317737542593501,100
14,461,45739,0.3317737542593501,13.04137599427771,79.72932538316712,0.3317737542593501,100
14,462,45838,0.3317737542593501,12.766351962857266,99.9799861006426,0.3317737542593501,100
14,463,45937,0.3317737542593501,11.301127491096855,105.29972546132839,0.3317737542593501,100
14,464,46036,0.3317737542593501,11.705038101145766,95.81756629912284,0.3317737542593501,100
14,465,46135,0.3317737542593501,10.536240069149818,145.57629343288238,0.3317737542593501,100
14,466,46234,0.3317737542593501,7.2935067885619125,111.69362751849627,0.3317737542593501,100
14,467,46333,0.3317737542593501,9.377478254085382,47.52014168428131,0.3317737542593501,100
14,468,46432,0.3317737542593501,14.10018122042172,109.03243745422405,0.3317737542593501,100
14,469,46531,0.3317737542593501,14.583205856822962,98.17397671415306,0.3317737542593501,100
14,470,46630,0.3317737542593501,13.430009852949636,80.58054517102718,0.3317737542593501,100
14,471,46729,0.3317737542593501,11.973615588142286,71.46698660858787,0.3317737542593501,100
14,472,46828,0.3317737542593501,10.379954728260708,56.87178941621706,0.3317737542593501,100
14,473,46927,0.3317737542593501,10.6858446213737,99.76609217773789,0.3317737542593501,100
14,474,47026,0.3317737542593501,12.809788688880856,109.64327292469123,0.3317737542593501,100
14,475,47125,0.3317737542593501,12.059621570279504,117.29095261678899,0.3317737542593501,100
14,476,47224,0.3317737542593501,9.871138615982582,50.464713236047935,0.3317737542593501,100
14,477,47323,0.3317737542593501,10.659016271892241,57.94591870792303,0.3317737542593501,100
14,478,47422,0.3317737542593501,13.104473244056058,102.36149457284935,0.3317737542593501,100
14,479,47521,0.3317737542593501,15.67648788632313,186.71579251756665,0.3317737542593501,100
14,480,47620,0.3317737542593501,10.190553402091531,58.145190334024235,0.3317737542593501,100
14,481,47719,0.3317737542593501,7.33545675050882,63.80986463100371,0.3317737542593501,100
14,482,47818,0.3317737542593501,10.505994308531223,62.28233598337935,0.3317737542593501,100
14,483,47917,0.3317737542593501,11.128743663461382,70.8032071872147,0.3317737542593501,100
14,484,48016,0.3317737542593501,9.399036143670994,95.09764543341784,0.3317737542593501,100
14,485,48115,0.3317737542593501,9.730871340277975,102.44545924831847,0.3317737542593501,100
14,486,48214,0.3317737542593501,10.829068120854277,77.20214227533056,0.3317737542593501,100
14,487,48313,0.3317737542593501,11.590570039434454,74.5671327776176,0.3317737542593501,100
14,488,48412,0.3317737542593501,9.923151245557483,64.904374498485,0.3317737542593501,100
14,489,48511,0.3317737542593501,10.974657454968344,93.10205794791037,0.3317737542593501,100
14,490,48610,0.3317737542593501,11.028376629148683,73.3703815327337,0.3317737542593501,100
14,491,48709,0.3317737542593501,13.638141904926393,120.9686471667166,0.3317737542593501,100
14,492,48808,0.3317737542593501,10.551038010136175,85.235877102553,0.3317737542593501,100
14,493,48907,0.3317737542593501,10.701727492539227,53.704009789022834,0.3317737542593501,100
14,494,49006,0.3317737542593501,10.121512429516494,87.31698745893296,0.3317737542593501,100
14,495,49105,0.3317737542593501,7.822163016786022,76.04659134344935,0.3317737542593501,100
14,496,49204,0.3317737542593501,9.757266176412488,59.20667218419753,0.3317737542593501,100
14,497,49303,0.3317737542593501,12.12397307092893,92.16596991005649,0.3317737542593501,100
14,498,49402,0.3317737542593501,10.03188398456016,101.74056551491333,0.3317737542593501,100
14,499,49501,0.3317737542593501,9.47012654627833,93.8804642851975,0.3317737542593501,100
14,500,49600,0.3317737542593501,9.264880190193523,84.76775519891204,0.3317737542593501,100
14,501,49699,0.3317737542593501,13.243659167331536,84.06280902913507,0.3317737542593501,100
14,502,49798,0.3317737542593501,8.822413249961956,61.45127414890383,0.3317737542593501,100
14,503,49897,0.3317737542593501,13.900427711971052,99.25945860526716,0.3317737542593501,100
14,504,49996,0.3317737542593501,11.277880578113752,99.15423932198168,0.3317737542593501,100
14,505,50000,0.3317737542593501,8.529782139822785,48.84470978548081,0.3317737542593501,100
15,0,100,138.35821214294887,533.6440623078956,977.7339156809794,138.35821214294887,100
15,1,199,104.68749092836549,296.9348869506631,566.4248594309059,104.68749092836549,100
15,2,298,28.485951862080956,162.2195888116331,351.79071407999453,28.485951862080956,100
15,3,397,20.132939537912158,79.60972778106331,191.44782040770605,20.132939537912158,100
15,4,496,9.658237024312509,44.60403302637827,131.777220341908,9.658237024312509,100
15,5,595,2.32363039263907,26.450099573769165,92.78487659162161,2.32363039263907,100
15,6,694,2.32363039263907,19.809352101458344,110.08219191714124,2.32363039263907,100
15,7,793,1.44861942427818,14.634271659124382,75.15083064397027,1.44861942427818,100
15,8,892,1.0976943263208163,12.795692452650776,101.37176403132995,1.0976943263208163,100
15,9,991,1.0976943263208163,14.338844313298562,88.11494307318884,1.0976943263208163,100
15,10,1090,1.0976943263208163,12.32917816755549,96.93925020559192,1.0976943263208163,100
15,11,1189,1.0051247494781468,12.231234621181839,93.77558449002748,1.0051247494781468,100
15,12,1288,0.8869286043849618,11.841877701981234,97.11857504333639,0.8869286043849618,100
15,13,1387,0.7368327019451202,12.821573166248479,162.69128241622744,0.7368327019451202,100
15,14,1486,0.7175039510088999,11.856061592586654,66.73480435348557,0.7175039510088999,100
15,15,1585,0.7175039510088999,10.81475649180618,88.02267606556494,0.7175039510088999,100
15,16,1684,0.6306132151742602,11.219048851525518,82.12710722155815,0.6306132151742602,100
15,17,1783,0.6306132151742602,8.54931210566553,72.42158793230085,0.6306132151742602,100
15,18,1882,0.5758256216237417,8.667540448089005,75.18743029914724,0.5758256216237417,100
15,19,1981,0.5725951940116203,7.221421432408895,64.6893295136124,0.5725951940116203,100
15,20,2080,0.5335986831048122,9.350483217322006,97.62188867541519,0.5335986831048122,100
15,21,2179,0.5335986831048122,8.532560996989925,66.57899721704213,0.5335986831048122,100
15,22,2278,0.5335986831048122,14.218190760481733,100.20805259667257,0.5335986831048122,100
15,23,2377,0.5228983990708044,10.242302588328284,134.27652882651637,0.5228983990708044,100
15,24,2476,0.5228983990708044,12.950156768376223,138.77196542027175,0.5228983990708044,100
15,25,2575,0.5228983990708044,11.005032156683301,100.56410119391425,0.5228983990708044,100
15,26,2674,0.5228983990708044,10.049498988988658,113.39791534553889,0.5228983990708044,100
15,27,2773,0.5134555864882138,13.162405551993299,130.4308237006305,0.5134555864882138,100
15,28,2872,0.5134555864882138,13.759498737933441,74.55130457009068,0.5134555864882138,100
15,29,2971,0.5134555864882138,13.04883954890086,96.60444264067768,0.5134555864882138,100
15,30,3070,0.5134555864882138,9.998647224404179,65.30304947252107,0.5134555864882138,100
15,31,3169,0.5134555864882138,11.3458855666391,73.0125735573752,0.5134555864882138,100
15,32,3268,0.5134555864882138,11.439829733548727,90.9416048796311,0.5134555864882138,100
15,33,3367,0.5040031036862458,11.205744878810794,83.96477841010561,0.5040031036862458,100
15,34,3466,0.5040031036862458,7.912907700342049,60.02882326455497,0.5040031036862458,100
15,35,3565,0.5040031036862458,8.639367557523506,67.27322778600639,0.5040031036862458,100
15,36,3664,0.5040031036862458,13.226369845711577,81.35109867331899,0.5040031036862458,100
15,37,3763,0.5040031036862458,12.54982646315573,116.04534475548871,0.5040031036862458,100
15,38,3862,0.46496606977835647,7.9654805533913144,47.27261057726364,0.46496606977835647,100
15,39,3961,0.46496606977835647,9.853604614487159,81.4451992557901,0.46496606977835647,100
15,40,4060,0.46496606977835647,11.71828581897488,73.06307289114355,0.46496606977835647,100
15,41,4159,0.46496606977835647,10.103100357814668,55.509996743581574,0.46496606977835647,100
15,42,4258,0.46496606977835647,9.94571575963967,120.86371927718777,0.46496606977835647,100
15,43,4357,0.46496606977835647,8.949047510326066,71.78019560677532,0.46496606977835647,100
15,44,4456,0.46496606977835647,11.413104423395982,169.60068964911386,0.46496606977835647,100
15,45,4555,0.46496606977835647,10.191635485958685,128.82240896666386,0.46496606977835647,100
15,46,4654,0.46496606977835647,11.914365104861119,81.47631199965454,0.46496606977835647,100
15,47,4753,0.46496606977835647,9.842995910118473,82.12253819827669,0.46496606977835647,100
15,48,4852,0.46496606977835647,9.201763219468456,77.29696913017762,0.46496606977835647,100
15,49,4951,0.46496606977835647,13.107531259983844,93.66953364075391,0.46496606977835647,100
15,50,5050,0.46496606977835647,8.786282961049402,65.59319606417723,0.46496606977835647,100
15,51,5149,0.46496606977835647,11.443289665959867,87.32735422210435,0.46496606977835647,100
15,52,5248,0.46496606977835647,11.485921865637524,81.48591522994286,0.46496606977835647,100
15,53,5347,0.46496606977835647,9.395481136855159,90.51360005057082,0.46496606977835647,100
15,54,5446,0.46496606977835647,11.844439702072957,58.18543822541889,0.46496606977835647,100
15,55,5545,0.46496606977835647,9.918623581461208,163.25112174773696,0.46496606977835647,100
15,56,5644,0.46496606977835647,8.912712325721218,81.66511551659895,0.46496606977835647,100
15,57,5743,0.4121352029742381,12.403604888534533,118.23866905986083,0.4121352029742381,100
15,58,5842,0.4121352029742381,10.299014717899402,68.55655996160675,0.4121352029742381,100
15,59,5941,0.4121352029742381,12.638497499443124,150.57174694246058,0.4121352029742381,100
15,60,6040,0.4121352029742381,12.509436407402536,78.38913440192616,0.4121352029742381,100
15,61,6139,0.4121352029742381,10.398424161042014,87.23457593610877,0.4121352029742381,100
15,62,6238,0.4121352029742381,12.606291150636343,98.86534796644916,0.4121352029742381,100
15,63,6337,0.4121352029742381,10.052233915887898,75.87677368388374,0.4121352029742381,100
15,64,6436,0.4121352029742381,12.935363632834596,98.08190774723064,0.4121352029742381,100
15,65,6535,0.4121352029742381,13.176643036412145,77.91332776645996,0.4121352029742381,100
15,66,6634,0.4121352029742381,10.857845644137846,69.01100306548986,0.4121352029742381,100
15,67,6733,0.4121352029742381,10.702690690957297,101.65644466116535,0.4121352029742381,100
15,68,6832,0.4121352029742381,15.247105158103247,194.72056271112342,0.4121352029742381,100
15,69,6931,0.4121352029742381,13.93906462863134,97.64189554236823,0.4121352029742381,100
15,70,7030,0.4121352029742381,10.126112604884007,119.99844554817943,0.4121352029742381,100
15,71,7129,0.4121352029742381,12.95831876452617,117.97400978683503,0.4121352029742381,100
15,72,7228,0.4121352029742381,14.571238924642222,95.01226506656643,0.4121352029742381,100
15,73,7327,0.4121352029742381,12.946340036721537,168.34879628207761,0.4121352029742381,100
15,74,7426,0.4121352029742381,13.866805653967024,86.24623535263348,0.4121352029742381,100
15,75,7525,0.4121352029742381,10.323790653172177,76.40541688748057,0.4121352029742381,100
15,76,7624,0.4121352029742381,9.586739901675553,75.36966005491574,0.4121352029742381,100
15,77,7723,0.4121352029742381,10.63143693995263,107.2897462520615,0.4121352029742381,100
15,78,7822,0.4121352029742381,9.511410602986734,52.728562507619145,0.4121352029742381,100
15,79,7921,0.4121352029742381,11.28749929439035,130.751351459488,0.4121352029742381,100
15,80,8020,0.4121352029742381,9.300936410037624,65.96256841157258,0.4121352029742381,100
15,81,8119,0.4121352029742381,9.686387501545303,77.471302501795,0.4121352029742381,100
15,82,8218,0.4121352029742381,9.041764990742116,67.5656248323246,0.4121352029742381,100
15,83,8317,0.4121352029742381,11.425399597831214,82.6879169329583,0.4121352029742381,100
15,84,8416,0.4121352029742381,12.094022175727813,73.42029160442212,0.4121352029742381,100
15,85,8515,0.4121352029742381,11.875681692651197,89.39925523081418,0.4121352029742381,100
15,86,8614,0.4121352029742381,8.866040424457331,69.31269759824147,0.4121352029742381,100
15,87,8713,0.4121352029742381,10.064384558805319,66.76041330181354,0.4121352029742381,100
15,88,8812,0.4121352029742381,10.700210437054547,65.6812411399773,0.4121352029742381,100
15,89,8911,0.4121352029742381,10.06111468322089,91.85905281312056,0.4121352029742381,100
15,90,9010,0.4121352029742381,9.419857390509506,82.53127989853229,0.4121352029742381,100
15,91,9109,0.4121352029742381,11.65936106618017,71.45896339981876,0.4121352029742381,100
15,92,9208,0.4121352029742381,9.57063230505516,57.58142976402283,0.4121352029742381,100
15,93,9307,0.4121352029742381,11.235110357272786,71.17511599069005,0.4121352029742381,100
15,94,9406,0.4121352029742381,10.789724554187238,96.49303421836593,0.4121352029742381,100
15,95,9505,0.4121352029742381,11.094817229726441,115.33422020232796,0.4121352029742381,100
15,96,9604,0.4121352029742381,11.301884141041514,75.80944260731106,0.4121352029742381,100
15,97,9703,0.4121352029742381,11.394786513319472,81.96458295825367,0.4121352029742381,100
15,98,9802,0.4121352029742381,11.329228729016073,121.05512336119048,0.4121352029742381,100
15,99,9901,0.4121352029742381,9.448554284696915,77.86217793854607,0.4121352029742381,100
15,100,10000,0.4121352029742381,10.313917963483627,63.97128267187257,0.4121352029742381,100
15,101,10099,0.4121352029742381,13.070819782784163,68.89507030796648,0.4121352029742381,100
15,102,10198,0.4121352029742381,11.85345659001727,112.338406840657,0.4121352029742381,100
15,103,10297,0.4121352029742381,11.463911692011306,75.57431141384333,0.4121352029742381,100
15,104,10396,0.4121352029742381,9.635091445974602,95.50717244977297,0.4121352029742381,100
15,105,10495,0.4121352029742381,12.311280500182033,101.54605732111467,0.4121352029742381,100
15,106,10594,0.4121352029742381,12.118174064766482,101.32431108028032,0.4121352029742381,100
15,107,10693,0.4121352029742381,9.497756529829285,73.95515633225946,0.4121352029742381,100
15,108,10792,0.4121352029742381,12.209061210179753,105.90134690528375,0.4121352029742381,100
15,109,10891,0.4121352029742381,11.883939483651218,81.53325873455105,0.4121352029742381,100
15,110,10990,0.4121352029742381,12.682034893258706,135.01293354596228,0.4121352029742381,100
15,111,11089,0.4121352029742381,10.437836198683403,115.83494072262788,0.4121352029742381,100
15,112,11188,0.4121352029742381,9.910490090991953,89.14651566122062,0.4121352029742381,100
15,113,11287,0.4121352029742381,10.540561595059325,107.99242744982091,0.4121352029742381,100
15,114,11386,0.4121352029742381,9.031808652245342,78.15110894460899,0.4121352029742381,100
15,115,11485,0.4121352029742381,10.3881331324343,77.14010730226255,0.4121352029742381,100
15,116,11584,0.4121352029742381,11.498218837457394,98.97719479356853,0.4121352029742381,100
15,117,11683,0.4121352029742381,12.595749343335887,108.73639879324824,0.4121352029742381,100
15,118,11782,0.39168904829984763,9.651219054581839,99.7133513972412,0.39168904829984763,100
15,119,11881,0.39168904829984763,12.232497187381972,77.51194841824655,0.39168904829984763,100
15,120,11980,0.39168904829984763,12.608662016344477,158.52687858603835,0.39168904829984763,100
15,121,12079,0.39168904829984763,9.34736996750819,69.04039641193681,0.39168904829984763,100
15,122,12178,0.39168904829984763,10.128931625927343,56.12677422384333,0.39168904829984763,100
15,123,12277,0.39168904829984763,9.873049720214784,83.82090111169627,0.39168904829984763,100
15,124,12376,0.39168904829984763,11.913875531388367,123.70020566442157,0.39168904829984763,100
15,125,12475,0.39168904829984763,11.50646818033124,78.4307021080178,0.39168904829984763,100
15,126,12574,0.39168904829984763,9.421004276757488,51.00532378194117,0.39168904829984763,100
15,127,12673,0.39168904829984763,9.007322423147878,53.52843879889533,0.39168904829984763,100
15,128,12772,0.39168904829984763,13.484676016137234,98.76071918962457,0.39168904829984763,100
15,129,12871,0.39168904829984763,16.363123812921042,155.6330561441482,0.39168904829984763,100
15,130,12970,0.39168904829984763,11.190959714563183,83.85492166182506,0.39168904829984763,100
15,131,13069,0.39168904829984763,13.489983441932194,132.7126816870163,0.39168904829984763,100
15,132,13168,0.39168904829984763,12.882342353057988,118.22352407057328,0.39168904829984763,100
15,133,13267,0.39168904829984763,11.359531987800096,130.51767340464684,0.39168904829984763,100
15,134,13366,0.39168904829984763,11.10539568931748,86.76424403032895,0.39168904829984763,100
15,135,13465,0.39168904829984763,8.707428575855381,72.82570909990098,0.39168904829984763,100
15,136,13564,0.39168904829984763,11.101962287531565,130.2790309105605,0.39168904829984763,100
15,137,13663,0.39168904829984763,10.181069750507625,53.74686757165042,0.39168904829984763,100
15,138,13762,0.39168904829984763,10.61444808593497,67.70675163991258,0.39168904829984763,100
15,139,13861,0.39168904829984763,10.817336306823718,96.02539294397063,0.39168904829984763,100
15,140,13960,0.39168904829984763,8.911872008208075,72.16216584252086,0.39168904829984763,100
15,141,14059,0.39168904829984763,10.143573087154616,76.78851636751082,0.39168904829984763,100
15,142,14158,0.39168904829984763,10.022149159857863,58.449503700109595,0.39168904829984763,100
15,143,14257,0.39168904829984763,9.441612820797618,55.55408306418251,0.39168904829984763,100
15,144,14356,0.39168904829984763,10.616436252720508,72.4166143755644,0.39168904829984763,100
15,145,14455,0.39168904829984763,8.201952840266733,59.0685124951239,0.39168904829984763,100
15,146,14554,0.39168904829984763,11.594353274042923,75.36938719448621,0.39168904829984763,100
15,147,14653,0.39168904829984763,9.842437178466795,53.07044904078352,0.39168904829984763,100
15,148,14752,0.39168904829984763,12.11788639074149,80.94202214276885,0.39168904829984763,100
15,149,14851,0.39168904829984763,11.231019792138893,70.25088922258891,0.39168904829984763,100
15,150,14950,0.39168904829984763,8.884711736084785,105.5146398778542,0.39168904829984763,100
15,151,15049,0.39168904829984763,12.197668395362493,72.64563763705873,0.39168904829984763,100
15,152,15148,0.39168904829984763,9.951198736163288,75.92651047295945,0.39168904829984763,100
15,153,15247,0.39168904829984763,10.50880060300352,56.04555295907525,0.39168904829984763,100
15,154,15346,0.39168904829984763,9.492292608347565,107.41754122059552,0.39168904829984763,100
15,155,15445,0.39168904829984763,9.235874748555323,72.12838158417969,0.39168904829984763,100
15,156,15544,0.39168904829984763,10.047527039326917,76.4350570306217,0.39168904829984763,100
15,157,15643,0.39168904829984763,10.726564833951361,74.65664427691344,0.39168904829984763,100
15,158,15742,0.39168904829984763,7.708676315750522,70.98506185332364,0.39168904829984763,100
15,159,15841,0.39168904829984763,10.47453351600276,83.36670836478235,0.39168904829984763,100
15,160,15940,0.39168904829984763,10.018878641479615,70.27945630904898,0.39168904829984763,100
15,161,16039,0.39168904829984763,9.822767737393574,84.30354305382562,0.39168904829984763,100
15,162,16138,0.39168904829984763,9.527294231995024,81.21000266957512,0.39168904829984763,100
15,163,16237,0.39168904829984763,12.412598037856275,84.82384975051583,0.39168904829984763,100
15,164,16336,0.39168904829984763,11.636418870549782,89.02042330984645,0.39168904829984763,100
15,165,16435,0.39168904829984763,15.307500555497034,100.36675512555814,0.39168904829984763,100
15,166,16534,0.39168904829984763,12.554686947097116,112.62767611063813,0.39168904829984763,100
15,167,16633,0.39168904829984763,10.605956538525286,123.82283302487349,0.39168904829984763,100
15,168,16732,0.39168904829984763,11.378063567248578,66.50212233382071,0.39168904829984763,100
15,169,16831,0.39168904829984763,10.685683834057834,88.80282527110455,0.39168904829984763,100
15,170,16930,0.39168904829984763,9.54303860444101,188.8944611257736,0.39168904829984763,100
15,171,17029,0.39168904829984763,10.38416664081928,93.19966468454666,0.39168904829984763,100
15,172,17128,0.39168904829984763,11.485569202275203,74.4098815459749,0.39168904829984763,100
15,173,17227,0.39168904829984763,9.39033727549916,69.95196106130145,0.39168904829984763,100
15,174,17326,0.39168904829984763,11.998798164739547,123.25943460915174,0.39168904829984763,100
15,175,17425,0.39168904829984763,10.440217813424882,109.89865114482585,0.39168904829984763,100
15,176,17524,0.39168904829984763,9.83372373419174,86.36523347365298,0.39168904829984763,100
15,177,17623,0.39168904829984763,8.31485528804906,47.47228794091462,0.39168904829984763,100
15,178,17722,0.39168904829984763,8.983107982066443,81.52027177129122,0.39168904829984763,100
15,179,17821,0.39168904829984763,9.916813049049352,88.49516634860336,0.39168904829984763,100
15,180,17920,0.39168904829984763,13.406088044329366,112.28083040109637,0.39168904829984763,100
15,181,18019,0.39168904829984763,10.526946290917685,117.29275169429252,0.39168904829984763,100
15,182,18118,0.39168904829984763,12.832223818231032,95.94984186527181,0.39168904829984763,100
15,183,18217,0.39168904829984763,8.658813636477895,61.213855687618945,0.39168904829984763,100
15,184,18316,0.39168904829984763,9.838272399548583,65.85807760085842,0.39168904829984763,100
15,185,18415,0.39168904829984763,11.26805452807838,79.70869155327503,0.39168904829984763,100
15,186,18514,0.39168904829984763,12.700295541984499,70.88640043887372,0.39168904829984763,100
15,187,18613,0.39168904829984763,13.857445949105877,99.01713818695403,0.39168904829984763,100
15,188,18712,0.39168904829984763,9.158999340491942,100.73746122759022,0.39168904829984763,100
15,189,18811,0.39168904829984763,8.7221810934105,99.76257902600327,0.39168904829984763,100
15,190,18910,0.39168904829984763,9.493765291432158,70.19671258342782,0.39168904829984763,100
15,191,19009,0.39168904829984763,14.840038026710252,150.3284091582526,0.39168904829984763,100
15,192,19108,0.39168904829984763,15.442467455296946,128.70247757603323,0.39168904829984763,100
15,193,19207,0.39168904829984763,13.859374627152206,79.00743060572565,0.39168904829984763,100
15,194,19306,0.39168904829984763,9.945823079522436,97.6181886809235,0.39168904829984763,100
15,195,19405,0.39168904829984763,12.439744320469845,102.29696696787022,0.39168904829984763,100
15,196,19504,0.39168904829984763,11.369929289267247,124.43475775958741,0.39168904829984763,100
15,197,19603,0.39168904829984763,10.177378881580374,63.35003362737161,0.39168904829984763,100
15,198,19702,0.39168904829984763,10.819514665167228,70.20294534883638,0.39168904829984763,100
15,199,19801,0.39168904829984763,12.643154469979393,94.66619605063524,0.39168904829984763,100
15,200,19900,0.39168904829984763,9.733584685045855,69.10888332441601,0.39168904829984763,100
15,201,19999,0.39168904829984763,10.725042462475542,84.863544382485,0.39168904829984763,100
15,202,20098,0.39168904829984763,9.847988224240218,76.63223549170146,0.39168904829984763,100
15,203,20197,0.39168904829984763,11.300607454239012,81.37848361231198,0.39168904829984763,100
15,204,20296,0.39168904829984763,11.730058866994636,103.38111377121707,0.39168904829984763,100
15,205,20395,0.39168904829984763,10.676781821315986,120.45576182614555,0.39168904829984763,100
15,206,20494,0.39168904829984763,11.127777624704812,76.77379617273465,0.39168904829984763,100
15,207,20593,0.39168904829984763,8.543373428141184,107.5672897460451,0.39168904829984763,100
15,208,20692,0.39168904829984763,9.672891296934791,104.25950706597183,0.39168904829984763,100
15,209,20791,0.39168904829984763,9.336868626759957,71.60935221730335,0.39168904829984763,100
15,210,20890,0.39168904829984763,11.456820179602515,104.28949912355453,0.39168904829984763,100
15,211,20989,0.39168904829984763,12.562467950764008,110.37738179517322,0.39168904829984763,100
15,212,21088,0.39168904829984763,12.158843442568418,102.87166478644784,0.39168904829984763,100
15,213,21187,0.39168904829984763,13.815696654650937,84.84534542169565,0.39168904829984763,100
15,214,21286,0.39168904829984763,11.507641872168888,76.12322290625214,0.39168904829984763,100
15,215,21385,0.39168904829984763,12.808682140391138,107.02933358000857,0.39168904829984763,100
15,216,21484,0.39168904829984763,10.930142710356584,115.49464918598352,0.39168904829984763,100
15,217,21583,0.39168904829984763,10.717124277511816,57.36958775011354,0.39168904829984763,100
15,218,21682,0.39168904829984763,9.894664890854823,68.48680639354785,0.39168904829984763,100
15,219,21781,0.39168904829984763,11.792962644304005,117.56974230516683,0.39168904829984763,100
15,220,21880,0.39168904829984763,12.674958235144068,84.21570962983274,0.39168904829984763,100
15,221,21979,0.39168904829984763,12.289822213261578,80.48872035107213,0.39168904829984763,100
15,222,22078,0.39168904829984763,13.573628955978016,127.08198570123906,0.39168904829984763,100
15,223,22177,0.39168904829984763,15.89930580134051,113.86252869184625,0.39168904829984763,100
15,224,22276,0.39168904829984763,11.689158805611147,92.87403082349702,0.39168904829984763,100
15,225,22375,0.39168904829984763,11.37867526142472,94.39740060256582,0.39168904829984763,100
15,226,22474,0.39168904829984763,8.228076837436895,50.807704333235286,0.39168904829984763,100
15,227,22573,0.39168904829984763,12.577956669242935,117.26694933124453,0.39168904829984763,100
15,228,22672,0.39168904829984763,11.02937368128524,137.34156467574195,0.39168904829984763,100
15,229,22771,0.39168904829984763,10.670614455939742,67.12959764540864,0.39168904829984763,100
15,230,22870,0.39168904829984763,10.368319516944636,92.46846660814552,0.39168904829984763,100
15,231,22969,0.39168904829984763,14.479971233502445,101.413326019851,0.39168904829984763,100
15,232,23068,0.37328717493971875,13.638892496116618,94.97204211506956,0.37328717493971875,100
15,233,23167,0.37328717493971875,12.093637708054882,87.85230891101979,0.37328717493971875,100
15,234,23266,0.37328717493971875,13.30061310832315,72.48084710868524,0.37328717493971875,100
15,235,23365,0.311312581483642,11.073305873228156,115.20866240356584,0.311312581483642,100
15,236,23464,0.311312581483642,10.802375584132744,99.94126950314985,0.311312581483642,100
15,237,23563,0.311312581483642,8.305511087440237,38.36518394300844,0.311312581483642,100
15,238,23662,0.311312581483642,11.49901459740401,97.06383440541563,0.311312581483642,100
15,239,23761,0.311312581483642,12.73167663859976,92.07487911631695,0.311312581483642,100
15,240,23860,0.311312581483642,8.30418116022376,79.9150224657638,0.311312581483642,100
15,241,23959,0.311312581483642,9.023592531331058,56.03320852380713,0.311312581483642,100
15,242,24058,0.311312581483642,7.463902223172223,48.24050388875414,0.311312581483642,100
15,243,24157,0.311312581483642,10.608766098389385,83.95149469004785,0.311312581483642,100
15,244,24256,0.311312581483642,15.241695767661401,132.54513707991734,0.311312581483642,100
15,245,24355,0.311312581483642,9.543092779983688,74.12276450808838,0.311312581483642,100
15,246,24454,0.311312581483642,12.584859857035616,73.51563620754285,0.311312581483642,100
15,247,24553,0.311312581483642,11.864500291288032,85.31806047555821,0.311312581483642,100
15,248,24652,0.311312581483642,12.310314611860774,68.36265516583205,0.311312581483642,100
15,249,24751,0.311312581483642,10.298376923032142,66.49277401074502,0.311312581483642,100
15,250,24850,0.311312581483642,14.107673464921483,112.57069526364522,0.311312581483642,100
15,251,24949,0.311312581483642,8.707357477373185,63.02923109711248,0.311312581483642,100
15,252,25048,0.311312581483642,10.273783063247121,89.27235165264608,0.311312581483642,100
15,253,25147,0.311312581483642,10.904707650333378,52.098602683161964,0.311312581483642,100
15,254,25246,0.311312581483642,9.422038226766563,47.406492478877325,0.311312581483642,100
15,255,25345,0.311312581483642,12.195492919842188,123.34199947248128,0.311312581483642,100
15,256,25444,0.311312581483642,12.854740671912209,90.28298469194208,0.311312581483642,100
15,257,25543,0.311312581483642,11.277485734695373,82.49472939834112,0.311312581483642,100
15,258,25642,0.311312581483642,12.19833718887288,118.08059684985064,0.311312581483642,100
15,259,25741,0.311312581483642,11.24714164612149,72.96442746510665,0.311312581483642,100
15,260,25840,0.311312581483642,9.362046582133637,61.292940151713545,0.311312581483642,100
15,261,25939,0.311312581483642,10.829984532732471,75.75439787048772,0.311312581483642,100
15,262,26038,0.311312581483642,11.860094012630844,84.66636782590591,0.311312581483642,100
15,263,26137,0.311312581483642,13.732963899979534,109.38725515584893,0.311312581483642,100
15,264,26236,0.311312581483642,11.173465206561062,78.16440746155736,0.311312581483642,100
15,265,26335,0.311312581483642,10.851679221822524,76.3031718517308,0.311312581483642,100
15,266,26434,0.311312581483642,11.191108466748124,94.19935409038803,0.311312581483642,100
15,267,26533,0.311312581483642,11.143568283713657,71.39761818089855,0.311312581483642,100
15,268,26632,0.311312581483642,13.379723314610048,131.13608068611506,0.311312581483642,100
15,269,26731,0.311312581483642,9.72304121756249,65.43445861875676,0.311312581483642,100
15,270,26830,0.311312581483642,10.064011937344757,61.543427475763615,0.311312581483642,100
15,271,26929,0.311312581483642,12.529681954178004,79.96070386971057,0.311312581483642,100
15,272,27028,0.311312581483642,13.696668525820233,100.71514994558594,0.311312581483642,100
15,273,27127,0.311312581483642,10.316692723845206,102.10803471992924,0.311312581483642,100
15,274,27226,0.311312581483642,10.009213117516975,54.194150004746646,0.311312581483642,100
15,275,27325,0.311312581483642,13.187215804489933,101.90591893880521,0.311312581483642,100
15,276,27424,0.311312581483642,12.391314996429971,89.2792429614543,0.311312581483642,100
15,277,27523,0.311312581483642,9.208054976975584,85.91718101854272,0.311312581483642,100
15,278,27622,0.311312581483642,9.428445301327711,93.06721195748322,0.311312581483642,100
15,279,27721,0.311312581483642,12.640578909369088,82.41643214406501,0.311312581483642,100
15,280,27820,0.311312581483642,16.065373017347337,121.3409161420017,0.311312581483642,100
15,281,27919,0.311312581483642,11.248677435023914,80.85080481501578,0.311312581483642,100
15,282,28018,0.311312581483642,12.086339442021547,81.9464600285348,0.311312581483642,100
15,283,28117,0.311312581483642,10.950237512960307,65.92919728376889,0.311312581483642,100
15,284,28216,0.311312581483642,12.31090501019384,81.00338850846292,0.311312581483642,100
15,285,28315,0.311312581483642,10.762113076636936,86.89711099253198,0.311312581483642,100
15,286,28414,0.311312581483642,6.284153677274669,46.48809519934198,0.311312581483642,100
15,287,28513,0.311312581483642,10.500719232459614,121.5353909375596,0.311312581483642,100
15,288,28612,0.311312581483642,11.049546058872671,98.93042464121258,0.311312581483642,100
15,289,28711,0.311312581483642,10.339020188147034,70.37060090559922,0.311312581483642,100
15,290,28810,0.311312581483642,13.74641707637154,97.6456488978912,0.311312581483642,100
15,291,28909,0.311312581483642,14.566782714562853,106.65046075286347,0.311312581483642,100
15,292,29008,0.311312581483642,10.621491103760768,67.18651719750294,0.311312581483642,100
15,293,29107,0.311312581483642,11.931085045485712,78.09996857187375,0.311312581483642,100
15,294,29206,0.311312581483642,11.073963727165934,71.11502457448145,0.311312581483642,100
15,295,29305,0.311312581483642,7.830368693684343,83.64973772121554,0.311312581483642,100
15,296,29404,0.311312581483642,11.310465319052645,94.34487545037261,0.311312581483642,100
15,297,29503,0.311312581483642,12.656216011871184,63.04845730700726,0.311312581483642,100
15,298,29602,0.311312581483642,11.472945918257928,71.52591054062637,0.311312581483642,100
15,299,29701,0.311312581483642,9.531618956927566,130.91076346921548,0.311312581483642,100
15,300,29800,0.311312581483642,11.32511163918328,109.98285869840059,0.311312581483642,100
15,301,29899,0.311312581483642,12.795137452468875,104.24970661232283,0.311312581483642,100
15,302,29998,0.311312581483642,11.569313184324619,136.445854601705,0.311312581483642,100
15,303,30097,0.311312581483642,12.491280518920663,141.2442504083351,0.311312581483642,100
15,304,30196,0.311312581483642,10.744442697565724,98.59068014711765,0.311312581483642,100
15,305,30295,0.311312581483642,14.260949653992338,145.3599577615193,0.311312581483642,100
15,306,30394,0.311312581483642,13.301096153188688,91.80347657887071,0.311312581483642,100
15,307,30493,0.311312581483642,14.108741356204927,128.72024487803262,0.311312581483642,100
15,308,30592,0.311312581483642,9.999657494524433,60.40464722524635,0.311312581483642,100
15,309,30691,0.311312581483642,11.16571396993409,73.37010162972317,0.311312581483642,100
15,310,30790,0.311312581483642,10.33938703185434,82.24990658987605,0.311312581483642,100
15,311,30889,0.311312581483642,9.415317617041339,78.89715017322375,0.311312581483642,100
15,312,30988,0.311312581483642,12.72005253202127,94.26035105665429,0.311312581483642,100
15,313,31087,0.311312581483642,11.734788043877266,59.637087078639745,0.311312581483642,100
15,314,31186,0.311312581483642,10.561572116740768,101.32142730928521,0.311312581483642,100
15,315,31285,0.311312581483642,11.797170272644555,116.67683743164523,0.311312581483642,100
15,316,31384,0.311312581483642,11.672230647423598,108.61433625217649,0.311312581483642,100
15,317,31483,0.311312581483642,12.203724679277625,82.88567745277543,0.311312581483642,100
15,318,31582,0.311312581483642,7.038036289732236,105.53856101930404,0.311312581483642,100
15,319,31681,0.311312581483642,9.168248765273947,89.57664099521531,0.311312581483642,100
15,320,31780,0.311312581483642,14.665831557846007,165.0235231542109,0.311312581483642,100
15,321,31879,0.311312581483642,11.395422612471618,84.48236594088408,0.311312581483642,100
15,322,31978,0.311312581483642,11.518712174026268,102.38399316202184,0.311312581483642,100
15,323,32077,0.311312581483642,12.99452650154128,56.5010508838945,0.311312581483642,100
15,324,32176,0.311312581483642,14.947629391100158,104.3320247151929,0.311312581483642,100
15,325,32275,0.311312581483642,10.806541801718048,101.18439081052735,0.311312581483642,100
15,326,32374,0.311312581483642,10.677647213188674,111.318421400852,0.311312581483642,100
15,327,32473,0.311312581483642,13.742540528890432,108.78374084316499,0.311312581483642,100
15,328,32572,0.311312581483642,10.133281605323385,65.93674256361808,0.311312581483642,100
15,329,32671,0.311312581483642,11.812832139905026,131.70095608415156,0.311312581483642,100
15,330,32770,0.311312581483642,15.5604680261611,114.50964959075101,0.311312581483642,100
15,331,32869,0.311312581483642,12.80067926941659,92.63622290299497,0.311312581483642,100
15,332,32968,0.311312581483642,10.624371476414083,68.24429796880825,0.311312581483642,100
15,333,33067,0.311312581483642,9.392356568120661,75.75622189180974,0.311312581483642,100
15,334,33166,0.311312581483642,11.533927428902532,84.4355230784165,0.311312581483642,100
15,335,33265,0.311312581483642,11.662096393225585,101.55651879149842,0.311312581483642,100
15,336,33364,0.311312581483642,9.889460522416327,78.07708165430103,0.311312581483642,100
15,337,33463,0.311312581483642,13.32444817095984,124.5996446144924,0.311312581483642,100
15,338,33562,0.311312581483642,14.882087436911386,98.901136884855,0.311312581483642,100
15,339,33661,0.311312581483642,14.4615720165577,97.78709106245371,0.311312581483642,100
15,340,33760,0.311312581483642,10.952800650866452,71.49167718158945,0.311312581483642,100
15,341,33859,0.311312581483642,13.710256008220362,123.84776706370091,0.311312581483642,100
15,342,33958,0.311312581483642,10.401796253437073,74.26967763750665,0.311312581483642,100
15,343,34057,0.311312581483642,9.36532641315899,79.83094633422392,0.311312581483642,100
15,344,34156,0.311312581483642,10.480993327172815,59.4512683436465,0.311312581483642,100
15,345,34255,0.311312581483642,13.27943216941177,95.39603059731104,0.311312581483642,100
15,346,34354,0.311312581483642,7.975916055681027,100.63649142237266,0.311312581483642,100
15,347,34453,0.3113060449592502,13.548976252202971,121.59102122562588,0.3113060449592502,100
15,348,34552,0.3113060449592502,11.324959495804102,81.22689055814843,0.3113060449592502,100
15,349,34651,0.3113060449592502,10.295429214177805,99.61418818369648,0.3113060449592502,100
15,350,34750,0.3113060449592502,10.255180076996988,75.0051783880445,0.3113060449592502,100
15,351,34849,0.3113060449592502,14.661156759515228,83.3374452039004,0.3113060449592502,100
15,352,34948,0.3113060449592502,11.253272235176139,71.74558563694369,0.3113060449592502,100
15,353,35047,0.3113060449592502,12.606222544049064,83.85533094910743,0.3113060449592502,100
15,354,35146,0.3113060449592502,14.283387427534178,121.42190961094678,0.3113060449592502,100
15,355,35245,0.3113060449592502,11.526175651233649,96.48585010386287,0.3113060449592502,100
15,356,35344,0.3113060449592502,13.935522018447218,56.27748373846437,0.3113060449592502,100
15,357,35443,0.3113060449592502,13.342057390144847,115.26949183976367,0.3113060449592502,100
15,358,35542,0.3113060449592502,11.048386115280788,183.40746484045206,0.3113060449592502,100
15,359,35641,0.3113060449592502,12.437950110024888,60.30073210862061,0.3113060449592502,100
15,360,35740,0.3113060449592502,13.772087131621422,116.21589699547079,0.3113060449592502,100
15,361,35839,0.3113060449592502,12.181272168972374,108.33922013451676,0.3113060449592502,100
15,362,35938,0.3113060449592502,12.349558493227335,100.77859797766962,0.3113060449592502,100
15,363,36037,0.3113060449592502,12.129498127742025,89.35651221252832,0.3113060449592502,100
15,364,36136,0.3113060449592502,11.05985839279205,87.17115238586818,0.3113060449592502,100
15,365,36235,0.3113060449592502,12.685189343806664,92.16494791981853,0.3113060449592502,100
15,366,36334,0.3113060449592502,13.539630943731925,75.45499524710522,0.3113060449592502,100
15,367,36433,0.3113060449592502,12.549765461291917,84.39939928323622,0.3113060449592502,100
15,368,36532,0.3113060449592502,11.312626422507558,86.73508770017496,0.3113060449592502,100
15,369,36631,0.3113060449592502,14.473113885586006,107.61706932202807,0.3113060449592502,100
15,370,36730,0.3113060449592502,12.327914876150844,86.62619785940893,0.3113060449592502,100
15,371,36829,0.3113060449592502,12.744229215411362,151.01030164351505,0.3113060449592502,100
15,372,36928,0.3113060449592502,12.523864470841092,127.6734348057726,0.3113060449592502,100
15,373,37027,0.3113060449592502,10.93185924631775,74.15574726751782,0.3113060449592502,100
15,374,37126,0.3113060449592502,8.990806022920545,78.97419263040646,0.3113060449592502,100
15,375,37225,0.3113060449592502,12.320221325849886,88.13246111524946,0.3113060449592502,100
15,376,37324,0.3113060449592502,14.950499944124951,86.93458077648327,0.3113060449592502,100
15,377,37423,0.3113060449592502,12.203145478453642,128.7153023479651,0.3113060449592502,100
15,378,37522,0.3113060449592502,13.333661581023334,115.41472460565697,0.3113060449592502,100
15,379,37621,0.3113060449592502,10.583416508403714,84.653330281631,0.3113060449592502,100
15,380,37720,0.3113060449592502,11.70706217852478,89.23298669871222,0.3113060449592502,100
15,381,37819,0.3113060449592502,11.010885050570973,77.66715018120586,0.3113060449592502,100
15,382,37918,0.3113060449592502,11.029286002467927,74.20701806723407,0.3113060449592502,100
15,383,38017,0.3113060449592502,9.786259298950098,91.52812349309518,0.3113060449592502,100
15,384,38116,0.3113060449592502,9.743430910646568,88.4601364181164,0.3113060449592502,100
15,385,38215,0.3113060449592502,11.482268432135605,110.2398977305449,0.3113060449592502,100
15,386,38314,0.3113060449592502,10.165665312654266,53.97318409910655,0.3113060449592502,100
15,387,38413,0.3113060449592502,8.686292778423365,74.49747568042348,0.3113060449592502,100
15,388,38512,0.3113060449592502,9.818814372498245,61.197580564688295,0.3113060449592502,100
15,389,38611,0.3113060449592502,12.725907715874769,80.07685261552366,0.3113060449592502,100
15,390,38710,0.3113060449592502,12.387965205813517,78.95595536668988,0.3113060449592502,100
15,391,38809,0.3113060449592502,7.821679146630448,98.41552761295594,0.3113060449592502,100
15,392,38908,0.3113060449592502,10.384778914358982,73.99412269974289,0.3113060449592502,100
15,393,39007,0.3113060449592502,11.419927370999446,80.3738950423353,0.3113060449592502,100
15,394,39106,0.3113060449592502,14.460081719228512,106.40999794634942,0.3113060449592502,100
15,395,39205,0.3113060449592502,11.45578750473547,87.29454500315275,0.3113060449592502,100
15,396,39304,0.3113060449592502,11.911537272578048,132.3909541795792,0.3113060449592502,100
15,397,39403,0.3113060449592502,10.19382585831413,83.72061309227055,0.3113060449592502,100
15,398,39502,0.3113060449592502,12.506001892709083,77.48912402717563,0.3113060449592502,100
15,399,39601,0.3113060449592502,9.456732563444596,84.17276016236634,0.3113060449592502,100
15,400,39700,0.3113060449592502,13.091768713514275,73.70889065506252,0.3113060449592502,100
15,401,39799,0.3113060449592502,12.035683950344518,88.77954337999303,0.3113060449592502,100
15,402,39898,0.3113060449592502,12.313195458894077,86.72400904885062,0.3113060449592502,100
15,403,39997,0.3113060449592502,11.338967317442275,85.37468271437439,0.3113060449592502,100
15,404,40096,0.3113060449592502,11.971912564549305,94.812194799005,0.3113060449592502,100
15,405,40195,0.3113060449592502,12.106579513198872,84.58185372336587,0.3113060449592502,100
15,406,40294,0.3113060449592502,12.469401924831896,106.37847542653293,0.3113060449592502,100
15,407,40393,0.3113060449592502,10.13174190814969,90.01383476592187,0.3113060449592502,100
15,408,40492,0.3113060449592502,8.511302245284815,70.27029864534424,0.3113060449592502,100
15,409,40591,0.3113060449592502,10.940104910992865,71.553556620995,0.3113060449592502,100
15,410,40690,0.3113060449592502,13.577165220633836,122.80741787562165,0.3113060449592502,100
15,411,40789,0.3113060449592502,9.303101926852085,78.93347387034785,0.3113060449592502,100
15,412,40888,0.3113060449592502,7.9704735297095315,54.60747189020087,0.3113060449592502,100
15,413,40987,0.3113060449592502,10.993727682338113,97.61314557706518,0.3113060449592502,100
15,414,41086,0.3113060449592502,11.525265304287911,99.8682238019349,0.3113060449592502,100
15,415,41185,0.3113060449592502,10.547063606302522,80.34096059031742,0.3113060449592502,100
15,416,41284,0.3113060449592502,10.00898993157108,104.00058302939736,0.3113060449592502,100
15,417,41383,0.3113060449592502,9.845460296929291,91.92802063130706,0.3113060449592502,100
15,418,41482,0.3113060449592502,10.769613084058351,106.19084610605661,0.3113060449592502,100
15,419,41581,0.3113060449592502,10.646566899096374,99.72586393758172,0.3113060449592502,100
15,420,41680,0.3113060449592502,10.849420121938108,69.47722624513474,0.3113060449592502,100
15,421,41779,0.3113060449592502,10.198586175451313,97.66588438275551,0.3113060449592502,100
15,422,41878,0.3113060449592502,16.245140309483396,162.84298532771479,0.3113060449592502,100
15,423,41977,0.3113060449592502,11.198355694447221,61.964276923413436,0.3113060449592502,100
15,424,42076,0.3113060449592502,10.219348191539217,66.69160747879724,0.3113060449592502,100
15,425,42175,0.3113060449592502,9.693350027541383,62.33160580731841,0.3113060449592502,100
15,426,42274,0.3113060449592502,12.668414188916199,121.57429829152571,0.3113060449592502,100
15,427,42373,0.3113060449592502,15.200326041160972,120.05719058601558,0.3113060449592502,100
15,428,42472,0.3113060449592502,8.584345631202611,48.67565203495045,0.3113060449592502,100
15,429,42571,0.3113060449592502,11.747500353685137,70.46965479302864,0.3113060449592502,100
15,430,42670,0.3113060449592502,7.9319538101154,47.583333153097556,0.3113060449592502,100
15,431,42769,0.3113060449592502,10.934957746767177,79.32745307205043,0.3113060449592502,100
15,432,42868,0.3113060449592502,10.756777537985117,83.41223280725434,0.3113060449592502,100
15,433,42967,0.3113060449592502,11.538719011629157,79.51286295693833,0.3113060449592502,100
15,434,43066,0.3113060449592502,11.036232748512814,77.91725766665657,0.3113060449592502,100
15,435,43165,0.3113060449592502,10.00365870613609,56.76181228664566,0.3113060449592502,100
15,436,43264,0.3113060449592502,8.716223398780928,62.02927211778258,0.3113060449592502,100
15,437,43363,0.3113060449592502,14.462093545984738,92.81640411917554,0.3113060449592502,100
15,438,43462,0.3113060449592502,11.230592195882407,82.12913599611797,0.3113060449592502,100
15,439,43561,0.3113060449592502,11.108978688367838,133.63721176621516,0.3113060449592502,100
15,440,43660,0.3113060449592502,8.653877657356537,71.69708634328282,0.3113060449592502,100
15,441,43759,0.3113060449592502,7.211813943534662,48.2548252798973,0.3113060449592502,100
15,442,43858,0.3113060449592502,9.364321468823357,67.52755499726604,0.3113060449592502,100
15,443,43957,0.3113060449592502,12.245993700364329,77.98224067410852,0.3113060449592502,100
15,444,44056,0.3113060449592502,10.423493829845478,106.40399406091467,0.3113060449592502,100
15,445,44155,0.3113060449592502,7.993500162665153,59.64536221615104,0.3113060449592502,100
15,446,44254,0.3113060449592502,11.16976106055373,135.98351217961508,0.3113060449592502,100
15,447,44353,0.3113060449592502,11.227799929160886,70.67508036177502,0.3113060449592502,100
15,448,44452,0.3113060449592502,11.357058398883654,131.3894071167131,0.3113060449592502,100
15,449,44551,0.3113060449592502,11.912212767543704,82.43231423937627,0.3113060449592502,100
15,450,44650,0.3113060449592502,8.717944537142872,61.90031146865701,0.3113060449592502,100
15,451,44749,0.3113060449592502,10.229223073385707,71.22723625452308,0.3113060449592502,100
15,452,44848,0.3113060449592502,11.457319709201773,64.92762547639148,0.3113060449592502,100
15,453,44947,0.3113060449592502,8.595240085514119,95.84715163371519,0.3113060449592502,100
15,454,45046,0.3113060449592502,11.234915558223015,101.16712317615574,0.3113060449592502,100
15,455,45145,0.3113060449592502,11.133841311008304,93.87033960828019,0.3113060449592502,100
15,456,45244,0.3113060449592502,12.85418392231842,88.47046281929146,0.3113060449592502,100
15,457,45343,0.3113060449592502,12.925928061969735,89.6385460995595,0.3113060449592502,100
15,458,45442,0.3113060449592502,9.895442288142522,65.74903289762436,0.3113060449592502,100
15,459,45541,0.3113060449592502,8.497641566118794,107.11911050106168,0.3113060449592502,100
15,460,45640,0.3113060449592502,10.494932937669812,86.80399877203983,0.3113060449592502,100
15,461,45739,0.3113060449592502,7.968409581838737,60.3365491133438,0.3113060449592502,100
15,462,45838,0.3113060449592502,11.80633769704807,151.63942245990344,0.3113060449592502,100
15,463,45937,0.3113060449592502,11.572292108592778,64.43971451936308,0.3113060449592502,100
15,464,46036,0.3113060449592502,10.657896523319689,116.04029216490488,0.3113060449592502,100
15,465,46135,0.3113060449592502,11.566211119101474,96.75587691668781,0.3113060449592502,100
15,466,46234,0.3113060449592502,10.89369462505068,101.13740124387876,0.3113060449592502,100
15,467,46333,0.3113060449592502,9.730703163656552,71.72698256084733,0.3113060449592502,100
15,468,46432,0.3113060449592502,11.880736267233925,95.76585479627796,0.3113060449592502,100
15,469,46531,0.3113060449592502,13.00442561315182,74.93139375446448,0.3113060449592502,100
15,470,46630,0.3113060449592502,11.935219678733057,79.7496094102566,0.3113060449592502,100
15,471,46729,0.3113060449592502,11.678022404697902,87.77629833526984,0.3113060449592502,100
15,472,46828,0.3113060449592502,14.254124326125948,140.4408792467605,0.3113060449592502,100
15,473,46927,0.3113060449592502,11.505014354188386,89.11850985783931,0.3113060449592502,100
15,474,47026,0.3113060449592502,12.845205895759873,146.22845146051617,0.3113060449592502,100
15,475,47125,0.3113060449592502,11.374043106183095,101.94910280502332,0.3113060449592502,100
15,476,47224,0.3113060449592502,10.484495367010009,96.17149855581249,0.3113060449592502,100
15,477,47323,0.3113060449592502,11.448516723782248,107.74647207891921,0.3113060449592502,100
15,478,47422,0.3113060449592502,13.029189098191672,100.36168186219363,0.3113060449592502,100
15,479,47521,0.3113060449592502,12.10679556649813,110.59843548718548,0.3113060449592502,100
15,480,47620,0.3113060449592502,10.05174029676636,81.59777968772681,0.3113060449592502,100
15,481,47719,0.3113060449592502,11.613727671920126,84.49487835666923,0.3113060449592502,100
15,482,47818,0.3113060449592502,10.786439454469964,55.335310386196184,0.3113060449592502,100
15,483,47917,0.3113060449592502,11.063090408243996,81.43948114158435,0.3113060449592502,100
15,484,48016,0.3113060449592502,9.26302482713871,49.393435117435466,0.3113060449592502,100
15,485,48115,0.3113060449592502,11.828122616566377,66.32026053740913,0.3113060449592502,100
15,486,48214,0.3113060449592502,9.54221539447487,73.68499615873448,0.3113060449592502,100
15,487,48313,0.3113060449592502,10.782376075025118,88.96832063922884,0.3113060449592502,100
15,488,48412,0.3113060449592502,9.01536485555691,75.72175165687385,0.3113060449592502,100
15,489,48511,0.3113060449592502,11.347864582743437,61.67719950433932,0.3113060449592502,100
15,490,48610,0.3113060449592502,10.608030625417562,68.40448527946081,0.3113060449592502,100
15,491,48709,0.3113060449592502,11.144186002259936,69.54133135075314,0.3113060449592502,100
15,492,48808,0.3113060449592502,10.614591134460527,64.83051492823674,0.3113060449592502,100
15,493,48907,0.3113060449592502,10.979347646875812,103.10763833038847,0.3113060449592502,100
15,494,49006,0.3113060449592502,11.268426156914767,103.46424621263706,0.3113060449592502,100
15,495,49105,0.3113060449592502,12.565637121789623,82.44778684557087,0.3113060449592502,100
15,496,49204,0.3113060449592502,10.31793937180711,77.8091254418097,0.3113060449592502,100
15,497,49303,0.3113060449592502,14.190506121708017,107.78242512673359,0.3113060449592502,100
15,498,49402,0.3113060449592502,10.451868429799623,64.34316780928529,0.3113060449592502,100
15,499,49501,0.3113060449592502,12.949138923539593,74.23577487476102,0.3113060449592502,100
15,500,49600,0.3113060449592502,10.13684305845486,81.39303802795325,0.3113060449592502,100
15,501,49699,0.3113060449592502,13.040298734171463,97.9994334826444,0.3113060449592502,100
15,502,49798,0.3113060449592502,12.495820139203506,102.7826250597486,0.3113060449592502,100
15,503,49897,0.3113060449592502,11.559293852694049,82.38809425932227,0.3113060449592502,100
15,504,49996,0.3113060449592502,11.44522527698249,61.63533237495154,0.3113060449592502,100
15,505,50000,0.3113060449592502,9.337047488237733,49.28133215562669,0.3113060449592502,100
16,0,100,136.04014043015133,571.9562083935778,1026.0758869060485,136.04014043015133,100
16,1,199,54.04672017640513,293.620463391268,701.8656142934345,54.04672017640513,100
16,2,298,29.677604652237896,155.453332755846,406.96287433270004,29.677604652237896,100
16,3,397,14.362457598243884,88.13091952094686,288.5018202485078,14.362457598243884,100
16,4,496,12.560318128710657,46.818107136123146,130.33575350390896,12.560318128710657,100
16,5,595,6.75637750120375,34.63379564088831,131.75366406672114,6.75637750120375,100
16,6,694,1.9808663918207963,22.140515354914797,109.27209703890797,1.9808663918207963,100
16,7,793,1.9808663918207963,17.360241777204124,64.71683607370646,1.9808663918207963,100
16,8,892,1.0296660814817469,13.321814728263359,71.03992100350635,1.0296660814817469,100
16,9,991,0.5017665852692759,14.013464080580334,74.61688407065589,0.5017665852692759,100
16,10,1090,0.5017665852692759,11.147107317862641,116.37489819638833,0.5017665852692759,100
16,11,1189,0.37995282463892766,11.64568292120765,116.85334587067237,0.37995282463892766,100
16,12,1288,0.37995282463892766,14.46819825979249,102.49995856472246,0.37995282463892766,100
16,13,1387,0.37995282463892766,13.572979324280578,133.40775002473185,0.37995282463892766,100
16,14,1486,0.37995282463892766,11.423968906970407,142.96474300854777,0.37995282463892766,100
16,15,1585,0.37995282463892766,10.673310448800738,69.04867149614198,0.37995282463892766,100
16,16,1684,0.37995282463892766,14.39104403940073,81.6512437513642,0.37995282463892766,100
16,17,1783,0.37995282463892766,10.598359046031288,83.24818652718106,0.37995282463892766,100
16,18,1882,0.37995282463892766,12.369219186423267,133.05281151279036,0.37995282463892766,100
16,19,1981,0.37995282463892766,10.315939788110434,79.51265840452415,0.37995282463892766,100
16,20,2080,0.37995282463892766,11.690550450515936,174.91111169510253,0.37995282463892766,100
16,21,2179,0.37995282463892766,13.15746180601177,65.31538197648844,0.37995282463892766,100
16,22,2278,0.37995282463892766,12.706194574650235,64.5197663600079,0.37995282463892766,100
16,23,2377,0.37995282463892766,9.99839005791716,86.82294299254048,0.37995282463892766,100
16,24,2476,0.37995282463892766,11.323911266981318,86.57493560586316,0.37995282463892766,100
16,25,2575,0.37995282463892766,9.630348947757188,62.430854435141036,0.37995282463892766,100
16,26,2674,0.37995282463892766,13.43496564124174,99.93504237178149,0.37995282463892766,100
16,27,2773,0.37995282463892766,10.681359234684667,70.94037185233145,0.37995282463892766,100
16,28,2872,0.37995282463892766,11.649706462146524,91.89170759545831,0.37995282463892766,100
16,29,2971,0.37995282463892766,11.176340403485733,116.48727295161547,0.37995282463892766,100
16,30,3070,0.37995282463892766,12.898525768045388,72.38035120696217,0.37995282463892766,100
16,31,3169,0.37995282463892766,10.245750466778441,48.729972608359375,0.37995282463892766,100
16,32,3268,0.37995282463892766,11.988477668095957,77.44498389438397,0.37995282463892766,100
16,33,3367,0.37995282463892766,10.925656103053726,119.34770170703894,0.37995282463892766,100
16,34,3466,0.37995282463892766,11.56295280405629,109.48661467476968,0.37995282463892766,100
16,35,3565,0.37995282463892766,9.604733900100054,54.652643457635115,0.37995282463892766,100
16,36,3664,0.37995282463892766,9.543352039969092,50.79652943950156,0.37995282463892766,100
16,37,3763,0.37995282463892766,15.198058744421326,109.73668185716444,0.37995282463892766,100
16,38,3862,0.37995282463892766,12.274752902601028,115.67550621885162,0.37995282463892766,100
16,39,3961,0.37995282463892766,11.574591834823986,82.01999594301755,0.37995282463892766,100
16,40,4060,0.37995282463892766,9.068006366617674,64.16297792536722,0.37995282463892766,100
16,41,4159,0.37995282463892766,9.037650207129849,76.32512420977262,0.37995282463892766,100
16,42,4258,0.37995282463892766,11.138183998899976,76.0237136081503,0.37995282463892766,100
16,43,4357,0.37995282463892766,12.656745907217935,239.46883575847787,0.37995282463892766,100
16,44,4456,0.37995282463892766,13.292725583029444,90.38595381341379,0.37995282463892766,100
16,45,4555,0.37995282463892766,11.433913666239441,96.66580181028353,0.37995282463892766,100
16,46,4654,0.37995282463892766,13.820916253556918,191.0085473197558,0.37995282463892766,100
16,47,4753,0.37995282463892766,9.678568484836955,72.72940635396725,0.37995282463892766,100
16,48,4852,0.37995282463892766,12.822705910864848,103.36995379233855,0.37995282463892766,100
16,49,4951,0.37995282463892766,12.595088550658843,148.8504872534692,0.37995282463892766,100
16,50,5050,0.37995282463892766,11.312649446710552,83.4839986961256,0.37995282463892766,100
16,51,5149,0.37995282463892766,11.958067500326623,79.14736850317684,0.37995282463892766,100
16,52,5248,0.37995282463892766,9.591946267770204,71.01866029371206,0.37995282463892766,100
16,53,5347,0.37995282463892766,12.808887189682103,98.39387479604981,0.37995282463892766,100
16,54,5446,0.37995282463892766,12.103514219491098,86.28000175803881,0.37995282463892766,100
16,55,5545,0.37995282463892766,13.619220098577753,72.39447795843549,0.37995282463892766,100
16,56,5644,0.37995282463892766,10.99858138286747,47.96406619587892,0.37995282463892766,100
16,57,5743,0.37995282463892766,9.26025400041191,86.05905907137492,0.37995282463892766,100
16,58,5842,0.37995282463892766,12.874390224648153,67.50577319178689,0.37995282463892766,100
16,59,5941,0.37995282463892766,11.088350166757193,115.13734570934145,0.37995282463892766,100
16,60,6040,0.37995282463892766,10.12512793576886,56.288577732916025,0.37995282463892766,100
16,61,6139,0.37995282463892766,8.30274619682803,42.07026170520545,0.37995282463892766,100
16,62,6238,0.37995282463892766,12.656974028376004,85.78653645160695,0.37995282463892766,100
16,63,6337,0.37995282463892766,10.722864394678554,84.72979907815937,0.37995282463892766,100
16,64,6436,0.37995282463892766,10.04648163358238,63.4677786566248,0.37995282463892766,100
16,65,6535,0.37995282463892766,14.786552359229518,128.92159560836365,0.37995282463892766,100
16,66,6634,0.37995282463892766,13.26150461974323,79.92616008426096,0.37995282463892766,100
16,67,6733,0.37995282463892766,11.393102542862202,106.99835803845374,0.37995282463892766,100
16,68,6832,0.37995282463892766,10.845836101195793,90.95225847656187,0.37995282463892766,100
16,69,6931,0.37995282463892766,10.345602616823845,64.27305887177442,0.37995282463892766,100
16,70,7030,0.37995282463892766,10.341080847962168,97.25106367073768,0.37995282463892766,100
16,71,7129,0.37995282463892766,13.257665987227483,69.11349958515945,0.37995282463892766,100
16,72,7228,0.37995282463892766,12.160427429878585,100.95050086349873,0.37995282463892766,100
16,73,7327,0.37995282463892766,12.511368450331252,106.4437899939629,0.37995282463892766,100
16,74,7426,0.37995282463892766,12.024307342376956,99.94768392922067,0.37995282463892766,100
16,75,7525,0.37995282463892766,9.620163983701719,90.63792519431388,0.37995282463892766,100
16,76,7624,0.37995282463892766,9.166502209640374,87.01934141211396,0.37995282463892766,100
16,77,7723,0.37995282463892766,13.014848979549342,80.27713048484257,0.37995282463892766,100
16,78,7822,0.37995282463892766,9.01482903169813,60.61320906001777,0.37995282463892766,100
16,79,7921,0.37995282463892766,10.031912878971053,76.17636238494842,0.37995282463892766,100
16,80,8020,0.37995282463892766,10.105482593418877,87.04774940465902,0.37995282463892766,100
16,81,8119,0.37995282463892766,11.237268943914613,83.40830001513892,0.37995282463892766,100
16,82,8218,0.37995282463892766,10.30501046925046,114.17189926037449,0.37995282463892766,100
16,83,8317,0.37995282463892766,8.886481347361872,84.23324505817293,0.37995282463892766,100
16,84,8416,0.3702860776745971,10.783499919356807,114.5824909392768,0.3702860776745971,100
16,85,8515,0.3702860776745971,11.346275237101572,82.39759691207365,0.3702860776745971,100
16,86,8614,0.3702860776745971,12.381777131618442,81.38062260949692,0.3702860776745971,100
16,87,8713,0.3702860776745971,9.726035686750523,56.47401236726193,0.3702860776745971,100
16,88,8812,0.3702860776745971,9.410047089683125,70.80444253651237,0.3702860776745971,100
16,89,8911,0.3702860776745971,10.809613106203601,65.5758845101793,0.3702860776745971,100
16,90,9010,0.3702860776745971,13.22948290810773,124.12003723704046,0.3702860776745971,100
16,91,9109,0.3702860776745971,12.130418541127248,77.15125129769628,0.3702860776745971,100
16,92,9208,0.3702860776745971,10.959485863450107,67.97645403636244,0.3702860776745971,100
16,93,9307,0.3702860776745971,12.67071901641479,67.89127056847407,0.3702860776745971,100
16,94,9406,0.34927407637852476,10.218016462306315,67.11134745309236,0.34927407637852476,100
16,95,9505,0.34927407637852476,11.531484929183906,72.15656746991006,0.34927407637852476,100
16,96,9604,0.34927407637852476,10.529674761852112,55.03900790771502,0.34927407637852476,100
16,97,9703,0.34927407637852476,12.635756929931231,131.37183822471766,0.34927407637852476,100
16,98,9802,0.34927407637852476,9.731170559316267,59.659010314604636,0.34927407637852476,100
16,99,9901,0.34927407637852476,11.209101234282484,99.17076482474997,0.34927407637852476,100
16,100,10000,0.34927407637852476,10.274995936770015,83.5187648198521,0.34927407637852476,100
16,101,10099,0.34927407637852476,9.596988776889807,67.10887860575373,0.34927407637852476,100
16,102,10198,0.34927407637852476,11.94881027359473,86.2136789536714,0.34927407637852476,100
16,103,10297,0.34927407637852476,10.39457788387044,73.49354021955831,0.34927407637852476,100
16,104,10396,0.34927407637852476,8.895470574045799,75.78860406929056,0.34927407637852476,100
16,105,10495,0.34927407637852476,10.654769682026863,106.62325715711935,0.34927407637852476,100
16,106,10594,0.34927407637852476,11.863450986488909,85.04510872044803,0.34927407637852476,100
16,107,10693,0.34927407637852476,9.080540271277203,86.4474821649974,0.34927407637852476,100
16,108,10792,0.28246656255952185,11.781194967293454,89.20526642462501,0.28246656255952185,100
16,109,10891,0.28246656255952185,7.827709353727823,39.562227490599646,0.28246656255952185,100
16,110,10990,0.28246656255952185,14.147629928425943,88.14571339198697,0.28246656255952185,100
16,111,11089,0.28246656255952185,10.97185366607858,100.56160248122309,0.28246656255952185,100
16,112,11188,0.28246656255952185,10.075215391267601,87.89184840734258,0.28246656255952185,100
16,113,11287,0.28246656255952185,11.167358789639904,74.17969935217246,0.28246656255952185,100
16,114,11386,0.28246656255952185,13.648882699501135,96.88697156710816,0.28246656255952185,100
16,115,11485,0.28246656255952185,12.448965135943945,65.37967014470297,0.28246656255952185,100
16,116,11584,0.28246656255952185,11.34806615789782,183.35070957614485,0.28246656255952185,100
16,117,11683,0.28246656255952185,12.343129988848856,75.4703691793681,0.28246656255952185,100
16,118,11782,0.28246656255952185,11.727500266574568,94.15269568288807,0.28246656255952185,100
16,119,11881,0.28246656255952185,9.550413440705258,70.81333684532669,0.28246656255952185,100
16,120,11980,0.28246656255952185,10.699373534466199,139.4838719584187,0.28246656255952185,100
16,121,12079,0.28246656255952185,11.276165061085674,88.17639568910927,0.28246656255952185,100
16,122,12178,0.28246656255952185,10.205067280594287,99.22180775892217,0.28246656255952185,100
16,123,12277,0.28246656255952185,14.028406716705783,96.14347964386329,0.28246656255952185,100
16,124,12376,0.28246656255952185,10.765897206049473,81.45485236827108,0.28246656255952185,100
16,125,12475,0.28246656255952185,7.696861577428016,91.8305215035891,0.28246656255952185,100
16,126,12574,0.28246656255952185,12.910756567588589,62.01802296364645,0.28246656255952185,100
16,127,12673,0.28246656255952185,12.437729295848042,119.70560500626578,0.28246656255952185,100
16,128,12772,0.28246656255952185,10.449270349743843,79.39430542919276,0.28246656255952185,100
16,129,12871,0.28246656255952185,10.727259281237984,120.60651764002807,0.28246656255952185,100
16,130,12970,0.28246656255952185,11.247876887725724,85.43583305116215,0.28246656255952185,100
16,131,13069,0.28246656255952185,11.661246876322986,73.50769501080623,0.28246656255952185,100
16,132,13168,0.28246656255952185,13.892146636996701,129.8286999792532,0.28246656255952185,100
16,133,13267,0.28246656255952185,10.015324170395083,57.65695663740065,0.28246656255952185,100
16,134,13366,0.28246656255952185,12.042016284725522,80.38195710029007,0.28246656255952185,100
16,135,13465,0.28246656255952185,9.230265764464834,76.80609449501404,0.28246656255952185,100
16,136,13564,0.28246656255952185,10.460706079315106,65.03823626337356,0.28246656255952185,100
16,137,13663,0.28246656255952185,11.657190175358517,75.38507716971613,0.28246656255952185,100
16,138,13762,0.28246656255952185,11.585275163641194,90.89966402036417,0.28246656255952185,100
16,139,13861,0.28246656255952185,9.419891075760718,51.570216281084896,0.28246656255952185,100
16,140,13960,0.28246656255952185,12.098488344705604,84.41585633209779,0.28246656255952185,100
16,141,14059,0.28246656255952185,13.000261982702744,104.40590076866555,0.28246656255952185,100
16,142,14158,0.28246656255952185,9.677616177313393,70.24471929131398,0.28246656255952185,100
16,143,14257,0.28246656255952185,10.919527802877877,98.11318035369145,0.28246656255952185,100
16,144,14356,0.28246656255952185,15.709064124365634,108.19016456136234,0.28246656255952185,100
16,145,14455,0.28246656255952185,12.2827611207647,79.4531814614243,0.28246656255952185,100
16,146,14554,0.28246656255952185,11.433529961232619,69.59488405251355,0.28246656255952185,100
16,147,14653,0.28246656255952185,11.787895623790162,184.4563470875087,0.28246656255952185,100
16,148,14752,0.28246656255952185,9.399862877434083,84.29545708049973,0.28246656255952185,100
16,149,14851,0.28246656255952185,12.990140472983569,141.1665631397942,0.28246656255952185,100
16,150,14950,0.28246656255952185,10.481830767196577,71.1717134895054,0.28246656255952185,100
16,151,15049,0.28246656255952185,8.374265788855954,50.92130932517231,0.28246656255952185,100
16,152,15148,0.28246656255952185,11.714989715990011,126.51190721912,0.28246656255952185,100
16,153,15247,0.28246656255952185,9.935167571898145,71.31486735254569,0.28246656255952185,100
16,154,15346,0.28246656255952185,12.942713355446022,118.9302923861634,0.28246656255952185,100
16,155,15445,0.28246656255952185,12.052743307663956,132.30698592150733,0.28246656255952185,100
16,156,15544,0.23100491824442515,11.991746993010977,88.24293918708713,0.23100491824442515,100
16,157,15643,0.23100491824442515,10.231966381635628,56.398103027584675,0.23100491824442515,100
16,158,15742,0.23100491824442515,13.953292779825796,114.29539464052493,0.23100491824442515,100
16,159,15841,0.23100491824442515,15.014651365174846,128.50495719768483,0.23100491824442515,100
16,160,15940,0.23100491824442515,10.781489555334804,86.94641054638562,0.23100491824442515,100
16,161,16039,0.23100491824442515,11.076471349665535,83.89590210442893,0.23100491824442515,100
16,162,16138,0.23100491824442515,10.377074805022028,73.61532164269457,0.23100491824442515,100
16,163,16237,0.23100491824442515,9.228388452416642,95.8620366823984,0.23100491824442515,100
16,164,16336,0.23100491824442515,8.614462275047897,61.86173602765809,0.23100491824442515,100
16,165,16435,0.23100491824442515,11.055937630974283,82.86333140312352,0.23100491824442515,100
16,166,16534,0.23100491824442515,9.83247740768017,75.98716074970895,0.23100491824442515,100
16,167,16633,0.23100491824442515,15.537826406842855,95.95422896080518,0.23100491824442515,100
16,168,16732,0.23100491824442515,12.97237206950556,113.70977725402615,0.23100491824442515,100
16,169,16831,0.23100491824442515,8.883096049790922,72.986787556878,0.23100491824442515,100
16,170,16930,0.23100491824442515,10.598058024832678,101.77500464425331,0.23100491824442515,100
16,171,17029,0.23100491824442515,9.431507907834526,87.7279635086279,0.23100491824442515,100
16,172,17128,0.23100491824442515,9.536044939786727,102.38700240035121,0.23100491824442515,100
16,173,17227,0.23100491824442515,7.28949514015477,44.436822266060624,0.23100491824442515,100
16,174,17326,0.23100491824442515,10.632290760185088,80.56359455046558,0.23100491824442515,100
16,175,17425,0.23100491824442515,11.40920192356552,78.27250020302945,0.23100491824442515,100
16,176,17524,0.23100491824442515,11.995173784555876,88.55179521247754,0.23100491824442515,100
16,177,17623,0.23100491824442515,12.71688385748454,102.87412286931705,0.23100491824442515,100
16,178,17722,0.23100491824442515,12.668324283767406,113.73129996881704,0.23100491824442515,100
16,179,17821,0.23100491824442515,10.741401509009593,126.04185412487284,0.23100491824442515,100
16,180,17920,0.23100491824442515,12.352708451335053,91.93542195097928,0.23100491824442515,100
16,181,18019,0.23100491824442515,10.521314819783575,63.073515564024994,0.23100491824442515,100
16,182,18118,0.23100491824442515,9.12749182232763,91.6783024256176,0.23100491824442515,100
16,183,18217,0.23100491824442515,12.302308603569093,99.46113141349788,0.23100491824442515,100
16,184,18316,0.23100491824442515,11.43702088968728,79.99690634290826,0.23100491824442515,100
16,185,18415,0.23100491824442515,9.653900902163045,67.95478987272556,0.23100491824442515,100
16,186,18514,0.23100491824442515,9.312333169744479,68.0169066154645,0.23100491824442515,100
16,187,18613,0.23100491824442515,10.181117031289169,74.37211713999011,0.23100491824442515,100
16,188,18712,0.23100491824442515,13.698415299407078,94.04890905347025,0.23100491824442515,100
16,189,18811,0.23100491824442515,11.849150161730359,63.73978136992932,0.23100491824442515,100
16,190,18910,0.23100491824442515,10.850320450077357,82.84131350115908,0.23100491824442515,100
16,191,19009,0.23100491824442515,16.433055443964427,167.62351599850032,0.23100491824442515,100
16,192,19108,0.23100491824442515,9.864647984372407,92.84701738034164,0.23100491824442515,100
16,193,19207,0.23100491824442515,10.540364167437652,95.52063704608584,0.23100491824442515,100
16,194,19306,0.23100491824442515,10.932327104467149,78.30187119484992,0.23100491824442515,100
16,195,19405,0.23100491824442515,11.061355864644048,102.5744118772661,0.23100491824442515,100
16,196,19504,0.23100491824442515,8.523659637498804,67.47507754023773,0.23100491824442515,100
16,197,19603,0.23100491824442515,13.246331836391425,90.83200770406292,0.23100491824442515,100
16,198,19702,0.23100491824442515,11.738176282432049,76.04258372521659,0.23100491824442515,100
16,199,19801,0.23100491824442515,11.17443312194988,73.08654506457492,0.23100491824442515,100
16,200,19900,0.23100491824442515,7.3863917256002765,64.89542364380955,0.23100491824442515,100
16,201,19999,0.23100491824442515,10.413932029715534,127.6946117823045,0.23100491824442515,100
16,202,20098,0.23100491824442515,11.032873057502051,67.95845988077579,0.23100491824442515,100
16,203,20197,0.23100491824442515,12.770152427578028,83.94195362709605,0.23100491824442515,100
16,204,20296,0.23100491824442515,9.386891969804852,151.3859899233837,0.23100491824442515,100
16,205,20395,0.23100491824442515,10.173408303052742,84.92077390667968,0.23100491824442515,100
16,206,20494,0.23100491824442515,11.981668672185663,78.00655210183118,0.23100491824442515,100
16,207,20593,0.23100491824442515,11.371471463446978,65.95202764196291,0.23100491824442515,100
16,208,20692,0.23100491824442515,10.175704844662441,114.53739755995741,0.23100491824442515,100
16,209,20791,0.23100491824442515,11.215026934196079,103.5401995396943,0.23100491824442515,100
16,210,20890,0.23100491824442515,9.717913276402324,69.89333443343524,0.23100491824442515,100
16,211,20989,0.23100491824442515,9.893030705250311,79.16491068417783,0.23100491824442515,100
16,212,21088,0.23100491824442515,11.069051919986903,145.41631812814086,0.23100491824442515,100
16,213,21187,0.23100491824442515,7.534971539340336,107.05050206598791,0.23100491824442515,100
16,214,21286,0.23100491824442515,11.01022475091322,111.55979309781569,0.23100491824442515,100
16,215,21385,0.23100491824442515,10.216651341611641,79.02101121492358,0.23100491824442515,100
16,216,21484,0.23100491824442515,9.908478265414006,62.15082103662033,0.23100491824442515,100
16,217,21583,0.23100491824442515,10.400492093251303,81.94099109184752,0.23100491824442515,100
16,218,21682,0.23100491824442515,10.633097236391313,86.05399757875753,0.23100491824442515,100
16,219,21781,0.23100491824442515,11.529221286953678,125.14906224969775,0.23100491824442515,100
16,220,21880,0.23100491824442515,11.24604962541592,117.68983070266167,0.23100491824442515,100
16,221,21979,0.23100491824442515,9.630458699663802,82.16258577310091,0.23100491824442515,100
16,222,22078,0.23100491824442515,11.796935577180616,98.62975635344807,0.23100491824442515,100
16,223,22177,0.23100491824442515,11.312150404341969,63.13219492961249,0.23100491824442515,100
16,224,22276,0.23100491824442515,8.704992915053436,86.6077721162081,0.23100491824442515,100
16,225,22375,0.23100491824442515,11.614536132582753,84.31398847604143,0.23100491824442515,100
16,226,22474,0.23100491824442515,8.601806804773604,63.95760425905667,0.23100491824442515,100
16,227,22573,0.23100491824442515,10.056706784802763,95.54182095330997,0.23100491824442515,100
16,228,22672,0.23100491824442515,11.781721371485062,72.28675354488144,0.23100491824442515,100
16,229,22771,0.23100491824442515,11.318850472638914,95.79281490073696,0.23100491824442515,100
16,230,22870,0.23100491824442515,8.556118463528609,62.25122954812798,0.23100491824442515,100
16,231,22969,0.23100491824442515,11.886523856761396,76.37899156789663,0.23100491824442515,100
16,232,23068,0.23100491824442515,12.59478433437093,86.00946140769145,0.23100491824442515,100
16,233,23167,0.23100491824442515,9.827326346273482,64.4502980448641,0.23100491824442515,100
16,234,23266,0.23100491824442515,14.773071255939765,169.0452933086077,0.23100491824442515,100
16,235,23365,0.23100491824442515,12.275903571224521,85.22720511855101,0.23100491824442515,100
16,236,23464,0.23100491824442515,11.875550767397396,112.88096987879217,0.23100491824442515,100
16,237,23563,0.23100491824442515,11.21127441464605,95.2323605917602,0.23100491824442515,100
16,238,23662,0.23100491824442515,13.148489330182315,155.82227585959203,0.23100491824442515,100
16,239,23761,0.23100491824442515,12.136326965329285,69.96598503161773,0.23100491824442515,100
16,240,23860,0.23100491824442515,11.430506063110181,76.26347422206618,0.23100491824442515,100
16,241,23959,0.23100491824442515,10.695173438798209,108.53185267810144,0.23100491824442515,100
16,242,24058,0.23100491824442515,10.269222864561518,61.9850030345866,0.23100491824442515,100
16,243,24157,0.23100491824442515,12.190801115796742,86.06110027329129,0.23100491824442515,100
16,244,24256,0.23100491824442515,12.51841884087309,93.53365846867683,0.23100491824442515,100
16,245,24355,0.23100491824442515,10.811904818162947,96.9926851023968,0.23100491824442515,100
16,246,24454,0.23100491824442515,12.42731524554922,69.00553788669185,0.23100491824442515,100
16,247,24553,0.23100491824442515,9.779491854445832,122.28436225153548,0.23100491824442515,100
16,248,24652,0.23100491824442515,11.832210194456959,95.85239966251514,0.23100491824442515,100
16,249,24751,0.23100491824442515,14.046070000635273,93.13191648148845,0.23100491824442515,100
16,250,24850,0.23100491824442515,10.134109547104643,73.02482527461333,0.23100491824442515,100
16,251,24949,0.23100491824442515,9.503069780896944,55.74093311260517,0.23100491824442515,100
16,252,25048,0.23100491824442515,9.422801570541436,97.17166797569136,0.23100491824442515,100
16,253,25147,0.23100491824442515,10.700471565754398,109.56426912851067,0.23100491824442515,100
16,254,25246,0.23100491824442515,9.714763758961153,89.14524393534039,0.23100491824442515,100
16,255,25345,0.23100491824442515,11.159727529891995,92.2303000437146,0.23100491824442515,100
16,256,25444,0.23100491824442515,9.773409618176073,101.92865337615143,0.23100491824442515,100
16,257,25543,0.23100491824442515,9.9604550460497,79.54341039866311,0.23100491824442515,100
16,258,25642,0.23100491824442515,11.874609227295936,85.73663804931965,0.23100491824442515,100
16,259,25741,0.23100491824442515,9.220110946218048,88.96849567064498,0.23100491824442515,100
16,260,25840,0.23100491824442515,12.141053627719163,113.5821065609052,0.23100491824442515,100
16,261,25939,0.23100491824442515,11.138503074362639,74.99245863794101,0.23100491824442515,100
16,262,26038,0.23100491824442515,11.543752474586974,114.48757547554668,0.23100491824442515,100
16,263,26137,0.23100491824442515,13.927686629016236,73.33416162803753,0.23100491824442515,100
16,264,26236,0.23100491824442515,13.32048737925979,62.77324461901627,0.23100491824442515,100
16,265,26335,0.23100491824442515,10.595860978504142,81.67418578770389,0.23100491824442515,100
16,266,26434,0.23100491824442515,8.255619562265485,70.79437771727876,0.23100491824442515,100
16,267,26533,0.23100491824442515,12.813882890271675,91.88742433091195,0.23100491824442515,100
16,268,26632,0.23100491824442515,10.371743401341918,59.15915203031551,0.23100491824442515,100
16,269,26731,0.23100491824442515,11.134745528746285,100.65224045759422,0.23100491824442515,100
16,270,26830,0.23100491824442515,9.968783014241442,135.51595621406645,0.23100491824442515,100
16,271,26929,0.23100491824442515,10.518497535637959,90.54200451416294,0.23100491824442515,100
16,272,27028,0.23100491824442515,14.583748809444032,98.69429501896946,0.23100491824442515,100
16,273,27127,0.23100491824442515,13.493618672698906,119.81448393323474,0.23100491824442515,100
16,274,27226,0.23100491824442515,9.46106627502056,69.27601247833081,0.23100491824442515,100
16,275,27325,0.23100491824442515,13.99846441422529,155.14274991413848,0.23100491824442515,100
16,276,27424,0.23100491824442515,13.05868805368261,74.32465251725897,0.23100491824442515,100
16,277,27523,0.23100491824442515,13.529662633347153,93.41470462985403,0.23100491824442515,100
16,278,27622,0.23100491824442515,10.256371004168551,68.07601921840865,0.23100491824442515,100
16,279,27721,0.23100491824442515,9.594677316461249,94.37003179780194,0.23100491824442515,100
16,280,27820,0.23100491824442515,11.847327299740561,101.78042987169367,0.23100491824442515,100
16,281,27919,0.23100491824442515,12.764337898999305,90.73060655340191,0.23100491824442515,100
16,282,28018,0.23100491824442515,11.424836709032887,93.47434688045283,0.23100491824442515,100
16,283,28117,0.23100491824442515,14.460388591396807,102.45345545211075,0.23100491824442515,100
16,284,28216,0.23100491824442515,10.898801534900784,117.74318712435995,0.23100491824442515,100
16,285,28315,0.23100491824442515,15.049663260653453,176.99592684545183,0.23100491824442515,100
16,286,28414,0.23100491824442515,11.2425632588177,104.33704964339945,0.23100491824442515,100
16,287,28513,0.23100491824442515,13.929381881072104,100.90722467058723,0.23100491824442515,100
16,288,28612,0.23100491824442515,10.363062456139023,80.95556293161398,0.23100491824442515,100
16,289,28711,0.23100491824442515,9.486200132262084,109.63224164669352,0.23100491824442515,100
16,290,28810,0.23100491824442515,10.586643971084845,99.1081403316155,0.23100491824442515,100
16,291,28909,0.23100491824442515,9.675838067067211,69.60488095070605,0.23100491824442515,100
16,292,29008,0.23100491824442515,11.977733100664247,77.51961991486152,0.23100491824442515,100
16,293,29107,0.23100491824442515,15.273898922056254,92.79670853174659,0.23100491824442515,100
16,294,29206,0.23100491824442515,12.387640111983455,87.91546954014699,0.23100491824442515,100
16,295,29305,0.23100491824442515,12.832915148443533,86.93449104448464,0.23100491824442515,100
16,296,29404,0.23100491824442515,11.65804617722419,54.620675780234876,0.23100491824442515,100
16,297,29503,0.23100491824442515,11.429442258970802,80.57374892800551,0.23100491824442515,100
16,298,29602,0.23100491824442515,9.969966335384104,65.07223883571224,0.23100491824442515,100
16,299,29701,0.23100491824442515,10.99564885778198,92.13712116399981,0.23100491824442515,100
16,300,29800,0.23100491824442515,13.716614296800262,74.7595537528887,0.23100491824442515,100
16,301,29899,0.23100491824442515,10.311771386913108,78.33263005605362,0.23100491824442515,100
16,302,29998,0.23100491824442515,12.994575809128287,124.93723519853528,0.23100491824442515,100
16,303,30097,0.23100491824442515,13.342832453225041,103.47828346680092,0.23100491824442515,100
16,304,30196,0.23100491824442515,13.356832560613634,82.2391827244779,0.23100491824442515,100
16,305,30295,0.23100491824442515,15.091844840637634,73.74931064011263,0.23100491824442515,100
16,306,30394,0.23100491824442515,12.396677926891861,75.68425382953995,0.23100491824442515,100
16,307,30493,0.23100491824442515,12.949651624667224,78.75065360344227,0.23100491824442515,100
16,308,30592,0.23100491824442515,12.022333545954181,82.22715229846006,0.23100491824442515,100
16,309,30691,0.23100491824442515,11.515196464984527,94.83240389458753,0.23100491824442515,100
16,310,30790,0.23100491824442515,12.967457573401077,81.4734874433561,0.23100491824442515,100
16,311,30889,0.23100491824442515,7.874555144572786,45.38826766632761,0.23100491824442515,100
16,312,30988,0.23100491824442515,11.791506530460978,85.90879684417708,0.23100491824442515,100
16,313,31087,0.23100491824442515,12.672343976961459,85.63382638047462,0.23100491824442515,100
16,314,31186,0.23100491824442515,10.269407142877187,66.22166420500545,0.23100491824442515,100
16,315,31285,0.23100491824442515,11.412184055752684,75.54528362430688,0.23100491824442515,100
16,316,31384,0.23100491824442515,11.740878881709163,82.09573347889422,0.23100491824442515,100
16,317,31483,0.23100491824442515,14.52488502292565,120.11002001647893,0.23100491824442515,100
16,318,31582,0.23100491824442515,13.355661587298165,100.3926620777068,0.23100491824442515,100
16,319,31681,0.23100491824442515,13.852757738956484,77.30827090458047,0.23100491824442515,100
16,320,31780,0.23100491824442515,10.470734697217019,77.2493912319267,0.23100491824442515,100
16,321,31879,0.23100491824442515,10.916592550922898,87.85520709958442,0.23100491824442515,100
16,322,31978,0.23100491824442515,10.129786333703793,70.38219253512106,0.23100491824442515,100
16,323,32077,0.23100491824442515,11.378393344573045,69.5863637317109,0.23100491824442515,100
16,324,32176,0.23100491824442515,12.892815390568792,77.68459864229683,0.23100491824442515,100
16,325,32275,0.23100491824442515,11.631036953014272,127.36448878052589,0.23100491824442515,100
16,326,32374,0.23100491824442515,11.509892468096933,75.59267425416137,0.23100491824442515,100
16,327,32473,0.23100491824442515,11.929079338291864,123.6715083814624,0.23100491824442515,100
16,328,32572,0.23100491824442515,12.503212059360264,68.61605752842362,0.23100491824442515,100
16,329,32671,0.23100491824442515,8.50080819280161,49.49076912926434,0.23100491824442515,100
16,330,32770,0.23100491824442515,12.74069326334242,109.9446575338879,0.23100491824442515,100
16,331,32869,0.23100491824442515,9.33227894019961,74.20052479171909,0.23100491824442515,100
16,332,32968,0.23100491824442515,10.739674387667327,69.95406152551816,0.23100491824442515,100
16,333,33067,0.23100491824442515,9.90047212441013,63.604986708088376,0.23100491824442515,100
16,334,33166,0.23100491824442515,13.119314408230276,125.54683987546419,0.23100491824442515,100
16,335,33265,0.23100491824442515,9.909307838383734,88.9959415502065,0.23100491824442515,100
16,336,33364,0.23100491824442515,10.873139604010888,71.0313520236754,0.23100491824442515,100
16,337,33463,0.23100491824442515,11.217031749490973,68.55100079050864,0.23100491824442515,100
16,338,33562,0.23100491824442515,13.158764633266166,108.65999606408351,0.23100491824442515,100
16,339,33661,0.23100491824442515,13.066101508542015,83.21675692146803,0.23100491824442515,100
16,340,33760,0.23100491824442515,11.539613005050207,111.37378163169996,0.23100491824442515,100
16,341,33859,0.23100491824442515,10.168230879070972,78.80932836303352,0.23100491824442515,100
16,342,33958,0.23100491824442515,12.494658681833382,103.08979245498261,0.23100491824442515,100
16,343,34057,0.23100491824442515,9.328354365766192,59.9870615124689,0.23100491824442515,100
16,344,34156,0.23100491824442515,14.395411477550267,138.91337950245162,0.23100491824442515,100
16,345,34255,0.23100491824442515,11.26865502381257,112.35580707746213,0.23100491824442515,100
16,346,34354,0.23100491824442515,11.722344369591378,130.64610903978627,0.23100491824442515,100
16,347,34453,0.23100491824442515,10.385313888234814,69.27328462202955,0.23100491824442515,100
16,348,34552,0.23100491824442515,13.294256678583892,105.56466859542725,0.23100491824442515,100
16,349,34651,0.23100491824442515,13.21097447280483,143.36128952350793,0.23100491824442515,100
16,350,34750,0.23100491824442515,11.677722386020413,84.53665808731641,0.23100491824442515,100
16,351,34849,0.23100491824442515,13.781236869045886,86.15890571776323,0.23100491824442515,100
16,352,34948,0.23100491824442515,9.488935736389434,68.83748209396941,0.23100491824442515,100
16,353,35047,0.23100491824442515,9.0457911667978,93.08040705274213,0.23100491824442515,100
16,354,35146,0.23100491824442515,9.817698791558719,56.740065471538934,0.23100491824442515,100
16,355,35245,0.23100491824442515,9.1709885782937,101.23298318952763,0.23100491824442515,100
16,356,35344,0.23100491824442515,12.779489172626375,83.75291966078252,0.23100491824442515,100
16,357,35443,0.23100491824442515,11.528517492986552,113.00685384802996,0.23100491824442515,100
16,358,35542,0.23100491824442515,10.36843146579859,68.3766731559965,0.23100491824442515,100
16,359,35641,0.23100491824442515,11.34207692645797,67.36675029302717,0.23100491824442515,100
16,360,35740,0.23100491824442515,10.13557757448072,97.69482587282175,0.23100491824442515,100
16,361,35839,0.23100491824442515,10.528804577498251,100.1618770432405,0.23100491824442515,100
16,362,35938,0.23100491824442515,8.656852832156428,63.28446835204008,0.23100491824442515,100
16,363,36037,0.23100491824442515,12.561740973834633,104.44635740144173,0.23100491824442515,100
16,364,36136,0.23100491824442515,13.355057549477703,123.68852586524773,0.23100491824442515,100
16,365,36235,0.23100491824442515,12.009514878824525,119.07322940305653,0.23100491824442515,100
16,366,36334,0.23100491824442515,9.5807216796807,65.0534594957515,0.23100491824442515,100
16,367,36433,0.23100491824442515,11.106419705299174,75.86877211398411,0.23100491824442515,100
16,368,36532,0.23100491824442515,10.8140404378428,119.12721460476548,0.23100491824442515,100
16,369,36631,0.23100491824442515,13.361852513748325,163.04167004645083,0.23100491824442515,100
16,370,36730,0.23100491824442515,11.643729450086937,106.75063677181504,0.23100491824442515,100
16,371,36829,0.23100491824442515,12.387323671845982,71.54035901249516,0.23100491824442515,100
16,372,36928,0.23100491824442515,11.527205916370631,93.35642571460451,0.23100491824442515,100
16,373,37027,0.23100491824442515,11.271774473065648,83.96246782644174,0.23100491824442515,100
16,374,37126,0.23100491824442515,10.37232896866715,71.69375266737394,0.23100491824442515,100
16,375,37225,0.23100491824442515,10.471815319149018,63.48545712445723,0.23100491824442515,100
16,376,37324,0.23100491824442515,13.952438908448721,113.18474670864477,0.23100491824442515,100
16,377,37423,0.23100491824442515,10.209224034827754,77.28820215629501,0.23100491824442515,100
16,378,37522,0.23100491824442515,11.422428402931951,87.07245343905382,0.23100491824442515,100
16,379,37621,0.23100491824442515,13.246557973984675,88.30785794529744,0.23100491824442515,100
16,380,37720,0.23100491824442515,14.143731910512258,152.00031673377168,0.23100491824442515,100
16,381,37819,0.23100491824442515,12.275255723828096,102.01001805257042,0.23100491824442515,100
16,382,37918,0.23100491824442515,12.60481477323922,92.33882671807486,0.23100491824442515,100
16,383,38017,0.23100491824442515,12.894706492630037,93.66875929422879,0.23100491824442515,100
16,384,38116,0.23100491824442515,11.014149034651636,70.16214459740502,0.23100491824442515,100
16,385,38215,0.23100491824442515,13.092596219762283,81.52840939893048,0.23100491824442515,100
16,386,38314,0.23100491824442515,9.887280348251387,126.60136966890506,0.23100491824442515,100
16,387,38413,0.23100491824442515,10.92371817310244,72.01258961911451,0.23100491824442515,100
16,388,38512,0.23100491824442515,9.86036219597055,98.8327768821744,0.23100491824442515,100
16,389,38611,0.23100491824442515,12.54185579751035,81.37268902706397,0.23100491824442515,100
16,390,38710,0.23100491824442515,12.24255626660755,116.32823987105365,0.23100491824442515,100
16,391,38809,0.23100491824442515,8.676527785514706,90.97711569214883,0.23100491824442515,100
16,392,38908,0.23100491824442515,11.862092851000822,68.18600918296953,0.23100491824442515,100
16,393,39007,0.23100491824442515,10.331485727190373,125.51252838539178,0.23100491824442515,100
16,394,39106,0.23100491824442515,11.710022464460806,77.0727348049406,0.23100491824442515,100
16,395,39205,0.23100491824442515,11.116698446560164,76.72436196174512,0.23100491824442515,100
16,396,39304,0.23100491824442515,10.117474695511607,87.1795015792984,0.23100491824442515,100
16,397,39403,0.23100491824442515,11.547310541140805,56.79492616790878,0.23100491824442515,100
16,398,39502,0.23100491824442515,11.10362237902466,191.6653928719714,0.23100491824442515,100
16,399,39601,0.23100491824442515,11.727026693443582,72.59829706045876,0.23100491824442515,100
16,400,39700,0.23100491824442515,12.251467807585739,85.61946081903444,0.23100491824442515,100
16,401,39799,0.23100491824442515,13.41449099611523,93.87975240526566,0.23100491824442515,100
16,402,39898,0.23100491824442515,9.491141720822604,68.07941863253795,0.23100491824442515,100
16,403,39997,0.23100491824442515,12.992362040523469,64.427218765596,0.23100491824442515,100
16,404,40096,0.23100491824442515,12.434411044527744,112.22159568955152,0.23100491824442515,100
16,405,40195,0.23100491824442515,11.745265522928262,100.0407397932325,0.23100491824442515,100
16,406,40294,0.23100491824442515,12.336491020856378,83.71472860385839,0.23100491824442515,100
16,407,40393,0.23100491824442515,17.027846446929747,135.46484826825807,0.23100491824442515,100
16,408,40492,0.23100491824442515,12.433071713199157,77.01124721133358,0.23100491824442515,100
16,409,40591,0.23100491824442515,11.960584007186656,82.15129812312642,0.23100491824442515,100
16,410,40690,0.23100491824442515,13.23745832137527,156.8553765523571,0.23100491824442515,100
16,411,40789,0.23100491824442515,10.474858681765651,62.83993243391303,0.23100491824442515,100
16,412,40888,0.23100491824442515,11.95976012230262,74.32436452634843,0.23100491824442515,100
16,413,40987,0.23100491824442515,11.656757100971,78.45084581782366,0.23100491824442515,100
16,414,41086,0.23100491824442515,8.22816385176963,48.43037885766791,0.23100491824442515,100
16,415,41185,0.23100491824442515,9.979426431008541,79.90972370550712,0.23100491824442515,100
16,416,41284,0.23100491824442515,14.812621503091153,87.67086234563148,0.23100491824442515,100
16,417,41383,0.23100491824442515,10.48354119086518,61.712760510473416,0.23100491824442515,100
16,418,41482,0.23100491824442515,10.278404446518628,68.14818015624603,0.23100491824442515,100
16,419,41581,0.23100491824442515,12.66320180438417,121.13186376189721,0.23100491824442515,100
16,420,41680,0.23100491824442515,9.95418791811083,71.99250479847129,0.23100491824442515,100
16,421,41779,0.23100491824442515,10.04927508641095,71.37493556350964,0.23100491824442515,100
16,422,41878,0.23100491824442515,14.594782853103897,112.40251457581107,0.23100491824442515,100
16,423,41977,0.23100491824442515,9.569258266551428,72.59251995412403,0.23100491824442515,100
16,424,42076,0.23100491824442515,11.249505016922226,106.79532887220579,0.23100491824442515,100
16,425,42175,0.23100491824442515,11.438856240130132,81.20371646419392,0.23100491824442515,100
16,426,42274,0.23100491824442515,10.959046672920078,99.11758111133116,0.23100491824442515,100
16,427,42373,0.23100491824442515,9.616057674330365,99.86378516226586,0.23100491824442515,100
16,428,42472,0.23100491824442515,9.868558715830343,99.04921088505283,0.23100491824442515,100
16,429,42571,0.23100491824442515,11.093864579138076,82.02143841063038,0.23100491824442515,100
16,430,42670,0.23100491824442515,10.455408530584407,77.82806175128826,0.23100491824442515,100
16,431,42769,0.23100491824442515,13.104242005518755,86.69295316583913,0.23100491824442515,100
16,432,42868,0.23100491824442515,10.311202650102427,89.05778403941497,0.23100491824442515,100
16,433,42967,0.23100491824442515,11.259269942317417,103.21599354146288,0.23100491824442515,100
16,434,43066,0.23100491824442515,10.6716697251138,86.29569878252495,0.23100491824442515,100
16,435,43165,0.23100491824442515,10.579144563732944,139.54641791668928,0.23100491824442515,100
16,436,43264,0.23100491824442515,11.698192110977242,83.47257898469634,0.23100491824442515,100
16,437,43363,0.23100491824442515,11.501446264852156,76.15905339251574,0.23100491824442515,100
16,438,43462,0.23100491824442515,13.1245040698293,115.73028090829318,0.23100491824442515,100
16,439,43561,0.23100491824442515,12.617675361799897,67.86494966169576,0.23100491824442515,100
16,440,43660,0.23100491824442515,12.734558301948539,114.52060322969673,0.23100491824442515,100
16,441,43759,0.23100491824442515,10.822271351791448,78.77698954310382,0.23100491824442515,100
16,442,43858,0.23100491824442515,10.47346026609786,89.71609434537858,0.23100491824442515,100
16,443,43957,0.23100491824442515,12.35567147409819,85.16394220659927,0.23100491824442515,100
16,444,44056,0.23100491824442515,11.652500436186473,66.15637060571939,0.23100491824442515,100
16,445,44155,0.23100491824442515,10.51823864726613,80.2012870848319,0.23100491824442515,100
16,446,44254,0.23100491824442515,11.17914634788187,59.22899766753103,0.23100491824442515,100
16,447,44353,0.23100491824442515,9.47507591903586,59.85172114951584,0.23100491824442515,100
16,448,44452,0.23100491824442515,12.900387012049928,102.40059898792309,0.23100491824442515,100
16,449,44551,0.23100491824442515,14.716424486790997,77.91083198046942,0.23100491824442515,100
16,450,44650,0.23100491824442515,19.06521361097773,165.23168551904678,0.23100491824442515,100
16,451,44749,0.23100491824442515,12.79873715389703,68.61758645342363,0.23100491824442515,100
16,452,44848,0.23100491824442515,11.853756292459448,122.06581065967796,0.23100491824442515,100
16,453,44947,0.23100491824442515,11.160316750377719,52.771161459829614,0.23100491824442515,100
16,454,45046,0.23100491824442515,13.335842449455102,73.17466738852673,0.23100491824442515,100
16,455,45145,0.23100491824442515,11.241927976114749,96.24747827995932,0.23100491824442515,100
16,456,45244,0.23100491824442515,10.961530662544321,132.6706034544316,0.23100491824442515,100
16,457,45343,0.23100491824442515,10.821485633182478,78.13394023771791,0.23100491824442515,100
16,458,45442,0.23100491824442515,11.16275730090754,64.13204580275948,0.23100491824442515,100
16,459,45541,0.23100491824442515,11.210534055695286,53.58436032379806,0.23100491824442515,100
16,460,45640,0.23100491824442515,11.255546287155159,116.62407342559624,0.23100491824442515,100
16,461,45739,0.23100491824442515,12.792485975192726,143.32315305427872,0.23100491824442515,100
16,462,45838,0.23100491824442515,11.99800282905921,94.73775062322918,0.23100491824442515,100
16,463,45937,0.23100491824442515,13.583029722709325,94.0928758624948,0.23100491824442515,100
16,464,46036,0.23100491824442515,12.826358049912706,114.81462862941262,0.23100491824442515,100
16,465,46135,0.23100491824442515,8.548442993650132,71.56563917534687,0.23100491824442515,100
16,466,46234,0.23100491824442515,10.539536983539577,69.0944977817215,0.23100491824442515,100
16,467,46333,0.23100491824442515,12.203164286468713,100.52057695025944,0.23100491824442515,100
16,468,46432,0.23100491824442515,13.402176723273623,141.94570164994076,0.23100491824442515,100
16,469,46531,0.23100491824442515,12.002653467793174,129.99562232503064,0.23100491824442515,100
16,470,46630,0.23100491824442515,15.666779463122078,120.15395770612794,0.23100491824442515,100
16,471,46729,0.23100491824442515,15.827997138606545,114.55279150216876,0.23100491824442515,100
16,472,46828,0.23100491824442515,12.6953934710237,115.90260248156129,0.23100491824442515,100
16,473,46927,0.23100491824442515,11.963809156629274,92.48918149157264,0.23100491824442515,100
16,474,47026,0.23100491824442515,9.644454819354927,87.12277045299416,0.23100491824442515,100
16,475,47125,0.23100491824442515,8.559574763026598,40.598144635747296,0.23100491824442515,100
16,476,47224,0.23100491824442515,11.104582114456305,90.69925404673923,0.23100491824442515,100
16,477,47323,0.23100491824442515,11.978423990475083,65.56769774400699,0.23100491824442515,100
16,478,47422,0.23100491824442515,11.776674238758194,69.40453503108336,0.23100491824442515,100
16,479,47521,0.23100491824442515,10.242476832180335,106.99906923551367,0.23100491824442515,100
16,480,47620,0.23100491824442515,8.165908985030773,129.8280288885551,0.23100491824442515,100
16,481,47719,0.23100491824442515,9.564110108155178,47.388922419793545,0.23100491824442515,100
16,482,47818,0.23100491824442515,11.687084466829432,90.42786967769419,0.23100491824442515,100
16,483,47917,0.23100491824442515,13.453719364361667,74.53414983521245,0.23100491824442515,100
16,484,48016,0.23100491824442515,11.189511294963333,112.34980731775048,0.23100491824442515,100
16,485,48115,0.23100491824442515,12.109374655301075,73.02779601254697,0.23100491824442515,100
16,486,48214,0.23100491824442515,12.14830216160607,91.3831381271622,0.23100491824442515,100
16,487,48313,0.23100491824442515,10.465897752703299,62.5232071593595,0.23100491824442515,100
16,488,48412,0.23100491824442515,10.268471728144114,63.945339932976104,0.23100491824442515,100
16,489,48511,0.23100491824442515,9.471299339159817,73.25153154023101,0.23100491824442515,100
16,490,48610,0.23100491824442515,12.300302946789712,121.94771317411777,0.23100491824442515,100
16,491,48709,0.23100491824442515,11.754213687913277,74.27306402469809,0.23100491824442515,100
16,492,48808,0.23100491824442515,12.54442560147843,97.02703476082323,0.23100491824442515,100
16,493,48907,0.23100491824442515,10.635507542570007,88.77323132064559,0.23100491824442515,100
16,494,49006,0.23100491824442515,11.525764666917203,63.2245276335399,0.23100491824442515,100
16,495,49105,0.23100491824442515,7.863111745657254,60.13733644250901,0.23100491824442515,100
16,496,49204,0.23100491824442515,9.041090988781177,60.0929306837565,0.23100491824442515,100
16,497,49303,0.23100491824442515,9.980762774539897,47.90441028278395,0.23100491824442515,100
16,498,49402,0.23100491824442515,10.461465314380893,72.19555838537762,0.23100491824442515,100
16,499,49501,0.23100491824442515,10.13254719876101,98.90807226786148,0.23100491824442515,100
16,500,49600,0.23100491824442515,10.393913258106398,74.62983502110743,0.23100491824442515,100
16,501,49699,0.23100491824442515,12.791884374422311,93.23824351640089,0.23100491824442515,100
16,502,49798,0.23100491824442515,10.339127603165535,145.69677203830867,0.23100491824442515,100
16,503,49897,0.23100491824442515,13.337117550227065,106.23610809315664,0.23100491824442515,100
16,504,49996,0.23100491824442515,12.677722495102799,124.54209014321759,0.23100491824442515,100
16,505,50000,0.23100491824442515,9.541651025711452,62.50320322930147,0.23100491824442515,100
17,0,100,114.41346823182761,546.0795840793485,1052.57746023035,114.41346823182761,100
17,1,199,54.68630016683813,283.4919904868977,734.7299630706594,54.68630016683813,100
17,2,298,31.57478382124678,132.36686246820543,400.6526430712748,31.57478382124678,100
17,3,397,16.84752919312608,71.77680466086049,209.58225523047201,16.84752919312608,100
17,4,496,2.0358736366934105,37.65158197750054,152.21937352544052,2.0358736366934105,100
17,5,595,2.0358736366934105,29.458296483578838,238.2577524711182,2.0358736366934105,100
17,6,694,1.980149768571048,23.790853179223724,127.11048871039579,1.980149768571048,100
17,7,793,1.980149768571048,16.808001476249228,68.47327290064106,1.980149768571048,100
17,8,892,1.0950533084797651,13.37169578514442,53.457284131137165,1.0950533084797651,100
17,9,991,0.6298925241361805,12.156519502522544,100.9989631820767,0.6298925241361805,100
17,10,1090,0.6298925241361805,11.66099699808098,65.85520933105593,0.6298925241361805,100
17,11,1189,0.6298925241361805,9.764672761941908,62.64139887406575,0.6298925241361805,100
17,12,1288,0.6298925241361805,13.35725314200733,104.71425249866952,0.6298925241361805,100
17,13,1387,0.4990621364997029,9.524383067058132,80.26295899596913,0.4990621364997029,100
17,14,1486,0.4990621364997029,10.77007989540107,68.65720514680022,0.4990621364997029,100
17,15,1585,0.4990621364997029,10.8273036788461,68.90920035936804,0.4990621364997029,100
17,16,1684,0.4990621364997029,9.039847283547555,46.62520866063959,0.4990621364997029,100
17,17,1783,0.4990621364997029,10.913958421465264,105.04336241604105,0.4990621364997029,100
17,18,1882,0.4990621364997029,11.768494557936124,98.46958925213087,0.4990621364997029,100
17,19,1981,0.4990621364997029,10.815530283440392,104.57853650675595,0.4990621364997029,100
17,20,2080,0.4990621364997029,10.696695752050314,64.0752062646792,0.4990621364997029,100
17,21,2179,0.4990621364997029,14.518855412497944,149.37434441399913,0.4990621364997029,100
17,22,2278,0.4990621364997029,10.577976779019927,92.96086352163321,0.4990621364997029,100
17,23,2377,0.4990621364997029,11.048845041830287,83.1398281238877,0.4990621364997029,100
17,24,2476,0.4990621364997029,10.124008832949869,75.95858043904768,0.4990621364997029,100
17,25,2575,0.4990621364997029,9.895145685707964,75.70542115539283,0.4990621364997029,100
17,26,2674,0.4990621364997029,9.249987010994777,65.38379356609025,0.4990621364997029,100
17,27,2773,0.4990621364997029,11.066628146515733,108.95911714151012,0.4990621364997029,100
17,28,2872,0.4990621364997029,13.019009171691913,132.01345612278044,0.4990621364997029,100
17,29,2971,0.48498685549286125,10.12826838768628,67.57826913309133,0.48498685549286125,100
17,30,3070,0.48498685549286125,10.666370050066426,82.31837991674125,0.48498685549286125,100
17,31,3169,0.48498685549286125,9.772144985730472,69.0290727279425,0.48498685549286125,100
17,32,3268,0.48498685549286125,12.49536756140435,102.70526937491553,0.48498685549286125,100
17,33,3367,0.48498685549286125,8.394226962135155,83.26333307946362,0.48498685549286125,100
17,34,3466,0.48498685549286125,10.42134022738248,93.11800148708903,0.48498685549286125,100
17,35,3565,0.48498685549286125,10.78035071288909,96.84265380523112,0.48498685549286125,100
17,36,3664,0.48498685549286125,12.507443282814224,149.69896618541395,0.48498685549286125,100
17,37,3763,0.48498685549286125,9.315470581404393,55.32087860674748,0.48498685549286125,100
17,38,3862,0.48498685549286125,11.455388610682558,107.30856062136976,0.48498685549286125,100
17,39,3961,0.48498685549286125,7.752918656031032,57.87278541392732,0.48498685549286125,100
17,40,4060,0.48498685549286125,15.182697501071905,119.31065796864767,0.48498685549286125,100
17,41,4159,0.48498685549286125,14.64627879923604,122.08300765052795,0.48498685549286125,100
17,42,4258,0.48498685549286125,12.234042504534402,110.19181242960536,0.48498685549286125,100
17,43,4357,0.3755435970937888,9.26534779271283,92.21927757383541,0.3755435970937888,100
17,44,4456,0.3755435970937888,10.59699698439612,137.97970755029297,0.3755435970937888,100
17,45,4555,0.3755435970937888,10.616980228548904,69.6897360513996,0.3755435970937888,100
17,46,4654,0.3755435970937888,8.634909547106629,85.44055044036647,0.3755435970937888,100
17,47,4753,0.3755435970937888,10.164029278106295,116.581688852167,0.3755435970937888,100
17,48,4852,0.3755435970937888,12.193853960738984,98.24386227885387,0.3755435970937888,100
17,49,4951,0.3755435970937888,11.198688211491515,58.94238182480605,0.3755435970937888,100
17,50,5050,0.3755435970937888,12.174532656768502,145.97123809943562,0.3755435970937888,100
17,51,5149,0.3755435970937888,10.448617200961813,90.12573894101101,0.3755435970937888,100
17,52,5248,0.3755435970937888,11.358291870732371,115.48540764171177,0.3755435970937888,100
17,53,5347,0.3755435970937888,11.375444273197358,95.47955601656989,0.3755435970937888,100
17,54,5446,0.3755435970937888,14.309465149845751,108.14084918094609,0.3755435970937888,100
17,55,5545,0.3755435970937888,14.0171283947716,90.94228178872078,0.3755435970937888,100
17,56,5644,0.3755435970937888,13.465617658862332,121.51898384687584,0.3755435970937888,100
17,57,5743,0.3755435970937888,9.433235530328494,55.895526097689334,0.3755435970937888,100
17,58,5842,0.3755435970937888,12.820052755347184,101.82882923561148,0.3755435970937888,100
17,59,5941,0.3755435970937888,9.035289212896673,82.31697107074575,0.3755435970937888,100
17,60,6040,0.3755435970937888,10.228755406369084,78.58141659183637,0.3755435970937888,100
17,61,6139,0.3755435970937888,7.661789924713954,51.916259529681916,0.3755435970937888,100
17,62,6238,0.3755435970937888,7.520494318366391,52.98484892793149,0.3755435970937888,100
17,63,6337,0.3755435970937888,10.563960445390878,85.58108913089785,0.3755435970937888,100
17,64,6436,0.3755435970937888,11.36241061726686,91.56875643340884,0.3755435970937888,100
17,65,6535,0.3755435970937888,9.211035186658302,99.36211531523233,0.3755435970937888,100
17,66,6634,0.3755435970937888,9.662258250622912,72.04172725766752,0.3755435970937888,100
17,67,6733,0.3755435970937888,12.69402757742373,97.54122899835853,0.3755435970937888,100
17,68,6832,0.3755435970937888,10.427999380950682,69.2284521418967,0.3755435970937888,100
17,69,6931,0.3755435970937888,10.832878553764129,80.93209598893804,0.3755435970937888,100
17,70,7030,0.3755435970937888,8.592793615536921,84.56837053657871,0.3755435970937888,100
17,71,7129,0.3755435970937888,8.488145112984558,53.71516417822379,0.3755435970937888,100
17,72,7228,0.3755435970937888,9.957501973309284,76.90641357671387,0.3755435970937888,100
17,73,7327,0.3755435970937888,12.077589567219821,72.30730772897759,0.3755435970937888,100
17,74,7426,0.3755435970937888,13.417422878502636,102.5599152117266,0.3755435970937888,100
17,75,7525,0.3755435970937888,11.461014177710029,87.78977570392394,0.3755435970937888,100
17,76,7624,0.3755435970937888,10.925771125072052,78.37202785290494,0.3755435970937888,100
17,77,7723,0.3755435970937888,10.830358401801483,89.23401435576935,0.3755435970937888,100
17,78,7822,0.3755435970937888,10.128357342720712,72.90858809714067,0.3755435970937888,100
17,79,7921,0.3755435970937888,11.563679864316553,91.98977927029941,0.3755435970937888,100
17,80,8020,0.3755435970937888,9.019033808127531,63.409403687909055,0.3755435970937888,100
17,81,8119,0.3755435970937888,9.491456377236487,67.01519832890298,0.3755435970937888,100
17,82,8218,0.3755435970937888,9.568945458905684,61.02746775157064,0.3755435970937888,100
17,83,8317,0.3755435970937888,11.105388203056973,100.23629860086098,0.3755435970937888,100
17,84,8416,0.3755435970937888,11.990774483411299,130.95886240135312,0.3755435970937888,100
17,85,8515,0.3755435970937888,12.180026409182316,86.200868781176,0.3755435970937888,100
17,86,8614,0.3755435970937888,9.2861292777378,72.91105747065205,0.3755435970937888,100
17,87,8713,0.3755435970937888,11.394098094849326,73.83758152339453,0.3755435970937888,100
17,88,8812,0.3755435970937888,9.481931665598113,87.05972221916863,0.3755435970937888,100
17,89,8911,0.3755435970937888,9.987409820427848,77.42438516129282,0.3755435970937888,100
17,90,9010,0.3755435970937888,12.400411683916438,93.02638297144541,0.3755435970937888,100
17,91,9109,0.3755435970937888,12.180905260977477,117.71203233478913,0.3755435970937888,100
17,92,9208,0.3755435970937888,13.384358810948886,125.04297696697967,0.3755435970937888,100
17,93,9307,0.3755435970937888,11.563024769643903,72.94970012378865,0.3755435970937888,100
17,94,9406,0.3755435970937888,10.754858213638267,107.79176997556382,0.3755435970937888,100
17,95,9505,0.3755435970937888,10.654325398938541,60.372795851245485,0.3755435970937888,100
17,96,9604,0.3482384787382106,10.29504625515127,138.6775993733206,0.3482384787382106,100
17,97,9703,0.3482384787382106,11.226355877619019,78.02967265939867,0.3482384787382106,100
17,98,9802,0.3482384787382106,11.011771559551605,82.67612392986499,0.3482384787382106,100
17,99,9901,0.3482384787382106,16.258825209021257,96.99861328571248,0.3482384787382106,100
17,100,10000,0.3482384787382106,12.646305598618726,130.9188849928742,0.3482384787382106,100
17,101,10099,0.3482384787382106,12.380873847888413,108.69186919743733,0.3482384787382106,100
17,102,10198,0.3482384787382106,11.825872793448045,84.58674409964625,0.3482384787382106,100
17,103,10297,0.3482384787382106,11.563047251616556,148.02986575811315,0.3482384787382106,100
17,104,10396,0.3482384787382106,14.153103645935563,131.23922171850882,0.3482384787382106,100
17,105,10495,0.3482384787382106,12.95437998768216,90.60749892374635,0.3482384787382106,100
17,106,10594,0.3482384787382106,13.738114669263812,119.89144747903637,0.3482384787382106,100
17,107,10693,0.3482384787382106,12.80489696101705,90.41584303715925,0.3482384787382106,100
17,108,10792,0.3482384787382106,11.218831588418164,87.65264338828528,0.3482384787382106,100
17,109,10891,0.3482384787382106,11.598191792030107,68.81363537113593,0.3482384787382106,100
17,110,10990,0.3482384787382106,13.207225262431534,79.72648916436393,0.3482384787382106,100
17,111,11089,0.3482384787382106,10.712795000073875,78.23429033223098,0.3482384787382106,100
17,112,11188,0.3482384787382106,10.990742835831536,65.71161677791696,0.3482384787382106,100
17,113,11287,0.3482384787382106,9.22253626209195,66.66048104589912,0.3482384787382106,100
17,114,11386,0.3482384787382106,12.673325722727565,108.9640626165507,0.3482384787382106,100
17,115,11485,0.3482384787382106,13.066353119723193,73.08001304845497,0.3482384787382106,100
17,116,11584,0.3482384787382106,13.772089911695753,115.44682587656015,0.3482384787382106,100
17,117,11683,0.3482384787382106,12.480211777371432,126.68406788158389,0.3482384787382106,100
17,118,11782,0.3482384787382106,13.058079636770273,95.10503039794698,0.3482384787382106,100
17,119,11881,0.3482384787382106,13.578810345334588,72.28088131653932,0.3482384787382106,100
17,120,11980,0.3482384787382106,11.20963799091997,102.34292478055139,0.3482384787382106,100
17,121,12079,0.3482384787382106,9.362580476643581,71.07970308502254,0.3482384787382106,100
17,122,12178,0.3482384787382106,11.955086612792568,69.34994623095155,0.3482384787382106,100
17,123,12277,0.3482384787382106,11.765898510300792,78.72072382486749,0.3482384787382106,100
17,124,12376,0.3482384787382106,14.680470573436356,131.74125181191195,0.3482384787382106,100
17,125,12475,0.3482384787382106,12.634957989402057,81.05585223991022,0.3482384787382106,100
17,126,12574,0.3482384787382106,9.134938210866618,52.746613050983335,0.3482384787382106,100
17,127,12673,0.3482384787382106,10.057468109759656,83.09259063398285,0.3482384787382106,100
17,128,12772,0.3482384787382106,10.917862604840034,119.29459482712709,0.3482384787382106,100
17,129,12871,0.3482384787382106,11.026956649819253,63.06841441968023,0.3482384787382106,100
17,130,12970,0.3482384787382106,10.178666095508916,63.19785748777914,0.3482384787382106,100
17,131,13069,0.3482384787382106,9.78117330859164,105.91098119341412,0.3482384787382106,100
17,132,13168,0.3482384787382106,12.706765461418438,97.55822048750818,0.3482384787382106,100
17,133,13267,0.3482384787382106,11.731793471438738,87.59774415747124,0.3482384787382106,100
17,134,13366,0.3482384787382106,14.372902977906463,93.3986451831018,0.3482384787382106,100
17,135,13465,0.3482384787382106,10.140890190884262,57.24767833168549,0.3482384787382106,100
17,136,13564,0.3482384787382106,12.132711307349108,92.58711659377222,0.3482384787382106,100
17,137,13663,0.3482384787382106,13.086878508351369,78.18630507157624,0.3482384787382106,100
17,138,13762,0.3482384787382106,9.697895503213916,63.59177695799523,0.3482384787382106,100
17,139,13861,0.3482384787382106,13.035971657492002,121.77170452879108,0.3482384787382106,100
17,140,13960,0.3482384787382106,13.543822873968557,85.48529778527174,0.3482384787382106,100
17,141,14059,0.3482384787382106,9.39682896368001,66.54861523529577,0.3482384787382106,100
17,142,14158,0.3482384787382106,11.990256742564684,98.76534829476995,0.3482384787382106,100
17,143,14257,0.3482384787382106,8.209755590851891,44.21008091342892,0.3482384787382106,100
17,144,14356,0.3482384787382106,9.347745726117388,86.57478863517629,0.3482384787382106,100
17,145,14455,0.3482384787382106,12.10600188941832,87.21739814414357,0.3482384787382106,100
17,146,14554,0.3482384787382106,12.173111875188706,85.02016741908001,0.3482384787382106,100
17,147,14653,0.3482384787382106,12.3537163290739,80.97944236613696,0.3482384787382106,100
17,148,14752,0.3482384787382106,11.62942425082611,85.2225934647833,0.3482384787382106,100
17,149,14851,0.3482384787382106,11.694856748063382,73.28178775697336,0.3482384787382106,100
17,150,14950,0.3482384787382106,12.738852284894028,90.21385670258054,0.3482384787382106,100
17,151,15049,0.3482384787382106,11.585225560291956,74.2846310982471,0.3482384787382106,100
17,152,15148,0.3482384787382106,12.460667230604194,74.70092195604434,0.3482384787382106,100
17,153,15247,0.3482384787382106,14.672210372615307,103.95335480716533,0.3482384787382106,100
17,154,15346,0.3482384787382106,9.984218623600375,88.30310025932378,0.3482384787382106,100
17,155,15445,0.3482384787382106,10.966595364814534,80.16226462243137,0.3482384787382106,100
17,156,15544,0.3482384787382106,11.928209116300708,103.36368464285906,0.3482384787382106,100
17,157,15643,0.3482384787382106,11.530720539500782,132.80268162867782,0.3482384787382106,100
17,158,15742,0.3482384787382106,12.431913022432859,100.7475434397831,0.3482384787382106,100
17,159,15841,0.3482384787382106,11.804909790868114,88.66593678566177,0.3482384787382106,100
17,160,15940,0.3482384787382106,12.540413261949029,78.70487822458671,0.3482384787382106,100
17,161,16039,0.3482384787382106,10.160052175249856,84.67982613149742,0.3482384787382106,100
17,162,16138,0.3482384787382106,9.84410820015785,101.05534242469001,0.3482384787382106,100
17,163,16237,0.3482384787382106,10.794920119023562,68.65450272800389,0.3482384787382106,100
17,164,16336,0.3482384787382106,11.029472046735284,73.39178740213123,0.3482384787382106,100
17,165,16435,0.3482384787382106,9.903288388650333,69.4784778469274,0.3482384787382106,100
17,166,16534,0.3482384787382106,12.087066563030445,111.81632411856741,0.3482384787382106,100
17,167,16633,0.3482384787382106,8.974257593283044,68.11405263910589,0.3482384787382106,100
17,168,16732,0.3482384787382106,10.671436829458862,119.56465570697017,0.3482384787382106,100
17,169,16831,0.3482384787382106,9.05855365876905,108.23616454674257,0.3482384787382106,100
17,170,16930,0.3482384787382106,7.318572592060446,55.20660771814735,0.3482384787382106,100
17,171,17029,0.3482384787382106,9.140719141479236,95.98558737546719,0.3482384787382106,100
17,172,17128,0.3482384787382106,10.603370696898367,72.07126603052905,0.3482384787382106,100
17,173,17227,0.3482384787382106,11.363629926073102,78.89171466259039,0.3482384787382106,100
17,174,17326,0.3482384787382106,12.040667316481079,67.62774143803264,0.3482384787382106,100
17,175,17425,0.3482384787382106,10.637983960153763,53.407323343494,0.3482384787382106,100
17,176,17524,0.3482384787382106,8.79446946768556,58.566355091924336,0.3482384787382106,100
17,177,17623,0.3482384787382106,9.319652926636882,67.69170235996427,0.3482384787382106,100
17,178,17722,0.3482384787382106,11.24420390591089,80.03931705253417,0.3482384787382106,100
17,179,17821,0.3482384787382106,10.474261298890465,84.36657066797933,0.3482384787382106,100
17,180,17920,0.3482384787382106,8.665308308469804,92.47035559581806,0.3482384787382106,100
17,181,18019,0.3482384787382106,10.883784443054441,77.21600667096259,0.3482384787382106,100
17,182,18118,0.3482384787382106,10.128357082824218,103.72243632039657,0.3482384787382106,100
17,183,18217,0.3482384787382106,8.801315866333288,50.4519255004731,0.3482384787382106,100
17,184,18316,0.3482384787382106,9.994891235060978,72.55920572194688,0.3482384787382106,100
17,185,18415,0.3482384787382106,9.236652377264507,83.96601770843824,0.3482384787382106,100
17,186,18514,0.3482384787382106,9.702319062597317,90.64817812444862,0.3482384787382106,100
17,187,18613,0.3482384787382106,9.046204323154122,55.920213937089,0.3482384787382106,100
17,188,18712,0.3482384787382106,8.714622002889572,73.90538414380218,0.3482384787382106,100
17,189,18811,0.3482384787382106,8.201703348427905,99.49933998772556,0.3482384787382106,100
17,190,18910,0.3482384787382106,8.796188725829875,73.79389770783011,0.3482384787382106,100
17,191,19009,0.3482384787382106,10.952637954110646,96.50921851978866,0.3482384787382106,100
17,192,19108,0.3482384787382106,12.294207336930377,87.99458886223955,0.3482384787382106,100
17,193,19207,0.3482384787382106,11.546773095114839,87.87823161185787,0.3482384787382106,100
17,194,19306,0.3482384787382106,8.931187887187617,73.53098861792478,0.3482384787382106,100
17,195,19405,0.3482384787382106,13.702972505505127,97.48890475971871,0.3482384787382106,100
17,196,19504,0.3482384787382106,14.296579502898897,135.44542135276413,0.3482384787382106,100
17,197,19603,0.3482384787382106,10.102607734502973,75.9640727607856,0.3482384787382106,100
17,198,19702,0.3482384787382106,9.34018509207146,79.20710231973756,0.3482384787382106,100
17,199,19801,0.3482384787382106,13.781799107358648,123.61346577840611,0.3482384787382106,100
17,200,19900,0.3482384787382106,12.985366991289233,109.94488916704111,0.3482384787382106,100
17,201,19999,0.3482384787382106,10.448696436935508,89.58395827531257,0.3482384787382106,100
17,202,20098,0.3482384787382106,13.268718577343966,136.6429562813367,0.3482384787382106,100
17,203,20197,0.3482384787382106,12.395548414865637,70.19401595553595,0.3482384787382106,100
17,204,20296,0.3482384787382106,12.914965182722671,89.91991261247011,0.3482384787382106,100
17,205,20395,0.3482384787382106,9.031117655714693,99.32958669373726,0.3482384787382106,100
17,206,20494,0.3482384787382106,9.884681659897607,52.82841422874682,0.3482384787382106,100
17,207,20593,0.3482384787382106,9.20857825094695,68.15501776801905,0.3482384787382106,100
17,208,20692,0.3482384787382106,8.667552365902992,63.505716824541686,0.3482384787382106,100
17,209,20791,0.3482384787382106,10.043799895642213,64.38066568265417,0.3482384787382106,100
17,210,20890,0.3482384787382106,9.16730428126945,70.42256275277012,0.3482384787382106,100
17,211,20989,0.3482384787382106,14.533818673453645,85.06881251397922,0.3482384787382106,100
17,212,21088,0.3482384787382106,10.635169894714108,101.3384784965916,0.3482384787382106,100
17,213,21187,0.3482384787382106,9.361616376078706,75.8500876409988,0.3482384787382106,100
17,214,21286,0.3482384787382106,12.48453959559341,80.30232104620447,0.3482384787382106,100
17,215,21385,0.3482384787382106,12.796138820385593,120.09645100500173,0.3482384787382106,100
17,216,21484,0.3482384787382106,12.481023286397992,152.68408259624735,0.3482384787382106,100
17,217,21583,0.3482384787382106,8.219171941667836,71.88819938810542,0.3482384787382106,100
17,218,21682,0.3482384787382106,12.280621694046706,130.45686166064132,0.3482384787382106,100
17,219,21781,0.3482384787382106,12.720517817776736,98.56908326751405,0.3482384787382106,100
17,220,21880,0.3482384787382106,12.262581417618607,101.25867066150138,0.3482384787382106,100
17,221,21979,0.3482384787382106,10.567344923698046,64.43151969323858,0.3482384787382106,100
17,222,22078,0.3482384787382106,12.50473938856906,120.96876082931124,0.3482384787382106,100
17,223,22177,0.3482384787382106,10.303567844870397,79.72427112323783,0.3482384787382106,100
17,224,22276,0.3482384787382106,9.438855485088638,104.40675476551861,0.3482384787382106,100
17,225,22375,0.3482384787382106,9.761399762516307,64.34203758494452,0.3482384787382106,100
17,226,22474,0.3482384787382106,9.842929055812656,70.65155345626941,0.3482384787382106,100
17,227,22573,0.3482384787382106,9.066124552188732,60.47810345853352,0.3482384787382106,100
17,228,22672,0.3482384787382106,11.043767380148488,86.70783843312115,0.3482384787382106,100
17,229,22771,0.3482384787382106,9.57967986000377,87.65028041612977,0.3482384787382106,100
17,230,22870,0.3482384787382106,10.493853716614922,84.54777113328412,0.3482384787382106,100
17,231,22969,0.3482384787382106,8.77913827163893,79.86054037801512,0.3482384787382106,100
17,232,23068,0.3482384787382106,9.616482505387157,70.92240569048916,0.3482384787382106,100
17,233,23167,0.3482384787382106,11.256245877305195,66.61540337859446,0.3482384787382106,100
17,234,23266,0.3482384787382106,11.793844930523573,140.14007030125651,0.3482384787382106,100
17,235,23365,0.3482384787382106,10.880365525727088,88.0322174937133,0.3482384787382106,100
17,236,23464,0.3482384787382106,14.354153795790289,106.07911331140194,0.3482384787382106,100
17,237,23563,0.3482384787382106,11.357330315922516,79.52117312166202,0.3482384787382106,100
17,238,23662,0.3482384787382106,13.741717174651349,124.69643852176029,0.3482384787382106,100
17,239,23761,0.3482384787382106,10.319029259809124,64.57738877648667,0.3482384787382106,100
17,240,23860,0.3482384787382106,11.467825994452339,76.65079221610304,0.3482384787382106,100
17,241,23959,0.3482384787382106,11.636728404716976,66.54948627761378,0.3482384787382106,100
17,242,24058,0.3482384787382106,8.897044229844877,59.46397384212864,0.3482384787382106,100
17,243,24157,0.3482384787382106,11.765661221837163,78.68399632075209,0.3482384787382106,100
17,244,24256,0.3482384787382106,11.56684337132536,73.906678047077,0.3482384787382106,100
17,245,24355,0.3482384787382106,8.828868781515697,82.39156751837099,0.3482384787382106,100
17,246,24454,0.3482384787382106,12.201908375632668,116.90695137701304,0.3482384787382106,100
17,247,24553,0.3482384787382106,13.925455762178986,102.96862398801345,0.3482384787382106,100
17,248,24652,0.3482384787382106,15.48500910159252,170.05272622747572,0.3482384787382106,100
17,249,24751,0.3482384787382106,11.20972958579168,110.86392836101315,0.3482384787382106,100
17,250,24850,0.3482384787382106,15.371292569005698,79.01383704417259,0.3482384787382106,100
17,251,24949,0.3482384787382106,13.685903975943383,138.83241801177175,0.3482384787382106,100
17,252,25048,0.3482384787382106,13.127412703525382,126.55555730654534,0.3482384787382106,100
17,253,25147,0.3482384787382106,10.812958312145106,71.10967426707943,0.3482384787382106,100
17,254,25246,0.3482384787382106,10.101002217418756,174.49336782045467,0.3482384787382106,100
17,255,25345,0.3482384787382106,9.894202318268151,71.89981839293543,0.3482384787382106,100
17,256,25444,0.3482384787382106,12.05787927741939,83.1448317355673,0.3482384787382106,100
17,257,25543,0.3482384787382106,11.204640021176068,82.30445421102249,0.3482384787382106,100
17,258,25642,0.3482384787382106,10.225738106182527,69.80132896261769,0.3482384787382106,100
17,259,25741,0.3482384787382106,11.901618936013785,150.00752190443433,0.3482384787382106,100
17,260,25840,0.3482384787382106,11.099841427265883,98.78125226333559,0.3482384787382106,100
17,261,25939,0.3482384787382106,11.508192798608677,78.384451348208,0.3482384787382106,100
17,262,26038,0.3482384787382106,13.742579093642322,83.37881973367158,0.3482384787382106,100
17,263,26137,0.3482384787382106,8.953497898317549,56.40029600031497,0.3482384787382106,100
17,264,26236,0.3482384787382106,12.719418454634452,131.8569823032392,0.3482384787382106,100
17,265,26335,0.3482384787382106,11.724371014765351,123.218503738356,0.3482384787382106,100
17,266,26434,0.33266846310932174,11.63836813775118,131.66585055288215,0.33266846310932174,100
17,267,26533,0.33266846310932174,12.097882308701541,94.99987091418657,0.33266846310932174,100
17,268,26632,0.33266846310932174,13.151794775387005,74.90457144926698,0.33266846310932174,100
17,269,26731,0.33266846310932174,12.9110461762219,97.50980300613524,0.33266846310932174,100
17,270,26830,0.33266846310932174,12.787608293876598,187.79900808618916,0.33266846310932174,100
17,271,26929,0.33266846310932174,11.168726188053697,85.04763240633586,0.33266846310932174,100
17,272,27028,0.33266846310932174,10.560683514709801,89.96861944769317,0.33266846310932174,100
17,273,27127,0.33266846310932174,7.405729055391528,50.240325268653834,0.33266846310932174,100
17,274,27226,0.33266846310932174,12.080417441026157,112.30415845760737,0.33266846310932174,100
17,275,27325,0.33266846310932174,14.243758109584464,91.92093922977547,0.33266846310932174,100
17,276,27424,0.33266846310932174,13.483066537068524,129.0138333914243,0.33266846310932174,100
17,277,27523,0.33266846310932174,13.1163312676128,115.88065691753508,0.33266846310932174,100
17,278,27622,0.33266846310932174,13.559752653718453,65.89574100440187,0.33266846310932174,100
17,279,27721,0.33266846310932174,9.769047265621154,49.128724698412164,0.33266846310932174,100
17,280,27820,0.33266846310932174,11.236950713645108,78.15054822106221,0.33266846310932174,100
17,281,27919,0.33266846310932174,9.92810169022543,85.40884403169561,0.33266846310932174,100
17,282,28018,0.33266846310932174,10.815356543794339,69.34413524021687,0.33266846310932174,100
17,283,28117,0.33266846310932174,10.947844509016791,137.41673954003613,0.33266846310932174,100
17,284,28216,0.33266846310932174,14.217466424088727,115.5730291622061,0.33266846310932174,100
17,285,28315,0.33266846310932174,6.992389562675901,46.98426330611272,0.33266846310932174,100
17,286,28414,0.33266846310932174,11.48046551032196,84.6766032734722,0.33266846310932174,100
17,287,28513,0.33266846310932174,12.403030548376941,100.20974791480775,0.33266846310932174,100
17,288,28612,0.33266846310932174,11.942083768253498,101.76217245661542,0.33266846310932174,100
17,289,28711,0.33266846310932174,9.571755483606703,85.11001660651205,0.33266846310932174,100
17,290,28810,0.33266846310932174,9.565964284213438,80.57210879679646,0.33266846310932174,100
17,291,28909,0.33266846310932174,10.58956133908618,71.13467079381294,0.33266846310932174,100
17,292,29008,0.33266846310932174,9.094285127072867,73.224857541316,0.33266846310932174,100
17,293,29107,0.33266846310932174,11.561177413922888,146.85188230573536,0.33266846310932174,100
17,294,29206,0.33266846310932174,10.86640339724177,83.32293503766712,0.33266846310932174,100
17,295,29305,0.33266846310932174,10.846033154683305,59.999338495190656,0.33266846310932174,100
17,296,29404,0.33266846310932174,10.994142582642263,75.38143416080338,0.33266846310932174,100
17,297,29503,0.33266846310932174,11.18770493666124,136.5472232453135,0.33266846310932174,100
17,298,29602,0.33266846310932174,8.302604283488227,95.00302622218196,0.33266846310932174,100
17,299,29701,0.33266846310932174,10.14938171544154,106.71954542598488,0.33266846310932174,100
17,300,29800,0.33266846310932174,10.668436120912242,113.21612307871456,0.33266846310932174,100
17,301,29899,0.33266846310932174,12.550473398714573,90.58248839691896,0.33266846310932174,100
17,302,29998,0.33266846310932174,10.352445498903386,63.2679016565431,0.33266846310932174,100
17,303,30097,0.33266846310932174,11.855670607490756,137.75830095691492,0.33266846310932174,100
17,304,30196,0.33266846310932174,12.004606585756687,86.31189661078504,0.33266846310932174,100
17,305,30295,0.33266846310932174,13.286880147874164,63.57167401881812,0.33266846310932174,100
17,306,30394,0.33266846310932174,13.455938640839001,193.66759677288374,0.33266846310932174,100
17,307,30493,0.33266846310932174,13.751098554598032,76.58220103905212,0.33266846310932174,100
17,308,30592,0.33266846310932174,12.217171893828812,71.8067742341474,0.33266846310932174,100
17,309,30691,0.33266846310932174,11.001095633746639,76.72818739555575,0.33266846310932174,100
17,310,30790,0.33266846310932174,9.509443214916914,54.85735197754871,0.33266846310932174,100
17,311,30889,0.33266846310932174,12.706697158128977,118.23586919934205,0.33266846310932174,100
17,312,30988,0.33266846310932174,13.082000921050929,107.80949513171828,0.33266846310932174,100
17,313,31087,0.33266846310932174,10.97742749354003,88.16685350456116,0.33266846310932174,100
17,314,31186,0.33266846310932174,8.435314906901915,64.26877967877066,0.33266846310932174,100
17,315,31285,0.33266846310932174,10.123960677988016,88.05726488503434,0.33266846310932174,100
17,316,31384,0.33266846310932174,12.501876612856863,116.88998351789371,0.33266846310932174,100
17,317,31483,0.33266846310932174,12.49697744548255,182.85396423844364,0.33266846310932174,100
17,318,31582,0.33266846310932174,11.806354890185164,63.432003338483895,0.33266846310932174,100
17,319,31681,0.33266846310932174,12.457046478458489,135.82850123631425,0.33266846310932174,100
17,320,31780,0.33266846310932174,13.017507647880793,143.4275713267031,0.33266846310932174,100
17,321,31879,0.33266846310932174,12.941708025226228,77.48207448548318,0.33266846310932174,100
17,322,31978,0.33266846310932174,9.112304132013357,110.70496725089279,0.33266846310932174,100
17,323,32077,0.33266846310932174,8.719059056815102,57.14896122140339,0.33266846310932174,100
17,324,32176,0.33266846310932174,9.991610542783295,65.69626452666866,0.33266846310932174,100
17,325,32275,0.33266846310932174,13.622974818527346,110.36245883135912,0.33266846310932174,100
17,326,32374,0.33266846310932174,9.916045081471484,80.8697840610709,0.33266846310932174,100
17,327,32473,0.33266846310932174,9.768046484619463,59.24723666747612,0.33266846310932174,100
17,328,32572,0.33266846310932174,9.472012496587725,56.751472781178215,0.33266846310932174,100
17,329,32671,0.33266846310932174,11.516047210786358,99.95988286430631,0.33266846310932174,100
17,330,32770,0.33266846310932174,12.35553450333541,134.08787878760168,0.33266846310932174,100
17,331,32869,0.33266846310932174,14.450836610482927,141.9514065248582,0.33266846310932174,100
17,332,32968,0.33266846310932174,12.951246313444132,96.64775026228577,0.33266846310932174,100
17,333,33067,0.33266846310932174,15.535196046947036,118.50222784505505,0.33266846310932174,100
17,334,33166,0.33266846310932174,13.297032536757051,124.42952382160117,0.33266846310932174,100
17,335,33265,0.33266846310932174,10.553512400987927,69.34526889236528,0.33266846310932174,100
17,336,33364,0.33266846310932174,9.875858222995063,81.24597789800349,0.33266846310932174,100
17,337,33463,0.33266846310932174,11.465714034595312,81.56602277135372,0.33266846310932174,100
17,338,33562,0.33266846310932174,8.454057949761529,68.6743758492563,0.33266846310932174,100
17,339,33661,0.33266846310932174,11.316383495718235,65.98465271733535,0.33266846310932174,100
17,340,33760,0.33266846310932174,12.160965268045416,128.5524225032657,0.33266846310932174,100
17,341,33859,0.33266846310932174,10.272049316227108,107.67237079653836,0.33266846310932174,100
17,342,33958,0.33266846310932174,10.187445171522473,67.4624510265364,0.33266846310932174,100
17,343,34057,0.33266846310932174,12.945734335816802,149.00799136551038,0.33266846310932174,100
17,344,34156,0.33266846310932174,12.424760245228661,87.29657062005366,0.33266846310932174,100
17,345,34255,0.33266846310932174,9.264661945365008,67.56737954743683,0.33266846310932174,100
17,346,34354,0.33266846310932174,8.953796671430286,69.16749522062264,0.33266846310932174,100
17,347,34453,0.33266846310932174,8.716895716224046,81.94902173383309,0.33266846310932174,100
17,348,34552,0.33266846310932174,12.373234777292486,143.26299323937442,0.33266846310932174,100
17,349,34651,0.33266846310932174,11.328186571905249,80.3889693987596,0.33266846310932174,100
17,350,34750,0.33266846310932174,10.070726273288319,66.88286902314788,0.33266846310932174,100
17,351,34849,0.33266846310932174,12.257627363527398,98.86425526285217,0.33266846310932174,100
17,352,34948,0.33266846310932174,11.031906951861075,106.43798966917312,0.33266846310932174,100
17,353,35047,0.33266846310932174,9.5376245992021,65.1570426815548,0.33266846310932174,100
17,354,35146,0.33266846310932174,11.970204694301753,105.99159188856412,0.33266846310932174,100
17,355,35245,0.33266846310932174,10.021737187593267,92.6922797260238,0.33266846310932174,100
17,356,35344,0.33266846310932174,10.421533435784307,71.65560521210604,0.33266846310932174,100
17,357,35443,0.33266846310932174,7.21262492167161,49.25748260272868,0.33266846310932174,100
17,358,35542,0.33266846310932174,10.507095568630703,115.16770593099369,0.33266846310932174,100
17,359,35641,0.33266846310932174,10.028833079208281,81.36681000009406,0.33266846310932174,100
17,360,35740,0.33266846310932174,10.701469811044463,94.27796928700896,0.33266846310932174,100
17,361,35839,0.33266846310932174,10.23930331899037,58.18089262161891,0.33266846310932174,100
17,362,35938,0.33266846310932174,10.737029157179858,56.98927998956735,0.33266846310932174,100
17,363,36037,0.33266846310932174,12.491238025308245,70.68325350300738,0.33266846310932174,100
17,364,36136,0.33266846310932174,10.502185041151264,62.23561496081098,0.33266846310932174,100
17,365,36235,0.33266846310932174,10.481362133487053,74.49630553745364,0.33266846310932174,100
17,366,36334,0.33266846310932174,12.463113159633842,100.5396897670811,0.33266846310932174,100
17,367,36433,0.33266846310932174,11.181630794752584,70.46864961308026,0.33266846310932174,100
17,368,36532,0.33266846310932174,10.631979482566742,74.94837290655462,0.33266846310932174,100
17,369,36631,0.33266846310932174,13.599385936051823,118.73797000009998,0.33266846310932174,100
17,370,36730,0.33266846310932174,12.16173496726678,102.02362755926076,0.33266846310932174,100
17,371,36829,0.33266846310932174,13.372497537880925,128.3928649063443,0.33266846310932174,100
17,372,36928,0.33266846310932174,14.159184489201273,90.52645987749675,0.33266846310932174,100
17,373,37027,0.33266846310932174,14.872697584094004,125.43440128793821,0.33266846310932174,100
17,374,37126,0.33266846310932174,9.510813751379192,56.640295498481315,0.33266846310932174,100
17,375,37225,0.33266846310932174,9.220537212737987,85.24266721676113,0.33266846310932174,100
17,376,37324,0.33266846310932174,10.73578361584955,68.01713791075805,0.33266846310932174,100
17,377,37423,0.33266846310932174,11.319617318997318,124.36236113561104,0.33266846310932174,100
17,378,37522,0.33266846310932174,10.157482964082401,90.54879550455645,0.33266846310932174,100
17,379,37621,0.33266846310932174,9.007262503655038,84.79212073255395,0.33266846310932174,100
17,380,37720,0.33266846310932174,13.490965091372402,136.26520805753594,0.33266846310932174,100
17,381,37819,0.33266846310932174,11.365978168956918,106.08412535307887,0.33266846310932174,100
17,382,37918,0.33266846310932174,11.022533849548436,88.75861586756037,0.33266846310932174,100
17,383,38017,0.33266846310932174,11.20210732616746,94.00767980505584,0.33266846310932174,100
17,384,38116,0.33266846310932174,13.172917467104702,112.055055548293,0.33266846310932174,100
17,385,38215,0.33266846310932174,10.463804653668552,75.07092641240986,0.33266846310932174,100
17,386,38314,0.33266846310932174,12.367296009064978,89.44463455479344,0.33266846310932174,100
17,387,38413,0.33266846310932174,10.241269503891603,89.04182052304691,0.33266846310932174,100
17,388,38512,0.33266846310932174,13.529483190276249,96.17631481151187,0.33266846310932174,100
17,389,38611,0.33266846310932174,15.287085492065867,142.1533887550676,0.33266846310932174,100
17,390,38710,0.33266846310932174,10.149414218018041,57.7879753197123,0.33266846310932174,100
17,391,38809,0.33266846310932174,11.39137425445885,91.85746137157177,0.33266846310932174,100
17,392,38908,0.33266846310932174,11.805612466582954,63.56438494195701,0.33266846310932174,100
17,393,39007,0.33266846310932174,10.581223615900507,80.97430037856299,0.33266846310932174,100
17,394,39106,0.33266846310932174,11.789609162374314,120.9875825233636,0.33266846310932174,100
17,395,39205,0.33266846310932174,13.068623775758278,96.61088224364636,0.33266846310932174,100
17,396,39304,0.33266846310932174,10.351645713390653,97.2226992151676,0.33266846310932174,100
17,397,39403,0.33266846310932174,10.415889526301951,95.62461663704048,0.33266846310932174,100
17,398,39502,0.33266846310932174,10.762234872637409,101.00825282242353,0.33266846310932174,100
17,399,39601,0.33266846310932174,11.269063863639452,99.43817977373678,0.33266846310932174,100
17,400,39700,0.33266846310932174,9.823546179061305,85.69522202754915,0.33266846310932174,100
17,401,39799,0.33266846310932174,10.119503430357424,79.11470072878403,0.33266846310932174,100
17,402,39898,0.33266846310932174,9.999321202390426,63.44314253813344,0.33266846310932174,100
17,403,39997,0.33266846310932174,9.176001682198443,53.95039435919355,0.33266846310932174,100
17,404,40096,0.33266846310932174,9.143142702176364,60.542960815206584,0.33266846310932174,100
17,405,40195,0.33266846310932174,11.336716248660592,73.26936692622918,0.33266846310932174,100
17,406,40294,0.33266846310932174,13.413868112132596,98.89837262515805,0.33266846310932174,100
17,407,40393,0.33266846310932174,11.918182234676475,89.30437495150565,0.33266846310932174,100
17,408,40492,0.33266846310932174,11.785683240644746,96.8845858085857,0.33266846310932174,100
17,409,40591,0.33266846310932174,13.770392795149421,69.6300376636082,0.33266846310932174,100
17,410,40690,0.33266846310932174,13.337704746067221,97.89052647914068,0.33266846310932174,100
17,411,40789,0.33266846310932174,11.482362619915373,70.59329729707714,0.33266846310932174,100
17,412,40888,0.33266846310932174,10.975114724858852,62.02087859122011,0.33266846310932174,100
17,413,40987,0.33266846310932174,11.384331822060735,78.91110858044854,0.33266846310932174,100
17,414,41086,0.33266846310932174,12.396945001055071,120.54417009107698,0.33266846310932174,100
17,415,41185,0.33266846310932174,9.405285448976638,78.2087507152179,0.33266846310932174,100
17,416,41284,0.33266846310932174,11.306598437554342,91.19142064630873,0.33266846310932174,100
17,417,41383,0.33266846310932174,10.937417044557588,89.26534196447169,0.33266846310932174,100
17,418,41482,0.33266846310932174,11.163464583893342,106.22240691452721,0.33266846310932174,100
17,419,41581,0.33266846310932174,10.282750159906731,83.46897347874173,0.33266846310932174,100
17,420,41680,0.33266846310932174,11.26359974049368,60.76532673872937,0.33266846310932174,100
17,421,41779,0.33266846310932174,13.79167079077639,139.44416970193078,0.33266846310932174,100
17,422,41878,0.33266846310932174,11.098160500655265,55.65780293503467,0.33266846310932174,100
17,423,41977,0.33266846310932174,13.14149499574545,113.32904534544585,0.33266846310932174,100
17,424,42076,0.33266846310932174,14.079618983859126,135.41921876229512,0.33266846310932174,100
17,425,42175,0.33266846310932174,9.367484347888471,115.03879277913201,0.33266846310932174,100
17,426,42274,0.33266846310932174,11.743747573295268,80.97516146370273,0.33266846310932174,100
17,427,42373,0.33266846310932174,11.006284000020045,114.02231480214961,0.33266846310932174,100
17,428,42472,0.33266846310932174,13.532128866035299,81.8303119919815,0.33266846310932174,100
17,429,42571,0.33266846310932174,13.250538612728043,85.892784031337,0.33266846310932174,100
17,430,42670,0.33266846310932174,11.650657950293336,62.26314155173779,0.33266846310932174,100
17,431,42769,0.33266846310932174,9.750184995479446,65.20752016191187,0.33266846310932174,100
17,432,42868,0.33266846310932174,11.49528176839287,108.51388869799523,0.33266846310932174,100
17,433,42967,0.33266846310932174,10.5803713449832,85.20707823023632,0.33266846310932174,100
17,434,43066,0.33266846310932174,13.260660327034763,93.46765750334532,0.33266846310932174,100
17,435,43165,0.33266846310932174,10.109457072776856,60.50445900951432,0.33266846310932174,100
17,436,43264,0.33266846310932174,10.268382544078277,114.44645279942426,0.33266846310932174,100
17,437,43363,0.33266846310932174,12.89597954940498,82.61765262528695,0.33266846310932174,100
17,438,43462,0.33266846310932174,10.78079926350308,57.234093691713035,0.33266846310932174,100
17,439,43561,0.33266846310932174,9.496877327365514,80.33497060601607,0.33266846310932174,100
17,440,43660,0.33266846310932174,10.458990281522414,80.5299572473901,0.33266846310932174,100
17,441,43759,0.33266846310932174,12.049749253800037,98.14303067988608,0.33266846310932174,100
17,442,43858,0.33266846310932174,10.462286658122196,79.38098461300056,0.33266846310932174,100
17,443,43957,0.33266846310932174,10.184932832424339,86.34209545434112,0.33266846310932174,100
17,444,44056,0.33266846310932174,9.407745702959035,69.01575795681138,0.33266846310932174,100
17,445,44155,0.33266846310932174,10.830533083182175,140.2666473027001,0.33266846310932174,100
17,446,44254,0.33266846310932174,12.490278854704762,129.114847545608,0.33266846310932174,100
17,447,44353,0.33266846310932174,10.079638651243169,60.56061778505183,0.33266846310932174,100
17,448,44452,0.33266846310932174,12.54194165512759,129.54806910607005,0.33266846310932174,100
17,449,44551,0.33266846310932174,12.238687264920397,79.06524560034669,0.33266846310932174,100
17,450,44650,0.33266846310932174,9.087828952675277,77.18331587423236,0.33266846310932174,100
17,451,44749,0.33266846310932174,11.713703058251962,104.3816212875953,0.33266846310932174,100
17,452,44848,0.33266846310932174,9.328610921084227,65.91077982947881,0.33266846310932174,100
17,453,44947,0.33266846310932174,12.669202448372703,88.67158271767185,0.33266846310932174,100
17,454,45046,0.33266846310932174,10.025025687513613,113.9733694319063,0.33266846310932174,100
17,455,45145,0.33266846310932174,9.161528324345309,96.38384952237894,0.33266846310932174,100
17,456,45244,0.33266846310932174,10.327413362289342,71.34156066551553,0.33266846310932174,100
17,457,45343,0.33266846310932174,10.432908495619358,66.75921800164403,0.33266846310932174,100
17,458,45442,0.33266846310932174,11.744128347065823,60.984371769481825,0.33266846310932174,100
17,459,45541,0.33266846310932174,10.575925951320627,117.4601211987146,0.33266846310932174,100
17,460,45640,0.33266846310932174,14.561031215987507,95.25386773122165,0.33266846310932174,100
17,461,45739,0.33266846310932174,11.072659140630613,67.50792347088111,0.33266846310932174,100
17,462,45838,0.33266846310932174,9.613849489895324,115.19074714887151,0.33266846310932174,100
17,463,45937,0.33266846310932174,11.688914348188021,89.37324789703547,0.33266846310932174,100
17,464,46036,0.33266846310932174,8.326579370346101,93.08583606589694,0.33266846310932174,100
17,465,46135,0.33266846310932174,14.961996617314501,132.71124974963024,0.33266846310932174,100
17,466,46234,0.33266846310932174,12.710220242042471,145.36135642024365,0.33266846310932174,100
17,467,46333,0.33266846310932174,10.882499394244078,92.1313233221039,0.33266846310932174,100
17,468,46432,0.33266846310932174,9.189331604423042,69.6168383164442,0.33266846310932174,100
17,469,46531,0.33266846310932174,9.736410984300381,159.14776044084243,0.33266846310932174,100
17,470,46630,0.33266846310932174,10.498176358270262,79.96367414056557,0.33266846310932174,100
17,471,46729,0.33266846310932174,13.650793295218426,112.20863251870017,0.33266846310932174,100
17,472,46828,0.33266846310932174,10.8008381791817,106.1662537242482,0.33266846310932174,100
17,473,46927,0.33266846310932174,8.381201695427805,67.99719649992042,0.33266846310932174,100
17,474,47026,0.33266846310932174,11.628383125947126,93.24065508614568,0.33266846310932174,100
17,475,47125,0.33266846310932174,13.085445644094017,82.40335024535165,0.33266846310932174,100
17,476,47224,0.33266846310932174,12.248212250533172,76.85728960599745,0.33266846310932174,100
17,477,47323,0.33266846310932174,11.866840200956402,76.91563863691725,0.33266846310932174,100
17,478,47422,0.33266846310932174,10.324509957856584,97.6966816691171,0.33266846310932174,100
17,479,47521,0.33266846310932174,10.784768602179243,92.55053187006715,0.33266846310932174,100
17,480,47620,0.33266846310932174,13.62981058501217,141.81895142861146,0.33266846310932174,100
17,481,47719,0.33266846310932174,11.99391329348697,86.86661119112729,0.33266846310932174,100
17,482,47818,0.33266846310932174,10.598963383766268,77.82477872029781,0.33266846310932174,100
17,483,47917,0.33266846310932174,12.159921158879486,117.71319941830347,0.33266846310932174,100
17,484,48016,0.33266846310932174,12.443779854366102,168.32664131871746,0.33266846310932174,100
17,485,48115,0.33266846310932174,10.28735315307234,93.15481763031961,0.33266846310932174,100
17,486,48214,0.33266846310932174,11.724982787713454,129.76139394059177,0.33266846310932174,100
17,487,48313,0.33266846310932174,8.859469117853314,79.04439502975687,0.33266846310932174,100
17,488,48412,0.33266846310932174,11.482215047015998,104.15680222900009,0.33266846310932174,100
17,489,48511,0.33266846310932174,13.375495343604243,131.29584935027046,0.33266846310932174,100
17,490,48610,0.33266846310932174,14.912364105661831,126.99424332921464,0.33266846310932174,100
17,491,48709,0.33266846310932174,11.937558204454424,119.90902779735481,0.33266846310932174,100
17,492,48808,0.33266846310932174,12.775074901373117,101.9045308528772,0.33266846310932174,100
17,493,48907,0.33266846310932174,11.681129674517006,87.40197753167698,0.33266846310932174,100
17,494,49006,0.33266846310932174,15.034237462299854,140.61496019837526,0.33266846310932174,100
17,495,49105,0.33266846310932174,9.094698700984434,66.8709940494966,0.33266846310932174,100
17,496,49204,0.33266846310932174,9.002664042328618,61.399405023010196,0.33266846310932174,100
17,497,49303,0.33266846310932174,10.690673889141118,70.60332552212981,0.33266846310932174,100
17,498,49402,0.33266846310932174,9.553800918018384,84.46801109496056,0.33266846310932174,100
17,499,49501,0.33266846310932174,11.085319727242894,81.35145674090204,0.33266846310932174,100
17,500,49600,0.33266846310932174,11.694784069451464,76.05707448407456,0.33266846310932174,100
17,501,49699,0.33266846310932174,14.095539790684375,89.43556563489524,0.33266846310932174,100
17,502,49798,0.33266846310932174,13.018302302436599,80.24586899968331,0.33266846310932174,100
17,503,49897,0.33266846310932174,12.977439589046005,88.2261530618077,0.33266846310932174,100
17,504,49996,0.33266846310932174,8.098838264723815,58.24619194240769,0.33266846310932174,100
17,505,50000,0.33266846310932174,6.275775971487382,36.87575664010841,0.33266846310932174,100
18,0,100,181.6441162120737,579.3769743120404,1057.2066906040006,181.6441162120737,100
18,1,199,77.36307222823403,326.24013375929974,804.5237016640841,77.36307222823403,100
18,2,298,33.93260683448369,144.95643782505667,471.08574447531186,33.93260683448369,100
18,3,397,19.790747710064064,85.92280902771464,260.10416733645945,19.790747710064064,100
18,4,496,10.528218114483867,43.75754615428,103.14777872505782,10.528218114483867,100
18,5,595,4.896652840190437,28.05591687648047,107.58607796259925,4.896652840190437,100
18,6,694,2.97255641854881,19.845591819592627,98.37716752563558,2.97255641854881,100
18,7,793,2.7238039500970377,16.52770241467049,84.6232965023336,2.7238039500970377,100
18,8,892,2.63894783827024,17.729823194359767,115.9793091195777,2.63894783827024,100
18,9,991,1.972331598744497,13.372492705420871,57.52913540691744,1.972331598744497,100
18,10,1090,1.3761022602571213,14.026116319760114,125.49209527953214,1.3761022602571213,100
18,11,1189,1.3568965099491277,15.955530429421556,84.32245458593303,1.3568965099491277,100
18,12,1288,1.2555990016463254,12.073692488094911,80.3123841444761,1.2555990016463254,100
18,13,1387,0.9657302882994413,14.047947532018588,110.58728017588099,0.9657302882994413,100
18,14,1486,0.8367665415184622,12.508251661647906,80.28192722150251,0.8367665415184622,100
18,15,1585,0.7824958099284,15.13555394103907,101.49506827529763,0.7824958099284,100
18,16,1684,0.7824958099284,13.528329128741508,77.5999538989329,0.7824958099284,100
18,17,1783,0.7824958099284,10.913712285083296,71.67763881898394,0.7824958099284,100
18,18,1882,0.5442075177083799,10.465306720304392,64.52681591390238,0.5442075177083799,100
18,19,1981,0.5442075177083799,8.399211595481354,55.8044803216707,0.5442075177083799,100
18,20,2080,0.5442075177083799,13.732197010560832,81.69962623504824,0.5442075177083799,100
18,21,2179,0.5442075177083799,13.108564769924778,124.61299624358259,0.5442075177083799,100
18,22,2278,0.5442075177083799,12.121735549946207,77.42162840655288,0.5442075177083799,100
18,23,2377,0.5442075177083799,12.047828170645746,116.2394493154446,0.5442075177083799,100
18,24,2476,0.5442075177083799,9.59523373798192,57.147184948383675,0.5442075177083799,100
18,25,2575,0.5442075177083799,9.964195211514333,64.49768667528147,0.5442075177083799,100
18,26,2674,0.5442075177083799,9.541539627199525,126.22110153698634,0.5442075177083799,100
18,27,2773,0.5442075177083799,12.604933089004547,112.12919150300033,0.5442075177083799,100
18,28,2872,0.5178796370843607,11.681399222547197,116.94566789282432,0.5178796370843607,100
18,29,2971,0.5178796370843607,11.479569172393358,89.89567349979797,0.5178796370843607,100
18,30,3070,0.4956607716565482,10.996391688626984,118.92666885265501,0.4956607716565482,100
18,31,3169,0.4956607716565482,14.970904377148413,120.57982563225438,0.4956607716565482,100
18,32,3268,0.48529347265727935,9.845382327571143,127.10807203531898,0.48529347265727935,100
18,33,3367,0.48529347265727935,13.758237065889725,93.14372848476076,0.48529347265727935,100
18,34,3466,0.48529347265727935,11.217683664352663,94.67938828585525,0.48529347265727935,100
18,35,3565,0.48529347265727935,12.704137905691244,71.13503577117592,0.48529347265727935,100
18,36,3664,0.48529347265727935,12.123937914791401,78.1908015810217,0.48529347265727935,100
18,37,3763,0.4806260735220927,11.191374920933235,79.84789272116709,0.4806260735220927,100
18,38,3862,0.4806260735220927,12.821087847099331,131.91689877466368,0.4806260735220927,100
18,39,3961,0.4806260735220927,12.575428083926006,83.65103362489315,0.4806260735220927,100
18,40,4060,0.4806260735220927,11.822795423757967,77.55250370967282,0.4806260735220927,100
18,41,4159,0.4806260735220927,12.308805287638357,85.03062215241263,0.4806260735220927,100
18,42,4258,0.4806260735220927,8.264566991671623,57.73317902037204,0.4806260735220927,100
18,43,4357,0.4806260735220927,10.035901901381402,57.31475188925521,0.4806260735220927,100
18,44,4456,0.4806260735220927,11.004457237735528,110.63822389613864,0.4806260735220927,100
18,45,4555,0.4806260735220927,10.644568150562352,85.23752468581596,0.4806260735220927,100
18,46,4654,0.4806260735220927,11.429789061822461,88.59198929146389,0.4806260735220927,100
18,47,4753,0.4806260735220927,12.228797906972629,90.72752264292797,0.4806260735220927,100
18,48,4852,0.4806260735220927,11.078101695989234,53.39788431441565,0.4806260735220927,100
18,49,4951,0.4806260735220927,10.919675385459245,140.29219228279598,0.4806260735220927,100
18,50,5050,0.4806260735220927,13.393924090282315,137.54421548835018,0.4806260735220927,100
18,51,5149,0.4806260735220927,11.578518981775202,79.66176799232622,0.4806260735220927,100
18,52,5248,0.4806260735220927,10.51523683722143,84.24814886649901,0.4806260735220927,100
18,53,5347,0.4782500715095802,9.146692011601546,72.27659772675631,0.4782500715095802,100
18,54,5446,0.42858429810416904,11.017169159604304,132.48205774868123,0.42858429810416904,100
18,55,5545,0.42858429810416904,10.143425922954327,69.05141624108292,0.42858429810416904,100
18,56,5644,0.42858429810416904,9.889485962423032,71.57739783256054,0.42858429810416904,100
18,57,5743,0.42858429810416904,11.105630291758018,76.30855929126633,0.42858429810416904,100
18,58,5842,0.42858429810416904,11.196796480568155,84.21657927102257,0.42858429810416904,100
18,59,5941,0.41092929579206117,13.526782151758493,136.27102506206037,0.41092929579206117,100
18,60,6040,0.41092929579206117,9.25354937573056,65.33416903515392,0.41092929579206117,100
18,61,6139,0.41092929579206117,11.756719762509801,99.72002487812738,0.41092929579206117,100
18,62,6238,0.41092929579206117,11.057053016893851,91.99079154106948,0.41092929579206117,100
18,63,6337,0.41092929579206117,9.73301103734691,67.1928467446229,0.41092929579206117,100
18,64,6436,0.41092929579206117,11.40614576606971,81.51760888471321,0.41092929579206117,100
18,65,6535,0.41092929579206117,11.190992830701441,72.20414822225028,0.41092929579206117,100
18,66,6634,0.3773789353338969,14.945151096936447,72.86826099830088,0.3773789353338969,100
18,67,6733,0.3773789353338969,10.922174840381892,76.74299207969788,0.3773789353338969,100
18,68,6832,0.3773789353338969,13.805903881068502,106.24734004257452,0.3773789353338969,100
18,69,6931,0.3773789353338969,10.296511221772718,113.03280366532512,0.3773789353338969,100
18,70,7030,0.3773789353338969,10.513190425263245,64.2102025085665,0.3773789353338969,100
18,71,7129,0.3773789353338969,12.228396733224734,85.78334776869141,0.3773789353338969,100
18,72,7228,0.3773789353338969,11.741408721595947,97.24765454662368,0.3773789353338969,100
18,73,7327,0.3342861925682371,9.480930559265738,79.01209904259777,0.3342861925682371,100
18,74,7426,0.3342861925682371,11.580567658147475,62.881174035967,0.3342861925682371,100
18,75,7525,0.3342861925682371,11.766640438594173,104.13184800067025,0.3342861925682371,100
18,76,7624,0.3342861925682371,11.667716727556906,107.505455250942,0.3342861925682371,100
18,77,7723,0.3342861925682371,13.400239583328284,117.03794028947686,0.3342861925682371,100
18,78,7822,0.3342861925682371,8.598961002763444,70.90637878696145,0.3342861925682371,100
18,79,7921,0.3342861925682371,13.404377068238595,106.09347515932467,0.3342861925682371,100
18,80,8020,0.3342861925682371,11.759141563327985,104.27717609610129,0.3342861925682371,100
18,81,8119,0.3342861925682371,11.796989486555153,78.62865681371399,0.3342861925682371,100
18,82,8218,0.3342861925682371,14.284416201121974,133.4420755798062,0.3342861925682371,100
18,83,8317,0.3342861925682371,15.388867752132407,100.08677851632599,0.3342861925682371,100
18,84,8416,0.3342861925682371,12.499186115203873,83.41045820291951,0.3342861925682371,100
18,85,8515,0.3342861925682371,12.260886599025296,77.97026467789092,0.3342861925682371,100
18,86,8614,0.3342861925682371,9.354390021067504,61.43221546027037,0.3342861925682371,100
18,87,8713,0.3342861925682371,13.635537845449852,112.38622708865586,0.3342861925682371,100
18,88,8812,0.3342861925682371,12.989583314596262,121.5599653672582,0.3342861925682371,100
18,89,8911,0.3342861925682371,10.788625879486105,74.26703750630259,0.3342861925682371,100
18,90,9010,0.3342861925682371,12.416964021586022,62.180120048701504,0.3342861925682371,100
18,91,9109,0.3342861925682371,14.116486135040928,101.40264072870826,0.3342861925682371,100
18,92,9208,0.3342861925682371,11.600662126004243,78.48180364116936,0.3342861925682371,100
18,93,9307,0.3342861925682371,11.402162713135752,71.05527796124936,0.3342861925682371,100
18,94,9406,0.3342861925682371,9.309717566661538,71.42349557885373,0.3342861925682371,100
18,95,9505,0.3342861925682371,11.35449656020109,105.68486356516412,0.3342861925682371,100
18,96,9604,0.3342861925682371,10.250330320304501,71.06674875222842,0.3342861925682371,100
18,97,9703,0.3342861925682371,12.127012348042445,85.00378994866816,0.3342861925682371,100
18,98,9802,0.3342861925682371,11.78822643401772,66.74931478326951,0.3342861925682371,100
18,99,9901,0.3342861925682371,11.272615570548357,66.55031095683887,0.3342861925682371,100
18,100,10000,0.3342861925682371,11.665374767192713,83.4361974911016,0.3342861925682371,100
18,101,10099,0.3342861925682371,10.508370628605103,62.05969466538508,0.3342861925682371,100
18,102,10198,0.3342861925682371,11.48471533335532,86.70681920547405,0.3342861925682371,100
18,103,10297,0.3342861925682371,14.912527447231508,88.89608317587549,0.3342861925682371,100
18,104,10396,0.3342861925682371,7.964624399570397,54.63247263070446,0.3342861925682371,100
18,105,10495,0.3342861925682371,11.327539318734033,68.32516260514547,0.3342861925682371,100
18,106,10594,0.3342861925682371,11.635615865387244,66.35047178129908,0.3342861925682371,100
18,107,10693,0.3342861925682371,12.31685301944513,88.12906134182909,0.3342861925682371,100
18,108,10792,0.3342861925682371,14.544988816304235,98.07927785233994,0.3342861925682371,100
18,109,10891,0.3342861925682371,11.34326556163832,96.36944280242209,0.3342861925682371,100
18,110,10990,0.3342861925682371,12.240897192446626,113.76416305096136,0.3342861925682371,100
18,111,11089,0.3342861925682371,9.737721919480398,80.32030790338806,0.3342861925682371,100
18,112,11188,0.3342861925682371,10.433984277015606,93.42676204953464,0.3342861925682371,100
18,113,11287,0.3342861925682371,11.912283383929735,91.59234428773489,0.3342861925682371,100
18,114,11386,0.3342861925682371,9.363639775752368,76.31450520254688,0.3342861925682371,100
18,115,11485,0.3342861925682371,10.73425300317519,127.64550518872583,0.3342861925682371,100
18,116,11584,0.3342861925682371,11.457356031330727,88.97178010031774,0.3342861925682371,100
18,117,11683,0.3342861925682371,10.012609054430435,67.83209042988629,0.3342861925682371,100
18,118,11782,0.3342861925682371,10.443561587129425,69.09049252188107,0.3342861925682371,100
18,119,11881,0.3342861925682371,13.17937950206035,84.02445088035853,0.3342861925682371,100
18,120,11980,0.3342861925682371,12.49013863252762,97.78082305118681,0.3342861925682371,100
18,121,12079,0.3342861925682371,12.738667696222219,106.49318059508875,0.3342861925682371,100
18,122,12178,0.3342861925682371,11.126105977598034,70.5896610309986,0.3342861925682371,100
18,123,12277,0.3342861925682371,11.224795130065395,62.27370359251972,0.3342861925682371,100
18,124,12376,0.3342861925682371,12.481430582481996,88.70302998660732,0.3342861925682371,100
18,125,12475,0.3342861925682371,8.896982236787073,88.34557764327204,0.3342861925682371,100
18,126,12574,0.3342861925682371,9.176113494034588,124.50869400095279,0.3342861925682371,100
18,127,12673,0.3342861925682371,10.946833993316876,70.24045565509319,0.3342861925682371,100
18,128,12772,0.3342861925682371,13.16058304964725,87.96076535257554,0.3342861925682371,100
18,129,12871,0.3342861925682371,10.390665518087653,102.75961599277787,0.3342861925682371,100
18,130,12970,0.3342861925682371,11.647080788902967,109.50968395771018,0.3342861925682371,100
18,131,13069,0.3342861925682371,10.412827424274262,80.92658755671478,0.3342861925682371,100
18,132,13168,0.3342861925682371,12.068599793775753,62.298403203766576,0.3342861925682371,100
18,133,13267,0.3342861925682371,12.648867180836216,117.16464202840179,0.3342861925682371,100
18,134,13366,0.3342861925682371,10.72940089652892,73.78346951897804,0.3342861925682371,100
18,135,13465,0.3342861925682371,10.30739619651969,74.51890964192091,0.3342861925682371,100
18,136,13564,0.3342861925682371,7.27174376195878,49.09621064630794,0.3342861925682371,100
18,137,13663,0.3342861925682371,10.565902326084448,52.30062268894421,0.3342861925682371,100
18,138,13762,0.3342861925682371,10.144422601996025,86.58029491596783,0.3342861925682371,100
18,139,13861,0.3342861925682371,11.073368114897725,113.42693509510087,0.3342861925682371,100
18,140,13960,0.3342861925682371,11.089516926959341,122.49550950335946,0.3342861925682371,100
18,141,14059,0.3342861925682371,13.051960394343958,80.66083961765737,0.3342861925682371,100
18,142,14158,0.3342861925682371,10.927980639753446,75.8808356166517,0.3342861925682371,100
18,143,14257,0.3342861925682371,9.886286989137961,104.5506396126914,0.3342861925682371,100
18,144,14356,0.3342861925682371,10.689679814245851,90.94396637474739,0.3342861925682371,100
18,145,14455,0.3342861925682371,11.150430863153716,84.28214874128747,0.3342861925682371,100
18,146,14554,0.3342861925682371,9.923043303715428,82.9370047136472,0.3342861925682371,100
18,147,14653,0.3342861925682371,13.906330778234496,79.59125476802939,0.3342861925682371,100
18,148,14752,0.3342861925682371,12.200303048778622,74.32978292641671,0.3342861925682371,100
18,149,14851,0.3342861925682371,9.708723465062699,105.62653335364534,0.3342861925682371,100
18,150,14950,0.3342861925682371,7.286263139860001,45.90646395679109,0.3342861925682371,100
18,151,15049,0.3342861925682371,8.398359466188861,73.56475676634238,0.3342861925682371,100
18,152,15148,0.3342861925682371,12.594228558985337,95.39920619101403,0.3342861925682371,100
18,153,15247,0.3342861925682371,10.310270532208774,85.51639247546174,0.3342861925682371,100
18,154,15346,0.3342861925682371,16.34202043725747,98.04576467482366,0.3342861925682371,100
18,155,15445,0.3342861925682371,9.614355769809698,59.21952732046384,0.3342861925682371,100
18,156,15544,0.3342861925682371,13.017578772722283,126.87507133243372,0.3342861925682371,100
18,157,15643,0.3342861925682371,9.648651524719735,63.895415301274205,0.3342861925682371,100
18,158,15742,0.3342861925682371,10.683524625625466,71.9412409041669,0.3342861925682371,100
18,159,15841,0.3342861925682371,8.673635016634037,87.64142295858397,0.3342861925682371,100
18,160,15940,0.3342861925682371,11.656536124092167,83.21316996783567,0.3342861925682371,100
18,161,16039,0.3342861925682371,14.798374789013735,76.7256003138059,0.3342861925682371,100
18,162,16138,0.3342861925682371,10.937457592469123,101.31267685487654,0.3342861925682371,100
18,163,16237,0.3342861925682371,10.612584149750742,76.79552012099414,0.3342861925682371,100
18,164,16336,0.3342861925682371,12.796985546797714,109.82565781876507,0.3342861925682371,100
18,165,16435,0.3342861925682371,9.233648850898101,100.69789598586328,0.3342861925682371,100
18,166,16534,0.3342861925682371,11.149552094389016,74.02639812895481,0.3342861925682371,100
18,167,16633,0.3342861925682371,9.452975021576712,82.49527100973687,0.3342861925682371,100
18,168,16732,0.3342861925682371,15.173282451445795,102.54254894472142,0.3342861925682371,100
18,169,16831,0.3342861925682371,11.937904799352875,78.84701828429215,0.3342861925682371,100
18,170,16930,0.3342861925682371,11.67882066813288,114.28963841164689,0.3342861925682371,100
18,171,17029,0.3342861925682371,11.330549044387412,70.02999519459874,0.3342861925682371,100
18,172,17128,0.3342861925682371,12.797776766790806,122.83267894890605,0.3342861925682371,100
18,173,17227,0.3342861925682371,10.713337080126255,70.53853253267077,0.3342861925682371,100
18,174,17326,0.3342861925682371,11.69241641957181,96.41693617141853,0.3342861925682371,100
18,175,17425,0.3342861925682371,11.738306096054366,138.94831086353778,0.3342861925682371,100
18,176,17524,0.3342861925682371,9.728528852417725,63.439277235424896,0.3342861925682371,100
18,177,17623,0.3342861925682371,10.79492241666175,93.41940321909213,0.3342861925682371,100
18,178,17722,0.3342861925682371,11.151454998626402,74.93644808643583,0.3342861925682371,100
18,179,17821,0.3342861925682371,11.42434783774824,113.07399342583659,0.3342861925682371,100
18,180,17920,0.3342861925682371,13.735419852244172,88.53754897448444,0.3342861925682371,100
18,181,18019,0.3342861925682371,10.86683370872468,106.97115323838781,0.3342861925682371,100
18,182,18118,0.3342861925682371,12.728130825580562,99.84233796888903,0.3342861925682371,100
18,183,18217,0.3342861925682371,12.011091476810595,117.24997030946663,0.3342861925682371,100
18,184,18316,0.3342861925682371,16.155461556627685,161.85485186096616,0.3342861925682371,100
18,185,18415,0.3342861925682371,13.00945308817672,74.43952600170934,0.3342861925682371,100
18,186,18514,0.3342861925682371,10.300534950340074,124.875751838274,0.3342861925682371,100
18,187,18613,0.3342861925682371,10.037302343170028,60.01554823571796,0.3342861925682371,100
18,188,18712,0.3342861925682371,10.65365072068311,103.15205048331474,0.3342861925682371,100
18,189,18811,0.3342861925682371,8.705156539778052,64.25645122848744,0.3342861925682371,100
18,190,18910,0.3342861925682371,7.035710843093957,72.01730178905186,0.3342861925682371,100
18,191,19009,0.3342861925682371,11.694419475026002,151.82708134663523,0.3342861925682371,100
18,192,19108,0.3342861925682371,10.2787026411177,73.4034841816812,0.3342861925682371,100
18,193,19207,0.3342861925682371,9.658038687449322,104.02156666315238,0.3342861925682371,100
18,194,19306,0.3342861925682371,12.11187190034619,144.10387393718884,0.3342861925682371,100
18,195,19405,0.3342861925682371,11.472927942303599,110.11525131444171,0.3342861925682371,100
18,196,19504,0.3342861925682371,10.610777640972794,79.71245525678265,0.3342861925682371,100
18,197,19603,0.3342861925682371,10.78632978709246,72.97893898054907,0.3342861925682371,100
18,198,19702,0.3342861925682371,12.134960211987352,136.29780972118903,0.3342861925682371,100
18,199,19801,0.3342861925682371,11.010561330829896,87.25616425517705,0.3342861925682371,100
18,200,19900,0.3342861925682371,10.080396572479131,61.318072391592764,0.3342861925682371,100
18,201,19999,0.3342861925682371,11.290213484075187,64.44872413118043,0.3342861925682371,100
18,202,20098,0.3342861925682371,12.813971901679503,135.41227964551936,0.3342861925682371,100
18,203,20197,0.3342861925682371,12.563587453778233,109.83299197529763,0.3342861925682371,100
18,204,20296,0.3342861925682371,13.23723141976921,97.57128987936417,0.3342861925682371,100
18,205,20395,0.3342861925682371,13.74280290646166,105.8460005734636,0.3342861925682371,100
18,206,20494,0.3342861925682371,12.436620134597415,94.89031671943515,0.3342861925682371,100
18,207,20593,0.3342861925682371,11.228570001741055,72.80941559947148,0.3342861925682371,100
18,208,20692,0.3342861925682371,11.943356258862929,78.65971180791726,0.3342861925682371,100
18,209,20791,0.3342861925682371,13.080025186150984,73.13571664924841,0.3342861925682371,100
18,210,20890,0.3342861925682371,12.124058904342526,82.03468902706676,0.3342861925682371,100
18,211,20989,0.3342861925682371,10.5027469472382,86.56064195985363,0.3342861925682371,100
18,212,21088,0.3342861925682371,11.7474471668535,56.93752145195662,0.3342861925682371,100
18,213,21187,0.3342861925682371,12.814790699798044,81.00702494575125,0.3342861925682371,100
18,214,21286,0.3342861925682371,13.90465601190269,81.60076913710168,0.3342861925682371,100
18,215,21385,0.3342861925682371,11.905957715916223,66.58469794613143,0.3342861925682371,100
18,216,21484,0.3342861925682371,10.376875242685148,80.07427285808242,0.3342861925682371,100
18,217,21583,0.3342861925682371,11.501213714358244,96.29223219940187,0.3342861925682371,100
18,218,21682,0.3342861925682371,9.234488966085502,75.15783735655818,0.3342861925682371,100
18,219,21781,0.3342861925682371,8.87579589320609,94.30966104746929,0.3342861925682371,100
18,220,21880,0.3342861925682371,8.697795762309505,52.10467761848264,0.3342861925682371,100
18,221,21979,0.3342861925682371,9.632561859312666,58.21249484208259,0.3342861925682371,100
18,222,22078,0.3342861925682371,11.13869237740055,107.44122292397694,0.3342861925682371,100
18,223,22177,0.3342861925682371,8.889503797439888,69.79159026264921,0.3342861925682371,100
18,224,22276,0.3342861925682371,11.970541968901815,76.40190362452286,0.3342861925682371,100
18,225,22375,0.3342861925682371,13.328314210908477,86.01924598041077,0.3342861925682371,100
18,226,22474,0.3342861925682371,10.851543709611422,94.1693362503315,0.3342861925682371,100
18,227,22573,0.3342861925682371,12.700650474750248,76.54960709701557,0.3342861925682371,100
18,228,22672,0.3342861925682371,10.929490887557748,106.26590558418059,0.3342861925682371,100
18,229,22771,0.3342861925682371,10.513400673998387,88.77056398678384,0.3342861925682371,100
18,230,22870,0.3342861925682371,12.151027762618902,84.4094859226038,0.3342861925682371,100
18,231,22969,0.3342861925682371,12.765785294389808,123.03705691787619,0.3342861925682371,100
18,232,23068,0.3342861925682371,11.80606287972627,91.88608726150653,0.3342861925682371,100
18,233,23167,0.3342861925682371,14.841769069863581,109.70612328926424,0.3342861925682371,100
18,234,23266,0.3342861925682371,10.09450406130392,77.28238276336852,0.3342861925682371,100
18,235,23365,0.3342861925682371,12.507369842056232,86.10729134217408,0.3342861925682371,100
18,236,23464,0.3342861925682371,13.298909262560883,71.29420936450971,0.3342861925682371,100
18,237,23563,0.3342861925682371,12.031220320186554,93.8695919907072,0.3342861925682371,100
18,238,23662,0.3342861925682371,13.608857719958989,74.39730908630584,0.3342861925682371,100
18,239,23761,0.3342861925682371,13.678130075076394,99.7979790755182,0.3342861925682371,100
18,240,23860,0.3342861925682371,10.846337481386724,110.38601530950318,0.3342861925682371,100
18,241,23959,0.3342861925682371,12.431528860651069,78.37685849766834,0.3342861925682371,100
18,242,24058,0.3342861925682371,14.456458379636613,107.7561415470362,0.3342861925682371,100
18,243,24157,0.3342861925682371,9.409139350674465,62.19821885463866,0.3342861925682371,100
18,244,24256,0.3342861925682371,11.31839966046551,89.78823788257233,0.3342861925682371,100
18,245,24355,0.3342861925682371,12.722975609010343,82.4919505672283,0.3342861925682371,100
18,246,24454,0.3342861925682371,11.125595529520629,61.34407913267261,0.3342861925682371,100
18,247,24553,0.3342861925682371,8.12550901783115,82.36538784836628,0.3342861925682371,100
18,248,24652,0.3342861925682371,7.845006263479747,46.96705802333749,0.3342861925682371,100
18,249,24751,0.3342861925682371,10.024777859406818,83.74098895388124,0.3342861925682371,100
18,250,24850,0.3342861925682371,12.553311410976992,115.56295500276362,0.3342861925682371,100
18,251,24949,0.3342861925682371,8.530077020834566,46.7836220837561,0.3342861925682371,100
18,252,25048,0.3342861925682371,9.63988471746119,69.17015372255169,0.3342861925682371,100
18,253,25147,0.3342861925682371,12.557067624296668,143.43302189167864,0.3342861925682371,100
18,254,25246,0.3342861925682371,8.508959663034831,112.80897850358485,0.3342861925682371,100
18,255,25345,0.3342861925682371,8.371573680106604,99.59560399819905,0.3342861925682371,100
18,256,25444,0.3342861925682371,12.40934858380577,94.70737343557852,0.3342861925682371,100
18,257,25543,0.3342861925682371,10.008619617701987,79.75632260360358,0.3342861925682371,100
18,258,25642,0.3342861925682371,10.257535293873598,77.2780111845874,0.3342861925682371,100
18,259,25741,0.3342861925682371,10.591894606652277,106.00645063869727,0.3342861925682371,100
18,260,25840,0.3342861925682371,11.679185205497951,72.31223777199594,0.3342861925682371,100
18,261,25939,0.3342861925682371,8.95099281533026,78.79425293931556,0.3342861925682371,100
18,262,26038,0.3342861925682371,12.28783983975112,91.69694093117698,0.3342861925682371,100
18,263,26137,0.3342861925682371,9.802187039936458,60.46884232322519,0.3342861925682371,100
18,264,26236,0.3342861925682371,11.809459592189153,69.07617352629977,0.3342861925682371,100
18,265,26335,0.3342861925682371,8.880470131320106,81.81068787031062,0.3342861925682371,100
18,266,26434,0.3342861925682371,11.16269737371963,93.31680813188106,0.3342861925682371,100
18,267,26533,0.3342861925682371,8.128808288924263,54.065272728903956,0.3342861925682371,100
18,268,26632,0.3342861925682371,9.690375592735043,107.34140109397764,0.3342861925682371,100
18,269,26731,0.3342861925682371,11.185932412067029,69.94910816661636,0.3342861925682371,100
18,270,26830,0.3342861925682371,12.632264904288256,103.68000450417483,0.3342861925682371,100
18,271,26929,0.3342861925682371,9.061352053460833,74.46621352490052,0.3342861925682371,100
18,272,27028,0.3342861925682371,11.585317386563132,105.09455423939374,0.3342861925682371,100
18,273,27127,0.3342861925682371,12.008829498826794,109.52687892144664,0.3342861925682371,100
18,274,27226,0.3342861925682371,11.313416009896155,90.34144162305273,0.3342861925682371,100
18,275,27325,0.3342861925682371,11.976148278010127,83.91416211703903,0.3342861925682371,100
18,276,27424,0.3342861925682371,10.181181940258515,71.4780326062895,0.3342861925682371,100
18,277,27523,0.3342861925682371,9.767006025806436,100.71513977061721,0.3342861925682371,100
18,278,27622,0.3342861925682371,12.892165817992757,95.68722565339152,0.3342861925682371,100
18,279,27721,0.3342861925682371,12.477015043801632,73.33628598160877,0.3342861925682371,100
18,280,27820,0.3342861925682371,9.409107612607295,55.57041947422121,0.3342861925682371,100
18,281,27919,0.3342861925682371,10.355194469624637,70.76416381606387,0.3342861925682371,100
18,282,28018,0.3342861925682371,12.139531612278809,67.15338063666249,0.3342861925682371,100
18,283,28117,0.3342861925682371,12.64149307848793,64.06836516931338,0.3342861925682371,100
18,284,28216,0.3342861925682371,10.67489181696187,104.95988653469918,0.3342861925682371,100
18,285,28315,0.3342861925682371,11.766938414882741,120.51745501540968,0.3342861925682371,100
18,286,28414,0.3342861925682371,10.241575168804372,90.74343230903824,0.3342861925682371,100
18,287,28513,0.3342861925682371,12.238998838106642,84.87524464737295,0.3342861925682371,100
18,288,28612,0.3342861925682371,10.600027675427286,70.3152397110458,0.3342861925682371,100
18,289,28711,0.3342861925682371,9.49606076552479,68.81749966281224,0.3342861925682371,100
18,290,28810,0.3342861925682371,10.738824817227629,59.786355385810886,0.3342861925682371,100
18,291,28909,0.3342861925682371,13.402529433534674,87.48561839639005,0.3342861925682371,100
18,292,29008,0.3342861925682371,12.458802513248388,68.62076713950681,0.3342861925682371,100
18,293,29107,0.3342861925682371,9.941166322373626,63.55293401987667,0.3342861925682371,100
18,294,29206,0.3342861925682371,13.152538346582684,82.13455281634212,0.3342861925682371,100
18,295,29305,0.3342861925682371,8.70153728506994,103.52449150375723,0.3342861925682371,100
18,296,29404,0.3342861925682371,12.028342347115647,84.0520707898782,0.3342861925682371,100
18,297,29503,0.3342861925682371,11.57624558919167,174.90559912048198,0.3342861925682371,100
18,298,29602,0.3342861925682371,9.739342693653295,40.2719762817829,0.3342861925682371,100
18,299,29701,0.3342861925682371,12.30747288713931,123.36322365874999,0.3342861925682371,100
18,300,29800,0.3342861925682371,12.021537587065772,83.56509734115153,0.3342861925682371,100
18,301,29899,0.3342861925682371,12.60963766217314,171.2343164116386,0.3342861925682371,100
18,302,29998,0.3342861925682371,8.682098733826619,51.661012468672844,0.3342861925682371,100
18,303,30097,0.3342861925682371,12.2301526290521,63.03696040669906,0.3342861925682371,100
18,304,30196,0.3342861925682371,10.493082123957686,93.63554200913964,0.3342861925682371,100
18,305,30295,0.3342861925682371,14.674517193730471,95.98964595276102,0.3342861925682371,100
18,306,30394,0.3342861925682371,9.48268263491621,86.4110407651568,0.3342861925682371,100
18,307,30493,0.3342861925682371,10.789095112352154,96.28746257006758,0.3342861925682371,100
18,308,30592,0.3342861925682371,12.335333374017198,69.18048752979436,0.3342861925682371,100
18,309,30691,0.3342861925682371,13.33909276710383,76.73305206494734,0.3342861925682371,100
18,310,30790,0.3342861925682371,11.555627567742857,115.76935439533743,0.3342861925682371,100
18,311,30889,0.3342861925682371,14.340816537304127,139.95513009504216,0.3342861925682371,100
18,312,30988,0.3342861925682371,11.144681311547252,93.30481162037394,0.3342861925682371,100
18,313,31087,0.3342861925682371,11.126182330349144,62.532798919421154,0.3342861925682371,100
18,314,31186,0.3342861925682371,13.479246497694323,131.75644250814702,0.3342861925682371,100
18,315,31285,0.3342861925682371,11.693157030103901,74.02248790707722,0.3342861925682371,100
18,316,31384,0.3342861925682371,14.278059627189997,106.3359602562114,0.3342861925682371,100
18,317,31483,0.3342861925682371,13.035957107806034,75.3586283634331,0.3342861925682371,100
18,318,31582,0.3342861925682371,8.76299861805932,58.624410993135214,0.3342861925682371,100
18,319,31681,0.3342861925682371,11.33901667645294,121.24446426037781,0.3342861925682371,100
18,320,31780,0.3342861925682371,8.285270377850015,79.97811210064012,0.3342861925682371,100
18,321,31879,0.3342861925682371,8.778400874327836,57.86939368546715,0.3342861925682371,100
18,322,31978,0.3342861925682371,14.065816723386163,95.57359093239991,0.3342861925682371,100
18,323,32077,0.3342861925682371,10.528842026852715,124.73778359606008,0.3342861925682371,100
18,324,32176,0.3342861925682371,8.877116822387288,90.14033916825719,0.3342861925682371,100
18,325,32275,0.3342861925682371,9.9242340947212,123.94313643959823,0.3342861925682371,100
18,326,32374,0.3342861925682371,11.49859410844042,62.585031722350415,0.3342861925682371,100
18,327,32473,0.3342861925682371,12.883733164004088,101.3554928897858,0.3342861925682371,100
18,328,32572,0.3342861925682371,13.414343165950672,150.24559815145244,0.3342861925682371,100
18,329,32671,0.3342861925682371,12.195102336474871,102.44372550229711,0.3342861925682371,100
18,330,32770,0.3342861925682371,9.866216732676556,55.732208009120626,0.3342861925682371,100
18,331,32869,0.3342861925682371,8.371000300454812,60.47476055674732,0.3342861925682371,100
18,332,32968,0.3342861925682371,15.76458821720573,125.79786531313465,0.3342861925682371,100
18,333,33067,0.3342861925682371,11.713054276420152,94.87209749722336,0.3342861925682371,100
18,334,33166,0.3342861925682371,11.22116727284747,113.31260714481608,0.3342861925682371,100
18,335,33265,0.3342861925682371,10.8211807032161,69.73338451031101,0.3342861925682371,100
18,336,33364,0.3342861925682371,14.149942718176533,81.77424328017874,0.3342861925682371,100
18,337,33463,0.3342861925682371,11.007688145194866,69.63998472657713,0.3342861925682371,100
18,338,33562,0.3342861925682371,12.759360074236337,112.87745454678488,0.3342861925682371,100
18,339,33661,0.3342861925682371,14.193230316587181,90.22331705957068,0.3342861925682371,100
18,340,33760,0.3342861925682371,8.728195325138664,68.64397387229288,0.3342861925682371,100
18,341,33859,0.3342861925682371,11.834651837534492,178.2821643672844,0.3342861925682371,100
18,342,33958,0.3342861925682371,14.617869225220856,103.72282971597025,0.3342861925682371,100
18,343,34057,0.3342861925682371,14.577510902723112,122.01445351624189,0.3342861925682371,100
18,344,34156,0.3342861925682371,11.991475083966993,99.15567627276813,0.3342861925682371,100
18,345,34255,0.3342861925682371,13.491682926979106,84.87106817395018,0.3342861925682371,100
18,346,34354,0.3342861925682371,11.856367435001737,129.86827302958582,0.3342861925682371,100
18,347,34453,0.3342861925682371,10.906883050300872,60.39635897437505,0.3342861925682371,100
18,348,34552,0.3342861925682371,11.906819259258395,86.02999850965523,0.3342861925682371,100
18,349,34651,0.3342861925682371,9.591014373613739,75.67946890042836,0.3342861925682371,100
18,350,34750,0.3342861925682371,10.775205149685297,57.716510324306455,0.3342861925682371,100
18,351,34849,0.3342861925682371,8.371803507215985,72.88941961062508,0.3342861925682371,100
18,352,34948,0.3342861925682371,10.382251366538155,62.61294077026639,0.3342861925682371,100
18,353,35047,0.3342861925682371,13.515187717269905,122.6722906785515,0.3342861925682371,100
18,354,35146,0.3342861925682371,11.595583518764451,90.45802466738076,0.3342861925682371,100
18,355,35245,0.3342861925682371,11.982346962871713,118.17242947782647,0.3342861925682371,100
18,356,35344,0.3342861925682371,10.853232011983355,94.57545522477355,0.3342861925682371,100
18,357,35443,0.3342861925682371,8.733397399596067,102.9233339772559,0.3342861925682371,100
18,358,35542,0.3342861925682371,11.81960345635489,79.51087622489416,0.3342861925682371,100
18,359,35641,0.3342861925682371,14.348103313397642,77.93389984134029,0.3342861925682371,100
18,360,35740,0.3342861925682371,12.635448459534178,68.35905456212505,0.3342861925682371,100
18,361,35839,0.3342861925682371,14.42047425779888,131.27008042432274,0.3342861925682371,100
18,362,35938,0.3342861925682371,13.12949835559476,81.76115136372704,0.3342861925682371,100
18,363,36037,0.3342861925682371,9.031415566347023,62.80096086517547,0.3342861925682371,100
18,364,36136,0.3342861925682371,11.093565057873825,88.47103156825176,0.3342861925682371,100
18,365,36235,0.3342861925682371,12.092431509360365,81.42397707192897,0.3342861925682371,100
18,366,36334,0.3342861925682371,11.959876177633571,92.60102475122318,0.3342861925682371,100
18,367,36433,0.3342861925682371,11.84188200763787,85.3111555155423,0.3342861925682371,100
18,368,36532,0.3342861925682371,12.599911893618824,64.31936252855601,0.3342861925682371,100
18,369,36631,0.3342861925682371,10.20594541433511,77.26220548148913,0.3342861925682371,100
18,370,36730,0.3342861925682371,10.732201479493298,60.4202918131646,0.3342861925682371,100
18,371,36829,0.3342861925682371,13.436185388198817,92.4863651197322,0.3342861925682371,100
18,372,36928,0.3342861925682371,9.363598993750152,70.39315195162997,0.3342861925682371,100
18,373,37027,0.3342861925682371,11.255013327451017,180.19766438212508,0.3342861925682371,100
18,374,37126,0.3342861925682371,11.725010481143391,111.48959426873884,0.3342861925682371,100
18,375,37225,0.3342861925682371,11.1971744957491,133.83032057172807,0.3342861925682371,100
18,376,37324,0.3342861925682371,10.80964934362496,72.4065324242349,0.3342861925682371,100
18,377,37423,0.3342861925682371,11.616568883758815,84.84367412295438,0.3342861925682371,100
18,378,37522,0.3342861925682371,13.043724679178384,81.39688563265332,0.3342861925682371,100
18,379,37621,0.3342861925682371,10.815045646566746,57.10386137057781,0.3342861925682371,100
18,380,37720,0.3342861925682371,10.796988243636534,79.50537041934477,0.3342861925682371,100
18,381,37819,0.3342861925682371,12.835912351529243,94.62037774636076,0.3342861925682371,100
18,382,37918,0.3342861925682371,12.330568676336124,127.58003694967447,0.3342861925682371,100
18,383,38017,0.3342861925682371,16.11405390467522,86.97348674975657,0.3342861925682371,100
18,384,38116,0.3342861925682371,9.536631112448035,95.89769556144068,0.3342861925682371,100
18,385,38215,0.3342861925682371,12.484967079176133,111.08774422899711,0.3342861925682371,100
18,386,38314,0.3342861925682371,9.275930219414636,83.26097752749602,0.3342861925682371,100
18,387,38413,0.3342861925682371,12.698875914575922,75.25278992848926,0.3342861925682371,100
18,388,38512,0.3342861925682371,10.319818281969617,72.35945274117122,0.3342861925682371,100
18,389,38611,0.3342861925682371,10.109329500521675,75.39197281850517,0.3342861925682371,100
18,390,38710,0.3342861925682371,11.85416076230732,79.76712389873501,0.3342861925682371,100
18,391,38809,0.3342861925682371,15.459828304260661,133.53583311690213,0.3342861925682371,100
18,392,38908,0.3342861925682371,13.781204957225263,111.12199366653319,0.3342861925682371,100
18,393,39007,0.3342861925682371,10.760163550465963,85.31615358233368,0.3342861925682371,100
18,394,39106,0.3342861925682371,11.767380800590194,67.15302505535654,0.3342861925682371,100
18,395,39205,0.3342861925682371,12.326442184939637,101.23370391602818,0.3342861925682371,100
18,396,39304,0.3342861925682371,10.734998530573991,78.14454626088845,0.3342861925682371,100
18,397,39403,0.3342861925682371,10.208564388017273,130.06573909337234,0.3342861925682371,100
18,398,39502,0.3342861925682371,13.906840263301717,103.89526825318143,0.3342861925682371,100
18,399,39601,0.3342861925682371,13.564201698672846,98.64552936184839,0.3342861925682371,100
18,400,39700,0.3342861925682371,9.104582224491722,99.49577339505787,0.3342861925682371,100
18,401,39799,0.3342861925682371,15.59568922051921,128.4150922176041,0.3342861925682371,100
18,402,39898,0.3342861925682371,12.64927606597462,69.97600768588731,0.3342861925682371,100
18,403,39997,0.3342861925682371,9.26150179955891,135.8624297230371,0.3342861925682371,100
18,404,40096,0.3342861925682371,10.5853962977522,60.87307046113011,0.3342861925682371,100
18,405,40195,0.3342861925682371,12.650855247031846,105.63293070558287,0.3342861925682371,100
18,406,40294,0.3342861925682371,14.04938164355924,108.7683670886696,0.3342861925682371,100
18,407,40393,0.3342861925682371,13.155592158336672,90.14003309393527,0.3342861925682371,100
18,408,40492,0.3342861925682371,12.081771839907578,66.38928133756393,0.3342861925682371,100
18,409,40591,0.3342861925682371,13.863103629233063,154.36782133309106,0.3342861925682371,100
18,410,40690,0.3342861925682371,9.813728925884774,69.22621510066304,0.3342861925682371,100
18,411,40789,0.3342861925682371,13.513364237598108,76.90443147848197,0.3342861925682371,100
18,412,40888,0.3342861925682371,8.6740931886042,63.4422859676698,0.3342861925682371,100
18,413,40987,0.3342861925682371,11.159365063743259,115.70194898729419,0.3342861925682371,100
18,414,41086,0.3342861925682371,12.072795039797484,47.21320836481677,0.3342861925682371,100
18,415,41185,0.3342861925682371,10.979875855963673,58.213236272426464,0.3342861925682371,100
18,416,41284,0.3342861925682371,10.38519941060865,84.87750247921731,0.3342861925682371,100
18,417,41383,0.3342861925682371,14.73193467188933,175.44454876291536,0.3342861925682371,100
18,418,41482,0.3342861925682371,11.775821808762363,71.94911719988585,0.3342861925682371,100
18,419,41581,0.3342861925682371,9.61417001669627,78.47657292878012,0.3342861925682371,100
18,420,41680,0.3342861925682371,7.140674099200489,42.75475945273548,0.3342861925682371,100
18,421,41779,0.3342861925682371,9.684802284594467,82.52599610992394,0.3342861925682371,100
18,422,41878,0.3342861925682371,10.75718312054558,77.64378899300803,0.3342861925682371,100
18,423,41977,0.3342861925682371,11.676907836494493,81.25178089492637,0.3342861925682371,100
18,424,42076,0.3342861925682371,13.558156432275823,177.24895990095757,0.3342861925682371,100
18,425,42175,0.3342861925682371,12.114470733287053,61.921077032281495,0.3342861925682371,100
18,426,42274,0.3342861925682371,12.271736866111668,80.02420045461764,0.3342861925682371,100
18,427,42373,0.3342861925682371,12.411160766525706,95.85918915383456,0.3342861925682371,100
18,428,42472,0.3342861925682371,10.541892885737406,91.70719055659572,0.3342861925682371,100
18,429,42571,0.3342861925682371,10.363673093009183,66.56795609865678,0.3342861925682371,100
18,430,42670,0.3342861925682371,14.353381010180964,79.45510377774855,0.3342861925682371,100
18,431,42769,0.3342861925682371,12.163301438903613,114.79825971278632,0.3342861925682371,100
18,432,42868,0.3342861925682371,10.318892301752399,88.20572412572976,0.3342861925682371,100
18,433,42967,0.3342861925682371,9.653705176938017,84.69372151356464,0.3342861925682371,100
18,434,43066,0.3342861925682371,11.523556759428047,86.43996926023519,0.3342861925682371,100
18,435,43165,0.3342861925682371,10.485158763202817,66.38890720283445,0.3342861925682371,100
18,436,43264,0.3342861925682371,14.898272046848767,111.9962749054394,0.3342861925682371,100
18,437,43363,0.3342861925682371,8.25425527684601,74.87175708602169,0.3342861925682371,100
18,438,43462,0.3342861925682371,12.18418094210174,108.42679228147854,0.3342861925682371,100
18,439,43561,0.3342861925682371,10.293614464200994,81.60016568720042,0.3342861925682371,100
18,440,43660,0.3342861925682371,9.50308585781293,84.8222479975867,0.3342861925682371,100
18,441,43759,0.3342861925682371,12.307670428832692,114.03103078027576,0.3342861925682371,100
18,442,43858,0.3342861925682371,11.869673304732453,79.76255414737655,0.3342861925682371,100
18,443,43957,0.3342861925682371,9.992982551544193,81.27347401912786,0.3342861925682371,100
18,444,44056,0.3342861925682371,11.50673804442823,72.22402728731517,0.3342861925682371,100
18,445,44155,0.3342861925682371,12.914120264002495,121.37568430390213,0.3342861925682371,100
18,446,44254,0.3342861925682371,10.832012315867726,91.01510913005541,0.3342861925682371,100
18,447,44353,0.3342861925682371,10.753215945825877,101.91030214097923,0.3342861925682371,100
18,448,44452,0.3342861925682371,10.09222002735858,59.8467800995505,0.3342861925682371,100
18,449,44551,0.3342861925682371,13.110541561780158,98.69437918296451,0.3342861925682371,100
18,450,44650,0.3342861925682371,14.001277294195027,145.75340406214173,0.3342861925682371,100
18,451,44749,0.3342861925682371,10.170264245632973,76.5488577453469,0.3342861925682371,100
18,452,44848,0.3342861925682371,11.31480306712567,111.87979949083075,0.3342861925682371,100
18,453,44947,0.3342861925682371,10.648013556616366,90.3265696179351,0.3342861925682371,100
18,454,45046,0.3342861925682371,12.063206342529773,91.691491881306,0.3342861925682371,100
18,455,45145,0.3342861925682371,11.526757388831886,71.02362419483097,0.3342861925682371,100
18,456,45244,0.3342861925682371,10.95364200828289,78.57031877437795,0.3342861925682371,100
18,457,45343,0.3342861925682371,13.603603907514305,85.71929670035782,0.3342861925682371,100
18,458,45442,0.3342861925682371,16.701511710301574,165.87111677192362,0.3342861925682371,100
18,459,45541,0.3342861925682371,12.433331191850753,138.03441048158615,0.3342861925682371,100
18,460,45640,0.3342861925682371,11.950006894142833,122.48674963080583,0.3342861925682371,100
18,461,45739,0.3342861925682371,12.109971229790224,99.62656437462171,0.3342861925682371,100
18,462,45838,0.3342861925682371,11.487344060445178,107.73703710587678,0.3342861925682371,100
18,463,45937,0.3342861925682371,10.10538583142048,89.72907182957564,0.3342861925682371,100
18,464,46036,0.3342861925682371,11.918266768793774,73.61075585759512,0.3342861925682371,100
18,465,46135,0.3342861925682371,8.563057664238128,68.20541125189611,0.3342861925682371,100
18,466,46234,0.3342861925682371,11.008280842364869,117.5852969983133,0.3342861925682371,100
18,467,46333,0.3342861925682371,8.97500293180018,118.58151906071062,0.3342861925682371,100
18,468,46432,0.3342861925682371,9.767605521348914,104.09818599832116,0.3342861925682371,100
18,469,46531,0.3342861925682371,15.059292183420448,127.97294006060223,0.3342861925682371,100
18,470,46630,0.3342861925682371,10.73577659937917,91.49336469400694,0.3342861925682371,100
18,471,46729,0.3342861925682371,9.69055813519217,60.14680622628008,0.3342861925682371,100
18,472,46828,0.3342861925682371,10.148766405430793,69.462214686206,0.3342861925682371,100
18,473,46927,0.3342861925682371,11.645619626277204,70.51109468830917,0.3342861925682371,100
18,474,47026,0.3342861925682371,11.742958361441612,83.67825017877028,0.3342861925682371,100
18,475,47125,0.3342861925682371,11.708621723322041,119.151301568801,0.3342861925682371,100
18,476,47224,0.3342861925682371,12.108157059795111,107.07615510612844,0.3342861925682371,100
18,477,47323,0.3342861925682371,10.936514053867857,84.61316617826714,0.3342861925682371,100
18,478,47422,0.3342861925682371,8.427723022359173,55.48453681509683,0.3342861925682371,100
18,479,47521,0.3342861925682371,10.329066276454219,94.08535284429614,0.3342861925682371,100
18,480,47620,0.3342861925682371,13.093802212163773,72.08542316118437,0.3342861925682371,100
18,481,47719,0.3342861925682371,12.151579381309865,84.66219995645275,0.3342861925682371,100
18,482,47818,0.3342861925682371,12.936433279815628,72.1189024173701,0.3342861925682371,100
18,483,47917,0.3342861925682371,16.232405084615998,172.52061800552173,0.3342861925682371,100
18,484,48016,0.3342861925682371,12.336387705802752,72.47533661860517,0.3342861925682371,100
18,485,48115,0.31468510311089487,10.702641293408698,105.89902056013533,0.31468510311089487,100
18,486,48214,0.31468510311089487,12.897967277765737,135.5858482592022,0.31468510311089487,100
18,487,48313,0.31468510311089487,11.041646431810545,82.0576636236052,0.31468510311089487,100
18,488,48412,0.31468510311089487,12.145642453077969,90.09676745264947,0.31468510311089487,100
18,489,48511,0.31468510311089487,10.202636162581786,67.29925752127359,0.31468510311089487,100
18,490,48610,0.31468510311089487,11.341253916355608,90.7816671831936,0.31468510311089487,100
18,491,48709,0.31468510311089487,12.25000929502049,88.00943643569876,0.31468510311089487,100
18,492,48808,0.24631573786719857,7.833956113891653,57.838430403305395,0.24631573786719857,100
18,493,48907,0.24631573786719857,11.562064996929474,113.36722326750248,0.24631573786719857,100
18,494,49006,0.24631573786719857,9.052694940149774,61.44071125213615,0.24631573786719857,100
18,495,49105,0.24631573786719857,13.247123177774956,108.10467698312667,0.24631573786719857,100
18,496,49204,0.24631573786719857,11.379789223895363,79.86767101560149,0.24631573786719857,100
18,497,49303,0.24631573786719857,13.594467760347747,101.5408001630947,0.24631573786719857,100
18,498,49402,0.24631573786719857,12.309187508397578,170.93126507143455,0.24631573786719857,100
18,499,49501,0.24631573786719857,9.575720009971942,150.42983443208288,0.24631573786719857,100
18,500,49600,0.24631573786719857,9.936392663376097,103.20417076733347,0.24631573786719857,100
18,501,49699,0.24631573786719857,9.092730146482626,73.25413866881256,0.24631573786719857,100
18,502,49798,0.24631573786719857,10.050291848253057,63.74729752921046,0.24631573786719857,100
18,503,49897,0.24631573786719857,11.186966183196086,81.80770603136885,0.24631573786719857,100
18,504,49996,0.24631573786719857,9.662235282316717,70.25043939562086,0.24631573786719857,100
18,505,50000,0.24631573786719857,7.74729653830455,49.61309258469649,0.24631573786719857,100
19,0,100,124.86267745681913,553.5592357511589,962.2574633462538,124.86267745681913,100
19,1,199,51.483800269944815,280.16441346213435,665.5323222390518,51.483800269944815,100
19,2,298,22.4838273681814,129.18252348565892,433.2796714012697,22.4838273681814,100
19,3,397,15.41745413802019,71.73514462806291,379.2793662608662,15.41745413802019,100
19,4,496,12.20197820791372,49.79962589695347,195.90500844877567,12.20197820791372,100
19,5,595,3.0333276942305396,28.62428198696124,105.6799149022213,3.0333276942305396,100
19,6,694,1.9844997948759544,21.84050685755286,113.12690587738659,1.9844997948759544,100
19,7,793,1.3560452387100184,15.546003359587102,79.31254826852475,1.3560452387100184,100
19,8,892,0.8820291888755742,15.994933888019316,216.29484466488404,0.8820291888755742,100
19,9,991,0.6288298581046807,13.819192934419782,73.84232648928939,0.6288298581046807,100
19,10,1090,0.6288298581046807,10.793143739526545,90.27886844665665,0.6288298581046807,100
19,11,1189,0.6288298581046807,10.937272086690864,66.83734695047846,0.6288298581046807,100
19,12,1288,0.6288298581046807,14.586805121686657,104.90604266174826,0.6288298581046807,100
19,13,1387,0.6288298581046807,10.778467414439318,52.54294506251592,0.6288298581046807,100
19,14,1486,0.5809282699930326,13.47446237581096,109.76538475884708,0.5809282699930326,100
19,15,1585,0.5809282699930326,12.153354328272835,74.35410952577503,0.5809282699930326,100
19,16,1684,0.5809282699930326,15.641089994042884,101.04624760547524,0.5809282699930326,100
19,17,1783,0.5809282699930326,11.04376639150824,108.43419514077587,0.5809282699930326,100
19,18,1882,0.5097709654831241,12.389944553198724,95.39095919369052,0.5097709654831241,100
19,19,1981,0.5097709654831241,8.464760003750357,71.64601157694781,0.5097709654831241,100
19,20,2080,0.5009038124409069,8.909808133583715,90.03495812159842,0.5009038124409069,100
19,21,2179,0.5009038124409069,12.132480525808157,106.59245474934247,0.5009038124409069,100
19,22,2278,0.5009038124409069,10.56185370490202,75.81978231978718,0.5009038124409069,100
19,23,2377,0.5009038124409069,13.03641976422595,67.16715036640213,0.5009038124409069,100
19,24,2476,0.5009038124409069,13.539855082450103,91.0714282103265,0.5009038124409069,100
19,25,2575,0.5009038124409069,8.393418945414874,40.550085888260796,0.5009038124409069,100
19,26,2674,0.5009038124409069,11.042430741820347,88.34871824861546,0.5009038124409069,100
19,27,2773,0.5009038124409069,10.399351010593444,93.56624717409116,0.5009038124409069,100
19,28,2872,0.5009038124409069,10.678334625276154,80.43121770856189,0.5009038124409069,100
19,29,2971,0.5009038124409069,12.808430917642827,122.98174062632673,0.5009038124409069,100
19,30,3070,0.5009038124409069,12.19012525680123,86.8834162796636,0.5009038124409069,100
19,31,3169,0.5009038124409069,11.40793863719099,112.61726041021942,0.5009038124409069,100
19,32,3268,0.5009038124409069,11.386490525296535,83.53095515985811,0.5009038124409069,100
19,33,3367,0.5009038124409069,10.27210815169621,91.76406341914733,0.5009038124409069,100
19,34,3466,0.5009038124409069,9.335809168325742,68.81444279151319,0.5009038124409069,100
19,35,3565,0.5009038124409069,11.694612249746271,134.52024862454547,0.5009038124409069,100
19,36,3664,0.5009038124409069,9.915108099712665,77.55056945275187,0.5009038124409069,100
19,37,3763,0.5009038124409069,11.866741510055663,100.32063566747937,0.5009038124409069,100
19,38,3862,0.49953900164518134,11.52664216974661,122.41020831212707,0.49953900164518134,100
19,39,3961,0.49953900164518134,12.237920602984827,72.97579570944494,0.49953900164518134,100
19,40,4060,0.49953900164518134,13.400360649661543,88.18087896795494,0.49953900164518134,100
19,41,4159,0.49876591117691615,9.009052762457337,66.71644189642126,0.49876591117691615,100
19,42,4258,0.49876591117691615,10.42200020128492,57.61932532592313,0.49876591117691615,100
19,43,4357,0.49876591117691615,10.827668938426278,138.2123434890426,0.49876591117691615,100
19,44,4456,0.49876591117691615,10.905082232835623,105.84112796311065,0.49876591117691615,100
19,45,4555,0.49876591117691615,12.969958741495589,68.18819055202843,0.49876591117691615,100
19,46,4654,0.49876591117691615,10.118260010338656,50.02506957282281,0.49876591117691615,100
19,47,4753,0.49876591117691615,9.560472558261587,56.807953331546294,0.49876591117691615,100
19,48,4852,0.49876591117691615,11.789436391583292,85.7732434293463,0.49876591117691615,100
19,49,4951,0.49876591117691615,14.010084446247474,93.91223626420219,0.49876591117691615,100
19,50,5050,0.49876591117691615,11.504170847902628,118.31486453616155,0.49876591117691615,100
19,51,5149,0.49876591117691615,10.670099585491958,82.06967717630761,0.49876591117691615,100
19,52,5248,0.47936132935607917,12.628360664349398,149.99075393529364,0.47936132935607917,100
19,53,5347,0.47936132935607917,9.451014658057762,96.7933061687712,0.47936132935607917,100
19,54,5446,0.47936132935607917,10.86347979408106,80.12003733364914,0.47936132935607917,100
19,55,5545,0.47936132935607917,10.441709776924979,73.66243668857459,0.47936132935607917,100
19,56,5644,0.47936132935607917,9.793554585988227,103.42015895749911,0.47936132935607917,100
19,57,5743,0.47936132935607917,11.730359076313093,83.38183763880855,0.47936132935607917,100
19,58,5842,0.47936132935607917,11.918755872588711,71.33935175454191,0.47936132935607917,100
19,59,5941,0.47936132935607917,9.971912574993445,65.85440600957308,0.47936132935607917,100
19,60,6040,0.47936132935607917,11.708415215759855,109.31335034373035,0.47936132935607917,100
19,61,6139,0.47936132935607917,12.995339376397505,72.12243847939737,0.47936132935607917,100
19,62,6238,0.47936132935607917,10.827467128563722,95.83238207970473,0.47936132935607917,100
19,63,6337,0.47936132935607917,10.955451744144842,112.93848069459071,0.47936132935607917,100
19,64,6436,0.47936132935607917,13.138731161698818,134.5090029779225,0.47936132935607917,100
19,65,6535,0.47936132935607917,12.600488854683714,101.57767082470369,0.47936132935607917,100
19,66,6634,0.47936132935607917,12.831068957629066,109.06095721987587,0.47936132935607917,100
19,67,6733,0.47936132935607917,9.909923403387266,56.98693895906195,0.47936132935607917,100
19,68,6832,0.47936132935607917,11.402273500184242,99.09050175381884,0.47936132935607917,100
19,69,6931,0.47936132935607917,13.784465153813018,85.24424673855727,0.47936132935607917,100
19,70,7030,0.47936132935607917,10.86719912144681,106.3091591933135,0.47936132935607917,100
19,71,7129,0.47936132935607917,11.016905585008406,80.13200567396443,0.47936132935607917,100
19,72,7228,0.47936132935607917,9.157077876413865,90.47233037608135,0.47936132935607917,100
19,73,7327,0.47936132935607917,12.279684079107872,122.09725435678018,0.47936132935607917,100
19,74,7426,0.47936132935607917,13.968139561482529,119.35950706467315,0.47936132935607917,100
19,75,7525,0.47936132935607917,12.953034921142466,77.8704962201861,0.47936132935607917,100
19,76,7624,0.47936132935607917,8.35396746571577,50.624592081584,0.47936132935607917,100
19,77,7723,0.47936132935607917,9.0379839365614,83.47898030895827,0.47936132935607917,100
19,78,7822,0.47936132935607917,11.899422793101063,109.04377799688064,0.47936132935607917,100
19,79,7921,0.47936132935607917,11.394989493685054,73.42670526118455,0.47936132935607917,100
19,80,8020,0.47936132935607917,11.53575628061298,72.6324035273565,0.47936132935607917,100
19,81,8119,0.47936132935607917,13.194204584963575,122.1974904881055,0.47936132935607917,100
19,82,8218,0.47936132935607917,11.397084243207162,89.92118169006801,0.47936132935607917,100
19,83,8317,0.47936132935607917,9.306581511001928,63.74820308276378,0.47936132935607917,100
19,84,8416,0.47936132935607917,9.126323716158508,58.90254664411819,0.47936132935607917,100
19,85,8515,0.47936132935607917,9.98699279627868,66.47975577120306,0.47936132935607917,100
19,86,8614,0.47936132935607917,12.300419352945914,104.90194538424994,0.47936132935607917,100
19,87,8713,0.47936132935607917,10.255579874713398,59.08871891255153,0.47936132935607917,100
19,88,8812,0.47936132935607917,9.223004978862082,51.05858430109661,0.47936132935607917,100
19,89,8911,0.47936132935607917,11.255360498111825,80.46147596776939,0.47936132935607917,100
19,90,9010,0.47936132935607917,10.144836152519028,104.49424733919095,0.47936132935607917,100
19,91,9109,0.47936132935607917,9.012329312944788,60.40584207371101,0.47936132935607917,100
19,92,9208,0.47936132935607917,11.919646510366727,81.12237540850083,0.47936132935607917,100
19,93,9307,0.47936132935607917,10.962218099977122,77.82644967789952,0.47936132935607917,100
19,94,9406,0.47936132935607917,11.722044009607858,75.10334609640427,0.47936132935607917,100
19,95,9505,0.47936132935607917,13.454840092600605,104.04460345737405,0.47936132935607917,100
19,96,9604,0.47936132935607917,14.57393526759085,143.5388615612608,0.47936132935607917,100
19,97,9703,0.47936132935607917,13.857879025743738,107.6096589625828,0.47936132935607917,100
19,98,9802,0.47936132935607917,10.01748041093601,94.12849104797847,0.47936132935607917,100
19,99,9901,0.47936132935607917,9.660200629294557,73.86120362524214,0.47936132935607917,100
19,100,10000,0.47936132935607917,12.05615384216606,89.85828767201146,0.47936132935607917,100
19,101,10099,0.42059879938074723,10.589191260564432,98.02255830145788,0.42059879938074723,100
19,102,10198,0.42059879938074723,11.622698101086662,102.87586442594548,0.42059879938074723,100
19,103,10297,0.42059879938074723,12.386471763565632,139.93596820616838,0.42059879938074723,100
19,104,10396,0.42059879938074723,9.426538127229945,94.20795200925652,0.42059879938074723,100
19,105,10495,0.42059879938074723,8.794465520845938,89.67151774702884,0.42059879938074723,100
19,106,10594,0.42059879938074723,12.939281006679971,104.39821322823563,0.42059879938074723,100
19,107,10693,0.42059879938074723,10.848151318988617,132.73998666098947,0.42059879938074723,100
19,108,10792,0.42059879938074723,12.796908332846781,129.85616263306403,0.42059879938074723,100
19,109,10891,0.42059879938074723,10.688268553500253,87.95955922533852,0.42059879938074723,100
19,110,10990,0.42059879938074723,11.894081200224068,143.87572830929176,0.42059879938074723,100
19,111,11089,0.42059879938074723,10.821163744932278,74.6086548094759,0.42059879938074723,100
19,112,11188,0.42059879938074723,10.789501663699827,72.63098290832264,0.42059879938074723,100
19,113,11287,0.42059879938074723,12.183151751714279,156.1465538362128,0.42059879938074723,100
19,114,11386,0.42059879938074723,11.425835342521498,69.55746044832544,0.42059879938074723,100
19,115,11485,0.42059879938074723,13.601099342027025,88.57717050666527,0.42059879938074723,100
19,116,11584,0.4145564895953916,9.44079515050904,65.21337607425272,0.4145564895953916,100
19,117,11683,0.4145564895953916,10.387292887405318,83.77921030119963,0.4145564895953916,100
19,118,11782,0.4145564895953916,11.077423221390719,135.76311911443716,0.4145564895953916,100
19,119,11881,0.4145564895953916,12.056431673773282,87.35454083350695,0.4145564895953916,100
19,120,11980,0.4145564895953916,12.324057715786509,229.0706188134289,0.4145564895953916,100
19,121,12079,0.4145564895953916,9.250338912145809,105.31172909958441,0.4145564895953916,100
19,122,12178,0.4145564895953916,11.59292949587175,65.01950804495769,0.4145564895953916,100
19,123,12277,0.4145564895953916,10.45644322014062,91.44793317548026,0.4145564895953916,100
19,124,12376,0.4145564895953916,10.123114950058897,68.81442406971556,0.4145564895953916,100
19,125,12475,0.4145564895953916,10.697360334366094,98.76406035281367,0.4145564895953916,100
19,126,12574,0.4145564895953916,8.64253359358999,73.43391231349587,0.4145564895953916,100
19,127,12673,0.4145564895953916,9.892628168256856,76.23468853996874,0.4145564895953916,100
19,128,12772,0.4145564895953916,8.537198474773241,64.7227927676777,0.4145564895953916,100
19,129,12871,0.4145564895953916,10.45383325865625,64.73380568276566,0.4145564895953916,100
19,130,12970,0.4145564895953916,12.920609670124502,80.02376886893867,0.4145564895953916,100
19,131,13069,0.4145564895953916,11.258557385072532,97.22374680070592,0.4145564895953916,100
19,132,13168,0.4145564895953916,10.03926244659259,67.43554332379712,0.4145564895953916,100
19,133,13267,0.4145564895953916,10.396356938070587,75.39899725900707,0.4145564895953916,100
19,134,13366,0.4145564895953916,9.392542724587374,72.87890786832457,0.4145564895953916,100
19,135,13465,0.4145564895953916,10.350485691977262,107.31396016297684,0.4145564895953916,100
19,136,13564,0.4145564895953916,8.360793205192785,154.77908015497974,0.4145564895953916,100
19,137,13663,0.4145564895953916,13.184986677533614,94.63564487369605,0.4145564895953916,100
19,138,13762,0.4145564895953916,10.580558751833777,79.56603709275012,0.4145564895953916,100
19,139,13861,0.4145564895953916,9.863116380038846,85.87083188176281,0.4145564895953916,100
19,140,13960,0.4145564895953916,11.00757464029514,93.59294377952556,0.4145564895953916,100
19,141,14059,0.4145564895953916,11.403883382261428,73.19305672860922,0.4145564895953916,100
19,142,14158,0.4145564895953916,10.916099252301931,96.97052335554659,0.4145564895953916,100
19,143,14257,0.4145564895953916,12.570826236944901,82.36412052296939,0.4145564895953916,100
19,144,14356,0.4145564895953916,11.037489280011268,94.39121446863682,0.4145564895953916,100
19,145,14455,0.4145564895953916,11.470428864989817,66.5044181961467,0.4145564895953916,100
19,146,14554,0.4145564895953916,11.619342005669534,89.30277623936088,0.4145564895953916,100
19,147,14653,0.4145564895953916,10.76001744311184,93.43784081042325,0.4145564895953916,100
19,148,14752,0.4145564895953916,11.76155048554929,104.84545496911187,0.4145564895953916,100
19,149,14851,0.4145564895953916,11.320167548332154,127.24069281368264,0.4145564895953916,100
19,150,14950,0.4145564895953916,12.242792243628557,81.8662143326456,0.4145564895953916,100
19,151,15049,0.4145564895953916,15.299954391893198,120.13486270653912,0.4145564895953916,100
19,152,15148,0.4145564895953916,11.145303371069058,72.05439421577084,0.4145564895953916,100
19,153,15247,0.4145564895953916,9.626003093757955,111.02403486987137,0.4145564895953916,100
19,154,15346,0.4145564895953916,10.932487808443895,97.74460566784349,0.4145564895953916,100
19,155,15445,0.4145564895953916,10.788109224520404,80.17587425250375,0.4145564895953916,100
19,156,15544,0.4145564895953916,12.074119195622544,75.08404411329954,0.4145564895953916,100
19,157,15643,0.4145564895953916,11.829521962547085,93.42023610645981,0.4145564895953916,100
19,158,15742,0.4145564895953916,9.956784266289718,80.78680100524652,0.4145564895953916,100
19,159,15841,0.4145564895953916,11.633555949094113,94.85399269700225,0.4145564895953916,100
19,160,15940,0.4145564895953916,11.38862900859688,96.99827222768438,0.4145564895953916,100
19,161,16039,0.4145564895953916,8.605982722439327,89.55232836777712,0.4145564895953916,100
19,162,16138,0.4145564895953916,8.430397204475604,58.432766951493925,0.4145564895953916,100
19,163,16237,0.4145564895953916,11.06939065952237,92.36846402624866,0.4145564895953916,100
19,164,16336,0.4145564895953916,11.804223253362661,72.27897485203376,0.4145564895953916,100
19,165,16435,0.4145564895953916,12.004368077214787,145.11172746802305,0.4145564895953916,100
19,166,16534,0.4145564895953916,8.787098668728511,82.54677737603978,0.4145564895953916,100
19,167,16633,0.4145564895953916,9.233954701989257,111.5866466013077,0.4145564895953916,100
19,168,16732,0.4145564895953916,9.61918202033038,53.87292558461358,0.4145564895953916,100
19,169,16831,0.4145564895953916,9.417835553018175,137.53500967881396,0.4145564895953916,100
19,170,16930,0.4145564895953916,10.124810600679979,74.20591512083952,0.4145564895953916,100
19,171,17029,0.4145564895953916,10.359359715829605,73.27414452663226,0.4145564895953916,100
19,172,17128,0.4145564895953916,10.747321757226254,76.2370864609307,0.4145564895953916,100
19,173,17227,0.4145564895953916,9.348800166885725,141.53297775349728,0.4145564895953916,100
19,174,17326,0.4145564895953916,8.935603352247124,95.21117667889635,0.4145564895953916,100
19,175,17425,0.4145564895953916,8.94518154391466,49.45283357198217,0.4145564895953916,100
19,176,17524,0.4145564895953916,10.661331308440733,63.2513394067396,0.4145564895953916,100
19,177,17623,0.4145564895953916,9.11803707996868,71.38108209601396,0.4145564895953916,100
19,178,17722,0.4145564895953916,14.704182445895038,131.98625162442758,0.4145564895953916,100
19,179,17821,0.4145564895953916,13.418973446223458,120.60562549600141,0.4145564895953916,100
19,180,17920,0.4145564895953916,13.859245002928828,145.2222061670121,0.4145564895953916,100
19,181,18019,0.4145564895953916,12.901830518639791,115.57116809762016,0.4145564895953916,100
19,182,18118,0.4145564895953916,9.628644597413071,72.16209513580411,0.4145564895953916,100
19,183,18217,0.4145564895953916,12.521323976860577,127.11569976334066,0.4145564895953916,100
19,184,18316,0.4145564895953916,10.349175717148293,84.86098079762877,0.4145564895953916,100
19,185,18415,0.4145564895953916,12.116207097051051,93.51120044143236,0.4145564895953916,100
19,186,18514,0.4145564895953916,8.950065659295092,82.46865179987618,0.4145564895953916,100
19,187,18613,0.4145564895953916,11.483697623514516,68.45746853580465,0.4145564895953916,100
19,188,18712,0.4145564895953916,9.41084828744148,81.6835342630144,0.4145564895953916,100
19,189,18811,0.4145564895953916,13.346537543914465,86.9999674649308,0.4145564895953916,100
19,190,18910,0.4145564895953916,11.293604148609921,80.60383766264411,0.4145564895953916,100
19,191,19009,0.4145564895953916,9.56949124326806,70.13575470859556,0.4145564895953916,100
19,192,19108,0.4145564895953916,14.729501502329756,138.8850923857739,0.4145564895953916,100
19,193,19207,0.4145564895953916,12.634741428697147,138.14846049019934,0.4145564895953916,100
19,194,19306,0.4145564895953916,14.008520974229725,70.33822576017891,0.4145564895953916,100
19,195,19405,0.4145564895953916,11.540491446732739,96.1765648116282,0.4145564895953916,100
19,196,19504,0.4145564895953916,9.322230626419417,92.75010094766056,0.4145564895953916,100
19,197,19603,0.4145564895953916,8.859157855498765,73.27800235958485,0.4145564895953916,100
19,198,19702,0.4145564895953916,12.765004426513126,103.65461589357335,0.4145564895953916,100
19,199,19801,0.4145564895953916,11.350228960410341,92.51596724986727,0.4145564895953916,100
19,200,19900,0.4145564895953916,11.621038264385561,91.755431001628,0.4145564895953916,100
19,201,19999,0.4145564895953916,9.243688977855493,53.080939590828564,0.4145564895953916,100
19,202,20098,0.4145564895953916,11.372271943926267,101.07592036443653,0.4145564895953916,100
19,203,20197,0.4145564895953916,11.91592720884808,117.61941388422832,0.4145564895953916,100
19,204,20296,0.4145564895953916,11.632469845169428,92.96873348519135,0.4145564895953916,100
19,205,20395,0.4145564895953916,8.82324714871888,62.549459324671226,0.4145564895953916,100
19,206,20494,0.4145564895953916,9.935319101995768,81.70152543630314,0.4145564895953916,100
19,207,20593,0.4145564895953916,12.468668469626657,70.18807889083227,0.4145564895953916,100
19,208,20692,0.4145564895953916,11.540075169695758,100.67123619880138,0.4145564895953916,100
19,209,20791,0.4145564895953916,8.248972680195589,85.41474482734087,0.4145564895953916,100
19,210,20890,0.4145564895953916,10.51191804281295,64.78319833753334,0.4145564895953916,100
19,211,20989,0.4145564895953916,10.733588621415882,122.222012627914,0.4145564895953916,100
19,212,21088,0.4145564895953916,12.197433227481854,164.8868660472561,0.4145564895953916,100
19,213,21187,0.4145564895953916,11.465508433524313,105.01126940040822,0.4145564895953916,100
19,214,21286,0.4145564895953916,9.224088595412608,69.82855217960059,0.4145564895953916,100
19,215,21385,0.4145564895953916,11.370758804343406,86.98897084258535,0.4145564895953916,100
19,216,21484,0.4145564895953916,10.186657537644068,52.95812637103065,0.4145564895953916,100
19,217,21583,0.4145564895953916,10.310879412925692,62.85150125182373,0.4145564895953916,100
19,218,21682,0.4145564895953916,11.120514960468984,134.82830821329068,0.4145564895953916,100
19,219,21781,0.4145564895953916,12.304748412709598,104.1667885609551,0.4145564895953916,100
19,220,21880,0.4145564895953916,13.589874046033035,131.53652681244247,0.4145564895953916,100
19,221,21979,0.4145564895953916,11.818466477211626,87.88054001861735,0.4145564895953916,100
19,222,22078,0.4145564895953916,9.06408964031657,59.276985006125415,0.4145564895953916,100
19,223,22177,0.4145564895953916,8.904315579365647,65.29429196657786,0.4145564895953916,100
19,224,22276,0.4145564895953916,12.554167803978066,103.97945781012132,0.4145564895953916,100
19,225,22375,0.4145564895953916,12.06293429658309,89.2967004461682,0.4145564895953916,100
19,226,22474,0.4145564895953916,10.909124158828211,70.81412333302511,0.4145564895953916,100
19,227,22573,0.4145564895953916,12.865133942021405,95.35523622453363,0.4145564895953916,100
19,228,22672,0.4145564895953916,11.208205634186966,95.84015270589862,0.4145564895953916,100
19,229,22771,0.4145564895953916,12.180702340139199,90.91296270258246,0.4145564895953916,100
19,230,22870,0.4145564895953916,11.750747953474923,62.89705815973822,0.4145564895953916,100
19,231,22969,0.4145564895953916,12.790516237995545,174.26672156676997,0.4145564895953916,100
19,232,23068,0.4145564895953916,13.379213724279738,84.98879686397649,0.4145564895953916,100
19,233,23167,0.4145564895953916,10.837283811050098,83.68913027415168,0.4145564895953916,100
19,234,23266,0.4145564895953916,9.795456667001602,62.66297483870351,0.4145564895953916,100
19,235,23365,0.4145564895953916,14.99135652282641,76.48147110439105,0.4145564895953916,100
19,236,23464,0.4145564895953916,7.863840602849869,61.351635903173815,0.4145564895953916,100
19,237,23563,0.4145564895953916,11.297301213256397,107.9883424870609,0.4145564895953916,100
19,238,23662,0.4145564895953916,9.625016899880793,82.08793373868484,0.4145564895953916,100
19,239,23761,0.4145564895953916,15.011716648002029,104.24902678603573,0.4145564895953916,100
19,240,23860,0.4145564895953916,14.343512242068801,88.894737395752,0.4145564895953916,100
19,241,23959,0.4145564895953916,11.99529716214393,69.30403507805444,0.4145564895953916,100
19,242,24058,0.4145564895953916,8.435096694415577,56.94220145987599,0.4145564895953916,100
19,243,24157,0.4145564895953916,10.079902698072685,81.70120773252111,0.4145564895953916,100
19,244,24256,0.4145564895953916,10.813421108057671,95.15620613453589,0.4145564895953916,100
19,245,24355,0.4145564895953916,8.734084516814526,75.55458210558797,0.4145564895953916,100
19,246,24454,0.4145564895953916,10.664848108114406,63.852073373272596,0.4145564895953916,100
19,247,24553,0.4145564895953916,13.50084195752521,106.03874918565845,0.4145564895953916,100
19,248,24652,0.4145564895953916,11.458196047982737,77.82331443858615,0.4145564895953916,100
19,249,24751,0.4145564895953916,11.273437283842561,121.99286006286539,0.4145564895953916,100
19,250,24850,0.4145564895953916,13.666794789092112,157.44951537933704,0.4145564895953916,100
19,251,24949,0.4145564895953916,14.046239298151843,106.68352507420329,0.4145564895953916,100
19,252,25048,0.4145564895953916,13.408486466935862,144.02604055391217,0.4145564895953916,100
19,253,25147,0.4145564895953916,11.07805539125934,91.78930838282236,0.4145564895953916,100
19,254,25246,0.4145564895953916,12.895632221564533,88.51674763316464,0.4145564895953916,100
19,255,25345,0.4145564895953916,14.509879845979128,89.45366088210803,0.4145564895953916,100
19,256,25444,0.4145564895953916,10.662482291350681,72.10001574378026,0.4145564895953916,100
19,257,25543,0.4145564895953916,13.325052903049865,116.62755690232824,0.4145564895953916,100
19,258,25642,0.35956748732041643,10.64454600056996,74.10717246144374,0.35956748732041643,100
19,259,25741,0.35956748732041643,11.321184114576754,113.58127441549567,0.35956748732041643,100
19,260,25840,0.35956748732041643,12.115954984582892,100.18166562686106,0.35956748732041643,100
19,261,25939,0.35956748732041643,11.191085111343302,96.51311321343537,0.35956748732041643,100
19,262,26038,0.35956748732041643,12.640374593393181,93.78987568573294,0.35956748732041643,100
19,263,26137,0.35956748732041643,10.172842357920505,66.05537001491359,0.35956748732041643,100
19,264,26236,0.35956748732041643,10.514243682350191,84.19665095997085,0.35956748732041643,100
19,265,26335,0.35956748732041643,14.000938794663456,153.03489797791394,0.35956748732041643,100
19,266,26434,0.35956748732041643,13.965949696376851,66.45809747146109,0.35956748732041643,100
19,267,26533,0.35956748732041643,12.11448154383228,90.60059792580603,0.35956748732041643,100
19,268,26632,0.35956748732041643,11.82502720455797,69.94785854382353,0.35956748732041643,100
19,269,26731,0.35956748732041643,12.608949893211467,110.86003534460951,0.35956748732041643,100
19,270,26830,0.35956748732041643,11.309015146606658,71.07849033639653,0.35956748732041643,100
19,271,26929,0.35956748732041643,12.822826755726076,89.20384275858602,0.35956748732041643,100
19,272,27028,0.35956748732041643,15.126316352909237,86.61036160717009,0.35956748732041643,100
19,273,27127,0.34195992414762066,14.565246332529854,133.74036557695294,0.34195992414762066,100
19,274,27226,0.34195992414762066,12.877368135755654,104.25038332756144,0.34195992414762066,100
19,275,27325,0.34195992414762066,11.686312981677833,102.30515910030206,0.34195992414762066,100
19,276,27424,0.34195992414762066,12.7715099718291,105.28440709238929,0.34195992414762066,100
19,277,27523,0.34195992414762066,9.64843140997811,61.9835279898033,0.34195992414762066,100
19,278,27622,0.34195992414762066,12.113376295403066,117.81777953523135,0.34195992414762066,100
19,279,27721,0.34195992414762066,9.665156908069847,80.5117740763009,0.34195992414762066,100
19,280,27820,0.34195992414762066,11.133290205331383,59.47873538059337,0.34195992414762066,100
19,281,27919,0.34195992414762066,11.581457029100752,75.0333244602639,0.34195992414762066,100
19,282,28018,0.34195992414762066,10.247823275629472,73.38737687763256,0.34195992414762066,100
19,283,28117,0.34195992414762066,10.354723407366228,59.53584636985212,0.34195992414762066,100
19,284,28216,0.34195992414762066,12.620618949206566,135.50867923233113,0.34195992414762066,100
19,285,28315,0.34195992414762066,13.438385267224064,129.70974092552612,0.34195992414762066,100
19,286,28414,0.34195992414762066,10.637085025214473,80.49765606682138,0.34195992414762066,100
19,287,28513,0.34195992414762066,10.630060663263107,80.69238257255999,0.34195992414762066,100
19,288,28612,0.34195992414762066,11.738880552153685,93.54492344408324,0.34195992414762066,100
19,289,28711,0.34195992414762066,12.493262662683911,80.62053222459825,0.34195992414762066,100
19,290,28810,0.34195992414762066,8.851864309509168,64.54344985576229,0.34195992414762066,100
19,291,28909,0.34195992414762066,11.799123035815349,104.62174708990024,0.34195992414762066,100
19,292,29008,0.34195992414762066,10.084664460215647,71.3200499108537,0.34195992414762066,100
19,293,29107,0.34195992414762066,13.43616773520472,185.11911878639938,0.34195992414762066,100
19,294,29206,0.34195992414762066,12.317675936586266,71.78604312318052,0.34195992414762066,100
19,295,29305,0.34195992414762066,12.223942188218366,125.84464180984249,0.34195992414762066,100
19,296,29404,0.34195992414762066,11.035353650386812,77.44157468310706,0.34195992414762066,100
19,297,29503,0.34195992414762066,15.16355534696248,89.9334828553636,0.34195992414762066,100
19,298,29602,0.34195992414762066,11.98277564742795,75.53499422685731,0.34195992414762066,100
19,299,29701,0.34195992414762066,10.152069214330824,53.65660283251879,0.34195992414762066,100
19,300,29800,0.34195992414762066,10.311334986465658,102.99886642971283,0.34195992414762066,100
19,301,29899,0.34195992414762066,12.034723296289037,86.61870534634237,0.34195992414762066,100
19,302,29998,0.34195992414762066,10.266365455788927,67.5591765231887,0.34195992414762066,100
19,303,30097,0.34195992414762066,11.38419667208315,75.01635164488958,0.34195992414762066,100
19,304,30196,0.34195992414762066,11.013148987696974,82.07282594895612,0.34195992414762066,100
19,305,30295,0.34195992414762066,10.393602012987577,67.7364030251721,0.34195992414762066,100
19,306,30394,0.34195992414762066,12.198855003773131,82.40104779371859,0.34195992414762066,100
19,307,30493,0.34195992414762066,11.022382432695542,111.17043393101254,0.34195992414762066,100
19,308,30592,0.34195992414762066,11.220948929633805,78.33227871565904,0.34195992414762066,100
19,309,30691,0.34195992414762066,11.373426250249418,95.81265231786494,0.34195992414762066,100
19,310,30790,0.34195992414762066,10.69348219348735,100.48022858567046,0.34195992414762066,100
19,311,30889,0.34195992414762066,11.567559682854366,110.22874878315095,0.34195992414762066,100
19,312,30988,0.34195992414762066,10.896999760090816,57.069758304513286,0.34195992414762066,100
19,313,31087,0.34195992414762066,9.144025969324797,55.252594379055694,0.34195992414762066,100
19,314,31186,0.34195992414762066,9.35893837574432,115.75749708230472,0.34195992414762066,100
19,315,31285,0.34195992414762066,16.213603974412315,147.6394066234773,0.34195992414762066,100
19,316,31384,0.34195992414762066,12.129435101407074,98.51567244666029,0.34195992414762066,100
19,317,31483,0.34195992414762066,12.286148869681417,75.90900746624281,0.34195992414762066,100
19,318,31582,0.34195992414762066,11.878568547350715,64.46192040928582,0.34195992414762066,100
19,319,31681,0.34195992414762066,9.556185368623959,56.1329034024605,0.34195992414762066,100
19,320,31780,0.34195992414762066,12.455281296302426,90.08918236106757,0.34195992414762066,100
19,321,31879,0.34195992414762066,14.100975223805394,116.41402383016055,0.34195992414762066,100
19,322,31978,0.34195992414762066,8.657419197591226,76.02910855033878,0.34195992414762066,100
19,323,32077,0.34195992414762066,10.348019275680167,76.36568619233697,0.34195992414762066,100
19,324,32176,0.34195992414762066,14.531743389557523,93.44402308112716,0.34195992414762066,100
19,325,32275,0.34195992414762066,11.090328869176165,81.97090992961097,0.34195992414762066,100
19,326,32374,0.34195992414762066,12.285666323417576,118.35220949282667,0.34195992414762066,100
19,327,32473,0.34195992414762066,13.245941289332928,84.14010011794551,0.34195992414762066,100
19,328,32572,0.34195992414762066,11.465690109874505,63.96819818086551,0.34195992414762066,100
19,329,32671,0.34195992414762066,9.17661340720199,49.6695668864732,0.34195992414762066,100
19,330,32770,0.34195992414762066,11.824954886225452,82.94930357939329,0.34195992414762066,100
19,331,32869,0.34195992414762066,11.739234994422862,106.75680593329858,0.34195992414762066,100
19,332,32968,0.34195992414762066,13.483359178937611,72.27726925109337,0.34195992414762066,100
19,333,33067,0.34195992414762066,9.572452962017627,123.7663238811913,0.34195992414762066,100
19,334,33166,0.34195992414762066,11.07038013197528,109.09722594178227,0.34195992414762066,100
19,335,33265,0.34195992414762066,6.896479609452133,43.75719041266564,0.34195992414762066,100
19,336,33364,0.34195992414762066,10.855130114126892,63.60467147091958,0.34195992414762066,100
19,337,33463,0.34195992414762066,10.802573155443259,77.83665466490854,0.34195992414762066,100
19,338,33562,0.34195992414762066,8.389134582637302,58.10754321643761,0.34195992414762066,100
19,339,33661,0.34195992414762066,9.255375133535862,51.448498359484766,0.34195992414762066,100
19,340,33760,0.34195992414762066,10.084489145182442,97.74004900625204,0.34195992414762066,100
19,341,33859,0.34195992414762066,12.254804759853384,60.837005662972764,0.34195992414762066,100
19,342,33958,0.34195992414762066,8.928941430102155,78.74463134026747,0.34195992414762066,100
19,343,34057,0.34195992414762066,10.803613784163783,111.88170416707008,0.34195992414762066,100
19,344,34156,0.34195992414762066,11.513773159301367,116.33844382814748,0.34195992414762066,100
19,345,34255,0.34195992414762066,9.527272552252935,82.78641931539673,0.34195992414762066,100
19,346,34354,0.34195992414762066,9.799398508202122,72.4491302832475,0.34195992414762066,100
19,347,34453,0.34195992414762066,9.850873224254547,67.62228277209016,0.34195992414762066,100
19,348,34552,0.34195992414762066,12.956298784507231,98.26057408918274,0.34195992414762066,100
19,349,34651,0.34195992414762066,13.848493773410153,79.11665421373907,0.34195992414762066,100
19,350,34750,0.34195992414762066,9.401297956418322,63.77306961833067,0.34195992414762066,100
19,351,34849,0.34195992414762066,12.686296937709018,161.08332028911204,0.34195992414762066,100
19,352,34948,0.34195992414762066,10.611553930315178,83.88038353982078,0.34195992414762066,100
19,353,35047,0.34195992414762066,13.136585195808864,86.11769439801107,0.34195992414762066,100
19,354,35146,0.34195992414762066,12.275317936877897,92.78036676531374,0.34195992414762066,100
19,355,35245,0.34195992414762066,12.169680176500146,142.4251274925675,0.34195992414762066,100
19,356,35344,0.2893547232085619,13.96279284694199,130.44271138275832,0.2893547232085619,100
19,357,35443,0.2893547232085619,10.728847731551046,95.56059551981512,0.2893547232085619,100
19,358,35542,0.2893547232085619,12.052376254096135,96.05215153380225,0.2893547232085619,100
19,359,35641,0.2893547232085619,11.00343885457169,105.16102812131025,0.2893547232085619,100
19,360,35740,0.2893547232085619,7.011379554757432,60.12043868931838,0.2893547232085619,100
19,361,35839,0.2893547232085619,8.92477334799702,89.58681208291564,0.2893547232085619,100
19,362,35938,0.2893547232085619,14.478314810341997,105.00417854351802,0.2893547232085619,100
19,363,36037,0.2893547232085619,11.49683218709268,87.34308728226362,0.2893547232085619,100
19,364,36136,0.2893547232085619,9.318851092200639,126.51454276933956,0.2893547232085619,100
19,365,36235,0.2893547232085619,9.712557040377783,76.96862708991414,0.2893547232085619,100
19,366,36334,0.2893547232085619,12.371957095885938,91.02512765988146,0.2893547232085619,100
19,367,36433,0.2893547232085619,13.459888479691838,171.7156690020773,0.2893547232085619,100
19,368,36532,0.2893547232085619,11.303851306185555,67.14375582760833,0.2893547232085619,100
19,369,36631,0.2893547232085619,12.17569336877882,98.75809421473139,0.2893547232085619,100
19,370,36730,0.2893547232085619,12.906070940879227,121.43576758138761,0.2893547232085619,100
19,371,36829,0.2893547232085619,8.591748389509311,103.68034459054527,0.2893547232085619,100
19,372,36928,0.2893547232085619,9.813238338045768,80.25393382262419,0.2893547232085619,100
19,373,37027,0.2893547232085619,9.183328322630553,53.04483430224767,0.2893547232085619,100
19,374,37126,0.2893547232085619,11.888431073032436,83.89165130146148,0.2893547232085619,100
19,375,37225,0.2893547232085619,9.391011004036448,67.47102825339269,0.2893547232085619,100
19,376,37324,0.2893547232085619,10.593082214843255,105.55190195341916,0.2893547232085619,100
19,377,37423,0.2893547232085619,10.175782825126493,78.86786119134577,0.2893547232085619,100
19,378,37522,0.2893547232085619,14.23368737916739,78.52817142260815,0.2893547232085619,100
19,379,37621,0.2893547232085619,9.997465061726919,72.8450797677637,0.2893547232085619,100
19,380,37720,0.2893547232085619,11.17770278083601,74.94060089909632,0.2893547232085619,100
19,381,37819,0.2893547232085619,9.828916175781961,86.54909506415231,0.2893547232085619,100
19,382,37918,0.2893547232085619,9.536197875025207,77.09236957137557,0.2893547232085619,100
19,383,38017,0.2893547232085619,9.706286081658675,67.42306679251419,0.2893547232085619,100
19,384,38116,0.2893547232085619,9.480199846879795,81.14386858200875,0.2893547232085619,100
19,385,38215,0.2893547232085619,13.109326525847202,120.56354081394292,0.2893547232085619,100
19,386,38314,0.2893547232085619,11.768954077779702,118.75065312943988,0.2893547232085619,100
19,387,38413,0.2893547232085619,10.396771433856786,128.83498850818003,0.2893547232085619,100
19,388,38512,0.2893547232085619,12.701152427247571,128.69034745333056,0.2893547232085619,100
19,389,38611,0.2893547232085619,12.38154817906996,88.3307655533848,0.2893547232085619,100
19,390,38710,0.2893547232085619,11.98461459892947,115.89510301975339,0.2893547232085619,100
19,391,38809,0.2893547232085619,9.81573159975414,67.1057391498635,0.2893547232085619,100
19,392,38908,0.2893547232085619,10.743927748429028,132.62990869988343,0.2893547232085619,100
19,393,39007,0.2893547232085619,10.92027455845898,131.62376523228133,0.2893547232085619,100
19,394,39106,0.2893547232085619,11.695768878703467,86.43821784487197,0.2893547232085619,100
19,395,39205,0.2893547232085619,9.105034399563456,66.19419590426065,0.2893547232085619,100
19,396,39304,0.2893547232085619,9.09760551043189,119.72825945945586,0.2893547232085619,100
19,397,39403,0.2893547232085619,9.695270000863937,96.70329602272726,0.2893547232085619,100
19,398,39502,0.2893547232085619,11.819793566468752,82.8875792878662,0.2893547232085619,100
19,399,39601,0.2893547232085619,11.93398290477095,62.72589680198901,0.2893547232085619,100
19,400,39700,0.2893547232085619,10.149471258027406,81.36392424693071,0.2893547232085619,100
19,401,39799,0.2893547232085619,9.368767866799898,67.82986043236376,0.2893547232085619,100
19,402,39898,0.2893547232085619,11.422902680806839,81.55058041800022,0.2893547232085619,100
19,403,39997,0.2893547232085619,12.543660301334699,112.84480854096135,0.2893547232085619,100
19,404,40096,0.2893547232085619,12.590452872694659,112.32141777557179,0.2893547232085619,100
19,405,40195,0.2893547232085619,11.21870667006143,65.42852884836269,0.2893547232085619,100
19,406,40294,0.2893547232085619,10.31736307391835,103.67669275244695,0.2893547232085619,100
19,407,40393,0.2893547232085619,12.97285366088046,85.54083520286103,0.2893547232085619,100
19,408,40492,0.2893547232085619,12.816542893101404,76.69700758487157,0.2893547232085619,100
19,409,40591,0.2893547232085619,10.854793088007721,78.26373047416563,0.2893547232085619,100
19,410,40690,0.2893547232085619,10.557254937868755,63.60250348437591,0.2893547232085619,100
19,411,40789,0.2893547232085619,10.521381544202718,79.25354603152542,0.2893547232085619,100
19,412,40888,0.2893547232085619,11.33014448232438,112.05757175032302,0.2893547232085619,100
19,413,40987,0.2893547232085619,7.718308830146108,55.47331713209295,0.2893547232085619,100
19,414,41086,0.2893547232085619,8.316986281919453,54.74637713309929,0.2893547232085619,100
19,415,41185,0.2893547232085619,10.493510481489874,83.25389631284466,0.2893547232085619,100
19,416,41284,0.2893547232085619,15.033168019456694,101.90692159759907,0.2893547232085619,100
19,417,41383,0.2893547232085619,14.25747150081896,107.16821318783391,0.2893547232085619,100
19,418,41482,0.2893547232085619,12.543042405271683,86.16673319258183,0.2893547232085619,100
19,419,41581,0.2893547232085619,13.312261750058116,97.21029811444306,0.2893547232085619,100
19,420,41680,0.2893547232085619,10.41836002952207,79.81886615277837,0.2893547232085619,100
19,421,41779,0.2893547232085619,10.877901992618547,65.6479815084933,0.2893547232085619,100
19,422,41878,0.2893547232085619,9.850609211467207,93.34024331964406,0.2893547232085619,100
19,423,41977,0.2893547232085619,9.26190156775821,46.68074778872994,0.2893547232085619,100
19,424,42076,0.2893547232085619,10.737294683732435,77.88414815570566,0.2893547232085619,100
19,425,42175,0.2893547232085619,10.017431052825899,84.21630019493973,0.2893547232085619,100
19,426,42274,0.2893547232085619,9.347458739811742,62.282499428584345,0.2893547232085619,100
19,427,42373,0.2893547232085619,11.538606561595424,97.49089991141203,0.2893547232085619,100
19,428,42472,0.2893547232085619,11.645414945346568,66.35720468735866,0.2893547232085619,100
19,429,42571,0.2893547232085619,13.801841333323264,84.53090416231345,0.2893547232085619,100
19,430,42670,0.2893547232085619,9.76617543914889,60.548181552748154,0.2893547232085619,100
19,431,42769,0.2893547232085619,9.733701321525077,43.12776918436762,0.2893547232085619,100
19,432,42868,0.2893547232085619,11.684373329828434,67.84168225810757,0.2893547232085619,100
19,433,42967,0.2893547232085619,10.218021863836288,70.42648357747365,0.2893547232085619,100
19,434,43066,0.2893547232085619,7.42276196284366,76.85378196324741,0.2893547232085619,100
19,435,43165,0.2893547232085619,12.021229454317627,63.032886173323355,0.2893547232085619,100
19,436,43264,0.2893547232085619,12.511501236106561,115.07668723583409,0.2893547232085619,100
19,437,43363,0.2893547232085619,12.264241109588077,65.38827904984663,0.2893547232085619,100
19,438,43462,0.2893547232085619,12.060691020859556,91.60721831867454,0.2893547232085619,100
19,439,43561,0.2893547232085619,14.148546919512611,104.27543041471628,0.2893547232085619,100
19,440,43660,0.2893547232085619,11.461000584378324,92.64887333693784,0.2893547232085619,100
19,441,43759,0.2893547232085619,13.074952641922199,132.4977286985165,0.2893547232085619,100
19,442,43858,0.2893547232085619,10.850038290127424,67.4060221083379,0.2893547232085619,100
19,443,43957,0.2893547232085619,12.485730684934195,159.79406060627161,0.2893547232085619,100
19,444,44056,0.2893547232085619,12.356146069498973,96.26422135316868,0.2893547232085619,100
19,445,44155,0.2893547232085619,9.913203142749527,108.23733828848647,0.2893547232085619,100
19,446,44254,0.2893547232085619,9.055116872318472,79.59126511987344,0.2893547232085619,100
19,447,44353,0.2893547232085619,10.35754196491538,61.266951441377,0.2893547232085619,100
19,448,44452,0.2893547232085619,12.034243913622786,116.28276250552757,0.2893547232085619,100
19,449,44551,0.2893547232085619,11.934240647285229,86.09003088715471,0.2893547232085619,100
19,450,44650,0.2893547232085619,15.248070246343568,108.13366333744976,0.2893547232085619,100
19,451,44749,0.2893547232085619,11.237304652949309,84.39630269130336,0.2893547232085619,100
19,452,44848,0.2893547232085619,12.112975731669541,110.09097781450782,0.2893547232085619,100
19,453,44947,0.2893547232085619,12.243504038367082,117.29533266841646,0.2893547232085619,100
19,454,45046,0.2893547232085619,12.047959178455226,71.30707170496517,0.2893547232085619,100
19,455,45145,0.2893547232085619,11.41784955998632,82.885839911579,0.2893547232085619,100
19,456,45244,0.2893547232085619,10.497075892848606,146.03415813147063,0.2893547232085619,100
19,457,45343,0.2893547232085619,8.900130842076404,67.1265327163914,0.2893547232085619,100
19,458,45442,0.2893547232085619,11.526306463912993,70.80690856689387,0.2893547232085619,100
19,459,45541,0.2893547232085619,11.87639425992474,100.72985918543381,0.2893547232085619,100
19,460,45640,0.2893547232085619,13.49449900746813,138.69596555582376,0.2893547232085619,100
19,461,45739,0.2893547232085619,11.511135870013323,80.15845580865467,0.2893547232085619,100
19,462,45838,0.2893547232085619,10.966638810302308,156.99173972764027,0.2893547232085619,100
19,463,45937,0.2893547232085619,16.440224603070757,151.23047545256009,0.2893547232085619,100
19,464,46036,0.2893547232085619,12.603063292865022,115.43047344311776,0.2893547232085619,100
19,465,46135,0.2893547232085619,8.74954290690028,59.83305888505456,0.2893547232085619,100
19,466,46234,0.2893547232085619,15.013380213755696,137.3089379846021,0.2893547232085619,100
19,467,46333,0.2893547232085619,11.082711442110611,75.8227097655494,0.2893547232085619,100
19,468,46432,0.2893547232085619,9.250321851681619,70.6967761521796,0.2893547232085619,100
19,469,46531,0.2893547232085619,13.429915797166748,81.44496207638922,0.2893547232085619,100
19,470,46630,0.2893547232085619,13.020566346812934,75.33052682489676,0.2893547232085619,100
19,471,46729,0.2893547232085619,13.024903342801121,78.94832816564443,0.2893547232085619,100
19,472,46828,0.2893547232085619,12.202834343155285,130.64646413862067,0.2893547232085619,100
19,473,46927,0.2893547232085619,11.040886519919688,72.44272896608301,0.2893547232085619,100
19,474,47026,0.2893547232085619,10.038686150387461,82.81061952822368,0.2893547232085619,100
19,475,47125,0.2893547232085619,12.960973599648671,102.19685351148853,0.2893547232085619,100
19,476,47224,0.2893547232085619,11.976855664540771,94.63068525723814,0.2893547232085619,100
19,477,47323,0.2893547232085619,11.611969339575436,71.59787483411746,0.2893547232085619,100
19,478,47422,0.2893547232085619,9.671342870588125,65.24993484453772,0.2893547232085619,100
19,479,47521,0.2893547232085619,11.308918431732444,96.97268248761755,0.2893547232085619,100
19,480,47620,0.2893547232085619,10.052521967137041,76.08512239864,0.2893547232085619,100
19,481,47719,0.2893547232085619,10.897150925457831,128.14159483342644,0.2893547232085619,100
19,482,47818,0.2893547232085619,12.442606525314291,99.24232342426268,0.2893547232085619,100
19,483,47917,0.2893547232085619,11.666675587284171,88.71024960010955,0.2893547232085619,100
19,484,48016,0.2893547232085619,12.900814448686225,94.46596970306184,0.2893547232085619,100
19,485,48115,0.2893547232085619,9.89445897571423,72.59224261633426,0.2893547232085619,100
19,486,48214,0.2893547232085619,11.888582059624252,92.38114557600674,0.2893547232085619,100
19,487,48313,0.2893547232085619,11.152087951267672,71.64187165851325,0.2893547232085619,100
19,488,48412,0.2893547232085619,14.705370190195332,98.5245985001937,0.2893547232085619,100
19,489,48511,0.2893547232085619,11.804900502096968,97.66771729707719,0.2893547232085619,100
19,490,48610,0.2893547232085619,10.166580762023951,56.454873707351496,0.2893547232085619,100
19,491,48709,0.2893547232085619,10.098604772734276,93.33086254467167,0.2893547232085619,100
19,492,48808,0.2893547232085619,11.507443120136761,76.3572927844378,0.2893547232085619,100
19,493,48907,0.2893547232085619,9.952280098345566,61.53386058293533,0.2893547232085619,100
19,494,49006,0.2893547232085619,8.29792410157712,50.563291446696084,0.2893547232085619,100
19,495,49105,0.2893547232085619,6.927171816664729,61.94039387455816,0.2893547232085619,100
19,496,49204,0.2893547232085619,9.042614657163446,86.90539183621195,0.2893547232085619,100
19,497,49303,0.2893547232085619,11.144113051350613,138.9926834744536,0.2893547232085619,100
19,498,49402,0.2893547232085619,10.484731415709229,82.43783187811701,0.2893547232085619,100
19,499,49501,0.2893547232085619,12.128689858775092,71.88949052212894,0.2893547232085619,100
19,500,49600,0.2893547232085619,11.80562009370662,88.05105338699805,0.2893547232085619,100
19,501,49699,0.2893547232085619,11.313757655026206,91.28484891853819,0.2893547232085619,100
19,502,49798,0.2893547232085619,10.902228272584976,81.96360004294587,0.2893547232085619,100
19,503,49897,0.2893547232085619,11.313471109329265,63.60915049637642,0.2893547232085619,100
19,504,49996,0.2893547232085619,8.336615818625479,54.18526960956327,0.2893547232085619,100
19,505,50000,0.2893547232085619,7.172981005694016,31.885493986789772,0.2893547232085619,100
